timestamp,homeid,demand_kwh,solar_kwh,price_kwh,net_load_kwh,soc_kwh,grid_import_kwh,grid_export_kwh,wasted_kwh,throughput_kwh,step_cost,action,episode
2018-04-29 07:00:00,105,0.15202388167381287,0.0,0.047120001167058945,0.15202388167381287,1.3399748613959865,0.0,-0.0,-0.0,0.15202388167381287,0.00015202388167381286,2,
2018-04-29 08:00:00,105,0.14912472665309906,0.0,0.048852499574422836,0.14912472665309906,1.1830014649190401,0.0,-0.0,-0.0,0.14912472665309906,0.00014912472665309907,2,
2018-04-29 09:00:00,105,0.1322963833808899,0.022637639194726944,0.050702501088380814,0.10965874418616295,1.0675712078809738,0.0,-0.0,-0.0,0.10965874418616295,0.00010965874418616296,2,
2018-04-29 10:00:00,105,0.14914417266845703,0.07110744714736938,0.052264999598264694,0.07803672552108765,0.9854272862798289,0.0,-0.0,-0.0,0.07803672552108765,7.803672552108765e-05,2,
2018-04-29 11:00:00,105,0.15005138516426086,0.11675477772951126,0.05133499950170517,0.0332966074347496,0.9503782258221978,0.0,-0.0,-0.0,0.0332966074347496,3.32966074347496e-05,2,
2018-04-29 12:00:00,105,0.13103333115577698,0.1850423812866211,0.05143500119447708,-0.054009050130844116,0.9503782258221978,0.0,0.054009050130844116,0.054009050130844116,0.0,0.0,2,
2018-04-29 13:00:00,105,0.14771027863025665,0.2245321422815323,0.05101750046014786,-0.07682186365127563,0.9503782258221978,0.0,0.07682186365127563,0.07682186365127563,0.0,0.0,2,
2018-04-29 14:00:00,105,0.15083888173103333,0.2739609479904175,0.049947500228881836,-0.12312206625938416,0.9503782258221978,0.0,0.12312206625938416,0.12312206625938416,0.0,0.0,2,
2018-04-29 15:00:00,105,0.30260804295539856,0.2973889410495758,0.05276999995112419,0.005219101905822754,0.9448844343423843,0.0,-0.0,-0.0,0.005219101905822754,5.219101905822754e-06,2,
2018-04-29 16:00:00,105,1.0285024642944336,0.1890135109424591,0.05572250112891197,0.8394889533519745,0.0612118518666217,0.0,-0.0,-0.0,0.8394889533519745,0.0008394889533519745,2,
2018-04-29 17:00:00,105,0.31220555305480957,0.08342942595481873,0.059505000710487366,0.22877612709999084,0.0,0.17062486782670022,0.0,0.0,0.058151259273290616,0.010211184140527902,2,
2018-04-29 18:00:00,105,0.46972888708114624,3.5259807763546734e-17,0.05897999927401543,0.4697288870811462,0.0,0.4697288870811462,0.0,0.0,0.0,0.027704609419030076,2,
2018-04-29 19:00:00,105,0.7144111394882202,0.0,0.05629749968647957,0.7144111394882202,0.0,0.7144111394882202,0.0,0.0,0.0,0.04021956090135559,2,
2018-04-29 20:00:00,105,0.4550241529941559,0.0,0.05646749958395958,0.4550241529941559,0.0,0.4550241529941559,0.0,0.0,0.0,0.025694076169889057,2,
2018-04-29 21:00:00,105,0.14683471620082855,0.0,0.052515000104904175,0.14683471620082855,0.0,0.14683471620082855,0.0,0.0,0.0,0.007711025136690086,2,
2018-04-29 22:00:00,105,0.16067305207252502,0.0,0.05123249813914299,0.16067305207252502,0.0,0.16067305207252502,0.0,0.0,0.0,0.008231681841316063,2,
2018-04-29 23:00:00,105,0.1438572257757187,0.0,0.04909750074148178,0.1438572257757187,0.0,0.1438572257757187,0.0,0.0,0.0,0.00706303024919086,2,
2018-04-30 00:00:00,105,0.1274716705083847,-0.0,0.04743500053882599,0.1274716705083847,0.0,0.1274716705083847,0.0,0.0,0.0,0.006046618759250277,2,
2018-04-30 01:00:00,105,0.1553669422864914,-0.0,0.04504749923944473,0.1553669422864914,0.0,0.1553669422864914,0.0,0.0,0.0,0.006998892214485575,2,
2018-04-30 02:00:00,105,0.13333499431610107,-0.0,0.04546999931335449,0.13333499431610107,0.0,0.13333499431610107,0.0,0.0,0.0,0.006062742099999241,2,
2018-04-30 03:00:00,105,0.1301647275686264,-0.0,0.04495749995112419,0.1301647275686264,0.0,0.1301647275686264,0.0,0.0,0.0,0.005851880733304615,2,
2018-04-30 04:00:00,105,0.14962278306484222,-0.0,0.04473000019788742,0.14962278306484222,0.0,0.14962278306484222,0.0,0.0,0.0,0.006692627116098859,2,
2018-04-30 05:00:00,105,0.39400583505630493,0.0,0.04467000067234039,0.39400583505630493,0.0,0.39400583505630493,0.0,0.0,0.0,0.01760024091687118,2,
2018-04-30 06:00:00,105,0.20034556090831757,0.0,0.05014500021934509,0.20034556090831757,0.0,0.20034556090831757,0.0,0.0,0.0,0.0100463281956924,2,
2018-04-30 07:00:00,105,0.2450055629014969,0.015482649207115173,0.052217498421669006,0.2295229136943817,0.0,0.2295229136943817,0.0,0.0,0.0,0.011985112383573249,2,
2018-04-30 08:00:00,105,0.30809667706489563,0.0452314093708992,0.05635249987244606,0.26286526769399643,0.0,0.26286526769399643,0.0,0.0,0.0,0.014813114964196433,2,
2018-04-30 09:00:00,105,0.1591286063194275,0.09458421170711517,0.05736999958753586,0.06454439461231232,0.0,0.06454439461231232,0.0,0.0,0.0,0.0037029118922861093,2,
2018-04-30 10:00:00,105,0.10788722336292267,0.13370732963085175,0.056279998272657394,-0.025820106267929077,0.0,0.0,0.025820106267929077,0.025820106267929077,0.0,0.0,2,
2018-04-30 11:00:00,105,0.19887222349643707,0.1635282188653946,0.04853999987244606,0.03534400463104248,0.0,0.03534400463104248,0.0,0.0,0.0,0.001715597980282535,2,
2018-04-30 12:00:00,105,0.15721917152404785,0.1926519125699997,0.04831999912858009,-0.03543274104595184,0.0,0.0,0.03543274104595184,0.03543274104595184,0.0,0.0,2,
2018-04-30 13:00:00,105,0.177480548620224,0.18804973363876343,0.04744249954819679,-0.010569185018539429,0.0,0.0,0.010569185018539429,0.010569185018539429,0.0,0.0,2,
2018-04-30 14:00:00,105,0.15658527612686157,0.18029966950416565,0.04728249832987785,-0.023714393377304077,0.0,0.0,0.023714393377304077,0.023714393377304077,0.0,0.0,2,
2018-04-30 15:00:00,105,0.15590360760688782,0.16740979254245758,0.048147499561309814,-0.011506184935569763,0.0,0.0,0.011506184935569763,0.011506184935569763,0.0,0.0,2,
2018-04-30 16:00:00,105,0.38605111837387085,0.12073744833469391,0.04896499961614609,0.26531367003917694,0.0,0.26531367003917694,0.0,0.0,0.0,0.012991083751626609,2,
2018-04-30 17:00:00,105,0.36772194504737854,0.06418284773826599,0.05516500025987625,0.30353909730911255,0.0,0.30353909730911255,0.0,0.0,0.0,0.016744734381939796,2,
2018-04-30 18:00:00,105,0.2976197302341461,3.0609302406822556e-17,0.05457749962806702,0.29761973023414606,0.0,0.29761973023414606,0.0,0.0,0.0,0.016243340716159512,2,
2018-04-30 19:00:00,105,0.4069047272205353,0.0,0.05809750035405159,0.4069047272205353,0.0,0.4069047272205353,0.0,0.0,0.0,0.023640147533760314,2,
2018-04-30 20:00:00,105,0.5152139067649841,0.0,0.059462498873472214,0.5152139067649841,0.0,0.5152139067649841,0.0,0.0,0.0,0.030635906350610087,2,
2018-04-30 21:00:00,105,0.15940944850444794,0.0,0.05820250138640404,0.15940944850444794,0.0,0.15940944850444794,0.0,0.0,0.0,0.009278028647586034,2,
2018-04-30 22:00:00,105,0.1504402756690979,0.0,0.05180250108242035,0.1504402756690979,0.0,0.1504402756690979,0.0,0.0,0.0,0.00779318254318806,2,
2018-04-30 23:00:00,105,0.12935778498649597,0.0,0.04797999933362007,0.12935778498649597,0.0,0.12935778498649597,0.0,0.0,0.0,0.006206586437450645,2,
2018-05-01 00:00:00,105,0.12336138635873795,0.0,0.047940000891685486,0.12336138635873795,0.0,0.12336138635873795,0.0,0.0,0.0,0.005913944972037455,2,
2018-05-01 01:00:00,105,0.13800305128097534,0.0,0.04856500029563904,0.13800305128097534,0.0,0.13800305128097534,0.0,0.0,0.0,0.006702118226259657,2,
2018-05-01 02:00:00,105,0.14745111763477325,0.0,0.04853999987244606,0.14745111763477325,0.0,0.14745111763477325,0.0,0.0,0.0,0.007157277231183923,2,
2018-05-01 03:00:00,105,0.13255806267261505,0.0,0.04859500005841255,0.13255806267261505,0.0,0.13255806267261505,0.0,0.0,0.0,0.006441659063318783,2,
2018-05-01 04:00:00,105,0.07099444419145584,-0.0,0.04839500039815903,0.07099444419145584,0.0,0.07099444419145584,0.0,0.0,0.0,0.0034357761549125843,2,
2018-05-01 05:00:00,105,0.30122193694114685,0.0,0.05152500048279762,0.30122193694114685,0.0,0.30122193694114685,0.0,0.0,0.0,0.015520460446321827,2,
2018-05-01 06:00:00,105,0.14741943776607513,0.0,0.053300000727176666,0.14741943776607513,0.0,0.14741943776607513,0.0,0.0,0.0,0.00785745614013178,2,
2018-05-01 07:00:00,105,0.133559450507164,0.0483417771756649,0.061147499829530716,0.0852176733314991,0.0,0.0852176733314991,0.0,0.0,0.0,0.0052108476655108454,2,
2018-05-01 08:00:00,105,0.11763472110033035,0.07930368930101395,0.05988499894738197,0.038331031799316406,0.0,0.038331031799316406,0.0,0.0,0.0,0.002295453798954128,2,
2018-05-01 09:00:00,105,0.1173200011253357,0.09736549854278564,0.05256250128149986,0.01995450258255005,0.0,0.01995450258255005,0.0,0.0,0.0,0.0010488585675669793,2,
2018-05-01 10:00:00,105,0.1453566700220108,0.15660886466503143,0.04951750114560127,-0.01125219464302063,0.0,0.0,0.01125219464302063,0.01125219464302063,0.0,0.0,2,
2018-05-01 11:00:00,105,0.14248472452163696,0.21952468156814575,0.04530249908566475,-0.07703995704650879,0.0,0.0,0.07703995704650879,0.07703995704650879,0.0,0.0,2,
2018-05-01 12:00:00,105,0.12266666442155838,0.2307913899421692,0.047667499631643295,-0.10812472552061081,0.0,0.0,0.10812472552061081,0.10812472552061081,0.0,0.0,2,
2018-05-01 13:00:00,105,0.11683166772127151,0.2134713977575302,0.046607501804828644,-0.0966397300362587,0.0,0.0,0.0966397300362587,0.0966397300362587,0.0,0.0,2,
2018-05-01 14:00:00,105,0.11678166687488556,0.10740207880735397,0.04608749970793724,0.009379588067531586,0.0,0.009379588067531586,0.0,0.0,0.0,0.0004322817623229336,2,
2018-05-01 15:00:00,105,0.22180277109146118,0.007016096264123917,0.047029998153448105,0.21478667482733727,0.0,0.21478667482733727,0.0,0.0,0.0,0.01010141692051493,2,
2018-05-01 16:00:00,105,0.3159236013889313,0.0,0.04808250069618225,0.3159236013889313,0.0,0.3159236013889313,0.0,0.0,0.0,0.015190396783723692,2,
2018-05-01 17:00:00,105,0.4304383397102356,0.0,0.04903750121593475,0.4304383397102356,0.0,0.4304383397102356,0.0,0.0,0.0,0.021107620606925614,2,
2018-05-01 18:00:00,105,0.6155171990394592,0.0,0.04945249855518341,0.6155171990394592,0.0,0.6155171990394592,0.0,0.0,0.0,0.030438863396189397,2,
2018-05-01 19:00:00,105,0.35916611552238464,-0.0,0.051352500915527344,0.35916611552238464,0.0,0.35916611552238464,0.0,0.0,0.0,0.018444078276189657,2,
2018-05-01 20:00:00,105,0.15182055532932281,-0.0,0.051830001175403595,0.15182055532932281,0.0,0.15182055532932281,0.0,0.0,0.0,0.007868859561169228,2,
2018-05-01 21:00:00,105,0.10902666300535202,-0.0,0.04927999898791313,0.10902666300535202,0.0,0.10902666300535202,0.0,0.0,0.0,0.005372833842559294,2,
2018-05-01 22:00:00,105,0.12003222107887268,-0.0,0.04712250083684921,0.12003222107887268,0.0,0.12003222107887268,0.0,0.0,0.0,0.005656218438238048,2,
2018-05-01 23:00:00,105,0.15992777049541473,-0.0,0.0443974994122982,0.15992777049541473,0.0,0.15992777049541473,0.0,0.0,0.0,0.0071003930965803375,2,
2018-05-02 00:00:00,105,0.15513527393341064,-0.0,0.03342999890446663,0.15513527393341064,0.0,0.15513527393341064,0.0,0.0,0.0,0.005186172037638048,2,
2018-05-02 01:00:00,105,0.13400305807590485,-0.0,0.03922500088810921,0.13400305807590485,0.0,0.13400305807590485,0.0,0.0,0.0,0.005256270072036717,2,
2018-05-02 02:00:00,105,0.13732443749904633,-0.0,0.04056749865412712,0.13732443749904633,0.0,0.13732443749904633,0.0,0.0,0.0,0.005570908933421326,2,
2018-05-02 03:00:00,105,0.15190471708774567,-0.0,0.043505001813173294,0.15190471708774567,0.0,0.15190471708774567,0.0,0.0,0.0,0.0066086149923319515,2,
2018-05-02 04:00:00,105,0.13589444756507874,-0.0,0.0431475006043911,0.13589444756507874,0.0,0.13589444756507874,0.0,0.0,0.0,0.005863505758447629,2,
2018-05-02 05:00:00,105,0.35309723019599915,-0.0,0.04770750179886818,0.35309723019599915,0.0,0.35309723019599915,0.0,0.0,0.0,0.016845386744751,2,
2018-05-02 06:00:00,105,0.15671806037425995,-0.0,0.049262501299381256,0.15671806037425995,0.0,0.15671806037425995,0.0,0.0,0.0,0.007720323652823491,2,
2018-05-02 07:00:00,105,0.13955222070217133,0.0,0.048717498779296875,0.13955222070217133,0.0,0.13955222070217133,0.0,0.0,0.0,0.0067986351417062,2,
2018-05-02 08:00:00,105,0.12197666615247726,0.0,0.05240499973297119,0.12197666615247726,0.0,0.12197666615247726,0.0,0.0,0.0,0.006392187157149287,2,
2018-05-02 09:00:00,105,0.13636167347431183,0.0,0.04970249906182289,0.13636167347431183,0.0,0.13636167347431183,0.0,0.0,0.0,0.006777515947925583,2,
2018-05-02 10:00:00,105,0.15090860426425934,0.0,0.048865001648664474,0.15090860426425934,0.0,0.15090860426425934,0.0,0.0,0.0,0.007374149196170687,2,
2018-05-02 11:00:00,105,0.12235027551651001,0.0,0.049047499895095825,0.12235027551651001,0.0,0.12235027551651001,0.0,0.0,0.0,0.00600097512556097,2,
2018-05-02 12:00:00,105,0.12461639195680618,0.0,0.04854999855160713,0.12461639195680618,0.0,0.12461639195680618,0.0,0.0,0.0,0.006050125649009447,2,
2018-05-02 13:00:00,105,0.1491580605506897,0.10038412362337112,0.04757250100374222,0.04877393692731857,0.0,0.04877393692731857,0.0,0.0,0.0,0.0023202981634313224,2,
2018-05-02 14:00:00,105,0.1341836154460907,0.16004358232021332,0.047782499343156815,-0.02585996687412262,0.0,0.0,0.02585996687412262,0.02585996687412262,0.0,0.0,2,
2018-05-02 15:00:00,105,0.18360833823680878,0.12049830704927444,0.0462225005030632,0.06311003118753433,0.0,0.06311003118753433,0.0,0.0,0.0,0.00291710344831414,2,
2018-05-02 16:00:00,105,1.1184241771697998,0.06276572495698929,0.046437498182058334,1.0556584522128105,0.0,1.0556584522128105,0.0,0.0,0.0,0.0490221374555069,2,
2018-05-02 17:00:00,105,0.9282488822937012,0.03251751884818077,0.04742500185966492,0.8957313634455204,0.0,0.8957313634455204,0.0,0.0,0.0,0.042480061577164,2,
2018-05-02 18:00:00,105,0.5118978023529053,1.6056528601719928e-17,0.048547498881816864,0.5118978023529053,0.0,0.5118978023529053,0.0,0.0,0.0,0.02485135798733218,2,
2018-05-02 19:00:00,105,0.33081111311912537,0.0,0.05485749989748001,0.33081111311912537,0.0,0.33081111311912537,0.0,0.0,0.0,0.018147470604017668,2,
2018-05-02 20:00:00,105,0.3002850115299225,0.0,0.057417500764131546,0.3002850115299225,0.0,0.3002850115299225,0.0,0.0,0.0,0.017241614878976574,2,
2018-05-02 21:00:00,105,0.22625471651554108,0.0,0.05581500008702278,0.22625471651554108,0.0,0.22625471651554108,0.0,0.0,0.0,0.01262840702200424,2,
2018-05-02 22:00:00,105,0.15420055389404297,0.0,0.05226999893784523,0.15420055389404297,0.0,0.15420055389404297,0.0,0.0,0.0,0.008060062788256772,2,
2018-05-02 23:00:00,105,0.13744333386421204,0.0,0.05109250172972679,0.13744333386421204,0.0,0.13744333386421204,0.0,0.0,0.0,0.00702232377319667,2,
2018-05-03 00:00:00,105,0.12347333133220673,-0.0,0.04712750017642975,0.12347333133220673,0.0,0.12347333133220673,0.0,0.0,0.0,0.005818989444142941,2,
2018-05-03 01:00:00,105,0.3323255479335785,-0.0,0.052357498556375504,0.3323255479335785,0.0,0.3323255479335785,0.0,0.0,0.0,0.017399734396179034,2,
2018-05-03 02:00:00,105,0.0,-0.0,0.04719749838113785,0.0,0.0,0.0,-0.0,-0.0,0.0,0.0,2,
2018-05-03 03:00:00,105,0.0,-0.0,0.047874998301267624,0.0,0.0,0.0,-0.0,-0.0,0.0,0.0,2,
2018-05-03 04:00:00,105,0.11402028053998947,-0.0,0.04805999994277954,0.11402028053998947,0.0,0.11402028053998947,0.0,0.0,0.0,0.005479814676227601,2,
2018-05-03 05:00:00,105,0.25979888439178467,-0.0,0.05259000137448311,0.25979888439178467,0.0,0.25979888439178467,0.0,0.0,0.0,0.013662823687253134,2,
2018-05-03 06:00:00,105,0.16765500605106354,-0.0,0.05235999822616577,0.16765500605106354,0.0,0.16765500605106354,0.0,0.0,0.0,0.008778415819441499,2,
2018-05-03 07:00:00,105,0.14045138657093048,0.0,0.06429500132799149,0.14045138657093048,0.0,0.14045138657093048,0.0,0.0,0.0,0.00903032208609622,2,
2018-05-03 08:00:00,105,0.14902611076831818,0.0,0.06823249906301498,0.14902611076831818,0.0,0.14902611076831818,0.0,0.0,0.0,0.010168423963364037,2,
2018-05-03 09:00:00,105,0.11911138892173767,0.0,0.055925000458955765,0.11911138892173767,0.0,0.11911138892173767,0.0,0.0,0.0,0.006661304480115038,2,
2018-05-03 10:00:00,105,0.07903583347797394,0.0,0.05158749967813492,0.07903583347797394,0.0,0.07903583347797394,0.0,0.0,0.0,0.0040772610341061055,2,
2018-05-03 11:00:00,105,0.16068221628665924,0.0,0.04703250154852867,0.16068221628665924,0.0,0.16068221628665924,0.0,0.0,0.0,0.00755728658632332,2,
2018-05-03 12:00:00,105,0.13968250155448914,0.0,0.04723000153899193,0.13968250155448914,0.0,0.13968250155448914,0.0,0.0,0.0,0.006597204763388764,2,
2018-05-03 13:00:00,105,0.11898916959762573,0.0,0.046585001051425934,0.11898916959762573,0.0,0.11898916959762573,0.0,0.0,0.0,0.0055431105908136935,2,
2018-05-03 14:00:00,105,0.14576582610607147,0.0,0.04581499844789505,0.14576582610607147,0.0,0.14576582610607147,0.0,0.0,0.0,0.006678261096805804,2,
2018-05-03 15:00:00,105,0.26608389616012573,0.0,0.04239499941468239,0.26608389616012573,0.0,0.26608389616012573,0.0,0.0,0.0,0.01128062662196494,2,
2018-05-03 16:00:00,105,0.3712766766548157,0.0,0.04598750174045563,0.3712766766548157,0.0,0.3712766766548157,0.0,0.0,0.0,0.017074086813853917,2,
2018-05-03 17:00:00,105,0.4895744323730469,0.0,0.0501524992287159,0.4895744323730469,0.0,0.4895744323730469,0.0,0.0,0.0,0.024553381341988256,2,
2018-05-03 18:00:00,105,0.3773525059223175,0.0,0.0515424981713295,0.3773525059223175,0.0,0.3773525059223175,0.0,0.0,0.0,0.019449690846447654,2,
2018-05-03 19:00:00,105,0.540761411190033,-0.0,0.05432499945163727,0.540761411190033,0.0,0.540761411190033,0.0,0.0,0.0,0.029376863366365136,2,
2018-05-03 20:00:00,105,0.4510594308376312,-0.0,0.05335500091314316,0.4510594308376312,0.0,0.4510594308376312,0.0,0.0,0.0,0.024066276344223647,2,
2018-05-03 21:00:00,105,0.2967599928379059,-0.0,0.05196499824523926,0.2967599928379059,0.0,0.2967599928379059,0.0,0.0,0.0,0.015421132507078994,2,
2018-05-03 22:00:00,105,0.15626388788223267,-0.0,0.05072249844670296,0.15626388788223267,0.0,0.15626388788223267,0.0,0.0,0.0,0.007926094810382311,2,
2018-05-03 23:00:00,105,0.1322222203016281,-0.0,0.04856250062584877,0.1322222203016281,0.0,0.1322222203016281,0.0,0.0,0.0,0.006421041656148929,2,
2018-05-04 00:00:00,105,0.13907305896282196,-0.0,0.04838249832391739,0.13907305896282196,0.0,0.13907305896282196,0.0,0.0,0.0,0.006728702042170798,2,
2018-05-04 01:00:00,105,0.15244944393634796,-0.0,0.046824999153614044,0.15244944393634796,0.0,0.15244944393634796,0.0,0.0,0.0,0.007138445083288425,2,
2018-05-04 02:00:00,105,0.10509388893842697,-0.0,0.04738499969244003,0.10509388893842697,0.0,0.10509388893842697,0.0,0.0,0.0,0.004979873895024689,2,
2018-05-04 03:00:00,105,0.0,-0.0,0.047587499022483826,0.0,0.0,0.0,-0.0,-0.0,0.0,0.0,2,
2018-05-04 04:00:00,105,0.07903750240802765,-0.0,0.04744499921798706,0.07903750240802765,0.0,0.07903750240802765,0.0,0.0,0.0,0.0037499342399405222,2,
2018-05-04 05:00:00,105,0.2470702826976776,-0.0,0.04757000133395195,0.2470702826976776,0.0,0.2470702826976776,0.0,0.0,0.0,0.01175313367750841,2,
2018-05-04 06:00:00,105,0.2968205511569977,-0.0,0.04843499884009361,0.2968205511569977,0.0,0.2968205511569977,0.0,0.0,0.0,0.01437650305100513,2,
2018-05-04 07:00:00,105,0.3710624873638153,0.0,0.049482498317956924,0.3710624873638153,0.0,0.3710624873638153,0.0,0.0,0.0,0.018361098906836903,2,
2018-05-04 08:00:00,105,0.2516586184501648,0.0,0.047600001096725464,0.2516586184501648,0.0,0.2516586184501648,0.0,0.0,0.0,0.01197895051422826,2,
2018-05-04 09:00:00,105,0.281303346157074,0.0,0.04870250076055527,0.281303346157074,0.0,0.281303346157074,0.0,0.0,0.0,0.013700176430161637,2,
2018-05-04 10:00:00,105,0.3745805621147156,0.0,0.048170000314712524,0.3745805621147156,0.0,0.3745805621147156,0.0,0.0,0.0,0.018043545794951044,2,
2018-05-04 11:00:00,105,0.021437499672174454,0.0,0.04745500162243843,0.021437499672174454,0.0,0.021437499672174454,0.0,0.0,0.0,0.001017316581724062,2,"{'r': -1.178533, 'l': 125, 't': 0.023335}"
2018-06-01 03:00:00,106,0.0,-0.0,0.05025250092148781,0.0,1.5,0.0,-0.0,-0.0,0.0,0.0,2,
2018-06-01 04:00:00,106,0.05122305452823639,-0.0,0.04960250109434128,0.05122305452823639,1.4460809952334355,0.0,-0.0,-0.0,0.05122305452823639,5.122305452823639e-05,2,
2018-06-01 05:00:00,106,0.09208611398935318,-0.0,0.05070750042796135,0.09208611398935318,1.3491482436656952,0.0,-0.0,-0.0,0.09208611398935318,9.208611398935318e-05,2,
2018-06-01 06:00:00,106,0.09546277672052383,-0.0,0.051500000059604645,0.09546277672052383,1.2486611102756702,0.0,-0.0,-0.0,0.09546277672052383,9.546277672052384e-05,2,
2018-06-01 07:00:00,106,0.13121472299098969,0.0,0.05026249960064888,0.13121472299098969,1.1105403492325232,0.0,-0.0,-0.0,0.13121472299098969,0.0001312147229909897,2,
2018-06-01 08:00:00,106,0.31521639227867126,0.4452041983604431,0.05377500131726265,-0.12998780608177185,1.1105403492325232,0.0,0.12998780608177185,0.12998780608177185,0.0,0.0,2,
2018-06-01 09:00:00,106,0.13071583211421967,0.5824024677276611,0.06026500090956688,-0.45168663561344147,1.1105403492325232,0.0,0.45168663561344147,0.45168663561344147,0.0,0.0,2,
2018-06-01 10:00:00,106,0.14448638260364532,0.7464655637741089,0.05596249923110008,-0.6019791811704636,1.1105403492325232,0.0,0.6019791811704636,0.6019791811704636,0.0,0.0,2,
2018-06-01 11:00:00,106,0.17523500323295593,0.01727554388344288,0.0522724986076355,0.15795945934951305,0.9442672341277726,0.0,-0.0,-0.0,0.15795945934951305,0.00015795945934951307,2,
2018-06-01 12:00:00,106,0.20705915987491608,0.0,0.05124250054359436,0.20705915987491608,0.726310223733124,0.0,-0.0,-0.0,0.20705915987491608,0.0002070591598749161,2,
2018-06-01 13:00:00,106,0.2161155492067337,0.0,0.04977250099182129,0.2161155492067337,0.49882017193656225,0.0,-0.0,-0.0,0.2161155492067337,0.0002161155492067337,2,
2018-06-01 14:00:00,106,0.13665278255939484,0.0,0.04983999952673912,0.13665278255939484,0.3549751376635151,0.0,-0.0,-0.0,0.13665278255939484,0.00013665278255939483,2,
2018-06-01 15:00:00,106,0.1203930526971817,0.0,0.05100499838590622,0.1203930526971817,0.22824560850858697,0.0,-0.0,-0.0,0.1203930526971817,0.0001203930526971817,2,
2018-06-01 16:00:00,106,0.10235361009836197,0.0,0.05070750042796135,0.10235361009836197,0.12050496629978488,0.0,-0.0,-0.0,0.10235361009836197,0.00010235361009836197,2,
2018-06-01 17:00:00,106,0.09835971891880035,0.0,0.052022501826286316,0.09835971891880035,0.01696842006946872,0.0,-0.0,-0.0,0.09835971891880035,9.835971891880036e-05,2,
2018-06-01 18:00:00,106,0.09169860929250717,0.0,0.05281750112771988,0.09169860929250717,0.0,0.07557861022651188,0.0,0.0,0.016119999065995285,0.004007993329936288,2,
2018-06-01 19:00:00,106,0.24900610744953156,-0.0,0.0574599988758564,0.24900610744953156,0.0,0.24900610744953156,0.0,0.0,0.0,0.014307890654131461,2,
2018-06-01 20:00:00,106,0.3878019452095032,-0.0,0.05684499815106392,0.3878019452095032,0.0,0.3878019452095032,0.0,0.0,0.0,0.0220446008584132,2,
2018-06-01 21:00:00,106,1.4693597555160522,-0.0,0.05668500065803528,1.4693597555160522,0.0,1.4693597555160522,0.0,0.0,0.0,0.08329065870831798,2,
2018-06-01 22:00:00,106,0.29232361912727356,-0.0,0.053927499800920486,0.29232361912727356,0.0,0.29232361912727356,0.0,0.0,0.0,0.0157642819122904,2,
2018-06-01 23:00:00,106,0.12851999700069427,-0.0,0.05619499832391739,0.12851999700069427,0.0,0.12851999700069427,0.0,0.0,0.0,0.007222181016043883,2,
2018-06-02 00:00:00,106,0.09006055444478989,-0.0,0.0536700002849102,0.09006055444478989,0.0,0.09006055444478989,0.0,0.0,0.0,0.004833549982711044,2,
2018-06-02 01:00:00,106,0.1952386051416397,-0.0,0.052549999207258224,0.1952386051416397,0.0,0.1952386051416397,0.0,0.0,0.0,0.010259788545419368,2,
2018-06-02 02:00:00,106,0.0,-0.0,0.04978000000119209,0.0,0.0,0.0,-0.0,-0.0,0.0,0.0,2,
2018-06-02 03:00:00,106,0.012125000357627869,-0.0,0.048237498849630356,0.012125000357627869,0.0,0.012125000357627869,0.0,0.0,0.0,0.000584879690802842,2,
2018-06-02 04:00:00,106,0.09344333410263062,-0.0,0.04829749837517738,0.09344333410263062,0.0,0.09344333410263062,0.0,0.0,0.0,0.0045130792769929595,2,
2018-06-02 05:00:00,106,0.08511638641357422,-0.0,0.04865749925374985,0.08511638641357422,0.0,0.08511638641357422,0.0,0.0,0.0,0.004141550508400371,2,
2018-06-02 06:00:00,106,0.1130211129784584,-0.0,0.04912250116467476,0.1130211129784584,0.0,0.1130211129784584,0.0,0.0,0.0,0.0055518797539171605,2,
2018-06-02 07:00:00,106,0.8017386198043823,0.0,0.04936249926686287,0.8017386198043823,0.0,0.8017386198043823,0.0,0.0,0.0,0.03957582203230947,2,
2018-06-02 08:00:00,106,1.8655294179916382,0.4084031283855438,0.0506649985909462,1.4571262896060944,0.0,1.4571262896060944,0.0,0.0,0.0,0.07382530140972343,2,
2018-06-02 09:00:00,106,0.3816588819026947,0.0,0.05651000142097473,0.3816588819026947,0.0,0.3816588819026947,0.0,0.0,0.0,0.021567543958648905,2,
2018-06-02 10:00:00,106,0.24461278319358826,0.0,0.05768999829888344,0.24461278319358826,0.0,0.24461278319358826,0.0,0.0,0.0,0.01411171104632325,2,
2018-06-02 11:00:00,106,0.08675000071525574,0.0,0.053679998964071274,0.08675000071525574,0.0,0.08675000071525574,0.0,0.0,0.0,0.00465673994852811,2,
2018-06-02 12:00:00,106,0.10716583579778671,0.0,0.051672499626874924,0.10716583579778671,0.0,0.10716583579778671,0.0,0.0,0.0,0.005537526610274873,2,
2018-06-02 13:00:00,106,0.13992111384868622,0.0,0.04979750141501427,0.13992111384868622,0.0,0.13992111384868622,0.0,0.0,0.0,0.006967721864870324,2,
2018-06-02 14:00:00,106,0.12423388659954071,0.0,0.04941000044345856,0.12423388659954071,0.0,0.12423388659954071,0.0,0.0,0.0,0.006138396391975887,2,
2018-06-02 15:00:00,106,0.1829708367586136,0.0,0.050187498331069946,0.1829708367586136,0.0,0.1829708367586136,0.0,0.0,0.0,0.009182848564457391,2,
2018-06-02 16:00:00,106,0.08333555608987808,0.0,0.05040249973535538,0.08333555608987808,0.0,0.08333555608987808,0.0,0.0,0.0,0.004200320343765773,2,
2018-06-02 17:00:00,106,0.09286750108003616,0.0,0.057202499359846115,0.09286750108003616,0.0,0.09286750108003616,0.0,0.0,0.0,0.005312253171081277,2,
2018-06-02 18:00:00,106,0.08614861220121384,0.0,0.060327500104904175,0.08614861220121384,0.0,0.08614861220121384,0.0,0.0,0.0,0.005197130411606077,2,
2018-06-02 19:00:00,106,0.09015555679798126,-0.0,0.060087498277425766,0.09015555679798126,0.0,0.09015555679798126,0.0,0.0,0.0,0.00541722186379906,2,
2018-06-02 20:00:00,106,0.08965666592121124,-0.0,0.059152498841285706,0.08965666592121124,0.0,0.08965666592121124,0.0,0.0,0.0,0.005303415827017988,2,
2018-06-02 21:00:00,106,0.09061028063297272,-0.0,0.05760499835014343,0.09061028063297272,0.0,0.09061028063297272,0.0,0.0,0.0,0.005219605066368427,2,
2018-06-02 22:00:00,106,0.09011305868625641,-0.0,0.05614500120282173,0.09011305868625641,0.0,0.09011305868625641,0.0,0.0,0.0,0.005059397788329811,2,
2018-06-02 23:00:00,106,0.0864613875746727,-0.0,0.054694999009370804,0.0864613875746727,0.0,0.0864613875746727,0.0,0.0,0.0,0.004729005507745548,2,
2018-06-03 00:00:00,106,0.1943877786397934,-0.0,0.051739998161792755,0.1943877786397934,0.0,0.1943877786397934,0.0,0.0,0.0,0.010057623309497887,2,
2018-06-03 01:00:00,106,0.35736334323883057,-0.0,0.050977498292922974,0.35736334323883057,0.0,0.35736334323883057,0.0,0.0,0.0,0.018217489219910732,2,
2018-06-03 02:00:00,106,0.15430139005184174,-0.0,0.05000000074505806,0.15430139005184174,0.0,0.15430139005184174,0.0,0.0,0.0,0.007715069617555581,2,
2018-06-03 03:00:00,106,0.10631416738033295,-0.0,0.04847250133752823,0.10631416738033295,0.0,0.10631416738033295,0.0,0.0,0.0,0.005153313620541389,2,
2018-06-03 04:00:00,106,0.10578639060258865,-0.0,0.04826999828219414,0.10578639060258865,0.0,0.10578639060258865,0.0,0.0,0.0,0.005106308892666472,2,
2018-06-03 05:00:00,106,0.11461861431598663,-0.0,0.0476825013756752,0.11461861431598663,0.0,0.11461861431598663,0.0,0.0,0.0,0.005465302234800018,2,
2018-06-03 06:00:00,106,0.13226166367530823,-0.0,0.04826749861240387,0.13226166367530823,0.0,0.13226166367530823,0.0,0.0,0.0,0.006383939667922167,2,
2018-06-03 07:00:00,106,0.32596665620803833,0.0,0.04912000149488449,0.32596665620803833,0.0,0.32596665620803833,0.0,0.0,0.0,0.01601148264022134,2,
2018-06-03 08:00:00,106,1.4841525554656982,0.0,0.04978499934077263,1.4841525554656982,0.0,1.4841525554656982,0.0,0.0,0.0,0.0738885339954658,2,
2018-06-03 09:00:00,106,1.0219027996063232,0.0,0.05332000181078911,1.0219027996063232,0.0,1.0219027996063232,0.0,0.0,0.0,0.054487859125459615,2,
2018-06-03 10:00:00,106,0.2462574988603592,0.0,0.0542449988424778,0.2462574988603592,0.0,0.2462574988603592,0.0,0.0,0.0,0.013358237740631662,2,
2018-06-03 11:00:00,106,0.25410473346710205,0.0,0.05497249960899353,0.25410473346710205,0.0,0.25410473346710205,0.0,0.0,0.0,0.013968772361163673,2,
2018-06-03 12:00:00,106,0.3564563989639282,0.0,0.056060001254081726,0.3564563989639282,0.0,0.3564563989639282,0.0,0.0,0.0,0.019982946172943272,2,
2018-06-03 13:00:00,106,0.21765166521072388,0.0,0.05440250039100647,0.21765166521072388,0.0,0.21765166521072388,0.0,0.0,0.0,0.011840794801729615,2,
2018-06-03 14:00:00,106,0.09470416605472565,0.0,0.05290500074625015,0.09470416605472565,0.0,0.09470416605472565,0.0,0.0,0.0,0.005010323975798259,2,
2018-06-03 15:00:00,106,0.08951583504676819,0.0,0.05233500152826309,0.08951583504676819,0.0,0.08951583504676819,0.0,0.0,0.0,0.00468481136397636,2,
2018-06-03 16:00:00,106,0.08902666717767715,0.0,0.05525749921798706,0.08902666717767715,0.0,0.08902666717767715,0.0,0.0,0.0,0.00491939099195049,2,
2018-06-03 17:00:00,106,0.09098972380161285,0.0,0.06027749925851822,0.09098972380161285,0.0,0.09098972380161285,0.0,0.0,0.0,0.005484633008984496,2,
2018-06-03 18:00:00,106,0.08384639024734497,0.0,0.06059499830007553,0.08384639024734497,0.0,0.08384639024734497,0.0,0.0,0.0,0.005080671874505338,2,
2018-06-03 19:00:00,106,0.09066444635391235,-0.0,0.06268499791622162,0.09066444635391235,0.0,0.09066444635391235,0.0,0.0,0.0,0.005683300630770383,2,
2018-06-03 20:00:00,106,0.08220388740301132,-0.0,0.06225749850273132,0.08220388740301132,0.0,0.08220388740301132,0.0,0.0,0.0,0.005117808396911672,2,
2018-06-03 21:00:00,106,0.08662527799606323,-0.0,0.06206750124692917,0.08662527799606323,0.0,0.08662527799606323,0.0,0.0,0.0,0.0053766145500362406,2,
2018-06-03 22:00:00,106,0.08890888839960098,-0.0,0.05896250158548355,0.08890888839960098,0.0,0.08890888839960098,0.0,0.0,0.0,0.005242290473225053,2,
2018-06-03 23:00:00,106,0.08354000002145767,-0.0,0.05486749857664108,0.08354000002145767,0.0,0.08354000002145767,0.0,0.0,0.0,0.004583630832269925,2,
2018-06-04 00:00:00,106,0.09191194176673889,-0.0,0.04946500062942505,0.09191194176673889,0.0,0.09191194176673889,0.0,0.0,0.0,0.004546424257343418,2,
2018-06-04 01:00:00,106,0.0832027792930603,-0.0,0.04976499825716019,0.0832027792930603,0.0,0.0832027792930603,0.0,0.0,0.0,0.00414058616651003,2,
2018-06-04 02:00:00,106,0.09156666696071625,-0.0,0.04958749935030937,0.09156666696071625,0.0,0.09156666696071625,0.0,0.0,0.0,0.0045405620384245116,2,
2018-06-04 03:00:00,106,0.08456666767597198,-0.0,0.04784249886870384,0.08456666767597198,0.0,0.08456666767597198,0.0,0.0,0.0,0.0040458807026177435,2,
2018-06-04 04:00:00,106,0.08266972005367279,-0.0,0.04735250025987625,0.08266972005367279,0.0,0.08266972005367279,0.0,0.0,0.0,0.003914617940325438,2,
2018-06-04 05:00:00,106,0.09658639132976532,-0.0,0.050085000693798065,0.09658639132976532,0.0,0.09658639132976532,0.0,0.0,0.0,0.0048375294767627475,2,
2018-06-04 06:00:00,106,0.08567166328430176,-0.0,0.05023999884724617,0.08567166328430176,0.0,0.08567166328430176,0.0,0.0,0.0,0.004304144264644982,2,
2018-06-04 07:00:00,106,0.08471944183111191,0.0,0.053394999355077744,0.08471944183111191,0.0,0.08471944183111191,0.0,0.0,0.0,0.004523594541934767,2,
2018-06-04 08:00:00,106,0.09136111289262772,0.0,0.05283749848604202,0.09136111289262772,0.0,0.09136111289262772,0.0,0.0,0.0,0.004827292664147331,2,
2018-06-04 09:00:00,106,0.08743972331285477,0.0,0.05352500081062317,0.08743972331285477,0.0,0.08743972331285477,0.0,0.0,0.0,0.004680211261201217,2,
2018-06-04 10:00:00,106,0.08355972170829773,0.0,0.05402500182390213,0.08355972170829773,0.0,0.08355972170829773,0.0,0.0,0.0,0.004514314117695539,2,
2018-06-04 11:00:00,106,0.08363360911607742,0.0,0.0533749982714653,0.08363360911607742,0.0,0.08363360911607742,0.0,0.0,0.0,0.004463943742007037,2,
2018-06-04 12:00:00,106,0.9541791677474976,0.0,0.05249999836087227,0.9541791677474976,0.0,0.9541791677474976,0.0,0.0,0.0,0.05009440474272209,2,
2018-06-04 13:00:00,106,0.3200972080230713,0.0,0.05204499885439873,0.3200972080230713,0.0,0.3200972080230713,0.0,0.0,0.0,0.016659458824856976,2,
2018-06-04 14:00:00,106,0.20793749392032623,0.0,0.0513250008225441,0.20793749392032623,0.0,0.20793749392032623,0.0,0.0,0.0,0.010672392046498502,2,
2018-06-04 15:00:00,106,0.21975360810756683,0.0,0.053394999355077744,0.21975360810756683,0.0,0.21975360810756683,0.0,0.0,0.0,0.011733743763179538,2,
2018-06-04 16:00:00,106,0.22097472846508026,0.0,0.06341499835252762,0.22097472846508026,0.0,0.22097472846508026,0.0,0.0,0.0,0.014013112041563303,2,
2018-06-04 17:00:00,106,0.2094038873910904,0.0,0.06720999628305435,0.2094038873910904,0.0,0.2094038873910904,0.0,0.0,0.0,0.014074034493212317,2,
2018-06-04 18:00:00,106,0.22348055243492126,0.0,0.06165999919176102,0.22348055243492126,0.0,0.22348055243492126,0.0,0.0,0.0,0.01377981068251155,2,
2018-06-04 19:00:00,106,0.21305528283119202,-0.0,0.053222499787807465,0.21305528283119202,0.0,0.21305528283119202,0.0,0.0,0.0,0.011339334745274376,2,
2018-06-04 20:00:00,106,0.12154694646596909,-0.0,0.05231500044465065,0.12154694646596909,0.0,0.12154694646596909,0.0,0.0,0.0,0.0063587285584131015,2,
2018-06-04 21:00:00,106,0.43527305126190186,-0.0,0.0528549998998642,0.43527305126190186,0.0,0.43527305126190186,0.0,0.0,0.0,0.023006357080861406,2,
2018-06-04 22:00:00,106,0.09832999855279922,-0.0,0.05166250094771385,0.09832999855279922,0.0,0.09832999855279922,0.0,0.0,0.0,0.005079973643422692,2,
2018-06-04 23:00:00,106,0.0917208343744278,-0.0,0.05228250101208687,0.0917208343744278,0.0,0.0917208343744278,0.0,0.0,0.0,0.004795394616010473,2,
2018-06-05 00:00:00,106,0.0880141630768776,-0.0,0.04881250113248825,0.0880141630768776,0.0,0.0880141630768776,0.0,0.0,0.0,0.004296191434865093,2,
2018-06-05 01:00:00,106,0.0912252813577652,-0.0,0.04949000105261803,0.0912252813577652,0.0,0.0912252813577652,0.0,0.0,0.0,0.004514739270421175,2,
2018-06-05 02:00:00,106,0.08721332997083664,-0.0,0.04967749863862991,0.08721332997083664,0.0,0.08721332997083664,0.0,0.0,0.0,0.004332540080896619,2,
2018-06-05 03:00:00,106,0.08496694266796112,-0.0,0.0481100007891655,0.08496694266796112,0.0,0.08496694266796112,0.0,0.0,0.0,0.004087759678808589,2,
2018-06-05 04:00:00,106,0.10921250283718109,-0.0,0.04698750004172325,0.10921250283718109,0.0,0.10921250283718109,0.0,0.0,0.0,0.005131622481618747,2,
2018-06-05 05:00:00,106,0.09390860795974731,0.0,0.04633999988436699,0.09390860795974731,0.0,0.09390860795974731,0.0,0.0,0.0,0.0043517248819957555,2,
2018-06-05 06:00:00,106,0.09684249758720398,-0.0,0.05099499970674515,0.09684249758720398,0.0,0.09684249758720398,0.0,0.0,0.0,0.004938483136059935,2,
2018-06-05 07:00:00,106,0.13817861676216125,0.0,0.05681750178337097,0.13817861676216125,0.0,0.13817861676216125,0.0,0.0,0.0,0.007850963804307831,2,
2018-06-05 08:00:00,106,0.0862400010228157,0.0,0.05791499838232994,0.0862400010228157,0.0,0.0862400010228157,0.0,0.0,0.0,0.004994589519728504,2,
2018-06-05 09:00:00,106,0.08638861030340195,0.02996920980513096,0.05696000158786774,0.05641940049827099,0.0,0.05641940049827099,0.0,0.0,0.0,0.0032136491419680613,2,
2018-06-05 10:00:00,106,0.08708444237709045,0.054514750838279724,0.0578249990940094,0.03256969153881073,0.0,0.03256969153881073,0.0,0.0,0.0,0.001883342383723896,2,
2018-06-05 11:00:00,106,0.08572222292423248,0.1274232566356659,0.05542749911546707,-0.04170103371143341,0.0,0.0,0.04170103371143341,0.04170103371143341,0.0,0.0,2,
2018-06-05 12:00:00,106,0.08665250241756439,0.1192813292145729,0.05448000133037567,-0.032628826797008514,0.0,0.0,0.032628826797008514,0.032628826797008514,0.0,0.0,2,
2018-06-05 13:00:00,106,0.08994971960783005,0.11573132127523422,0.05328249931335449,-0.025781601667404175,0.0,0.0,0.025781601667404175,0.025781601667404175,0.0,0.0,2,
2018-06-05 14:00:00,106,0.0912347212433815,0.07843084633350372,0.05240749940276146,0.012803874909877777,0.0,0.012803874909877777,0.0,0.0,0.0,0.000671019066692452,2,
2018-06-05 15:00:00,106,0.08760888874530792,0.019000889733433723,0.052322499454021454,0.0686079990118742,0.0,0.0686079990118742,0.0,0.0,0.0,0.0035897419908402922,2,
2018-06-05 16:00:00,106,0.16035416722297668,0.05669655278325081,0.05272499844431877,0.10365761443972588,0.0,0.10365761443972588,0.0,0.0,0.0,0.005465347560076342,2,
2018-06-05 17:00:00,106,0.88919997215271,0.01354286726564169,0.05483249947428703,0.8756571048870683,0.0,0.8756571048870683,0.0,0.0,0.0,0.04801446774337588,2,
2018-06-05 18:00:00,106,0.18356555700302124,5.1498279704081376e-18,0.05521500110626221,0.18356555700302124,0.0,0.18356555700302124,0.0,0.0,0.0,0.010135572432993456,2,
2018-06-05 19:00:00,106,0.09114222228527069,0.0,0.054112501442432404,0.09114222228527069,0.0,0.09114222228527069,0.0,0.0,0.0,0.004931933634878205,2,
2018-06-05 20:00:00,106,0.101621113717556,-0.0,0.052857499569654465,0.101621113717556,0.0,0.101621113717556,0.0,0.0,0.0,0.005371437974593524,2,
2018-06-05 21:00:00,106,0.15884888172149658,-0.0,0.052262499928474426,0.15884888172149658,0.0,0.15884888172149658,0.0,0.0,0.0,0.008301839669607958,2,
2018-06-05 22:00:00,106,0.11366361379623413,-0.0,0.051660001277923584,0.11366361379623413,0.0,0.11366361379623413,0.0,0.0,0.0,0.005871862433966868,2,
2018-06-05 23:00:00,106,0.08781805634498596,-0.0,0.05312250182032585,0.08781805634498596,0.0,0.08781805634498596,0.0,0.0,0.0,0.004665114858043995,2,
2018-06-06 00:00:00,106,0.08831916749477386,-0.0,0.050200000405311584,0.08831916749477386,0.0,0.08831916749477386,0.0,0.0,0.0,0.00443362224403443,2,
2018-06-06 01:00:00,106,0.08883805572986603,-0.0,0.04902249947190285,0.08883805572986603,0.0,0.08883805572986603,0.0,0.0,0.0,0.004355063540102233,2,
2018-06-06 02:00:00,106,0.08882611244916916,-0.0,0.04872250184416771,0.08882611244916916,0.0,0.08882611244916916,0.0,0.0,0.0,0.004327830427614893,2,
2018-06-06 03:00:00,106,0.0886872187256813,-0.0,0.047074999660253525,0.0886872187256813,0.0,0.0886872187256813,0.0,0.0,0.0,0.0041749507913802775,2,
2018-06-06 04:00:00,106,0.08845694363117218,-0.0,0.04687749966979027,0.08845694363117218,0.0,0.08845694363117218,0.0,0.0,0.0,0.00414664034586093,2,
2018-06-06 05:00:00,106,0.08877000212669373,-0.0,0.048512499779462814,0.08877000212669373,0.0,0.08877000212669373,0.0,0.0,0.0,0.004306454708594143,2,
2018-06-06 06:00:00,106,0.18575166165828705,-0.0,0.050725001841783524,0.18575166165828705,0.0,0.18575166165828705,0.0,0.0,0.0,0.00942225337973096,2,
2018-06-06 07:00:00,106,0.09849277883768082,0.0,0.05178999900817871,0.09849277883768082,0.0,0.09849277883768082,0.0,0.0,0.0,0.005100940918316255,2,
2018-06-06 08:00:00,106,0.08369722217321396,0.0,0.05245000123977661,0.08369722217321396,0.0,0.08369722217321396,0.0,0.0,0.0,0.004389919406750931,2,
2018-06-06 09:00:00,106,0.08072499930858612,0.06612522155046463,0.051692500710487366,0.01459977775812149,0.0,0.01459977775812149,0.0,0.0,0.0,0.0007546990221346528,2,
2018-06-06 10:00:00,106,0.08496083319187164,0.09788317233324051,0.05288749933242798,-0.012922339141368866,0.0,0.0,0.012922339141368866,0.012922339141368866,0.0,0.0,2,
2018-06-06 11:00:00,106,0.08719222247600555,0.04323507100343704,0.05243000015616417,0.04395715147256851,0.0,0.04395715147256851,0.0,0.0,0.0,0.002304673458571299,2,
2018-06-06 12:00:00,106,0.08674638718366623,2.898693323135376,0.02500000037252903,-2.8119469359517097,1.4249999999999998,0.0,1.3119469359517097,1.3119469359517097,1.5,0.0015,0,
2018-06-06 13:00:00,106,0.08594222366809845,0.1548648327589035,0.04177999868988991,-0.06892260909080505,1.4249999999999998,0.0,0.06892260909080505,0.06892260909080505,0.0,0.0,2,
2018-06-06 14:00:00,106,0.0864802747964859,0.15699923038482666,0.05006000027060509,-0.07051895558834076,1.4249999999999998,0.0,0.07051895558834076,0.07051895558834076,0.0,0.0,2,
2018-06-06 15:00:00,106,0.08610638976097107,0.1356973648071289,0.05409500002861023,-0.04959097504615784,1.4249999999999998,0.0,0.04959097504615784,0.04959097504615784,0.0,0.0,2,
2018-06-06 16:00:00,106,0.08628971874713898,0.08383508771657944,0.054167501628398895,0.00245463103055954,1.4224161778625688,0.0,-0.0,-0.0,0.00245463103055954,2.4546310305595397e-06,2,
2018-06-06 17:00:00,106,0.37249499559402466,0.030676741153001785,0.0549824982881546,0.3418182544410229,1.0626074889772816,0.0,-0.0,-0.0,0.3418182544410229,0.00034181825444102286,2,
2018-06-06 18:00:00,106,1.0798100233078003,1.1443516033440329e-17,0.05668500065803528,1.0798100233078003,0.0,0.0703329087793827,0.0,0.0,1.0094771145284176,0.004996298094969261,2,
2018-06-06 19:00:00,106,0.2134866714477539,0.0,0.05708250030875206,0.2134866714477539,0.0,0.2134866714477539,0.0,0.0,0.0,0.012186352988830862,2,
2018-06-06 20:00:00,106,0.201222226023674,0.0,0.05393499881029129,0.201222226023674,0.0,0.201222226023674,0.0,0.0,0.0,0.010852920521191023,2,
2018-06-06 21:00:00,106,0.40572693943977356,-0.0,0.0532350018620491,0.40572693943977356,0.0,0.40572693943977356,0.0,0.0,0.0,0.02159887437655983,2,
2018-06-06 22:00:00,106,0.21302860975265503,-0.0,0.05176499858498573,0.21302860975265503,0.0,0.21302860975265503,0.0,0.0,0.0,0.011027425682407666,2,
2018-06-06 23:00:00,106,0.10016833245754242,-0.0,0.054910000413656235,0.10016833245754242,0.0,0.10016833245754242,0.0,0.0,0.0,0.0055002431766789095,2,
2018-06-07 00:00:00,106,0.09079444408416748,-0.0,0.05056000128388405,0.09079444408416748,0.0,0.09079444408416748,0.0,0.0,0.0,0.004590567209465046,2,
2018-06-07 01:00:00,106,0.10930638760328293,-0.0,0.04975000023841858,0.10930638760328293,0.0,0.10930638760328293,0.0,0.0,0.0,0.005437992809323999,2,
2018-06-07 02:00:00,106,0.1003388911485672,-0.0,0.04926750063896179,0.1003388911485672,0.0,0.1003388911485672,0.0,0.0,0.0,0.004943446383774752,2,
2018-06-07 03:00:00,106,0.10182750225067139,-0.0,0.048420000821352005,0.10182750225067139,0.0,0.10182750225067139,0.0,0.0,0.0,0.004930487742613732,2,
2018-06-07 04:00:00,106,0.10629944503307343,-0.0,0.04903249815106392,0.10629944503307343,0.0,0.10629944503307343,0.0,0.0,0.0,0.005212127342043293,2,
2018-06-07 05:00:00,106,0.08565222471952438,-0.0,0.04996750131249428,0.08565222471952438,0.0,0.08565222471952438,0.0,0.0,0.0,0.0042798276510908895,2,
2018-06-07 06:00:00,106,0.25318971276283264,-0.0,0.0520625002682209,0.25318971276283264,0.0,0.25318971276283264,0.0,0.0,0.0,0.013181689488625747,2,
2018-06-07 07:00:00,106,0.14000444114208221,0.0,0.05355750024318695,0.14000444114208221,0.0,0.14000444114208221,0.0,0.0,0.0,0.007498287890514321,2,
2018-06-07 08:00:00,106,0.08470527827739716,0.0,0.056894998997449875,0.08470527827739716,0.0,0.08470527827739716,0.0,0.0,0.0,0.004819306722671224,2,
2018-06-07 09:00:00,106,0.08239277452230453,0.0,0.053495001047849655,0.08239277452230453,0.0,0.08239277452230453,0.0,0.0,0.0,0.0044076015594059215,2,
2018-06-07 10:00:00,106,0.08222111314535141,0.0,0.05241750180721283,0.08222111314535141,0.0,0.08222111314535141,0.0,0.0,0.0,0.004309825346887508,2,
2018-06-07 11:00:00,106,0.09226333349943161,0.0,0.05137249827384949,0.09226333349943161,0.0,0.09226333349943161,0.0,0.0,0.0,0.00473979794093915,2,
2018-06-07 12:00:00,106,0.08446194231510162,2.0612423419952393,0.051865000277757645,-1.9767803996801376,1.4249999999999998,0.0,0.47678039968013763,0.47678039968013763,1.5,0.0015,0,
2018-06-07 13:00:00,106,0.08381722122430801,0.10482694208621979,0.05172999948263168,-0.021009720861911774,1.4249999999999998,0.0,0.021009720861911774,0.021009720861911774,0.0,0.0,2,
2018-06-07 14:00:00,106,0.08604972064495087,0.11642547696828842,0.05203000083565712,-0.030375756323337555,1.4249999999999998,0.0,0.030375756323337555,0.030375756323337555,0.0,0.0,2,
2018-06-07 15:00:00,106,0.09264139086008072,0.11148050427436829,0.059027500450611115,-0.018839113414287567,1.4249999999999998,0.0,0.018839113414287567,0.018839113414287567,0.0,0.0,2,
2018-06-07 16:00:00,106,0.08462666720151901,0.0628218948841095,0.062185000628232956,0.021804772317409515,1.402047608086937,0.0,-0.0,-0.0,0.021804772317409515,2.1804772317409515e-05,2,
2018-06-07 17:00:00,106,0.3904166519641876,0.025589941069483757,0.06364750117063522,0.36482671089470387,1.0180194913556697,0.0,-0.0,-0.0,0.36482671089470387,0.0003648267108947039,2,
2018-06-07 18:00:00,106,0.09330388903617859,5.511594584127592e-18,0.06437250226736069,0.09330388903617859,0.919804871317587,0.0,-0.0,-0.0,0.09330388903617859,9.330388903617859e-05,2,
2018-06-07 19:00:00,106,0.13068139553070068,0.0,0.05739250034093857,0.13068139553070068,0.7822455076010599,0.0,-0.0,-0.0,0.13068139553070068,0.0001306813955307007,2,
2018-06-07 20:00:00,106,0.24255472421646118,-0.0,0.05435999855399132,0.24255472421646118,0.5269247452679429,0.0,-0.0,-0.0,0.24255472421646118,0.00024255472421646118,2,
2018-06-07 21:00:00,106,0.3087308406829834,-0.0,0.05449749901890755,0.3087308406829834,0.20194491297006556,0.0,-0.0,-0.0,0.3087308406829834,0.0003087308406829834,2,
2018-06-07 22:00:00,106,0.10630611330270767,-0.0,0.05269249901175499,0.10630611330270767,0.09004374107247853,0.0,-0.0,-0.0,0.10630611330270767,0.00010630611330270768,2,
2018-06-07 23:00:00,106,0.1000872254371643,-0.0,0.05046999827027321,0.1000872254371643,0.0,0.014545671418309702,0.0,0.0,0.0855415540188546,0.0008196615653409077,2,
2018-06-08 00:00:00,106,0.09819555282592773,-0.0,0.05101250112056732,0.09819555282592773,0.0,0.09819555282592773,0.0,0.0,0.0,0.005009200748567366,2,
2018-06-08 01:00:00,106,0.0868586078286171,-0.0,0.05076000094413757,0.0868586078286171,0.0,0.0868586078286171,0.0,0.0,0.0,0.004408943015387079,2,
2018-06-08 02:00:00,106,0.08903916925191879,-0.0,0.0504475012421608,0.08903916925191879,0.0,0.08903916925191879,0.0,0.0,0.0,0.004491803601437139,2,
2018-06-08 03:00:00,106,0.08623278141021729,-0.0,0.05032249912619591,0.08623278141021729,0.0,0.08623278141021729,0.0,0.0,0.0,0.004339449067165102,2,
2018-06-08 04:00:00,106,0.08701333403587341,-0.0,0.05017999932169914,0.08701333403587341,0.0,0.08701333403587341,0.0,0.0,0.0,0.004366329042898909,2,
2018-06-08 05:00:00,106,0.11070971935987473,-0.0,0.05003250017762184,0.11070971935987473,0.0,0.11070971935987473,0.0,0.0,0.0,0.005539084053537396,2,
2018-06-08 06:00:00,106,0.11685805767774582,0.0,0.05079500004649162,0.11685805767774582,0.0,0.11685805767774582,0.0,0.0,0.0,0.00593580504517402,2,
2018-06-08 07:00:00,106,0.11876139044761658,0.0,0.054249998182058334,0.11876139044761658,0.0,0.11876139044761658,0.0,0.0,0.0,0.006442805215881919,2,
2018-06-08 08:00:00,106,0.083885557949543,0.0,0.06626249849796295,0.083885557949543,0.0,0.083885557949543,0.0,0.0,0.0,0.005558466657632377,2,
2018-06-08 09:00:00,106,0.08126777410507202,0.0,0.06799750030040741,0.08126777410507202,0.0,0.08126777410507202,0.0,0.0,0.0,0.005526005494123076,2,
2018-06-08 10:00:00,106,0.08097388595342636,0.0,0.06781750172376633,0.08097388595342636,0.0,0.08097388595342636,0.0,0.0,0.0,0.00549144665022655,2,
2018-06-08 11:00:00,106,0.08311694115400314,0.0,0.05907750129699707,0.08311694115400314,0.0,0.08311694115400314,0.0,0.0,0.0,0.00491034119882805,2,
2018-06-08 12:00:00,106,0.0845022201538086,0.018703175708651543,0.059747498482465744,0.06579904444515705,0.0,0.06579904444515705,0.0,0.0,0.0,0.003931328308134717,2,
2018-06-08 13:00:00,106,0.08397611230611801,0.03223329782485962,0.05471250042319298,0.05174281448125839,0.0,0.05174281448125839,0.0,0.0,0.0,0.0028309787592030455,2,
2018-06-08 14:00:00,106,0.08667722344398499,0.033874787390232086,0.05277499929070473,0.0528024360537529,0.0,0.0528024360537529,0.0,0.0,0.0,0.002786648525284291,2,
2018-06-08 15:00:00,106,0.0893963873386383,0.039541129022836685,0.05200750008225441,0.04985525831580162,0.0,0.04985525831580162,0.0,0.0,0.0,0.0025928473509598676,2,
2018-06-08 16:00:00,106,0.1787419468164444,0.008586849085986614,0.051772501319646835,0.17015509773045778,0.0,0.17015509773045778,0.0,0.0,0.0,0.008809355021794762,2,
2018-06-08 17:00:00,106,0.332277774810791,0.0,0.05377250164747238,0.332277774810791,0.0,0.332277774810791,0.0,0.0,0.0,0.017867407193431717,2,
2018-06-08 18:00:00,106,0.08803611248731613,0.0,0.05412999913096428,0.08803611248731613,0.0,0.08803611248731613,0.0,0.0,0.0,0.004765394692431896,2,
2018-06-08 19:00:00,106,0.11649861186742783,-0.0,0.0547574982047081,0.11649861186742783,0.0,0.11649861186742783,0.0,0.0,0.0,0.006379172530181665,2,
2018-06-08 20:00:00,106,0.20671583712100983,-0.0,0.05281500145792961,0.20671583712100983,0.0,0.20671583712100983,0.0,0.0,0.0,0.010917697238923274,2,
2018-06-08 21:00:00,106,0.23675361275672913,-0.0,0.05166750028729439,0.23675361275672913,0.0,0.23675361275672913,0.0,0.0,0.0,0.012232467355126286,2,
2018-06-08 22:00:00,106,0.11328750103712082,-0.0,0.05115250125527382,0.11328750103712082,0.0,0.11328750103712082,0.0,0.0,0.0,0.005794939039008157,2,
2018-06-08 23:00:00,106,0.09040111303329468,-0.0,0.05385750159621239,0.09040111303329468,0.0,0.09040111303329468,0.0,0.0,0.0,0.0048687780894900445,2,
2018-06-09 00:00:00,106,0.08918194472789764,-0.0,0.05096999928355217,0.08918194472789764,0.0,0.08918194472789764,0.0,0.0,0.0,0.004545603658886732,2,
2018-06-09 01:00:00,106,0.08977805823087692,-0.0,0.049525000154972076,0.08977805823087692,0.0,0.08977805823087692,0.0,0.0,0.0,0.004446258347797272,2,
2018-06-09 02:00:00,106,0.089116670191288,-0.0,0.04955499991774559,0.089116670191288,0.0,0.089116670191288,0.0,0.0,0.0,0.0044161765839990375,2,
2018-06-09 03:00:00,106,0.12489666789770126,-0.0,0.048009999096393585,0.12489666789770126,0.0,0.12489666789770126,0.0,0.0,0.0,0.005996288912911207,2,
2018-06-09 04:00:00,106,0.09890972077846527,-0.0,0.04805750027298927,0.09890972077846527,0.0,0.09890972077846527,0.0,0.0,0.0,0.0047533539333123875,2,
2018-06-09 05:00:00,106,0.0970047190785408,-0.0,0.04774250090122223,0.0970047190785408,0.0,0.0970047190785408,0.0,0.0,0.0,0.004631247888030043,2,
2018-06-09 06:00:00,106,0.09076666831970215,-0.0,0.05081000179052353,0.09076666831970215,0.0,0.09076666831970215,0.0,0.0,0.0,0.0046118545798439214,2,
2018-06-09 07:00:00,106,0.3053366541862488,0.0,0.05077749863266945,0.3053366541862488,0.0,0.3053366541862488,0.0,0.0,0.0,0.015504231540446112,2,
2018-06-09 08:00:00,106,0.22543750703334808,0.9179418087005615,0.050289999693632126,-0.6925043016672134,1.4249999999999998,0.8074956983327866,0.0,0.0,1.5,0.0421089584217651,0,
2018-06-09 09:00:00,106,0.2415502816438675,2.6599924564361572,0.05420750007033348,-2.4184421747922897,2.8499999999999996,0.0,0.9184421747922897,0.9184421747922897,1.5,0.0015,0,
2018-06-09 10:00:00,106,1.8426611423492432,2.4353160858154297,0.053610000759363174,-0.5926549434661865,3.0,0.0,0.4347602066240809,0.4347602066240809,0.15789473684210564,0.00015789473684210564,0,
2018-06-09 11:00:00,106,0.9512850046157837,0.0,0.05124000087380409,0.9512850046157837,1.998647363562333,0.0,-0.0,-0.0,0.9512850046157837,0.0009512850046157837,2,
2018-06-09 12:00:00,106,0.3555433452129364,0.0,0.04936499893665314,0.3555433452129364,1.6243912107066105,0.0,-0.0,-0.0,0.3555433452129364,0.0003555433452129364,2,
2018-06-09 13:00:00,106,0.13420943915843964,0.0,0.04836750030517578,0.13420943915843964,1.4831181168556213,0.0,-0.0,-0.0,0.13420943915843964,0.00013420943915843964,2,
2018-06-09 14:00:00,106,0.10311861336231232,0.0,0.048135001212358475,0.10311861336231232,1.3745722080531872,0.0,-0.0,-0.0,0.10311861336231232,0.00010311861336231231,2,
2018-06-09 15:00:00,106,0.13952167332172394,0.0,0.04565750062465668,0.13952167332172394,1.227707288767162,0.0,-0.0,-0.0,0.13952167332172394,0.00013952167332172393,2,
2018-06-09 16:00:00,106,0.12475444376468658,0.0,0.04596250131726265,0.12475444376468658,1.0963868216464394,0.0,-0.0,-0.0,0.12475444376468658,0.0001247544437646866,2,
2018-06-09 17:00:00,106,0.10734833031892776,0.0,0.053690001368522644,0.10734833031892776,0.9833885792054629,0.0,-0.0,-0.0,0.10734833031892776,0.00010734833031892777,2,
2018-06-09 18:00:00,106,0.17127221822738647,0.0,0.05515500158071518,0.17127221822738647,0.8031020337029507,0.0,-0.0,-0.0,0.17127221822738647,0.00017127221822738647,2,
2018-06-09 19:00:00,106,0.2032688856124878,-0.0,0.05611500144004822,0.2032688856124878,0.5891347856898057,0.0,-0.0,-0.0,0.2032688856124878,0.0002032688856124878,2,
2018-06-09 20:00:00,106,0.22603139281272888,-0.0,0.05559249967336655,0.22603139281272888,0.35120700378167,0.0,-0.0,-0.0,0.22603139281272888,0.0002260313928127289,2,
2018-06-09 21:00:00,106,0.17010611295700073,-0.0,0.05364999920129776,0.17010611295700073,0.17214793751114293,0.0,-0.0,-0.0,0.17010611295700073,0.00017010611295700074,2,
2018-06-09 22:00:00,106,0.4979102909564972,-0.0,0.052787501364946365,0.4979102909564972,0.0,0.33436975032091143,0.0,0.0,0.1635405406355858,0.017814084192097474,2,
2018-06-09 23:00:00,106,0.44638165831565857,-0.0,0.05329500138759613,0.44638165831565857,0.0,0.44638165831565857,0.0,0.0,0.0,0.023789911099330485,2,
2018-06-10 00:00:00,106,0.2585461139678955,-0.0,0.05220000073313713,0.2585461139678955,0.0,0.2585461139678955,0.0,0.0,0.0,0.013496107338673902,2,
2018-06-10 01:00:00,106,0.09353110939264297,-0.0,0.05019000172615051,0.09353110939264297,0.0,0.09353110939264297,0.0,0.0,0.0,0.004694326541865523,2,
2018-06-10 02:00:00,106,0.09409194439649582,-0.0,0.05020749941468239,0.09409194439649582,0.0,0.09409194439649582,0.0,0.0,0.0,0.004724121243213392,2,
2018-06-10 03:00:00,106,0.08585972338914871,-0.0,0.04827500134706497,0.08585972338914871,0.0,0.08585972338914871,0.0,0.0,0.0,0.00414487826226978,2,
2018-06-10 04:00:00,106,0.10564833134412766,-0.0,0.04773499816656113,0.10564833134412766,0.0,0.10564833134412766,0.0,0.0,0.0,0.005043122903012176,2,
2018-06-10 05:00:00,106,0.11514833569526672,-0.0,0.04752499982714653,0.11514833569526672,0.0,0.11514833569526672,0.0,0.0,0.0,0.005472424634013762,2,
2018-06-10 06:00:00,106,0.08519139140844345,-0.0,0.04769999906420708,0.08519139140844345,0.0,0.08519139140844345,0.0,0.0,0.0,0.004063629290461251,2,
2018-06-10 07:00:00,106,0.23479889333248138,0.0,0.04800749942660332,0.23479889333248138,0.0,0.23479889333248138,0.0,0.0,0.0,0.011272107737026194,2,
2018-06-10 08:00:00,106,0.3673880696296692,0.0,0.04972749948501587,0.3673880696296692,0.0,0.3673880696296692,0.0,0.0,0.0,0.01826929004331035,2,
2018-06-10 09:00:00,106,0.24378138780593872,0.0,0.0566600002348423,0.24378138780593872,0.0,0.24378138780593872,0.0,0.0,0.0,0.01381265349033467,2,
2018-06-10 10:00:00,106,0.15526166558265686,0.0,0.0582675002515316,0.15526166558265686,0.0,0.15526166558265686,0.0,0.0,0.0,0.009046709138390674,2,
2018-06-10 11:00:00,106,0.08981666713953018,0.0,0.05239250138401985,0.08981666713953018,0.0,0.08981666713953018,0.0,0.0,0.0,0.004705719857415885,2,
2018-06-10 12:00:00,106,0.09365472197532654,0.8755770921707153,0.052354998886585236,-0.7819223701953888,0.0,0.0,0.7819223701953888,0.7819223701953888,0.0,0.0,2,
2018-06-10 13:00:00,106,0.1223730519413948,0.0,0.04927000030875206,0.1223730519413948,0.0,0.1223730519413948,0.0,0.0,0.0,0.006029320306935454,2,
2018-06-10 14:00:00,106,0.1992516666650772,0.04130471125245094,0.04848499968647957,0.15794695541262627,0.0,0.15794695541262627,0.0,0.0,0.0,0.007658058083661587,2,
2018-06-10 15:00:00,106,0.21366804838180542,0.03683973848819733,0.049254998564720154,0.1768283098936081,0.0,0.1768283098936081,0.0,0.0,0.0,0.008709678150011557,2,
2018-06-10 16:00:00,106,0.20309889316558838,0.040057871490716934,0.04996750131249428,0.16304102167487144,0.0,0.16304102167487144,0.0,0.0,0.0,0.008146752464529547,2,
2018-06-10 17:00:00,106,0.2143019437789917,0.021410806104540825,0.05191250145435333,0.19289113767445087,0.0,0.19289113767445087,0.0,0.0,0.0,0.0100134614650568,2,
2018-06-10 18:00:00,106,0.22570528090000153,0.0,0.05397750064730644,0.22570528090000153,0.0,0.22570528090000153,0.0,0.0,0.0,0.012183006945880315,2,
2018-06-10 19:00:00,106,0.6857402920722961,-0.0,0.05631500110030174,0.6857402920722961,0.0,0.6857402920722961,0.0,0.0,0.0,0.038617465302572596,2,
2018-06-10 20:00:00,106,0.2651577889919281,-0.0,0.05537499859929085,0.2651577889919281,0.0,0.2651577889919281,0.0,0.0,0.0,0.014683112194019077,2,
2018-06-10 21:00:00,106,0.13659805059432983,-0.0,0.05392250046133995,0.13659805059432983,0.0,0.13659805059432983,0.0,0.0,0.0,0.007365708446190888,2,
2018-06-10 22:00:00,106,0.12346166372299194,-0.0,0.05289499834179878,0.12346166372299194,0.0,0.12346166372299194,0.0,0.0,0.0,0.006530504497903378,2,
2018-06-10 23:00:00,106,0.08986277878284454,-0.0,0.05108249932527542,0.08986277878284454,0.0,0.08986277878284454,0.0,0.0,0.0,0.004590415336542031,2,
2018-06-11 00:00:00,106,0.08944027870893478,-0.0,0.04919249936938286,0.08944027870893478,0.0,0.08944027870893478,0.0,0.0,0.0,0.0043997908539867014,2,
2018-06-11 01:00:00,106,0.09322749823331833,-0.0,0.04834999889135361,0.09322749823331833,0.0,0.09322749823331833,0.0,0.0,0.0,0.004507549436224612,2,
2018-06-11 02:00:00,106,0.08616860955953598,-0.0,0.04836750030517578,0.08616860955953598,0.0,0.08616860955953598,0.0,0.0,0.0,0.004167760249167429,2,
2018-06-11 03:00:00,106,0.08706694096326828,-0.0,0.04758499935269356,0.08706694096326828,0.0,0.08706694096326828,0.0,0.0,0.0,0.004143080329378129,2,
2018-06-11 04:00:00,106,0.09358083456754684,-0.0,0.04718250036239624,0.09358083456754684,0.0,0.09358083456754684,0.0,0.0,0.0,0.004415377760896622,2,
2018-06-11 05:00:00,106,0.08640889078378677,-0.0,0.04874499887228012,0.08640889078378677,0.0,0.08640889078378677,0.0,0.0,0.0,0.004212001283810662,2,
2018-06-11 06:00:00,106,0.12499278038740158,-0.0,0.04896000027656555,0.12499278038740158,0.0,0.12499278038740158,0.0,0.0,0.0,0.006119646562335879,2,
2018-06-11 07:00:00,106,0.11017221957445145,0.0,0.051364999264478683,0.11017221957445145,0.0,0.11017221957445145,0.0,0.0,0.0,0.0056589959774076826,2,
2018-06-11 08:00:00,106,0.09223194420337677,0.0,0.05313500016927719,0.09223194420337677,0.0,0.09223194420337677,0.0,0.0,0.0,0.004900744370859189,2,
2018-06-11 09:00:00,106,0.0886058360338211,0.0,0.055605001747608185,0.0886058360338211,0.0,0.0886058360338211,0.0,0.0,0.0,0.004926927667508907,2,
2018-06-11 10:00:00,106,0.08754638582468033,0.0,0.05209499970078468,0.08754638582468033,0.0,0.08754638582468033,0.0,0.0,0.0,0.004560728943341502,2,
2018-06-11 11:00:00,106,0.08738694339990616,0.0,0.05002500116825104,0.08738694339990616,0.0,0.08738694339990616,0.0,0.0,0.0,0.004371531945670193,2,
2018-06-11 12:00:00,106,0.09243694692850113,0.0,0.05043499916791916,0.09243694692850113,0.0,0.09243694692850113,0.0,0.0,0.0,0.004662057341423942,2,
2018-06-11 13:00:00,106,0.09119944274425507,0.0,0.04995749890804291,0.09119944274425507,0.0,0.09119944274425507,0.0,0.0,0.0,0.004556096061310244,2,
2018-06-11 14:00:00,106,0.08495861291885376,0.0,0.04941749945282936,0.08495861291885376,0.0,0.08495861291885376,0.0,0.0,0.0,0.004198442207430597,2,
2018-06-11 15:00:00,106,0.08540250360965729,0.0,0.05126750096678734,0.08540250360965729,0.0,0.08540250360965729,0.0,0.0,0.0,0.004378372936374164,2,
2018-06-11 16:00:00,106,0.18126249313354492,0.00018030178034678102,0.05119000002741814,0.18108219135319814,0.0,0.18108219135319814,0.0,0.0,0.0,0.00926959738033515,2,
2018-06-11 17:00:00,106,0.28130167722702026,0.0,0.0532350018620491,0.28130167722702026,0.0,0.28130167722702026,0.0,0.0,0.0,0.01497509531097796,2,
2018-06-11 18:00:00,106,0.19742193818092346,0.0,0.05353749915957451,0.19742193818092346,0.0,0.19742193818092346,0.0,0.0,0.0,0.01056947684944276,2,
2018-06-11 19:00:00,106,0.2270372211933136,-0.0,0.051897499710321426,0.2270372211933136,0.0,0.2270372211933136,0.0,0.0,0.0,0.011782664121112174,2,
2018-06-11 20:00:00,106,0.367264986038208,-0.0,0.05132000148296356,0.367264986038208,0.0,0.367264986038208,0.0,0.0,0.0,0.018848039628121427,2,
2018-06-11 21:00:00,106,0.10800360888242722,-0.0,0.05107500031590462,0.10800360888242722,0.0,0.10800360888242722,0.0,0.0,0.0,0.005516284357788809,2,
2018-06-11 22:00:00,106,0.09845499694347382,-0.0,0.0507499985396862,0.09845499694347382,0.0,0.09845499694347382,0.0,0.0,0.0,0.004996590951106106,2,
2018-06-11 23:00:00,106,0.08623972535133362,-0.0,0.050962500274181366,0.08623972535133362,0.0,0.08623972535133362,0.0,0.0,0.0,0.004394992026862665,2,
2018-06-12 00:00:00,106,0.08515749871730804,-0.0,0.04816000163555145,0.08515749871730804,0.0,0.08515749871730804,0.0,0.0,0.0,0.004101185277505026,2,
2018-06-12 01:00:00,106,0.08598166704177856,-0.0,0.0482649989426136,0.08598166704177856,0.0,0.08598166704177856,0.0,0.0,0.0,0.004149905068855597,2,
2018-06-12 02:00:00,106,0.08562583476305008,-0.0,0.0488400012254715,0.08562583476305008,0.0,0.08562583476305008,0.0,0.0,0.0,0.004181965874759386,2,
2018-06-12 03:00:00,106,0.09089833498001099,-0.0,0.047052498906850815,0.09089833498001099,0.0,0.09089833498001099,0.0,0.0,0.0,0.004276993807281526,2,
2018-06-12 04:00:00,106,0.08975805342197418,-0.0,0.04679499939084053,0.08975805342197418,0.0,0.08975805342197418,0.0,0.0,0.0,0.004200228055204314,2,
2018-06-12 05:00:00,106,0.0886533334851265,-0.0,0.048055000603199005,0.0886533334851265,0.0,0.0886533334851265,0.0,0.0,0.0,0.004260235994103356,2,
2018-06-12 06:00:00,106,0.5281691551208496,-0.0,0.049400001764297485,0.5281691551208496,0.0,0.5281691551208496,0.0,0.0,0.0,0.026091557194817483,2,
2018-06-12 07:00:00,106,0.1257716715335846,0.0,0.055047500878572464,0.1257716715335846,0.0,0.1257716715335846,0.0,0.0,0.0,0.006923416199244525,2,
2018-06-12 08:00:00,106,0.08515360951423645,0.0,0.057989999651908875,0.08515360951423645,0.0,0.08515360951423645,0.0,0.0,0.0,0.004938057786089356,2,
2018-06-12 09:00:00,106,0.08881694078445435,0.0,0.06538666784763336,0.08881694078445435,0.0,0.08881694078445435,0.0,0.0,0.0,0.005807443806316037,2,
2018-06-12 10:00:00,106,0.09179722517728806,0.0,0.08413500338792801,0.09179722517728806,0.0,0.09179722517728806,0.0,0.0,0.0,0.007723359851293521,2,
2018-06-12 11:00:00,106,0.08806027472019196,0.0,0.07698000222444534,0.08806027472019196,0.0,0.08806027472019196,0.0,0.0,0.0,0.006778880143845645,2,
2018-06-12 12:00:00,106,0.08426305651664734,0.0,0.05933666601777077,0.08426305651664734,0.0,0.08426305651664734,0.0,0.0,0.0,0.004999888842164846,2,
2018-06-12 13:00:00,106,0.08644111454486847,0.08718673139810562,0.05047500133514404,-0.0007456168532371521,0.0,0.0,0.0007456168532371521,0.0007456168532371521,0.0,0.0,2,
2018-06-12 14:00:00,106,0.08220777660608292,0.14548054337501526,0.0511775016784668,-0.06327276676893234,0.0,0.0,0.06327276676893234,0.06327276676893234,0.0,0.0,2,
2018-06-12 15:00:00,106,0.08566722273826599,0.13232770562171936,0.0524200014770031,-0.04666048288345337,0.0,0.0,0.04666048288345337,0.04666048288345337,0.0,0.0,2,
2018-06-12 16:00:00,106,0.0823405534029007,0.09526095539331436,0.04414999857544899,-0.012920401990413666,0.0,0.0,0.012920401990413666,0.012920401990413666,0.0,0.0,2,
2018-06-12 17:00:00,106,0.09239138662815094,0.04908740893006325,0.08594000339508057,0.04330397769808769,0.0,0.04330397769808769,0.0,0.0,0.0,0.0037215439903941494,2,
2018-06-12 18:00:00,106,0.07914861291646957,9.35898201231791e-18,0.0849900022149086,0.07914861291646956,0.0,0.07914861291646956,0.0,0.0,0.0,0.006726840787077692,2,
2018-06-12 19:00:00,106,0.08506361395120621,0.0,0.0643099993467331,0.08506361395120621,0.0,0.08506361395120621,0.0,0.0,0.0,0.005470440957632827,2,
2018-06-12 20:00:00,106,0.08632916957139969,0.0,0.05037999898195267,0.08632916957139969,0.0,0.08632916957139969,0.0,0.0,0.0,0.0043492634751199355,2,
2018-06-12 21:00:00,106,0.20210249722003937,-0.0,0.05130999907851219,0.20210249722003937,0.0,0.20210249722003937,0.0,0.0,0.0,0.010369878946125233,2,
2018-06-12 22:00:00,106,0.303407222032547,-0.0,0.06190750002861023,0.303407222032547,0.0,0.303407222032547,0.0,0.0,0.0,0.018783182606660453,2,
2018-06-12 23:00:00,106,0.1418447196483612,-0.0,0.05063749849796295,0.1418447196483612,0.0,0.1418447196483612,0.0,0.0,0.0,0.0071826617781378665,2,
2018-06-13 00:00:00,106,0.09248694777488708,-0.0,0.04799250140786171,0.09248694777488708,0.0,0.09248694777488708,0.0,0.0,0.0,0.004438679971295101,2,
2018-06-13 01:00:00,106,0.08626166731119156,-0.0,0.047359999269247055,0.08626166731119156,0.0,0.08626166731119156,0.0,0.0,0.0,0.004085352500822065,2,
2018-06-13 02:00:00,106,0.08480388671159744,-0.0,0.04746000096201897,0.08480388671159744,0.0,0.08480388671159744,0.0,0.0,0.0,0.004024792544915362,2,
2018-06-13 03:00:00,106,0.08821083605289459,-0.0,0.04702499881386757,0.08821083605289459,0.0,0.08821083605289459,0.0,0.0,0.0,0.004148114460757635,2,
2018-06-13 04:00:00,106,0.09185083210468292,-0.0,0.04777999967336655,0.09185083210468292,0.0,0.09185083210468292,0.0,0.0,0.0,0.0043886327279601955,2,
2018-06-13 05:00:00,106,0.08859000355005264,0.0,0.04666249826550484,0.08859000355005264,0.0,0.08859000355005264,0.0,0.0,0.0,0.004133830886995399,2,
2018-06-13 06:00:00,106,0.10427583009004593,0.0,0.051157500594854355,0.10427583009004593,0.0,0.10427583009004593,0.0,0.0,0.0,0.005334490839860456,2,
2018-06-13 07:00:00,106,0.09838499873876572,0.2631773352622986,0.05411500111222267,-0.16479233652353287,0.0,0.0,0.16479233652353287,0.16479233652353287,0.0,0.0,2,
2018-06-13 08:00:00,106,0.08836833387613297,1.9726227521896362,0.05296500027179718,-1.8842544183135033,1.4249999999999998,0.0,0.38425441831350327,0.38425441831350327,1.5,0.0015,0,
2018-06-13 09:00:00,106,0.09165416657924652,1.4623388051986694,0.05343250185251236,-1.370684638619423,2.8499999999999996,0.1293153613805771,0.0,0.0,1.5,0.00840964328652599,0,
2018-06-13 10:00:00,106,0.08672194182872772,0.1259181797504425,0.05178000032901764,-0.03919623792171478,2.8499999999999996,0.0,0.03919623792171478,0.03919623792171478,0.0,0.0,2,
2018-06-13 11:00:00,106,0.08408277481794357,0.10932767391204834,0.050577498972415924,-0.025244899094104767,2.8499999999999996,0.0,0.025244899094104767,0.025244899094104767,0.0,0.0,2,
2018-06-13 12:00:00,106,0.08009805530309677,0.1315210461616516,0.050677500665187836,-0.05142299085855484,2.8499999999999996,0.0,0.05142299085855484,0.05142299085855484,0.0,0.0,2,
2018-06-13 13:00:00,106,0.088006392121315,0.07529344409704208,0.051784999668598175,0.012712948024272919,2.8366179494481334,0.0,-0.0,-0.0,0.012712948024272919,1.271294802427292e-05,2,
2018-06-13 14:00:00,106,0.08681555837392807,0.0,0.05117499828338623,0.08681555837392807,2.745233151159788,0.0,-0.0,-0.0,0.08681555837392807,8.681555837392807e-05,2,
2018-06-13 15:00:00,106,0.08611944317817688,0.0,0.05057999864220619,0.08611944317817688,2.6545811057090756,0.0,-0.0,-0.0,0.08611944317817688,8.611944317817688e-05,2,
2018-06-13 16:00:00,106,0.08064805716276169,0.0,0.05072249844670296,0.08064805716276169,2.5696884139588003,0.0,-0.0,-0.0,0.08064805716276169,8.064805716276168e-05,2,
2018-06-13 17:00:00,106,0.15852972865104675,0.0,0.051327500492334366,0.15852972865104675,2.402815015378751,0.0,-0.0,-0.0,0.15852972865104675,0.00015852972865104675,2,
2018-06-13 18:00:00,106,0.08963333070278168,0.0,0.05135750025510788,0.08963333070278168,2.3084641409547704,0.0,-0.0,-0.0,0.08963333070278168,8.963333070278167e-05,2,
2018-06-13 19:00:00,106,0.08508722484111786,-0.0,0.050884999334812164,0.08508722484111786,2.218898641122015,0.0,-0.0,-0.0,0.08508722484111786,8.508722484111786e-05,2,
2018-06-13 20:00:00,106,0.08575083315372467,-0.0,0.05019250139594078,0.08575083315372467,2.128634606223357,0.0,-0.0,-0.0,0.08575083315372467,8.575083315372468e-05,2,
2018-06-13 21:00:00,106,0.11145305633544922,-0.0,0.050097499042749405,0.11145305633544922,2.011315599554463,0.0,-0.0,-0.0,0.11145305633544922,0.00011145305633544922,2,
2018-06-13 22:00:00,106,0.2372819483280182,-0.0,0.04966749995946884,0.2372819483280182,1.7615451276302334,0.0,-0.0,-0.0,0.2372819483280182,0.00023728194832801818,2,
2018-06-13 23:00:00,106,0.10971388965845108,-0.0,0.04526999965310097,0.10971388965845108,1.6460568227266006,0.0,-0.0,-0.0,0.10971388965845108,0.00010971388965845109,2,
2018-06-14 00:00:00,106,0.09989278018474579,-0.0,0.04327499866485596,0.09989278018474579,1.5409065277952891,0.0,-0.0,-0.0,0.09989278018474579,9.989278018474579e-05,2,
2018-06-14 01:00:00,106,0.09078110754489899,-0.0,0.03905000165104866,0.09078110754489899,1.4453474672217113,0.0,-0.0,-0.0,0.09078110754489899,9.0781107544899e-05,2,
2018-06-14 02:00:00,106,0.09338916838169098,-0.0,0.03593749925494194,0.09338916838169098,1.3470430794515103,0.0,-0.0,-0.0,0.09338916838169098,9.338916838169098e-05,2,
2018-06-14 03:00:00,106,0.08967083692550659,-0.0,0.029862500727176666,0.08967083692550659,1.2526527247930823,0.0,-0.0,-0.0,0.08967083692550659,8.96708369255066e-05,2,
2018-06-14 04:00:00,106,0.0861341655254364,-0.0,0.02822750061750412,0.0861341655254364,1.1619851821347282,0.0,-0.0,-0.0,0.0861341655254364,8.61341655254364e-05,2,
2018-06-14 05:00:00,106,0.08777111023664474,-0.0,0.03515499830245972,0.08777111023664474,1.0695945397803652,0.0,-0.0,-0.0,0.08777111023664474,8.777111023664475e-05,2,
2018-06-14 06:00:00,106,1.353411078453064,-0.0,0.046152498573064804,1.353411078453064,0.0,0.3372962656617171,0.0,0.0,1.0161148127913469,0.016583180232443834,2,
2018-06-14 07:00:00,106,0.7150658369064331,0.0,0.05166250094771385,0.7150658369064331,0.0,0.7150658369064331,0.0,0.0,0.0,0.0369420894768564,2,
2018-06-14 08:00:00,106,0.086158886551857,0.0,0.05043499916791916,0.086158886551857,0.0,0.086158886551857,0.0,0.0,0.0,0.004345423371551749,2,
2018-06-14 09:00:00,106,0.08474639058113098,0.0,0.05138750001788139,0.08474639058113098,0.0,0.08474639058113098,0.0,0.0,0.0,0.004354905147503252,2,
2018-06-14 10:00:00,106,0.08605749905109406,0.0,0.05255749821662903,0.08605749905109406,0.0,0.08605749905109406,0.0,0.0,0.0,0.00452296685290543,2,
2018-06-14 11:00:00,106,0.07924305647611618,0.0,0.051762498915195465,0.07924305647611618,0.0,0.07924305647611618,0.0,0.0,0.0,0.004101818624881737,2,"{'r': -2.200582, 'l': 321, 't': 0.127967}"
2018-05-14 11:00:00,109,0.2197408378124237,0.24155734479427338,0.04633500054478645,-0.02181650698184967,1.5,0.0,0.02181650698184967,0.02181650698184967,0.0,0.0,2,
2018-05-14 12:00:00,109,0.3125677704811096,0.2108006626367569,0.046332500874996185,0.10176710784435272,1.3928767285848918,0.0,-0.0,-0.0,0.10176710784435272,0.00010176710784435273,2,
2018-05-14 13:00:00,109,0.26542389392852783,0.2186620980501175,0.04659250006079674,0.04676179587841034,1.3436537855549862,0.0,-0.0,-0.0,0.04676179587841034,4.676179587841034e-05,2,
2018-05-14 14:00:00,109,0.20704638957977295,0.17974936962127686,0.04740250110626221,0.027297019958496094,1.3149200803355166,0.0,-0.0,-0.0,0.027297019958496094,2.7297019958496095e-05,2,
2018-05-14 15:00:00,109,0.19484083354473114,0.14594954252243042,0.04908749833703041,0.04889129102230072,1.263455563469937,0.0,-0.0,-0.0,0.04889129102230072,4.8891291022300723e-05,2,
2018-05-14 16:00:00,109,0.32520556449890137,0.102642722427845,0.04896000027656555,0.22256284207105637,1.0291788876056671,0.0,-0.0,-0.0,0.22256284207105637,0.00022256284207105637,2,
2018-05-14 17:00:00,109,0.3936683237552643,0.04521944001317024,0.050905000418424606,0.34844888374209404,0.6623905889297786,0.0,-0.0,-0.0,0.34844888374209404,0.00034844888374209405,2,
2018-05-14 18:00:00,109,1.1544885635375977,1.962037836826177e-17,0.0520550012588501,1.1544885635375977,0.0,0.525217504054308,0.0,0.0,0.6292710594832897,0.0279694688942004,2,
2018-05-14 19:00:00,109,0.43478500843048096,0.0,0.05178749933838844,0.43478500843048096,0.0,0.43478500843048096,0.0,0.0,0.0,0.022516428336434746,2,
2018-05-14 20:00:00,109,0.48927417397499084,0.0,0.052995000034570694,0.48927417397499084,0.0,0.48927417397499084,0.0,0.0,0.0,0.025929084866719188,2,
2018-05-14 21:00:00,109,0.8499199748039246,0.0,0.052957501262426376,0.8499199748039246,0.0,0.8499199748039246,0.0,0.0,0.0,0.04500963813864023,2,
2018-05-14 22:00:00,109,1.4599252939224243,0.0,0.052104998379945755,1.4599252939224243,0.0,1.4599252939224243,0.0,0.0,0.0,0.07606940507466975,2,
2018-05-14 23:00:00,109,2.6024746894836426,0.0,0.052982501685619354,2.6024746894836426,0.0,2.6024746894836426,0.0,0.0,0.0,0.1378856196223488,2,
2018-05-15 00:00:00,109,0.7642183303833008,-0.0,0.050952501595020294,0.7642183303833008,0.0,0.7642183303833008,0.0,0.0,0.0,0.03893883569779888,2,
2018-05-15 01:00:00,109,0.8002627491950989,-0.0,0.05129750072956085,0.8002627491950989,0.0,0.8002627491950989,0.0,0.0,0.0,0.04105147896067596,2,
2018-05-15 02:00:00,109,0.0,-0.0,0.052002500742673874,0.0,0.0,0.0,-0.0,-0.0,0.0,0.0,2,
2018-05-15 03:00:00,109,0.0,-0.0,0.04892750084400177,0.0,0.0,0.0,-0.0,-0.0,0.0,0.0,2,
2018-05-15 04:00:00,109,0.1994088888168335,-0.0,0.04889500141143799,0.1994088888168335,0.0,0.1994088888168335,0.0,0.0,0.0,0.009750097900152355,2,
2018-05-15 05:00:00,109,0.14016444981098175,-0.0,0.04956749826669693,0.14016444981098175,0.0,0.14016444981098175,0.0,0.0,0.0,0.006947601123058367,2,
2018-05-15 06:00:00,109,0.9207274913787842,-0.0,0.05499750003218651,0.9207274913787842,0.0,0.9207274913787842,0.0,0.0,0.0,0.050637710236739686,2,
2018-05-15 07:00:00,109,0.18694138526916504,0.0,0.06538750231266022,0.18694138526916504,0.0,0.18694138526916504,0.0,0.0,0.0,0.012223630261619434,2,
2018-05-15 08:00:00,109,0.19356083869934082,0.021474497392773628,0.07443500310182571,0.1720863413065672,0.0,0.1720863413065672,0.0,0.0,0.0,0.012809247348936167,2,
2018-05-15 09:00:00,109,0.2782124876976013,0.030019346624612808,0.06985499709844589,0.2481931410729885,0.0,0.2481931410729885,0.0,0.0,0.0,0.017337531149507784,2,
2018-05-15 10:00:00,109,0.2720194458961487,0.046777915209531784,0.0601624995470047,0.2252415306866169,0.0,0.2252415306866169,0.0,0.0,0.0,0.013551093487900234,2,
2018-05-15 11:00:00,109,0.26956167817115784,0.022813010960817337,0.04987749829888344,0.2467486672103405,0.0,0.2467486672103405,0.0,0.0,0.0,0.012307206229035514,2,
2018-05-15 12:00:00,109,0.20871111750602722,0.06775690615177155,0.0484125018119812,0.14095421135425568,0.0,0.14095421135425568,0.0,0.0,0.0,0.006823946012594284,2,
2018-05-15 13:00:00,109,0.2080552726984024,0.13412612676620483,0.04788000136613846,0.07392914593219757,0.0,0.07392914593219757,0.0,0.0,0.0,0.003539727608231069,2,
2018-05-15 14:00:00,109,0.33212417364120483,0.15279927849769592,0.04784249886870384,0.1793248951435089,0.0,0.1793248951435089,0.0,0.0,0.0,0.00857935109303376,2,
2018-05-15 15:00:00,109,0.7007988691329956,0.040247585624456406,0.04989749938249588,0.6605512835085392,0.0,0.6605512835085392,0.0,0.0,0.0,0.032959857260974196,2,
2018-05-15 16:00:00,109,0.0,0.0,0.053015001118183136,0.0,0.0,0.0,-0.0,-0.0,0.0,0.0,2,
2018-05-15 17:00:00,109,0.0,0.0,0.05918499827384949,0.0,0.0,0.0,-0.0,-0.0,0.0,0.0,2,
2018-05-15 18:00:00,109,0.0,0.0,0.06148749962449074,0.0,0.0,0.0,-0.0,-0.0,0.0,0.0,2,
2018-05-15 19:00:00,109,0.0,-0.0,0.05775750055909157,0.0,0.0,0.0,-0.0,-0.0,0.0,0.0,2,
2018-05-15 20:00:00,109,0.0,-0.0,0.054077498614788055,0.0,0.0,0.0,-0.0,-0.0,0.0,0.0,2,
2018-05-15 21:00:00,109,0.8844005465507507,0.0,0.05101750046014786,0.8844005465507507,0.0,0.8844005465507507,0.0,0.0,0.0,0.04511990529060794,2,
2018-05-15 22:00:00,109,0.4351438879966736,0.0,0.05069750174880028,0.4351438879966736,0.0,0.4351438879966736,0.0,0.0,0.0,0.02206070802269111,2,
2018-05-15 23:00:00,109,0.18401861190795898,0.0,0.04958000034093857,0.18401861190795898,0.0,0.18401861190795898,0.0,0.0,0.0,0.009123642841135648,2,
2018-05-16 00:00:00,109,0.23418527841567993,0.0,0.050039999186992645,0.23418527841567993,0.0,0.23418527841567993,0.0,0.0,0.0,0.01171863114152627,2,
2018-05-16 01:00:00,109,0.3034297227859497,0.0,0.048650000244379044,0.3034297227859497,0.0,0.3034297227859497,0.0,0.0,0.0,0.014761856087688319,2,
2018-05-16 02:00:00,109,0.0,0.0,0.04871499910950661,0.0,0.0,0.0,-0.0,-0.0,0.0,0.0,2,
2018-05-16 03:00:00,109,2.7777778655035945e-07,0.0,0.04735250025987625,2.7777778655035945e-07,0.0,2.7777778655035945e-07,0.0,0.0,0.0,1.3153472709813746e-08,2,
2018-05-16 04:00:00,109,0.6288719177246094,0.0,0.04648999869823456,0.6288719177246094,0.0,0.6288719177246094,0.0,0.0,0.0,0.02923625463637336,2,
2018-05-16 05:00:00,109,0.1921219378709793,0.0,0.04677249863743782,0.1921219378709793,0.0,0.1921219378709793,0.0,0.0,0.0,0.008986023077292293,2,
2018-05-16 06:00:00,109,0.1415897160768509,0.0,0.047575000673532486,0.1415897160768509,0.0,0.1415897160768509,0.0,0.0,0.0,0.006736130837721455,2,
2018-05-16 07:00:00,109,0.24223360419273376,0.08335871994495392,0.05126750096678734,0.15887488424777985,0.0,0.15887488424777985,0.0,0.0,0.0,0.00814511828177128,2,
2018-05-16 08:00:00,109,0.2445722222328186,0.1709691733121872,0.048305001109838486,0.07360304892063141,0.0,0.07360304892063141,0.0,0.0,0.0,0.0035553953597985966,2,
2018-05-16 09:00:00,109,0.2767452895641327,0.23008468747138977,0.04741000011563301,0.04666060209274292,0.0,0.04666060209274292,0.0,0.0,0.0,0.0022121791506124477,2,
2018-05-16 10:00:00,109,1.2712533473968506,0.19596390426158905,0.04767749831080437,1.0752894431352615,0.0,1.0752894431352615,0.0,0.0,0.0,0.0512671106087072,2,
2018-05-16 11:00:00,109,0.3759044408798218,0.17976334691047668,0.04800000041723251,0.1961410939693451,0.0,0.1961410939693451,0.0,0.0,0.0,0.009414772592365006,2,
2018-05-16 12:00:00,109,0.2949255406856537,0.17942799627780914,0.04778999835252762,0.11549754440784454,0.0,0.11549754440784454,0.0,0.0,0.0,0.005519627456971876,2,
2018-05-16 13:00:00,109,0.22462916374206543,0.1850537210702896,0.04844500124454498,0.03957544267177582,0.0,0.03957544267177582,0.0,0.0,0.0,0.0019172323694875981,2,
2018-05-16 14:00:00,109,0.242478609085083,0.2006414830684662,0.04797999933362007,0.04183712601661682,0.0,0.04183712601661682,0.0,0.0,0.0,0.002007345278397854,2,
2018-05-16 15:00:00,109,0.28934916853904724,0.20200665295124054,0.07551000267267227,0.0873425155878067,0.0,0.0873425155878067,0.0,0.0,0.0,0.006595233585473204,2,
2018-05-16 16:00:00,109,0.5229927897453308,0.10911118239164352,0.053950000554323196,0.4138816073536873,0.0,0.4138816073536873,0.0,0.0,0.0,0.022328912946155605,2,
2018-05-16 17:00:00,109,0.42914140224456787,0.052089136093854904,0.05704500153660774,0.37705226615071297,0.0,0.37705226615071297,0.0,0.0,0.0,0.021508947101948853,2,
2018-05-16 18:00:00,109,0.4779069423675537,2.4324197169826215e-17,0.056017499417066574,0.4779069423675537,0.0,0.4779069423675537,0.0,0.0,0.0,0.02677115186548651,2,
2018-05-16 19:00:00,109,1.1623716354370117,0.0,0.051692500710487366,1.1623716354370117,0.0,1.1623716354370117,0.0,0.0,0.0,0.06008589659067809,2,
2018-05-16 20:00:00,109,0.6768872141838074,0.0,0.05104750022292137,0.6768872141838074,0.0,0.6768872141838074,0.0,0.0,0.0,0.03455340021694053,2,
2018-05-16 21:00:00,109,0.6582335829734802,0.0,0.049537498503923416,0.6582335829734802,0.0,0.6582335829734802,0.0,0.0,0.0,0.032607245131780926,2,
2018-05-16 22:00:00,109,1.2474322319030762,0.0,0.048624999821186066,1.2474322319030762,0.0,1.2474322319030762,0.0,0.0,0.0,0.060656392053228814,2,
2018-05-16 23:00:00,109,0.2659463882446289,0.0,0.0545474998652935,0.2659463882446289,0.0,0.2659463882446289,0.0,0.0,0.0,0.014506710576949189,2,
2018-05-17 00:00:00,109,0.15867361426353455,0.0,0.04952999949455261,0.15867361426353455,0.0,0.15867361426353455,0.0,0.0,0.0,0.007859104034271702,2,
2018-05-17 01:00:00,109,0.3243705630302429,0.0,0.04705749824643135,0.3243705630302429,0.0,0.3243705630302429,0.0,0.0,0.0,0.015264067200989606,2,
2018-05-17 02:00:00,109,0.0,0.0,0.04912250116467476,0.0,0.0,0.0,-0.0,-0.0,0.0,0.0,2,
2018-05-17 03:00:00,109,0.0,0.0,0.04801249876618385,0.0,0.0,0.0,-0.0,-0.0,0.0,0.0,2,
2018-05-17 04:00:00,109,0.21224388480186462,0.0,0.04732999950647354,0.21224388480186462,0.0,0.21224388480186462,0.0,0.0,0.0,0.01004550296292428,2,
2018-05-17 05:00:00,109,0.15788722038269043,0.0,0.0470849983394146,0.15788722038269043,0.0,0.15788722038269043,0.0,0.0,0.0,0.007434119509533765,2,
2018-05-17 06:00:00,109,0.770335853099823,0.0,0.051339998841285706,0.770335853099823,0.0,0.770335853099823,0.0,0.0,0.0,0.03954904180554575,2,
2018-05-17 07:00:00,109,0.1750822216272354,0.07587289065122604,0.05099000036716461,0.09920933097600937,0.0,0.09920933097600937,0.0,0.0,0.0,0.005058683822892873,2,
2018-05-17 08:00:00,109,0.12257388979196548,0.1639908403158188,0.05448500066995621,-0.0414169505238533,0.0,0.0,0.0414169505238533,0.0414169505238533,0.0,0.0,2,
2018-05-17 09:00:00,109,0.6513627767562866,0.22516295313835144,0.052012499421834946,0.4261998236179352,0.0,0.4261998236179352,0.0,0.0,0.0,0.02216771807951401,2,
2018-05-17 10:00:00,109,1.0476422309875488,0.1991380900144577,0.050999999046325684,0.8485041409730911,0.0,0.8485041409730911,0.0,0.0,0.0,0.04327371038043104,2,
2018-05-17 11:00:00,109,0.0,0.17620721459388733,0.04854249954223633,-0.17620721459388733,0.0,0.0,0.17620721459388733,0.17620721459388733,0.0,0.0,2,
2018-05-17 12:00:00,109,0.0,0.17373131215572357,0.04871499910950661,-0.17373131215572357,0.0,0.0,0.17373131215572357,0.17373131215572357,0.0,0.0,2,
2018-05-17 13:00:00,109,0.03516361117362976,0.1818513721227646,0.04904999956488609,-0.14668776094913483,0.0,0.0,0.14668776094913483,0.14668776094913483,0.0,0.0,2,
2018-05-17 14:00:00,109,0.1351255625486374,0.17586682736873627,0.04909000173211098,-0.04074126482009888,0.0,0.0,0.04074126482009888,0.04074126482009888,0.0,0.0,2,
2018-05-17 15:00:00,109,0.3984719514846802,0.156069815158844,0.049515001475811005,0.24240213632583618,0.0,0.24240213632583618,0.0,0.0,0.0,0.012002542137913519,2,
2018-05-17 16:00:00,109,1.6502739191055298,0.12406183034181595,0.049345001578330994,1.5262120887637138,0.0,1.5262120887637138,0.0,0.0,0.0,0.0753109379289133,2,
2018-05-17 17:00:00,109,0.44714000821113586,0.06734491884708405,0.05011750012636185,0.3797950893640518,0.0,0.3797950893640518,0.0,0.0,0.0,0.019034380439194476,2,
2018-05-17 18:00:00,109,0.35947221517562866,3.566044111270822e-17,0.05101250112056732,0.3594722151756286,0.0,0.3594722151756286,0.0,0.0,0.0,0.01833757677945957,2,
2018-05-17 19:00:00,109,0.4398113787174225,0.0,0.055045001208782196,0.4398113787174225,0.0,0.4398113787174225,0.0,0.0,0.0,0.024209417873136685,2,
2018-05-17 20:00:00,109,1.3828611373901367,0.0,0.05485749989748001,1.3828611373901367,0.0,1.3828611373901367,0.0,0.0,0.0,0.07586030470260852,2,
2018-05-17 21:00:00,109,1.3375922441482544,0.0,0.054612498730421066,1.3375922441482544,0.0,1.3375922441482544,0.0,0.0,0.0,0.07304925473536761,2,
2018-05-17 22:00:00,109,1.6433322429656982,0.0,0.05121250078082085,1.6433322429656982,0.0,1.6433322429656982,0.0,0.0,0.0,0.0841591537760289,2,
2018-05-17 23:00:00,109,0.675742506980896,0.0,0.054304998368024826,0.675742506980896,0.0,0.675742506980896,0.0,0.0,0.0,0.03669619573880256,2,
2018-05-18 00:00:00,109,0.22447721660137177,0.0,0.05199750140309334,0.22447721660137177,0.0,0.22447721660137177,0.0,0.0,0.0,0.011672254385192316,2,
2018-05-18 01:00:00,109,0.22227221727371216,0.0,0.04793500155210495,0.22227221727371216,0.0,0.22227221727371216,0.0,0.0,0.0,0.010654619080005201,2,
2018-05-18 02:00:00,109,0.13888166844844818,0.0,0.048934999853372574,0.13888166844844818,0.0,0.13888166844844818,0.0,0.0,0.0,0.00679617442516095,2,
2018-05-18 03:00:00,109,0.14109916985034943,0.0,0.04812749847769737,0.14109916985034943,0.0,0.14109916985034943,0.0,0.0,0.0,0.006790750082177055,2,
2018-05-18 04:00:00,109,0.8607280850410461,0.0,0.04856500029563904,0.8607280850410461,0.0,0.8607280850410461,0.0,0.0,0.0,0.04180125970448323,2,
2018-05-18 05:00:00,109,0.1288733333349228,0.0,0.04817249998450279,0.1288733333349228,0.0,0.1288733333349228,0.0,0.0,0.0,0.006208150648079391,2,
2018-05-18 06:00:00,109,0.16682805120944977,0.0,0.04637499898672104,0.16682805120944977,0.0,0.16682805120944977,0.0,0.0,0.0,0.007736650705794879,2,
2018-05-18 07:00:00,109,0.3425866663455963,0.27497878670692444,0.0505325011909008,0.06760787963867188,0.0,0.06760787963867188,0.0,0.0,0.0,0.0034163952583554646,2,
2018-05-18 08:00:00,109,0.22466528415679932,0.06975283473730087,0.050132498145103455,0.15491244941949844,0.0,0.15491244941949844,0.0,0.0,0.0,0.0077661480831764385,2,
2018-05-18 09:00:00,109,0.2534133195877075,0.09639525413513184,0.04972999915480614,0.15701806545257568,0.0,0.15701806545257568,0.0,0.0,0.0,0.0078085082622458835,2,
2018-05-18 10:00:00,109,1.6039527654647827,0.1641281247138977,0.04908749833703041,1.439824640750885,0.0,1.439824640750885,0.0,0.0,0.0,0.07067738965847448,2,
2018-05-18 11:00:00,109,0.14941777288913727,0.21614575386047363,0.04850750043988228,-0.06672798097133636,0.0,0.0,0.06672798097133636,0.06672798097133636,0.0,0.0,2,
2018-05-18 12:00:00,109,0.13998499512672424,0.2278337925672531,0.04817749932408333,-0.08784879744052887,0.0,0.0,0.08784879744052887,0.08784879744052887,0.0,0.0,2,
2018-05-18 13:00:00,109,0.22768999636173248,0.2389673888683319,0.04811999946832657,-0.011277392506599426,0.0,0.0,0.011277392506599426,0.011277392506599426,0.0,0.0,2,
2018-05-18 14:00:00,109,0.3137897253036499,0.22197206318378448,0.0482649989426136,0.09181766211986542,0.0,0.09181766211986542,0.0,0.0,0.0,0.004431579365128557,2,
2018-05-18 15:00:00,109,0.46830639243125916,0.2049592137336731,0.048239998519420624,0.26334717869758606,0.0,0.26334717869758606,0.0,0.0,0.0,0.01270386751046515,2,
2018-05-18 16:00:00,109,0.7989741563796997,0.13501358032226562,0.04881250113248825,0.6639605760574341,0.0,0.6639605760574341,0.0,0.0,0.0,0.03240957637073105,2,
2018-05-18 17:00:00,109,0.9179964065551758,0.05877305194735527,0.05280249938368797,0.8592233546078205,0.0,0.8592233546078205,0.0,0.0,0.0,0.045369140652129755,2,
2018-05-18 18:00:00,109,0.4670480489730835,2.6010882958909617e-17,0.05531249940395355,0.4670480489730835,0.0,0.4670480489730835,0.0,0.0,0.0,0.02583359493044135,2,
2018-05-18 19:00:00,109,0.31632277369499207,0.0,0.05638999864459038,0.31632277369499207,0.0,0.31632277369499207,0.0,0.0,0.0,0.01783744077991367,2,
2018-05-18 20:00:00,109,0.5199233293533325,0.0,0.05448000133037567,0.5199233293533325,0.0,0.5199233293533325,0.0,0.0,0.0,0.028325423674862904,2,
2018-05-18 21:00:00,109,1.0038013458251953,0.0,0.05295500159263611,1.0038013458251953,0.0,1.0038013458251953,0.0,0.0,0.0,0.05315630186686349,2,
2018-05-18 22:00:00,109,0.603611946105957,0.0,0.05082250013947487,0.603611946105957,0.0,0.603611946105957,0.0,0.0,0.0,0.030677068215158698,2,
2018-05-18 23:00:00,109,0.3866158425807953,-0.0,0.0530874989926815,0.3866158425807953,0.0,0.3866158425807953,0.0,0.0,0.0,0.02052446815356268,2,
2018-05-19 00:00:00,109,0.35868749022483826,-0.0,0.05085749924182892,0.35868749022483826,0.0,0.35868749022483826,0.0,0.0,0.0,0.01824194876216323,2,
2018-05-19 01:00:00,109,0.4795166552066803,-0.0,0.05022500082850456,0.4795166552066803,0.0,0.4795166552066803,0.0,0.0,0.0,0.024083724405037255,2,
2018-05-19 02:00:00,109,0.0,-0.0,0.05017000064253807,0.0,0.0,0.0,-0.0,-0.0,0.0,0.0,2,
2018-05-19 03:00:00,109,0.06316860765218735,-0.0,0.049742501229047775,0.06316860765218735,0.0,0.06316860765218735,0.0,0.0,0.0,0.003142164543776166,2,
2018-05-19 04:00:00,109,0.20561222732067108,-0.0,0.0489875003695488,0.20561222732067108,0.0,0.20561222732067108,0.0,0.0,0.0,0.010072429061855126,2,
2018-05-19 05:00:00,109,0.14321166276931763,-0.0,0.048225000500679016,0.14321166276931763,0.0,0.14321166276931763,0.0,0.0,0.0,0.006906382508753417,2,
2018-05-19 06:00:00,109,0.16491833329200745,0.0,0.0484750010073185,0.16491833329200745,0.0,0.16491833329200745,0.0,0.0,0.0,0.007994416372455349,2,
2018-05-19 07:00:00,109,0.13813722133636475,0.04454091936349869,0.05356999859213829,0.09359630197286606,0.0,0.09359630197286606,0.0,0.0,0.0,0.005013953764915785,2,
2018-05-19 08:00:00,109,0.13820555806159973,0.14246207475662231,0.06267750263214111,-0.004256516695022583,0.0,0.0,0.004256516695022583,0.004256516695022583,0.0,0.0,2,
2018-05-19 09:00:00,109,0.3579769432544708,0.21019862592220306,0.05912249907851219,0.14777831733226776,0.0,0.14777831733226776,0.0,0.0,0.0,0.008737023430301083,2,
2018-05-19 10:00:00,109,0.35307222604751587,0.14697451889514923,0.05571499839425087,0.20609770715236664,0.0,0.20609770715236664,0.0,0.0,0.0,0.011482733423052893,2,
2018-05-19 11:00:00,109,0.6921635866165161,0.19426071643829346,0.04764999821782112,0.49790287017822266,0.0,0.49790287017822266,0.0,0.0,0.0,0.02372507087664033,2,
2018-05-19 12:00:00,109,1.7249975204467773,0.16682185232639313,0.04718250036239624,1.5581756681203842,0.0,1.5581756681203842,0.0,0.0,0.0,0.07351862402576703,2,
2018-05-19 13:00:00,109,0.2959313988685608,0.2077806144952774,0.0454075001180172,0.08815078437328339,0.0,0.08815078437328339,0.0,0.0,0.0,0.004002706751833174,2,
2018-05-19 14:00:00,109,0.8356655836105347,0.19538965821266174,0.04477500170469284,0.6402759253978729,0.0,0.6402759253978729,0.0,0.0,0.0,0.028668355651163546,2,
2018-05-19 15:00:00,109,1.029329776763916,0.17940069735050201,0.044404998421669006,0.849929079413414,0.0,0.849929079413414,0.0,0.0,0.0,0.03774109942988324,2,
2018-05-19 16:00:00,109,0.8209141492843628,0.13097643852233887,0.044495001435279846,0.6899377107620239,0.0,0.6899377107620239,0.0,0.0,0.0,0.030698779430609946,2,
2018-05-19 17:00:00,109,2.8388450145721436,0.0817902535200119,0.04662249982357025,2.7570547610521317,0.0,2.7570547610521317,0.0,0.0,0.0,0.12854078511072653,2,
2018-05-19 18:00:00,109,0.4684547185897827,3.6873693386919344e-17,0.049927499145269394,0.46845471858978266,0.0,0.46845471858978266,0.0,0.0,0.0,0.023388772561988787,2,
2018-05-19 19:00:00,109,0.522617518901825,0.0,0.05396749824285507,0.522617518901825,0.0,0.522617518901825,0.0,0.0,0.0,0.028204360033019515,2,
2018-05-19 20:00:00,109,0.6271041631698608,0.0,0.05365249887108803,0.6271041631698608,0.0,0.6271041631698608,0.0,0.0,0.0,0.03364570540652556,2,
2018-05-19 21:00:00,109,0.8153141736984253,0.0,0.054329998791217804,0.8153141736984253,0.0,0.8153141736984253,0.0,0.0,0.0,0.04429601807149819,2,
2018-05-19 22:00:00,109,0.8119885921478271,0.0,0.052092500030994415,0.8119885921478271,0.0,0.8119885921478271,0.0,0.0,0.0,0.0422985157616278,2,
2018-05-19 23:00:00,109,0.6732624769210815,0.0,0.051100000739097595,0.6732624769210815,0.0,0.6732624769210815,0.0,0.0,0.0,0.034403713068273944,2,
2018-05-20 00:00:00,109,0.3241363763809204,0.0,0.0511149987578392,0.3241363763809204,0.0,0.3241363763809204,0.0,0.0,0.0,0.016568230476081247,2,
2018-05-20 01:00:00,109,0.4906688928604126,0.0,0.0504550002515316,0.4906688928604126,0.0,0.4906688928604126,0.0,0.0,0.0,0.02475669911269085,2,
2018-05-20 02:00:00,109,0.0,0.0,0.04994500055909157,0.0,0.0,0.0,-0.0,-0.0,0.0,0.0,2,
2018-05-20 03:00:00,109,2.7777778655035945e-07,0.0,0.047267500311136246,2.7777778655035945e-07,0.0,2.7777778655035945e-07,0.0,0.0,0.0,1.3129861612195853e-08,2,
2018-05-20 04:00:00,109,0.14181388914585114,0.0,0.04601500183343887,0.14181388914585114,0.0,0.14181388914585114,0.0,0.0,0.0,0.006525566369053437,2,
2018-05-20 05:00:00,109,0.18714027106761932,0.0,0.04563000053167343,0.18714027106761932,0.0,0.18714027106761932,0.0,0.0,0.0,0.00853921066831298,2,
2018-05-20 06:00:00,109,0.19330056011676788,0.0,0.04665999859571457,0.19330056011676788,0.0,0.19330056011676788,0.0,0.0,0.0,0.009019403863599229,2,
2018-05-20 07:00:00,109,0.136494442820549,0.022287145256996155,0.04832499846816063,0.11420729756355286,0.0,0.11420729756355286,0.0,0.0,0.0,0.005519067479811457,2,
2018-05-20 08:00:00,109,0.12944528460502625,0.02888246811926365,0.047279998660087585,0.1005628164857626,0.0,0.1005628164857626,0.0,0.0,0.0,0.004754609828701489,2,
2018-05-20 09:00:00,109,0.36475610733032227,0.03297637030482292,0.047587499022483826,0.33177973702549934,0.0,0.33177973702549934,0.0,0.0,0.0,0.01578856791138089,2,
2018-05-20 10:00:00,109,0.3925630450248718,0.028390785679221153,0.046137500554323196,0.3641722593456507,0.0,0.3641722593456507,0.0,0.0,0.0,0.01680199781742909,2,
2018-05-20 11:00:00,109,0.6319547295570374,0.050230517983436584,0.04510749876499176,0.5817242115736008,0.0,0.5817242115736008,0.0,0.0,0.0,0.026240124155122002,2,
2018-05-20 12:00:00,109,0.3942955434322357,0.06510856747627258,0.04628250002861023,0.32918697595596313,0.0,0.32918697595596313,0.0,0.0,0.0,0.015235596224099979,2,
2018-05-20 13:00:00,109,1.488877534866333,0.050791043788194656,0.04515000060200691,1.4380864910781384,0.0,1.4380864910781384,0.0,0.0,0.0,0.06492960593791595,2,
2018-05-20 14:00:00,109,1.7204210758209229,0.061056625097990036,0.04456999897956848,1.6593644507229328,0.0,1.6593644507229328,0.0,0.0,0.0,0.07395787187545333,2,
2018-05-20 15:00:00,109,1.3830186128616333,0.0762956440448761,0.044267501682043076,1.3067229688167572,0.0,1.3067229688167572,0.0,0.0,0.0,0.05784536122006012,2,
2018-05-20 16:00:00,109,0.9939975142478943,0.07440809160470963,0.04498999938368797,0.9195894226431847,0.0,0.9195894226431847,0.0,0.0,0.0,0.04137232755796286,2,
2018-05-20 17:00:00,109,0.47316861152648926,0.054041970521211624,0.04969000071287155,0.41912664100527763,0.0,0.41912664100527763,0.0,0.0,0.0,0.020826403090335704,2,
2018-05-20 18:00:00,109,2.129727840423584,3.5962878196992305e-17,0.05101250112056732,2.129727840423584,0.0,2.129727840423584,0.0,0.0,0.0,0.1086427438461115,2,
2018-05-20 19:00:00,109,1.7420624494552612,0.0,0.05485749989748001,1.7420624494552612,0.0,1.7420624494552612,0.0,0.0,0.0,0.09556519064239577,2,
2018-05-20 20:00:00,109,1.2112864255905151,0.0,0.05434750020503998,1.2112864255905151,0.0,1.2112864255905151,0.0,0.0,0.0,0.06583038926314266,2,
2018-05-20 21:00:00,109,0.8955594301223755,0.0,0.057782500982284546,0.8955594301223755,0.0,0.8955594301223755,0.0,0.0,0.0,0.05174766365074035,2,
2018-05-20 22:00:00,109,0.5837708115577698,0.0,0.05517999827861786,0.5837708115577698,0.0,0.5837708115577698,0.0,0.0,0.0,0.03221247237686509,2,
2018-05-20 23:00:00,109,0.4302169382572174,0.0,0.05253250151872635,0.4302169382572174,0.0,0.4302169382572174,0.0,0.0,0.0,0.022600371962379073,2,
2018-05-21 00:00:00,109,0.4209505617618561,0.0,0.04995249956846237,0.4209505617618561,0.0,0.4209505617618561,0.0,0.0,0.0,0.02102753275475311,2,
2018-05-21 01:00:00,109,0.34387779235839844,0.0,0.049150001257658005,0.34387779235839844,0.0,0.34387779235839844,0.0,0.0,0.0,0.01690159392689594,2,
2018-05-21 02:00:00,109,0.22461777925491333,0.0,0.04939749836921692,0.22461777925491333,0.0,0.22461777925491333,0.0,0.0,0.0,0.011095556384441707,2,
2018-05-21 03:00:00,109,0.0,0.0,0.04733249917626381,0.0,0.0,0.0,-0.0,-0.0,0.0,0.0,2,
2018-05-21 04:00:00,109,0.096098892390728,0.0,0.047097500413656235,0.096098892390728,0.0,0.096098892390728,0.0,0.0,0.0,0.004526017624124218,2,
2018-05-21 05:00:00,109,0.17764583230018616,0.0,0.04754500091075897,0.17764583230018616,0.0,0.17764583230018616,0.0,0.0,0.0,0.008446171258504886,2,
2018-05-21 06:00:00,109,0.17536833882331848,0.0,0.05009249970316887,0.17536833882331848,0.0,0.17536833882331848,0.0,0.0,0.0,0.008784638460452299,2,
2018-05-21 07:00:00,109,0.18961916863918304,0.0898987203836441,0.05749500170350075,0.09972044825553894,0.0,0.09972044825553894,0.0,0.0,0.0,0.0057334273423260695,2,
2018-05-21 08:00:00,109,0.1960330605506897,0.1672358512878418,0.06267750263214111,0.0287972092628479,0.0,0.0287972092628479,0.0,0.0,0.0,0.0018049371593704677,2,
2018-05-21 09:00:00,109,0.4001544415950775,0.18166810274124146,0.056449998170137405,0.21848633885383606,0.0,0.21848633885383606,0.0,0.0,0.0,0.012333553428499067,2,
2018-05-21 10:00:00,109,0.32843223214149475,0.1470516473054886,0.054510001093149185,0.18138058483600616,0.0,0.18138058483600616,0.0,0.0,0.0,0.009887055877686735,2,
2018-05-21 11:00:00,109,1.3847086429595947,0.15178737044334412,0.050964999943971634,1.2329212725162506,0.0,1.2329212725162506,0.0,0.0,0.0,0.06283583258471215,2,
2018-05-21 12:00:00,109,0.25667306780815125,0.15364830195903778,0.050850000232458115,0.10302476584911346,0.0,0.10302476584911346,0.0,0.0,0.0,0.0052388093673763625,2,
2018-05-21 13:00:00,109,0.2809174954891205,0.131489098072052,0.05255499854683876,0.14942839741706848,0.0,0.14942839741706848,0.0,0.0,0.0,0.007853209209110479,2,
2018-05-21 14:00:00,109,0.24199777841567993,0.11633748561143875,0.051512498408555984,0.12566029280424118,0.0,0.12566029280424118,0.0,0.0,0.0,0.006473075633097153,2,
2018-05-21 15:00:00,109,1.1677308082580566,0.12667350471019745,0.055470000952482224,1.0410573035478592,0.0,1.0410573035478592,0.0,0.0,0.0,0.057747449619388325,2,
2018-05-21 16:00:00,109,0.6060572266578674,0.06642994284629822,0.05788499861955643,0.5396272838115692,0.0,0.5396272838115692,0.0,0.0,0.0,0.031236324578507668,2,
2018-05-21 17:00:00,109,2.610118865966797,0.027069883421063423,0.0608149990439415,2.5830489825457335,0.0,2.5830489825457335,0.0,0.0,0.0,0.15708812140397282,2,
2018-05-21 18:00:00,109,1.8875336647033691,1.4057499413336502e-17,0.061877500265836716,1.8875336647033691,0.0,1.8875336647033691,0.0,0.0,0.0,0.11679586483945847,2,
2018-05-21 19:00:00,109,0.4501500129699707,0.0,0.05830499902367592,0.4501500129699707,0.0,0.4501500129699707,0.0,0.0,0.0,0.026245996066721844,2,
2018-05-21 20:00:00,109,0.7195366621017456,-0.0,0.054807499051094055,0.7195366621017456,0.0,0.7195366621017456,0.0,0.0,0.0,0.039436004925368806,2,
2018-05-21 21:00:00,109,0.8559519648551941,-0.0,0.05324999988079071,0.8559519648551941,0.0,0.8559519648551941,0.0,0.0,0.0,0.04557944202650166,2,
2018-05-21 22:00:00,109,0.38792693614959717,-0.0,0.05018249899148941,0.38792693614959717,0.0,0.38792693614959717,0.0,0.0,0.0,0.019467143082098737,2,
2018-05-21 23:00:00,109,0.30291804671287537,-0.0,0.05187999829649925,0.30291804671287537,0.0,0.30291804671287537,0.0,0.0,0.0,0.015715387747442855,2,
2018-05-22 00:00:00,109,0.1867775022983551,-0.0,0.05014999955892563,0.1867775022983551,0.0,0.1867775022983551,0.0,0.0,0.0,0.009366891657879739,2,
2018-05-22 01:00:00,109,0.15762916207313538,-0.0,0.04678000137209892,0.15762916207313538,0.0,0.15762916207313538,0.0,0.0,0.0,0.007373892418064076,2,
2018-05-22 02:00:00,109,0.20899222791194916,-0.0,0.04645000025629997,0.20899222791194916,0.0,0.20899222791194916,0.0,0.0,0.0,0.00970768904007474,2,
2018-05-22 03:00:00,109,0.18501611053943634,-0.0,0.04352249950170517,0.18501611053943634,0.0,0.18501611053943634,0.0,0.0,0.0,0.008052363578760047,2,
2018-05-22 04:00:00,109,0.20789556205272675,-0.0,0.041772499680519104,0.20789556205272675,0.0,0.20789556205272675,0.0,0.0,0.0,0.008684317299428868,2,
2018-05-22 05:00:00,109,0.21985194087028503,-0.0,0.046620000153779984,0.21985194087028503,0.0,0.21985194087028503,0.0,0.0,0.0,0.010249497517181516,2,
2018-05-22 06:00:00,109,0.19945639371871948,-0.0,0.04849249869585037,0.19945639371871948,0.0,0.19945639371871948,0.0,0.0,0.0,0.009672138912284023,2,
2018-05-22 07:00:00,109,0.8667399883270264,0.0,0.05428750067949295,0.8667399883270264,0.0,0.8667399883270264,0.0,0.0,0.0,0.047053147705247156,2,
2018-05-22 08:00:00,109,0.15667444467544556,0.0,0.05178749933838844,0.15667444467544556,0.0,0.15667444467544556,0.0,0.0,0.0,0.008113777699972013,2,
2018-05-22 09:00:00,109,0.17247971892356873,0.0,0.04933999851346016,0.17247971892356873,0.0,0.17247971892356873,0.0,0.0,0.0,0.008510149075290907,2,
2018-05-22 10:00:00,109,0.18341611325740814,0.0,0.04964999854564667,0.18341611325740814,0.0,0.18341611325740814,0.0,0.0,0.0,0.009106609756478479,2,
2018-05-22 11:00:00,109,0.2424655556678772,0.0,0.04851999878883362,0.2424655556678772,0.0,0.2424655556678772,0.0,0.0,0.0,0.011764428467339272,2,
2018-05-22 12:00:00,109,0.14665472507476807,0.0,0.048532500863075256,0.14665472507476807,0.0,0.14665472507476807,0.0,0.0,0.0,0.007117520571265246,2,
2018-05-22 13:00:00,109,0.7727838754653931,0.0,0.048532500863075256,0.7727838754653931,0.0,0.7727838754653931,0.0,0.0,0.0,0.03750513410299483,2,
2018-05-22 14:00:00,109,0.4057050049304962,0.0,0.04843499884009361,0.4057050049304962,0.0,0.4057050049304962,0.0,0.0,0.0,0.019650321443228758,2,
2018-05-22 15:00:00,109,0.6115758419036865,0.0,0.04933749884366989,0.6115758419036865,0.0,0.6115758419036865,0.0,0.0,0.0,0.030173622392739574,2,
2018-05-22 16:00:00,109,1.4952428340911865,0.0,0.06050249934196472,1.4952428340911865,0.0,1.4952428340911865,0.0,0.0,0.0,0.09046592858567948,2,
2018-05-22 17:00:00,109,0.5274033546447754,0.0,0.06384000182151794,0.5274033546447754,0.0,0.5274033546447754,0.0,0.0,0.0,0.033669431121197135,2,
2018-05-22 18:00:00,109,0.8909658193588257,0.0,0.05325999855995178,0.8909658193588257,0.0,0.8909658193588257,0.0,0.0,0.0,0.047452838256017316,2,
2018-05-22 19:00:00,109,0.5894263982772827,-0.0,0.051352500915527344,0.5894263982772827,0.0,0.5894263982772827,0.0,0.0,0.0,0.030268519657170145,2,
2018-05-22 20:00:00,109,1.2654097080230713,-0.0,0.05121250078082085,1.2654097080230713,0.0,1.2654097080230713,0.0,0.0,0.0,0.06480479566018982,2,
2018-05-22 21:00:00,109,0.5833122134208679,-0.0,0.05247750133275986,0.5833122134208679,0.0,0.5833122134208679,0.0,0.0,0.0,0.0306107674572087,2,
2018-05-22 22:00:00,109,0.9217272400856018,-0.0,0.051270000636577606,0.9217272400856018,0.0,0.9217272400856018,0.0,0.0,0.0,0.047256956185939725,2,
2018-05-22 23:00:00,109,0.811656653881073,-0.0,0.05017000064253807,0.811656653881073,0.0,0.811656653881073,0.0,0.0,0.0,0.04072081484673373,2,
2018-05-23 00:00:00,109,0.6593688726425171,-0.0,0.046939998865127563,0.6593688726425171,0.0,0.6593688726425171,0.0,0.0,0.0,0.030950774133540193,2,
2018-05-23 01:00:00,109,0.2033994495868683,-0.0,0.04657749831676483,0.2033994495868683,0.0,0.2033994495868683,0.0,0.0,0.0,0.00947383752076325,2,
2018-05-23 02:00:00,109,0.21467888355255127,-0.0,0.0469449982047081,0.21467888355255127,0.0,0.21467888355255127,0.0,0.0,0.0,0.010078099802963258,2,
2018-05-23 03:00:00,109,0.0,-0.0,0.04767249897122383,0.0,0.0,0.0,-0.0,-0.0,0.0,0.0,2,
2018-05-23 04:00:00,109,0.6165708303451538,-0.0,0.04798249900341034,0.6165708303451538,0.0,0.6165708303451538,0.0,0.0,0.0,0.029584609252568228,2,
2018-05-23 05:00:00,109,0.2233761101961136,-0.0,0.04818499833345413,0.2233761101961136,0.0,0.2233761101961136,0.0,0.0,0.0,0.0107633774975332,2,
2018-05-23 06:00:00,109,0.21884110569953918,-0.0,0.04997999966144562,0.21884110569953918,0.0,0.21884110569953918,0.0,0.0,0.0,0.010937678388773353,2,
2018-05-23 07:00:00,109,0.15089471638202667,0.0,0.06090499833226204,0.15089471638202667,0.0,0.15089471638202667,0.0,0.0,0.0,0.009190242449594488,2,
2018-05-23 08:00:00,109,0.18524055182933807,0.0,0.06749500334262848,0.18524055182933807,0.0,0.18524055182933807,0.0,0.0,0.0,0.012502811664911517,2,
2018-05-23 09:00:00,109,0.02203194424510002,0.0,0.08179499953985214,0.02203194424510002,0.0,0.02203194424510002,0.0,0.0,0.0,0.0018021028693900043,2,"{'r': -4.995912, 'l': 215, 't': 0.212723}"
2018-04-10 03:00:00,113,0.2014874964952469,-0.0,0.04595249891281128,0.2014874964952469,1.287907898426056,0.0,-0.0,-0.0,0.2014874964952469,0.00020148749649524688,2,
2018-04-10 04:00:00,113,0.19242611527442932,-0.0,0.045625001192092896,0.19242611527442932,1.085354092874025,0.0,-0.0,-0.0,0.19242611527442932,0.00019242611527442932,2,
2018-04-10 05:00:00,113,0.42161306738853455,-0.0,0.046402499079704285,0.42161306738853455,0.6415508640439886,0.0,-0.0,-0.0,0.42161306738853455,0.0004216130673885346,2,
2018-04-10 06:00:00,113,0.5816344618797302,-0.0,0.04755000025033951,0.5816344618797302,0.02930406206532521,0.0,-0.0,-0.0,0.5816344618797302,0.0005816344618797302,2,
2018-04-10 07:00:00,113,1.3125336170196533,0.0,0.050485000014305115,1.3125336170196533,0.0,1.2846947580575945,0.0,0.0,0.027838858962058947,0.06488565373787741,2,
2018-04-10 08:00:00,113,0.9060322046279907,0.0,0.05238249897956848,0.9060322046279907,0.0,0.9060322046279907,0.0,0.0,0.0,0.047460231034381906,2,
2018-04-10 09:00:00,113,0.29903778433799744,0.0,0.057144999504089355,0.29903778433799744,0.0,0.29903778433799744,0.0,0.0,0.0,0.017088514037698843,2,
2018-04-10 10:00:00,113,0.2033972293138504,0.0,0.058729998767375946,0.2033972293138504,0.0,0.2033972293138504,0.0,0.0,0.0,0.011945519026890117,2,
2018-04-10 11:00:00,113,0.10823694616556168,0.0,0.05925250053405762,0.10823694616556168,0.0,0.10823694616556168,0.0,0.0,0.0,0.006413309710479709,2,"{'r': -0.14919, 'l': 9, 't': 0.216636}"
2018-06-14 07:00:00,114,0.11883527785539627,0.0,0.05166250094771385,0.11883527785539627,1.374910233836425,0.0,-0.0,-0.0,0.11883527785539627,0.00011883527785539627,2,
2018-06-14 08:00:00,114,0.09255138784646988,0.0,0.05043499916791916,0.09255138784646988,1.277487720313825,0.0,-0.0,-0.0,0.09255138784646988,9.255138784646988e-05,2,
2018-06-14 09:00:00,114,0.09245333075523376,0.0,0.05138750001788139,0.09245333075523376,1.1801684247820001,0.0,-0.0,-0.0,0.09245333075523376,9.245333075523377e-05,2,
2018-06-14 10:00:00,114,0.14949166774749756,0.0,0.05255749821662903,0.14949166774749756,1.0228087745214764,0.0,-0.0,-0.0,0.14949166774749756,0.00014949166774749756,2,
2018-06-14 11:00:00,114,0.09245249629020691,0.0,0.051762498915195465,0.09245249629020691,0.9254903573738902,0.0,-0.0,-0.0,0.09245249629020691,9.245249629020692e-05,2,
2018-06-14 12:00:00,114,0.11104889214038849,0.0,0.0510375015437603,0.11104889214038849,0.8085967866997971,0.0,-0.0,-0.0,0.11104889214038849,0.00011104889214038849,2,
2018-06-14 13:00:00,114,0.07269111275672913,0.0,0.046185001730918884,0.07269111275672913,0.7320798259032401,0.0,-0.0,-0.0,0.07269111275672913,7.269111275672912e-05,2,
2018-06-14 14:00:00,114,0.09198833256959915,0.007821036502718925,0.04372499883174896,0.08416729606688023,0.6434826721486293,0.0,-0.0,-0.0,0.08416729606688023,8.416729606688022e-05,2,
2018-06-14 15:00:00,114,0.09246333688497543,0.01488757785409689,0.04684000089764595,0.07757575903087854,0.561823978431915,0.0,-0.0,-0.0,0.07757575903087854,7.757575903087854e-05,2,
2018-06-14 16:00:00,114,0.09311333298683167,0.012294330634176731,0.04934750124812126,0.08081900235265493,0.47675134437648875,0.0,-0.0,-0.0,0.08081900235265493,8.081900235265494e-05,2,
2018-06-14 17:00:00,114,0.09238722175359726,0.02469179965555668,0.05361500009894371,0.06769542209804058,0.4054930053259197,0.0,-0.0,-0.0,0.06769542209804058,6.769542209804058e-05,2,
2018-06-14 18:00:00,114,1.2425771951675415,5.455184588664232e-18,0.053075000643730164,1.2425771951675415,0.0,0.8573588401079177,0.0,0.0,0.3852183550596237,0.045889539345695105,2,
2018-06-14 19:00:00,114,0.6415925025939941,-0.0,0.0536700002849102,0.6415925025939941,0.0,0.6415925025939941,0.0,0.0,0.0,0.034434269797015915,2,
2018-06-14 20:00:00,114,0.4412175118923187,0.0,0.054464999586343765,0.4412175118923187,0.0,0.4412175118923187,0.0,0.0,0.0,0.024030911602702765,2,
2018-06-14 21:00:00,114,0.7725991606712341,-0.0,0.05682000145316124,0.7725991606712341,0.0,0.7725991606712341,0.0,0.0,0.0,0.04389908543205068,2,
2018-06-14 22:00:00,114,0.10074249655008316,-0.0,0.05617750063538551,0.10074249655008316,0.0,0.10074249655008316,0.0,0.0,0.0,0.00565946166395262,2,
2018-06-14 23:00:00,114,0.10171666741371155,-0.0,0.054090000689029694,0.10171666741371155,0.0,0.10171666741371155,0.0,0.0,0.0,0.005501854610493462,2,
2018-06-15 00:00:00,114,0.10130361467599869,-0.0,0.05346250161528587,0.10130361467599869,0.0,0.10130361467599869,0.0,0.0,0.0,0.0054159446632498776,2,
2018-06-15 01:00:00,114,0.10270444303750992,-0.0,0.05254749953746796,0.10270444303750992,0.0,0.10270444303750992,0.0,0.0,0.0,0.0053968616730094565,2,
2018-06-15 02:00:00,114,0.10140833258628845,-0.0,0.05115250125527382,0.10140833258628845,0.0,0.10140833258628845,0.0,0.0,0.0,0.005187289859915345,2,
2018-06-15 03:00:00,114,0.10182138532400131,-0.0,0.048032499849796295,0.10182138532400131,0.0,0.10182138532400131,0.0,0.0,0.0,0.004890735675281144,2,
2018-06-15 04:00:00,114,0.10232666879892349,-0.0,0.04812749847769737,0.10232666879892349,0.0,0.10232666879892349,0.0,0.0,0.0,0.004924726596848034,2,
2018-06-15 05:00:00,114,0.10280027985572815,-0.0,0.04946250095963478,0.10280027985572815,0.0,0.10280027985572815,0.0,0.0,0.0,0.005084758941014678,2,
2018-06-15 06:00:00,114,1.8017436265945435,-0.0,0.050930000841617584,1.8017436265945435,0.0,1.8017436265945435,0.0,0.0,0.0,0.09176280441883922,2,
2018-06-15 07:00:00,114,0.11299332976341248,0.0,0.05540499836206436,0.11299332976341248,0.0,0.11299332976341248,0.0,0.0,0.0,0.0062603952504660665,2,
2018-06-15 08:00:00,114,0.09729444235563278,0.0,0.05852749943733215,0.09729444235563278,0.0,0.09729444235563278,0.0,0.0,0.0,0.005694400420224843,2,
2018-06-15 09:00:00,114,0.09672916680574417,0.0,0.057714998722076416,0.09672916680574417,0.0,0.09672916680574417,0.0,0.0,0.0,0.005582723738581041,2,
2018-06-15 10:00:00,114,0.09651166945695877,0.0,0.05613499879837036,0.09651166945695877,0.0,0.09651166945695877,0.0,0.0,0.0,0.005417682448995098,2,
2018-06-15 11:00:00,114,0.0971049964427948,0.007356082089245319,0.05146250128746033,0.08974891435354948,0.0,0.08974891435354948,0.0,0.0,0.0,0.004618703620467707,2,
2018-06-15 12:00:00,114,0.09742138534784317,0.011225635185837746,0.05209999904036522,0.08619575016200542,0.0,0.08619575016200542,0.0,0.0,0.0,0.004490798500724043,2,
2018-06-15 13:00:00,114,0.09691805392503738,0.0627296194434166,0.05252499878406525,0.03418843448162079,0.0,0.03418843448162079,0.0,0.0,0.0,0.0017957474795762263,2,
2018-06-15 14:00:00,114,0.09698944538831711,0.11751903593540192,0.05179249867796898,-0.02052959054708481,0.0,0.0,0.02052959054708481,0.02052959054708481,0.0,0.0,2,
2018-06-15 15:00:00,114,0.09747055917978287,0.05597560480237007,0.052025001496076584,0.041494954377412796,0.0,0.041494954377412796,0.0,0.0,0.0,0.0021587750635645303,2,
2018-06-15 16:00:00,114,0.13224667310714722,0.03752468153834343,0.05334249883890152,0.09472199156880379,0.0,0.09472199156880379,0.0,0.0,0.0,0.0050527077252773556,2,
2018-06-15 17:00:00,114,0.5531408190727234,0.01196300983428955,0.058855000883340836,0.5411778092384338,0.0,0.5411778092384338,0.0,0.0,0.0,0.03185102044077248,2,
2018-06-15 18:00:00,114,0.09814083576202393,1.2168154374177608e-17,0.05953750014305115,0.09814083576202391,0.0,0.09814083576202391,0.0,0.0,0.0,0.005843060023220658,2,
2018-06-15 19:00:00,114,0.09888722002506256,0.0,0.056290000677108765,0.09888722002506256,0.0,0.09888722002506256,0.0,0.0,0.0,0.005566361682168175,2,
2018-06-15 20:00:00,114,0.09777999669313431,0.0,0.0508200004696846,0.09777999669313431,0.0,0.09777999669313431,0.0,0.0,0.0,0.004969179477870844,2,
2018-06-15 21:00:00,114,0.09777861088514328,-0.0,0.05141500011086464,0.09777861088514328,0.0,0.09777861088514328,0.0,0.0,0.0,0.005027287289499832,2,
2018-06-15 22:00:00,114,0.09794110804796219,-0.0,0.050324998795986176,0.09794110804796219,0.0,0.09794110804796219,0.0,0.0,0.0,0.004928886144591249,2,
2018-06-15 23:00:00,114,0.9118233323097229,-0.0,0.05392000079154968,0.9118233323097229,0.0,0.9118233323097229,0.0,0.0,0.0,0.04916551479989373,2,
2018-06-16 00:00:00,114,0.15762583911418915,-0.0,0.0533674992620945,0.15762583911418915,0.0,0.15762583911418915,0.0,0.0,0.0,0.008412096852613515,2,
2018-06-16 01:00:00,114,0.11824888736009598,-0.0,0.053289998322725296,0.11824888736009598,0.0,0.11824888736009598,0.0,0.0,0.0,0.006301483009083647,2,
2018-06-16 02:00:00,114,0.09998277574777603,-0.0,0.05099250003695488,0.09998277574777603,0.0,0.09998277574777603,0.0,0.0,0.0,0.005098371696013321,2,
2018-06-16 03:00:00,114,0.09919138997793198,-0.0,0.05127999931573868,0.09919138997793198,0.0,0.09919138997793198,0.0,0.0,0.0,0.00508653441019552,2,
2018-06-16 04:00:00,114,0.09874889254570007,0.0,0.049582500010728836,0.09874889254570007,0.0,0.09874889254570007,0.0,0.0,0.0,0.0048962169657066346,2,
2018-06-16 05:00:00,114,0.0997449979186058,-0.0,0.04856250062584877,0.0997449979186058,0.0,0.0997449979186058,0.0,0.0,0.0,0.004843866523847579,2,
2018-06-16 06:00:00,114,0.09937111288309097,0.0,0.04915250092744827,0.09937111288309097,0.0,0.09937111288309097,0.0,0.0,0.0,0.004884338718147696,2,
2018-06-16 07:00:00,114,0.10239777714014053,0.4951288104057312,0.047439999878406525,-0.39273103326559067,1.4249999999999998,1.1072689667344093,0.0,0.0,1.5,0.0540288396472437,0,
2018-06-16 08:00:00,114,0.7250499725341797,0.0,0.04690000042319298,0.7250499725341797,0.6617895025956001,0.0,-0.0,-0.0,0.7250499725341797,0.0007250499725341797,2,
2018-06-16 09:00:00,114,1.767775058746338,0.0,0.05140500143170357,1.767775058746338,0.0,1.1390750312805178,0.0,0.0,0.6287000274658201,0.05918285364125862,2,
2018-06-16 10:00:00,114,0.16313889622688293,0.0,0.05048749968409538,0.16313889622688293,0.0,0.16313889622688293,0.0,0.0,0.0,0.008236474971718422,2,
2018-06-16 11:00:00,114,0.30164554715156555,0.0,0.04706500098109245,0.30164554715156555,0.0,0.30164554715156555,0.0,0.0,0.0,0.014196947972630602,2,
2018-06-16 12:00:00,114,0.18528610467910767,0.0,0.04636000096797943,0.18528610467910767,0.0,0.18528610467910767,0.0,0.0,0.0,0.00858986399227657,2,
2018-06-16 13:00:00,114,0.1170230582356453,0.0,0.046094998717308044,0.1170230582356453,0.0,0.1170230582356453,0.0,0.0,0.0,0.005394177719267534,2,
2018-06-16 14:00:00,114,0.11596638709306717,0.0,0.04602999985218048,0.11596638709306717,0.0,0.11596638709306717,0.0,0.0,0.0,0.005337932780751786,2,
2018-06-16 15:00:00,114,0.1657383292913437,0.0,0.046322498470544815,0.1657383292913437,0.0,0.1657383292913437,0.0,0.0,0.0,0.007677413505108921,2,
2018-06-16 16:00:00,114,0.32838305830955505,0.0,0.04612499848008156,0.32838305830955505,0.0,0.32838305830955505,0.0,0.0,0.0,0.01514666806541276,2,
2018-06-16 17:00:00,114,0.3418799936771393,0.0,0.04668499901890755,0.3418799936771393,0.0,0.3418799936771393,0.0,0.0,0.0,0.015960667169401366,2,
2018-06-16 18:00:00,114,0.4553941786289215,0.0,0.04633000120520592,0.4553941786289215,0.0,0.4553941786289215,0.0,0.0,0.0,0.021098412844721692,2,
2018-06-16 19:00:00,114,0.33679860830307007,-0.0,0.04812749847769737,0.33679860830307007,0.0,0.33679860830307007,0.0,0.0,0.0,0.0162092745083966,2,
2018-06-16 20:00:00,114,0.7688583135604858,-0.0,0.048282500356435776,0.7688583135604858,0.0,0.7688583135604858,0.0,0.0,0.0,0.03712240179853277,2,
2018-06-16 21:00:00,114,0.14566972851753235,-0.0,0.04887999966740608,0.14566972851753235,0.0,0.14566972851753235,0.0,0.0,0.0,0.0071203362814881155,2,
2018-06-16 22:00:00,114,0.09497833251953125,-0.0,0.048920001834630966,0.09497833251953125,0.0,0.09497833251953125,0.0,0.0,0.0,0.004646340201105659,2,
2018-06-16 23:00:00,114,0.0918455570936203,-0.0,0.05235249921679497,0.0918455570936203,0.0,0.0918455570936203,0.0,0.0,0.0,0.004808344455809854,2,
2018-06-17 00:00:00,114,0.09237722307443619,-0.0,0.04961000010371208,0.09237722307443619,0.0,0.09237722307443619,0.0,0.0,0.0,0.004582834046303413,2,
2018-06-17 01:00:00,114,0.09236861020326614,-0.0,0.04815249890089035,0.09236861020326614,0.0,0.09236861020326614,0.0,0.0,0.0,0.004447779401289542,2,
2018-06-17 02:00:00,114,0.09263388812541962,-0.0,0.04539500176906586,0.09263388812541962,0.0,0.09263388812541962,0.0,0.0,0.0,0.004205115515328872,2,
2018-06-17 03:00:00,114,0.09455472230911255,0.0,0.04128750041127205,0.09455472230911255,0.0,0.09455472230911255,0.0,0.0,0.0,0.0039039281362251987,2,
2018-06-17 04:00:00,114,0.09400777518749237,-0.0,0.040860000997781754,0.09400777518749237,0.0,0.09400777518749237,0.0,0.0,0.0,0.003841157787960181,2,
2018-06-17 05:00:00,114,0.09323583543300629,-0.0,0.04116249829530716,0.09323583543300629,0.0,0.09323583543300629,0.0,0.0,0.0,0.00383781991707266,2,
2018-06-17 06:00:00,114,0.09266666322946548,-0.0,0.04323999956250191,0.09266666322946548,0.0,0.09266666322946548,0.0,0.0,0.0,0.004006906477500599,2,
2018-06-17 07:00:00,114,0.16564610600471497,0.0,0.04397499933838844,0.16564610600471497,0.0,0.16564610600471497,0.0,0.0,0.0,0.0072842874019639625,2,
2018-06-17 08:00:00,114,0.21483832597732544,1.2318438291549683,0.046217501163482666,-1.0170055031776428,1.4249999999999998,0.4829944968223572,0.0,0.0,1.5,0.02382279871884302,0,
2018-06-17 09:00:00,114,2.337825298309326,0.5761799216270447,0.05204499885439873,1.7616453766822815,0.0,0.4078953766822817,0.0,0.0,1.3537499999999998,0.02258266441214389,2,
2018-06-17 10:00:00,114,2.283675193786621,0.0,0.05245000123977661,2.283675193786621,0.0,2.283675193786621,0.0,0.0,0.0,0.11977876674535537,2,
2018-06-17 11:00:00,114,1.1404013633728027,0.8493103384971619,0.05355000123381615,0.29109102487564087,0.0,0.29109102487564087,0.0,0.0,0.0,0.015587924741243375,2,
2018-06-17 12:00:00,114,0.7460424900054932,1.0259010791778564,0.05441249907016754,-0.2798585891723633,0.0,0.0,0.2798585891723633,0.2798585891723633,0.0,0.0,2,
2018-06-17 13:00:00,114,0.38320499658584595,0.05136256664991379,0.051762498915195465,0.33184242993593216,0.0,0.33184242993593216,0.0,0.0,0.0,0.017176993419574516,2,
2018-06-17 14:00:00,114,0.3453575074672699,0.035071637481451035,0.05068250000476837,0.31028586998581886,0.0,0.31028586998581886,0.0,0.0,0.0,0.015726063607035823,2,
2018-06-17 15:00:00,114,0.09974583238363266,0.0,0.05158749967813492,0.09974583238363266,0.0,0.09974583238363266,0.0,0.0,0.0,0.005145638095985949,2,
2018-06-17 16:00:00,114,0.10367805510759354,0.0,0.05339999869465828,0.10367805510759354,0.0,0.10367805510759354,0.0,0.0,0.0,0.005536408007410204,2,
2018-06-17 17:00:00,114,0.19329915940761566,0.0,0.05517499893903732,0.19329915940761566,0.0,0.19329915940761566,0.0,0.0,0.0,0.010665280915232,2,
2018-06-17 18:00:00,114,0.36758026480674744,0.0,0.054910000413656235,0.36758026480674744,0.0,0.36758026480674744,0.0,0.0,0.0,0.02018383249259037,2,
2018-06-17 19:00:00,114,0.2947922348976135,-0.0,0.051247499883174896,0.2947922348976135,0.0,0.2947922348976135,0.0,0.0,0.0,0.015107365023476316,2,
2018-06-17 20:00:00,114,0.31940361857414246,-0.0,0.0508975014090538,0.31940361857414246,0.0,0.31940361857414246,0.0,0.0,0.0,0.0162568461264343,2,
2018-06-17 21:00:00,114,0.2616539001464844,-0.0,0.050404999405145645,0.2616539001464844,0.0,0.2616539001464844,0.0,0.0,0.0,0.013188664681237583,2,
2018-06-17 22:00:00,114,0.1038980558514595,-0.0,0.05011500045657158,0.1038980558514595,0.0,0.1038980558514595,0.0,0.0,0.0,0.005206851116432792,2,
2018-06-17 23:00:00,114,0.19165804982185364,-0.0,0.0504550002515316,0.19165804982185364,0.0,0.19165804982185364,0.0,0.0,0.0,0.009670106951969681,2,
2018-06-18 00:00:00,114,0.0,-0.0,0.05061250180006027,0.0,0.0,0.0,-0.0,-0.0,0.0,0.0,2,
2018-06-18 01:00:00,114,0.0,-0.0,0.04258250072598457,0.0,0.0,0.0,-0.0,-0.0,0.0,0.0,2,
2018-06-18 02:00:00,114,0.0,-0.0,0.04159500077366829,0.0,0.0,0.0,-0.0,-0.0,0.0,0.0,2,
2018-06-18 03:00:00,114,0.0,-0.0,0.0359174981713295,0.0,0.0,0.0,-0.0,-0.0,0.0,0.0,2,
2018-06-18 04:00:00,114,0.0,-0.0,0.037085000425577164,0.0,0.0,0.0,-0.0,-0.0,0.0,0.0,2,
2018-06-18 05:00:00,114,0.0,-0.0,0.04442249983549118,0.0,0.0,0.0,-0.0,-0.0,0.0,0.0,2,
2018-06-18 06:00:00,114,0.0,-0.0,0.05052750185132027,0.0,0.0,0.0,-0.0,-0.0,0.0,0.0,2,
2018-06-18 07:00:00,114,0.0,0.0,0.052615001797676086,0.0,0.0,0.0,-0.0,-0.0,0.0,0.0,2,
2018-06-18 08:00:00,114,0.0,0.0,0.054999999701976776,0.0,0.0,0.0,-0.0,-0.0,0.0,0.0,2,
2018-06-18 09:00:00,114,0.0,0.0,0.0516275018453598,0.0,0.0,0.0,-0.0,-0.0,0.0,0.0,2,
2018-06-18 10:00:00,114,0.0,0.0,0.048739999532699585,0.0,0.0,0.0,-0.0,-0.0,0.0,0.0,2,
2018-06-18 11:00:00,114,0.0,0.06446992605924606,0.047635000199079514,-0.06446992605924606,0.0,0.0,0.06446992605924606,0.06446992605924606,0.0,0.0,2,
2018-06-18 12:00:00,114,0.0,0.051355570554733276,0.047587499022483826,-0.051355570554733276,0.0,0.0,0.051355570554733276,0.051355570554733276,0.0,0.0,2,
2018-06-18 13:00:00,114,0.0,1.028584599494934,0.04826999828219414,-1.028584599494934,0.0,0.0,1.028584599494934,1.028584599494934,0.0,0.0,2,
2018-06-18 14:00:00,114,0.0,0.07845919579267502,0.04805999994277954,-0.07845919579267502,0.0,0.0,0.07845919579267502,0.07845919579267502,0.0,0.0,2,
2018-06-18 15:00:00,114,0.0,0.05516631901264191,0.04946250095963478,-0.05516631901264191,0.0,0.0,0.05516631901264191,0.05516631901264191,0.0,0.0,2,
2018-06-18 16:00:00,114,0.0,0.011393198743462563,0.0528700016438961,-0.011393198743462563,0.0,0.0,0.011393198743462563,0.011393198743462563,0.0,0.0,2,
2018-06-18 17:00:00,114,0.0,0.0,0.05662250146269798,0.0,0.0,0.0,-0.0,-0.0,0.0,0.0,2,
2018-06-18 18:00:00,114,0.0,0.0,0.056437499821186066,0.0,0.0,0.0,-0.0,-0.0,0.0,0.0,2,
2018-06-18 19:00:00,114,0.0,0.0,0.05443749949336052,0.0,0.0,0.0,-0.0,-0.0,0.0,0.0,2,
2018-06-18 20:00:00,114,0.0,0.0,0.051477499306201935,0.0,0.0,0.0,-0.0,-0.0,0.0,0.0,2,
2018-06-18 21:00:00,114,0.0,0.0,0.05019500106573105,0.0,0.0,0.0,-0.0,-0.0,0.0,0.0,2,
2018-06-18 22:00:00,114,0.0,0.0,0.04966749995946884,0.0,0.0,0.0,-0.0,-0.0,0.0,0.0,2,
2018-06-18 23:00:00,114,0.0,0.0,0.04732999950647354,0.0,0.0,0.0,-0.0,-0.0,0.0,0.0,2,
2018-06-19 00:00:00,114,0.0,0.0,0.04192499816417694,0.0,0.0,0.0,-0.0,-0.0,0.0,0.0,2,
2018-06-19 01:00:00,114,0.0,0.0,0.04428499937057495,0.0,0.0,0.0,-0.0,-0.0,0.0,0.0,2,
2018-06-19 02:00:00,114,0.0,0.0,0.04573750123381615,0.0,0.0,0.0,-0.0,-0.0,0.0,0.0,2,
2018-06-19 03:00:00,114,0.0,0.0,0.046275001019239426,0.0,0.0,0.0,-0.0,-0.0,0.0,0.0,2,
2018-06-19 04:00:00,114,0.0,0.0,0.04686500132083893,0.0,0.0,0.0,-0.0,-0.0,0.0,0.0,2,
2018-06-19 05:00:00,114,0.0,0.0,0.04967749863862991,0.0,0.0,0.0,-0.0,-0.0,0.0,0.0,2,
2018-06-19 06:00:00,114,0.0,0.0,0.051282498985528946,0.0,0.0,0.0,-0.0,-0.0,0.0,0.0,2,
2018-06-19 07:00:00,114,0.0,0.4028696119785309,0.05234000086784363,-0.4028696119785309,0.0,0.0,0.4028696119785309,0.4028696119785309,0.0,0.0,2,
2018-06-19 08:00:00,114,0.02228444442152977,0.6838774681091309,0.055319998413324356,-0.6615930236876011,0.0,0.0,0.6615930236876011,0.6615930236876011,0.0,0.0,2,
2018-06-19 09:00:00,114,0.09301527589559555,0.04155251011252403,0.06030000001192093,0.05146276578307152,0.0,0.05146276578307152,0.0,0.0,0.0,0.0031032047773326965,2,
2018-06-19 10:00:00,114,0.09261444211006165,0.07781144231557846,0.060704998672008514,0.014802999794483185,0.0,0.014802999794483185,0.0,0.0,0.0,0.000898616082865844,2,
2018-06-19 11:00:00,114,0.09292277693748474,1.263866662979126,0.061012499034404755,-1.1709438860416412,0.0,0.0,1.1709438860416412,1.1709438860416412,0.0,0.0,2,
2018-06-19 12:00:00,114,0.09283583611249924,1.3261812925338745,0.060417499393224716,-1.2333454564213753,0.0,0.0,1.2333454564213753,1.2333454564213753,0.0,0.0,2,
2018-06-19 13:00:00,114,0.09360861033201218,0.14917893707752228,0.055217500776052475,-0.0555703267455101,0.0,0.0,0.0555703267455101,0.0555703267455101,0.0,0.0,2,
2018-06-19 14:00:00,114,0.09259722381830215,0.2490323930978775,0.054294999688863754,-0.15643516927957535,0.0,0.0,0.15643516927957535,0.15643516927957535,0.0,0.0,2,
2018-06-19 15:00:00,114,0.18961361050605774,0.256897509098053,0.06003250181674957,-0.06728389859199524,0.0,0.0,0.06728389859199524,0.06728389859199524,0.0,0.0,2,
2018-06-19 16:00:00,114,0.16637416183948517,0.13259734213352203,0.06661249697208405,0.033776819705963135,0.0,0.033776819705963135,0.0,0.0,0.0,0.002249958300390098,2,
2018-06-19 17:00:00,114,0.3149072229862213,0.06153205782175064,0.06947500258684158,0.2533751651644707,0.0,0.2533751651644707,0.0,0.0,0.0,0.017603240255243013,2,
2018-06-19 18:00:00,114,0.4597247242927551,1.2909472811967019e-17,0.06649249792098999,0.4597247242927551,0.0,0.4597247242927551,0.0,0.0,0.0,0.030568245274263717,2,
2018-06-19 19:00:00,114,0.341922789812088,0.0,0.05508749932050705,0.341922789812088,0.0,0.341922789812088,0.0,0.0,0.0,0.018835671451439273,2,
2018-06-19 20:00:00,114,0.2888452708721161,-0.0,0.052367500960826874,0.2888452708721161,0.0,0.2888452708721161,0.0,0.0,0.0,0.015126104999925838,2,
2018-06-19 21:00:00,114,0.10741999745368958,-0.0,0.05077249929308891,0.10741999745368958,0.0,0.10741999745368958,0.0,0.0,0.0,0.005453981744781067,2,
2018-06-19 22:00:00,114,0.09551416337490082,-0.0,0.051007501780986786,0.09551416337490082,0.0,0.09551416337490082,0.0,0.0,0.0,0.004871938858454716,2,
2018-06-19 23:00:00,114,0.09554389119148254,-0.0,0.055262498557567596,0.09554389119148254,0.0,0.09554389119148254,0.0,0.0,0.0,0.0052799941491536995,2,
2018-06-20 00:00:00,114,0.09732083231210709,-0.0,0.05455499887466431,0.09732083231210709,0.0,0.09732083231210709,0.0,0.0,0.0,0.005309337897268396,2,
2018-06-20 01:00:00,114,0.09544194489717484,-0.0,0.055287498980760574,0.09544194489717484,0.0,0.09544194489717484,0.0,0.0,0.0,0.005276746431224361,2,
2018-06-20 02:00:00,114,0.09539083391427994,-0.0,0.05241499841213226,0.09539083391427994,0.0,0.09539083391427994,0.0,0.0,0.0,0.004999910408148955,2,
2018-06-20 03:00:00,114,0.09645749628543854,-0.0,0.047905001789331436,0.09645749628543854,0.0,0.09645749628543854,0.0,0.0,0.0,0.0046207965321483635,2,
2018-06-20 04:00:00,114,0.0958491638302803,-0.0,0.047839999198913574,0.0958491638302803,0.0,0.0958491638302803,0.0,0.0,0.0,0.004585423920857146,2,
2018-06-20 05:00:00,114,0.09503471851348877,-0.0,0.0496474988758564,0.09503471851348877,0.0,0.09503471851348877,0.0,0.0,0.0,0.004718236080565763,2,
2018-06-20 06:00:00,114,0.9345194697380066,-0.0,0.050987500697374344,0.9345194697380066,0.0,0.9345194697380066,0.0,0.0,0.0,0.04764881211497651,2,
2018-06-20 07:00:00,114,0.10630638897418976,0.0,0.05380500108003616,0.10630638897418976,0.0,0.10630638897418976,0.0,0.0,0.0,0.005719815373571024,2,
2018-06-20 08:00:00,114,0.09281694144010544,0.0,0.055799998342990875,0.09281694144010544,0.0,0.09281694144010544,0.0,0.0,0.0,0.0051791851785593646,2,
2018-06-20 09:00:00,114,0.09292028099298477,0.0,0.054864998906850815,0.09292028099298477,0.0,0.09292028099298477,0.0,0.0,0.0,0.00509807111510438,2,
2018-06-20 10:00:00,114,0.3780294358730316,0.0,0.05340249836444855,0.3780294358730316,0.0,0.3780294358730316,0.0,0.0,0.0,0.020187716330922978,2,
2018-06-20 11:00:00,114,0.3518086075782776,0.0,0.05012499913573265,0.3518086075782776,0.0,0.3518086075782776,0.0,0.0,0.0,0.01763440615080447,2,
2018-06-20 12:00:00,114,0.36359140276908875,2.738091468811035,0.05015749856829643,-2.3745000660419464,1.4249999999999998,0.0,0.8745000660419464,0.8745000660419464,1.5,0.0015,0,
2018-06-20 13:00:00,114,0.36496081948280334,0.9762219786643982,0.049962498247623444,-0.6112611591815948,1.4249999999999998,0.0,0.6112611591815948,0.6112611591815948,0.0,0.0,2,
2018-06-20 14:00:00,114,0.34181472659111023,1.7062309980392456,0.04996500164270401,-1.3644162714481354,2.8499999999999996,0.13558372855186462,0.0,0.0,1.5,0.00827444121981785,0,
2018-06-20 15:00:00,114,0.3633980453014374,0.015884997323155403,0.05196249857544899,0.347513047978282,2.484196791601808,0.0,-0.0,-0.0,0.347513047978282,0.00034751304797828197,2,
2018-06-20 16:00:00,114,0.362565279006958,0.06295590102672577,0.051512498408555984,0.29960937798023224,2.1688184989910373,0.0,-0.0,-0.0,0.29960937798023224,0.00029960937798023223,2,
2018-06-20 17:00:00,114,0.41938889026641846,0.04616231471300125,0.05077999830245972,0.3732265755534172,1.7759484194611244,0.0,-0.0,-0.0,0.3732265755534172,0.0003732265755534172,2,
2018-06-20 18:00:00,114,0.43363499641418457,1.9187458505431116e-17,0.05372999981045723,0.43363499641418457,1.3194905284988248,0.0,-0.0,-0.0,0.43363499641418457,0.0004336349964141846,2,
2018-06-20 19:00:00,114,0.2219875007867813,0.0,0.054749999195337296,0.2219875007867813,1.0858194750390548,0.0,-0.0,-0.0,0.2219875007867813,0.0002219875007867813,2,
2018-06-20 20:00:00,114,0.09831999987363815,0.0,0.05435749888420105,0.09831999987363815,0.982324738329962,0.0,-0.0,-0.0,0.09831999987363815,9.831999987363816e-05,2,
2018-06-20 21:00:00,114,0.10648611187934875,0.0,0.05340249836444855,0.10648611187934875,2.4073247383299616,1.6064861118793488,0.0,0.0,1.5,0.08729037196214623,0,
2018-06-20 22:00:00,114,0.09752555191516876,0.0,0.05243249982595444,0.09752555191516876,2.304666262629784,0.0,-0.0,-0.0,0.09752555191516876,9.752555191516876e-05,2,
2018-06-20 23:00:00,114,0.09606777876615524,0.0,0.0525050014257431,0.09606777876615524,3.0,0.8279980286295407,0.0,0.0,0.7319302498633855,0.0442059679235699,0,
2018-06-21 00:00:00,114,0.09623916447162628,0.0,0.05015749856829643,0.09623916447162628,2.8986956163456568,0.0,-0.0,-0.0,0.09623916447162628,9.623916447162628e-05,2,
2018-06-21 01:00:00,114,0.09707638621330261,0.0,0.048852499574422836,0.09707638621330261,3.0,0.20371257953366392,0.0,0.0,0.10663619332036131,0.010058504898293257,0,
2018-06-21 02:00:00,114,0.09539472311735153,0.0,0.04522499814629555,0.09539472311735153,3.0,0.09539472311735153,0.0,0.0,0.0,0.0043142261761486,0,
2018-06-21 03:00:00,114,0.0955825001001358,0.0,0.03772500157356262,0.0955825001001358,2.899386841999857,0.0,-0.0,-0.0,0.0955825001001358,9.55825001001358e-05,2,
2018-06-21 04:00:00,114,0.09632249921560287,0.0,0.037927500903606415,0.09632249921560287,2.7979947375623806,0.0,-0.0,-0.0,0.09632249921560287,9.632249921560287e-05,2,
2018-06-21 05:00:00,114,0.09606222063302994,0.0,0.04111750051379204,0.09606222063302994,2.6968766105802437,0.0,-0.0,-0.0,0.09606222063302994,9.606222063302994e-05,2,
2018-06-21 06:00:00,114,1.9489500522613525,0.0,0.04758000001311302,1.9489500522613525,1.117929242159191,0.44895005226135254,0.0,0.0,1.5,0.022861043492482247,2,
2018-06-21 07:00:00,114,0.13444943726062775,0.5440220236778259,0.04751500114798546,-0.4095725864171982,2.542929242159191,1.0904274135828018,0.0,0.0,1.5,0.053311659808181644,0,
2018-06-21 08:00:00,114,0.09759694337844849,2.0365469455718994,0.04613250121474266,-1.938950002193451,3.0,0.0,1.4578228886768096,1.4578228886768096,0.48112711351664117,0.00048112711351664116,0,
2018-06-21 09:00:00,114,0.09704083204269409,1.4878257513046265,0.046937499195337296,-1.3907849192619324,3.0,0.0,1.3907849192619324,1.3907849192619324,0.0,0.0,0,
2018-06-21 10:00:00,114,0.09724389016628265,0.1817793846130371,0.04672250151634216,-0.08453549444675446,3.0,0.0,0.08453549444675446,0.08453549444675446,0.0,0.0,2,
2018-06-21 11:00:00,114,0.09738055616617203,0.2535856366157532,0.04618750140070915,-0.15620508044958115,3.0,0.0,0.15620508044958115,0.15620508044958115,0.0,0.0,2,
2018-06-21 12:00:00,114,0.09690944105386734,0.3150918781757355,0.04629499837756157,-0.21818243712186813,3.0,0.0,0.21818243712186813,0.21818243712186813,0.0,0.0,2,
2018-06-21 13:00:00,114,0.09810555726289749,0.34309035539627075,0.04631999880075455,-0.24498479813337326,3.0,0.0,0.24498479813337326,0.24498479813337326,0.0,0.0,2,
2018-06-21 14:00:00,114,0.09838833659887314,0.27610427141189575,0.046277500689029694,-0.1777159348130226,3.0,0.0,0.1777159348130226,0.1777159348130226,0.0,0.0,2,
2018-06-21 15:00:00,114,0.09714194387197495,0.2825196087360382,0.04816250130534172,-0.18537766486406326,3.0,0.0,0.18537766486406326,0.18537766486406326,0.0,0.0,2,
2018-06-21 16:00:00,114,0.37641528248786926,0.1741671860218048,0.048889998346567154,0.20224809646606445,2.7871072668778267,0.0,-0.0,-0.0,0.20224809646606445,0.00020224809646606444,2,
2018-06-21 17:00:00,114,1.0920672416687012,0.09217716008424759,0.051317501813173294,0.9998900815844536,1.7345913915257702,0.0,-0.0,-0.0,0.9998900815844536,0.0009998900815844536,2,
2018-06-21 18:00:00,114,0.4939347207546234,5.042982374173643e-17,0.05155999958515167,0.49393472075462336,1.2146601065209035,0.0,-0.0,-0.0,0.49393472075462336,0.0004939347207546233,2,
2018-06-21 19:00:00,114,0.34867334365844727,0.0,0.05448500066995621,0.34867334365844727,0.8476355342488537,0.0,-0.0,-0.0,0.34867334365844727,0.00034867334365844727,2,
2018-06-21 20:00:00,114,0.30703890323638916,0.0,0.0545400008559227,0.30703890323638916,0.5244366887368651,0.0,-0.0,-0.0,0.30703890323638916,0.00030703890323638915,2,
2018-06-21 21:00:00,114,0.10167916864156723,0.0,0.05446749925613403,0.10167916864156723,0.41740598490363645,0.0,-0.0,-0.0,0.10167916864156723,0.00010167916864156724,2,
2018-06-21 22:00:00,114,0.09789444506168365,0.0,0.05256250128149986,0.09789444506168365,0.31435920062817996,0.0,-0.0,-0.0,0.09789444506168365,9.789444506168366e-05,2,
2018-06-21 23:00:00,114,0.09918222576379776,0.0,0.05197500064969063,0.09918222576379776,0.20995685771891914,0.0,-0.0,-0.0,0.09918222576379776,9.918222576379777e-05,2,
2018-06-22 00:00:00,114,0.09886333346366882,0.0,0.050927501171827316,0.09886333346366882,0.10589019091505722,0.0,-0.0,-0.0,0.09886333346366882,9.886333346366882e-05,2,
2018-06-22 01:00:00,114,0.09854333102703094,0.0,0.045522499829530716,0.09854333102703094,0.0021603687813404326,0.0,-0.0,-0.0,0.09854333102703094,9.854333102703095e-05,2,
2018-06-22 02:00:00,114,0.11056055873632431,0.0,0.04596250131726265,0.11056055873632431,0.0,0.1085082083940509,0.0,0.0,0.002052350342273411,0.004989361021587648,2,
2018-06-22 03:00:00,114,0.09936361014842987,0.0,0.04634999856352806,0.09936361014842987,0.0,0.09936361014842987,0.0,0.0,0.0,0.004605503187646687,2,
2018-06-22 04:00:00,114,0.09863000363111496,-0.0,0.04611000046133995,0.09863000363111496,0.0,0.09863000363111496,0.0,0.0,0.0,0.004547829512932672,2,
2018-06-22 05:00:00,114,0.09856583178043365,0.0,0.047542501240968704,0.09856583178043365,1.4249999999999998,1.5985658317804337,0.0,0.0,1.5,0.07749981804119144,0,
2018-06-22 06:00:00,114,1.1225742101669312,0.0,0.04822999984025955,1.1225742101669312,0.24334293666638795,0.0,-0.0,-0.0,1.1225742101669312,0.0011225742101669313,2,
2018-06-22 07:00:00,114,0.10409833490848541,0.05465812608599663,0.048739999532699585,0.049440208822488785,0.19130061159008396,0.0,-0.0,-0.0,0.049440208822488785,4.944020882248879e-05,2,
2018-06-22 08:00:00,114,0.18881499767303467,2.03459095954895,0.04956499859690666,-1.8457759618759155,1.6163006115900838,0.0,0.3457759618759155,0.3457759618759155,1.5,0.0015,0,
2018-06-22 09:00:00,114,0.1681358367204666,0.25947898626327515,0.04901750013232231,-0.09134314954280853,1.6163006115900838,0.0,0.09134314954280853,0.09134314954280853,0.0,0.0,2,
2018-06-22 10:00:00,114,0.8536785840988159,2.7583606243133545,0.04836999997496605,-1.9046820402145386,3.0,0.0,0.4481563682041003,0.4481563682041003,1.4565256720104383,0.0014565256720104384,0,
2018-06-22 11:00:00,114,0.1303197294473648,2.123553514480591,0.047655001282691956,-1.993233785033226,3.0,0.0,1.993233785033226,1.993233785033226,0.0,0.0,0,
2018-06-22 12:00:00,114,0.4531747102737427,3.1995372772216797,0.047872498631477356,-2.746362566947937,3.0,0.0,2.746362566947937,2.746362566947937,0.0,0.0,0,
2018-06-22 13:00:00,114,0.4413030445575714,0.45051223039627075,0.04845999926328659,-0.00920918583869934,3.0,0.0,0.00920918583869934,0.00920918583869934,0.0,0.0,2,
2018-06-22 14:00:00,114,0.3203222155570984,0.37122929096221924,0.04775749891996384,-0.05090707540512085,3.0,0.0,0.05090707540512085,0.05090707540512085,0.0,0.0,2,
2018-06-22 15:00:00,114,0.45588111877441406,0.21247555315494537,0.047724999487400055,0.2434055656194687,2.7437836151374015,0.0,-0.0,-0.0,0.2434055656194687,0.0002434055656194687,2,
2018-06-22 16:00:00,114,0.35325887799263,0.11509408056735992,0.04859749972820282,0.23816479742527008,2.493083828373959,0.0,-0.0,-0.0,0.23816479742527008,0.0002381647974252701,2,
2018-06-22 17:00:00,114,0.333757221698761,0.07300320267677307,0.052685000002384186,0.2607540190219879,2.2186059136139717,0.0,-0.0,-0.0,0.2607540190219879,0.0002607540190219879,2,
2018-06-22 18:00:00,114,0.5113858580589294,3.226998990925342e-17,0.054032500833272934,0.5113858580589294,1.680305010394046,0.0,-0.0,-0.0,0.5113858580589294,0.0005113858580589294,2,
2018-06-22 19:00:00,114,0.37014445662498474,0.0,0.05706999823451042,0.37014445662498474,1.2906792665782727,0.0,-0.0,-0.0,0.37014445662498474,0.00037014445662498477,2,
2018-06-22 20:00:00,114,0.4167402684688568,0.0,0.05554249882698059,0.4167402684688568,0.8520052997689498,0.0,-0.0,-0.0,0.4167402684688568,0.0004167402684688568,2,
2018-06-22 21:00:00,114,0.28342777490615845,0.0,0.0509674996137619,0.28342777490615845,0.5536602735519409,0.0,-0.0,-0.0,0.28342777490615845,0.00028342777490615844,2,
2018-06-22 22:00:00,114,0.1319313943386078,0.0,0.05012249946594238,0.1319313943386078,0.41478512161656433,0.0,-0.0,-0.0,0.1319313943386078,0.00013193139433860778,2,
2018-06-22 23:00:00,114,0.10479694604873657,-0.0,0.053564999252557755,0.10479694604873657,0.30447254682842056,0.0,-0.0,-0.0,0.10479694604873657,0.00010479694604873657,2,
2018-06-23 00:00:00,114,0.10467333346605301,-0.0,0.05045250058174133,0.10467333346605301,0.19429009054836477,0.0,-0.0,-0.0,0.10467333346605301,0.00010467333346605301,2,
2018-06-23 01:00:00,114,0.09649389237165451,0.0,0.049504999071359634,0.09649389237165451,0.09271757226241265,0.0,-0.0,-0.0,0.09649389237165451,9.649389237165452e-05,2,
2018-06-23 02:00:00,114,0.09704110771417618,-0.0,0.047532498836517334,0.09704110771417618,0.0,0.008959414064884166,0.0,0.0,0.08808169364929201,0.0005139450322642757,2,
2018-06-23 03:00:00,114,0.11084416508674622,-0.0,0.04589749872684479,0.11084416508674622,0.0,0.11084416508674622,0.0,0.0,0.0,0.005087469925947108,2,
2018-06-23 04:00:00,114,0.13419833779335022,-0.0,0.038883332163095474,0.13419833779335022,0.0,0.13419833779335022,0.0,0.0,0.0,0.0052180785441541255,2,
2018-06-23 05:00:00,114,0.11494389176368713,-0.0,0.03886333480477333,0.11494389176368713,0.0,0.11494389176368713,0.0,0.0,0.0,0.004467102949375801,2,
2018-06-23 06:00:00,114,0.09799083322286606,-0.0,0.04583999887108803,0.09799083322286606,0.0,0.09799083322286606,0.0,0.0,0.0,0.004491899684313155,2,
2018-06-23 07:00:00,114,0.09637583047151566,0.0,0.045910000801086426,0.09637583047151566,0.0,0.09637583047151566,0.0,0.0,0.0,0.004424614454152653,2,
2018-06-23 08:00:00,114,0.10493917018175125,0.0,0.048272501677274704,0.10493917018175125,0.0,0.10493917018175125,0.0,0.0,0.0,0.005065676268610403,2,
2018-06-23 09:00:00,114,0.2379680573940277,0.044651005417108536,0.05100249871611595,0.19331705197691917,0.0,0.19331705197691917,0.0,0.0,0.0,0.00985965269525614,2,
2018-06-23 10:00:00,114,0.13502083718776703,0.032597608864307404,0.05060749873518944,0.10242322832345963,0.0,0.10242322832345963,0.0,0.0,0.0,0.005183383397833502,2,
2018-06-23 11:00:00,114,2.3189198970794678,0.10383090376853943,0.04857249930500984,2.2150889933109283,0.0,2.2150889933109283,0.0,0.0,0.0,0.10759240858813002,2,
2018-06-23 12:00:00,114,0.22021888196468353,0.10431427508592606,0.04824500158429146,0.11590460687875748,0.0,0.11590460687875748,0.0,0.0,0.0,0.005591817942492333,2,
2018-06-23 13:00:00,114,1.2984685897827148,0.1231556162238121,0.04634249955415726,1.1753129735589027,0.0,1.1753129735589027,0.0,0.0,0.0,0.05446694095314869,2,
2018-06-23 14:00:00,114,1.0325710773468018,0.1532442271709442,0.04602750018239021,0.8793268501758575,0.0,0.8793268501758575,0.0,0.0,0.0,0.040473216756849895,2,
2018-06-23 15:00:00,114,1.1286242008209229,0.1408872902393341,0.045214999467134476,0.9877369105815887,0.0,0.9877369105815887,0.0,0.0,0.0,0.04466052388561559,2,
2018-06-23 16:00:00,114,0.4498322308063507,0.1087656244635582,0.047612499445676804,0.3410666063427925,0.0,0.3410666063427925,0.0,0.0,0.0,0.016239033605435077,2,
2018-06-23 17:00:00,114,0.4476477801799774,0.03822329640388489,0.057132501155138016,0.40942448377609253,0.0,0.40942448377609253,0.0,0.0,0.0,0.023391444792279392,2,
2018-06-23 18:00:00,114,0.3287658393383026,2.1455048423292134e-17,0.05756999924778938,0.3287658393383026,0.0,0.3287658393383026,0.0,0.0,0.0,0.018927049123404927,2,
2018-06-23 19:00:00,114,1.2706435918807983,0.0,0.059300001710653305,1.2706435918807983,0.0,1.2706435918807983,0.0,0.0,0.0,0.075349167172162,2,
2018-06-23 20:00:00,114,0.1978258341550827,0.0,0.05895499885082245,0.1978258341550827,0.0,0.1978258341550827,0.0,0.0,0.0,0.011662821825275893,2,
2018-06-23 21:00:00,114,0.3857627809047699,0.0,0.058742500841617584,0.3857627809047699,0.0,0.3857627809047699,0.0,0.0,0.0,0.022660670481963185,2,
2018-06-23 22:00:00,114,0.17128333449363708,-0.0,0.0578325018286705,0.17128333449363708,0.0,0.17128333449363708,0.0,0.0,0.0,0.009905743755324048,2,
2018-06-23 23:00:00,114,0.09755527973175049,-0.0,0.05685500055551529,0.09755527973175049,0.0,0.09755527973175049,0.0,0.0,0.0,0.0055465054833421235,2,
2018-06-24 00:00:00,114,0.09648111462593079,-0.0,0.05087750032544136,0.09648111462593079,0.0,0.09648111462593079,0.0,0.0,0.0,0.004908717940779739,2,
2018-06-24 01:00:00,114,0.09802860766649246,-0.0,0.0516900010406971,0.09802860766649246,0.0,0.09802860766649246,0.0,0.0,0.0,0.005067098832299083,2,
2018-06-24 02:00:00,114,0.09699250012636185,-0.0,0.05157250165939331,0.09699250012636185,0.0,0.09699250012636185,0.0,0.0,0.0,0.005002145873715502,2,
2018-06-24 03:00:00,114,0.09753166884183884,-0.0,0.0501599982380867,0.09753166884183884,0.0,0.09753166884183884,0.0,0.0,0.0,0.004892188337264292,2,
2018-06-24 04:00:00,114,0.1337430626153946,-0.0,0.05028250068426132,0.1337430626153946,0.0,0.1337430626153946,0.0,0.0,0.0,0.006724935637473783,2,
2018-06-24 05:00:00,114,0.10205528140068054,-0.0,0.048567499965429306,0.10205528140068054,0.0,0.10205528140068054,0.0,0.0,0.0,0.00495656987589943,2,
2018-06-24 06:00:00,114,0.09764166921377182,-0.0,0.04804249852895737,0.09764166921377182,0.0,0.09764166921377182,0.0,0.0,0.0,0.0046909497495675745,2,
2018-06-24 07:00:00,114,0.09806472063064575,0.012803420424461365,0.0474650003015995,0.08526130020618439,0.0,0.08526130020618439,0.0,0.0,0.0,0.004046927640001308,2,
2018-06-24 08:00:00,114,0.10136055201292038,0.08179067820310593,0.044987499713897705,0.019569873809814453,0.0,0.019569873809814453,0.0,0.0,0.0,0.0008803996924200419,2,
2018-06-24 09:00:00,114,0.2071875035762787,0.2337539941072464,0.046537499874830246,-0.026566490530967712,0.0,0.0,0.026566490530967712,0.026566490530967712,0.0,0.0,2,
2018-06-24 10:00:00,114,2.5853993892669678,0.30862122774124146,0.04832249879837036,2.2767781615257263,0.0,2.2767781615257263,0.0,0.0,0.0,0.11001960997448279,2,
2018-06-24 11:00:00,114,0.9686744213104248,0.3265236020088196,0.04892750084400177,0.6421508193016052,0.0,0.6421508193016052,0.0,0.0,0.0,0.03141883475335572,2,
2018-06-24 12:00:00,114,0.10709555447101593,0.35761144757270813,0.048579998314380646,-0.2505158931016922,0.0,0.0,0.2505158931016922,0.2505158931016922,0.0,0.0,2,
2018-06-24 13:00:00,114,0.10099916905164719,0.438410222530365,0.047587499022483826,-0.3374110534787178,0.0,0.0,0.3374110534787178,0.3374110534787178,0.0,0.0,2,
2018-06-24 14:00:00,114,0.10085249692201614,0.3422183394432068,0.047052498906850815,-0.24136584252119064,0.0,0.0,0.24136584252119064,0.24136584252119064,0.0,0.0,2,
2018-06-24 15:00:00,114,0.10187055915594101,0.3012637794017792,0.045842498540878296,-0.19939322024583817,0.0,0.0,0.19939322024583817,0.19939322024583817,0.0,0.0,2,
2018-06-24 16:00:00,114,0.8110666871070862,0.22825635969638824,0.04743750020861626,0.5828103274106979,0.0,0.5828103274106979,0.0,0.0,0.0,0.027647065028128692,2,
2018-06-24 17:00:00,114,1.153666615486145,0.12944740056991577,0.050027500838041306,1.0242192149162292,0.0,1.0242192149162292,0.0,0.0,0.0,0.05123912763255967,2,
2018-06-24 18:00:00,114,0.1474258303642273,5.557397725314245e-17,0.05270000174641609,0.14742583036422724,0.0,0.14742583036422724,0.0,0.0,0.0,0.007769341517661618,2,
2018-06-24 19:00:00,114,0.3125172257423401,0.0,0.060122501105070114,0.3125172257423401,0.0,0.3125172257423401,0.0,0.0,0.0,0.018789317250047288,2,
2018-06-24 20:00:00,114,0.13372555375099182,0.0,0.06025249883532524,0.13372555375099182,0.0,0.13372555375099182,0.0,0.0,0.0,0.008057298771634858,2,
2018-06-24 21:00:00,114,0.11905083060264587,0.0,0.06052500009536743,0.11905083060264587,0.0,0.11905083060264587,0.0,0.0,0.0,0.0072055515335787135,2,
2018-06-24 22:00:00,114,0.09850944578647614,-0.0,0.05669249966740608,0.09850944578647614,0.0,0.09850944578647614,0.0,0.0,0.0,0.005584746722486156,2,
2018-06-24 23:00:00,114,0.09847583621740341,0.0,0.052639998495578766,0.09847583621740341,0.0,0.09847583621740341,0.0,0.0,0.0,0.0051837678703349765,2,
2018-06-25 00:00:00,114,0.09882999956607819,0.0,0.051717501133680344,0.09882999956607819,0.0,0.09882999956607819,0.0,0.0,0.0,0.0051112406146002765,2,
2018-06-25 01:00:00,114,0.09870722144842148,0.0,0.04995499923825264,0.09870722144842148,0.0,0.09870722144842148,0.0,0.0,0.0,0.00493091917226593,2,
2018-06-25 02:00:00,114,0.09975472092628479,0.0,0.04582500085234642,0.09975472092628479,0.0,0.09975472092628479,0.0,0.0,0.0,0.00457126017147258,2,
2018-06-25 03:00:00,114,0.09943027794361115,0.0,0.04637499898672104,0.09943027794361115,0.0,0.09943027794361115,0.0,0.0,0.0,0.004611079038884358,2,
2018-06-25 04:00:00,114,0.09909416735172272,0.0,0.04605000093579292,0.09909416735172272,0.0,0.09909416735172272,0.0,0.0,0.0,0.004563286499278452,2,
2018-06-25 05:00:00,114,0.09882389008998871,0.0,0.04653500020503998,0.09882389008998871,0.0,0.09882389008998871,0.0,0.0,0.0,0.004598769745600473,2,
2018-06-25 06:00:00,114,2.2559444904327393,0.0,0.04763999953866005,2.2559444904327393,0.0,2.2559444904327393,0.0,0.0,0.0,0.10747319448345838,2,
2018-06-25 07:00:00,114,0.1654844433069229,0.049985215067863464,0.051362499594688416,0.11549922823905945,0.0,0.11549922823905945,0.0,0.0,0.0,0.005932329063615516,2,
2018-06-25 08:00:00,114,0.09937082976102829,0.18849310278892517,0.05208500102162361,-0.08912227302789688,0.0,0.0,0.08912227302789688,0.08912227302789688,0.0,0.0,2,
2018-06-25 09:00:00,114,0.09956972301006317,0.35320255160331726,0.0502374991774559,-0.2536328285932541,0.0,0.0,0.2536328285932541,0.2536328285932541,0.0,0.0,2,
2018-06-25 10:00:00,114,0.0990055575966835,0.4766499698162079,0.04934750124812126,-0.3776444122195244,0.0,0.0,0.3776444122195244,0.3776444122195244,0.0,0.0,2,
2018-06-25 11:00:00,114,0.09992222487926483,0.531217098236084,0.04907499998807907,-0.43129487335681915,0.0,0.0,0.43129487335681915,0.43129487335681915,0.0,0.0,2,
2018-06-25 12:00:00,114,0.09961333125829697,0.5203952193260193,0.0491349995136261,-0.4207818880677223,0.0,0.0,0.4207818880677223,0.4207818880677223,0.0,0.0,2,
2018-06-25 13:00:00,114,0.09767111390829086,0.5358197689056396,0.04885999858379364,-0.4381486549973488,0.0,0.0,0.4381486549973488,0.4381486549973488,0.0,0.0,2,
2018-06-25 14:00:00,114,0.0999077782034874,0.41609975695610046,0.048500001430511475,-0.31619197875261307,0.0,0.0,0.31619197875261307,0.31619197875261307,0.0,0.0,2,
2018-06-25 15:00:00,114,2.0863466262817383,0.32035118341445923,0.05316999927163124,1.765995442867279,0.0,1.765995442867279,0.0,0.0,0.0,0.09389797641095732,2,
2018-06-25 16:00:00,114,0.5084736347198486,0.21341776847839355,0.0579025000333786,0.2950558662414551,0.0,0.2950558662414551,0.0,0.0,0.0,0.017084472304894405,2,
2018-06-25 17:00:00,114,0.7975963950157166,0.11622635275125504,0.06270000338554382,0.6813700422644615,0.0,0.6813700422644615,0.0,0.0,0.0,0.042721903956789875,2,
2018-06-25 18:00:00,114,0.10034805536270142,4.492179017014588e-17,0.06382250040769577,0.10034805536270137,0.0,0.10034805536270137,0.0,0.0,0.0,0.006404463804297486,2,
2018-06-25 19:00:00,114,0.10072166472673416,0.0,0.061969999223947525,0.10072166472673416,0.0,0.10072166472673416,0.0,0.0,0.0,0.006241721484950419,2,
2018-06-25 20:00:00,114,0.10167055577039719,0.0,0.057782500982284546,0.10167055577039719,0.0,0.10167055577039719,0.0,0.0,0.0,0.005874778988672391,2,
2018-06-25 21:00:00,114,0.1919272243976593,-0.0,0.054157499223947525,0.1919272243976593,0.0,0.1919272243976593,0.0,0.0,0.0,0.010394298506370636,2,
2018-06-25 22:00:00,114,0.10811694711446762,-0.0,0.05112500116229057,0.10811694711446762,0.0,0.10811694711446762,0.0,0.0,0.0,0.0055274790468904655,2,
2018-06-25 23:00:00,114,0.1026500016450882,-0.0,0.05045749992132187,0.1026500016450882,0.0,0.1026500016450882,0.0,0.0,0.0,0.005179462449930727,2,
2018-06-26 00:00:00,114,0.10157722234725952,-0.0,0.05174750089645386,0.10157722234725952,0.0,0.10157722234725952,0.0,0.0,0.0,0.005256367404474105,2,
2018-06-26 01:00:00,114,0.10175305604934692,-0.0,0.05092500150203705,0.10175305604934692,0.0,0.10175305604934692,0.0,0.0,0.0,0.005181774532149852,2,
2018-06-26 02:00:00,114,0.1018822193145752,-0.0,0.05207499861717224,0.1018822193145752,0.0,0.1018822193145752,0.0,0.0,0.0,0.005305516429920942,2,
2018-06-26 03:00:00,114,0.10596805810928345,-0.0,0.05067500099539757,0.10596805810928345,0.0,0.10596805810928345,0.0,0.0,0.0,0.005369931450168286,2,
2018-06-26 04:00:00,114,0.10131333023309708,-0.0,0.050257500261068344,0.10131333023309708,0.0,0.10131333023309708,0.0,0.0,0.0,0.00509175472063958,2,
2018-06-26 05:00:00,114,0.10321694612503052,-0.0,0.051317501813173294,0.10321694612503052,0.0,0.10321694612503052,0.0,0.0,0.0,0.005296835819921464,2,
2018-06-26 06:00:00,114,1.405894160270691,-0.0,0.0524275004863739,1.405894160270691,0.0,1.405894160270691,0.0,0.0,0.0,0.07370751677138188,2,
2018-06-26 07:00:00,114,0.11505916714668274,0.0,0.05459250137209892,0.11505916714668274,0.0,0.11505916714668274,0.0,0.0,0.0,0.006281367740327837,2,
2018-06-26 08:00:00,114,0.09934721887111664,0.0,0.060169998556375504,0.09934721887111664,0.0,0.09934721887111664,0.0,0.0,0.0,0.005977722016055009,2,
2018-06-26 09:00:00,114,0.09958333522081375,0.0,0.058570001274347305,0.09958333522081375,0.0,0.09958333522081375,0.0,0.0,0.0,0.005832596070786816,2,
2018-06-26 10:00:00,114,0.09874444454908371,0.0,0.054557498544454575,0.09874444454908371,0.0,0.09874444454908371,0.0,0.0,0.0,0.00538724988975961,2,
2018-06-26 11:00:00,114,0.09941499680280685,0.0,0.05112500116229057,0.09941499680280685,0.0,0.09941499680280685,0.0,0.0,0.0,0.005082591827092614,2,
2018-06-26 12:00:00,114,0.09939750283956528,0.04823680222034454,0.05209999904036522,0.051160700619220734,0.0,0.051160700619220734,0.0,0.0,0.0,0.0026654724531658125,2,
2018-06-26 13:00:00,114,0.09943000227212906,0.056811392307281494,0.05243000015616417,0.042618609964847565,0.0,0.042618609964847565,0.0,0.0,0.0,0.0022344937271124576,2,
2018-06-26 14:00:00,114,0.09906833618879318,0.0,0.052149999886751175,0.09906833618879318,0.0,0.09906833618879318,0.0,0.0,0.0,0.005166413721026192,2,
2018-06-26 15:00:00,114,0.10534027963876724,0.0,0.05781000107526779,0.10534027963876724,0.0,0.10534027963876724,0.0,0.0,0.0,0.006089721679186144,2,
2018-06-26 16:00:00,114,0.4273933470249176,0.0,0.06407249718904495,0.4273933470249176,0.0,0.4273933470249176,0.0,0.0,0.0,0.027384159025870547,2,
2018-06-26 17:00:00,114,1.431326985359192,0.0,0.06570249795913696,1.431326985359192,0.0,1.431326985359192,0.0,0.0,0.0,0.09404175833441997,2,
2018-06-26 18:00:00,114,0.43494749069213867,0.0,0.06784500181674957,0.43494749069213867,0.0,0.43494749069213867,0.0,0.0,0.0,0.029509013296198816,2,
2018-06-26 19:00:00,114,0.2731344401836395,-0.0,0.06260249763727188,0.2731344401836395,0.0,0.2731344401836395,0.0,0.0,0.0,0.01709889814625387,2,
2018-06-26 20:00:00,114,0.22399583458900452,-0.0,0.06120250001549721,0.22399583458900452,0.0,0.22399583458900452,0.0,0.0,0.0,0.013709105069904859,2,
2018-06-26 21:00:00,114,0.23094555735588074,-0.0,0.053062498569488525,0.23094555735588074,0.0,0.23094555735588074,0.0,0.0,0.0,0.012254548306826152,2,
2018-06-26 22:00:00,114,0.093770831823349,-0.0,0.051739998161792755,0.093770831823349,0.0,0.093770831823349,0.0,0.0,0.0,0.004851702666169855,2,
2018-06-26 23:00:00,114,0.09541139006614685,-0.0,0.05396749824285507,0.09541139006614685,0.0,0.09541139006614685,0.0,0.0,0.0,0.00514911402574314,2,
2018-06-27 00:00:00,114,0.09676611423492432,-0.0,0.04949750006198883,0.09676611423492432,0.0,0.09676611423492432,0.0,0.0,0.0,0.004789680745341585,2,
2018-06-27 01:00:00,114,0.09862861037254333,-0.0,0.04852500185370445,0.09862861037254333,0.0,0.09862861037254333,0.0,0.0,0.0,0.0047859535011559595,2,
2018-06-27 02:00:00,114,0.09539639204740524,-0.0,0.04829249903559685,0.09539639204740524,0.0,0.09539639204740524,0.0,0.0,0.0,0.0046069301709487365,2,
2018-06-27 03:00:00,114,0.09577500075101852,-0.0,0.048432499170303345,0.09577500075101852,0.0,0.09577500075101852,0.0,0.0,0.0,0.004638622644409507,2,
2018-06-27 04:00:00,114,0.09718000143766403,-0.0,0.047805000096559525,0.09718000143766403,0.0,0.09718000143766403,0.0,0.0,0.0,0.004645689978111184,2,
2018-06-27 05:00:00,114,0.09451388567686081,-0.0,0.04815249890089035,0.09451388567686081,0.0,0.09451388567686081,0.0,0.0,0.0,0.004551079776173916,2,
2018-06-27 06:00:00,114,1.670425534248352,-0.0,0.048637498170137405,1.670425534248352,0.0,1.670425534248352,0.0,0.0,0.0,0.08124531886535502,2,
2018-06-27 07:00:00,114,0.1096908301115036,0.0,0.04886249825358391,0.1096908301115036,0.0,0.1096908301115036,0.0,0.0,0.0,0.005359767994757514,2,
2018-06-27 08:00:00,114,0.09184416383504868,0.0,0.04931750148534775,0.09184416383504868,0.0,0.09184416383504868,0.0,0.0,0.0,0.004529524686355535,2,
2018-06-27 09:00:00,114,0.09311000257730484,0.0,0.051454998552799225,0.09311000257730484,0.0,0.09311000257730484,0.0,0.0,0.0,0.004790975047866353,2,
2018-06-27 10:00:00,114,0.09281722456216812,0.0,0.050472501665353775,0.09281722456216812,0.0,0.09281722456216812,0.0,0.0,0.0,0.004684717521287546,2,
2018-06-27 11:00:00,114,0.09151110798120499,0.0,0.05035249888896942,0.09151110798120499,0.0,0.09151110798120499,0.0,0.0,0.0,0.004607812962951985,2,
2018-06-27 12:00:00,114,0.09273361414670944,0.0,0.050415001809597015,0.09273361414670944,0.0,0.09273361414670944,0.0,0.0,0.0,0.004675165325016828,2,
2018-06-27 13:00:00,114,0.09276333451271057,0.0004960497026331723,0.04983250051736832,0.0922672848100774,0.0,0.0922672848100774,0.0,0.0,0.0,0.004597909518034352,2,
2018-06-27 14:00:00,114,0.09264777600765228,0.0,0.057429999113082886,0.09264777600765228,0.0,0.09264777600765228,0.0,0.0,0.0,0.0053207616939485725,2,
2018-06-27 15:00:00,114,0.09192611277103424,0.0,0.05269499868154526,0.09192611277103424,0.0,0.09192611277103424,0.0,0.0,0.0,0.00484404639126923,2,
2018-06-27 16:00:00,114,0.09748666733503342,0.0,0.05466499924659729,0.09748666733503342,0.0,0.09748666733503342,0.0,0.0,0.0,0.005329108596422882,2,
2018-06-27 17:00:00,114,0.22067971527576447,0.0,0.058959998190402985,0.22067971527576447,0.0,0.22067971527576447,0.0,0.0,0.0,0.013011275613317719,2,
2018-06-27 18:00:00,114,0.36447054147720337,0.0,0.059187501668930054,0.36447054147720337,0.0,0.36447054147720337,0.0,0.0,0.0,0.021572100781957815,2,
2018-06-27 19:00:00,114,0.3061083257198334,-0.0,0.05554249882698059,0.3061083257198334,0.0,0.3061083257198334,0.0,0.0,0.0,0.017002021322222838,2,
2018-06-27 20:00:00,114,0.2468397170305252,-0.0,0.05064750090241432,0.2468397170305252,0.0,0.2468397170305252,0.0,0.0,0.0,0.012501814791055221,2,
2018-06-27 21:00:00,114,0.1467711180448532,-0.0,0.05077749863266945,0.1467711180448532,0.0,0.1467711180448532,0.0,0.0,0.0,0.0074526702458379,2,
2018-06-27 22:00:00,114,0.10419221967458725,-0.0,0.0501675009727478,0.10419221967458725,0.0,0.10419221967458725,0.0,0.0,0.0,0.005227063281877609,2,
2018-06-27 23:00:00,114,0.10200583189725876,-0.0,0.05158500000834465,0.10200583189725876,0.0,0.10200583189725876,0.0,0.0,0.0,0.005261970839271296,2,
2018-06-28 00:00:00,114,0.09849472343921661,-0.0,0.0492824986577034,0.09849472343921661,0.0,0.09849472343921661,0.0,0.0,0.0,0.00485406607568406,2,
2018-06-28 01:00:00,114,0.09528972208499908,-0.0,0.0402766652405262,0.09528972208499908,0.0,0.09528972208499908,0.0,0.0,0.0,0.0038379522372802843,2,
2018-06-28 02:00:00,114,0.09630333632230759,-0.0,0.0403333343565464,0.09630333632230759,0.0,0.09630333632230759,0.0,0.0,0.0,0.0038842346635385716,2,
2018-06-28 03:00:00,114,0.09637222439050674,-0.0,0.04622749984264374,0.09637222439050674,0.0,0.09637222439050674,0.0,0.0,0.0,0.0044550469878473775,2,
2018-06-28 04:00:00,114,0.09637833386659622,-0.0,0.04757000133395195,0.09637833386659622,0.0,0.09637833386659622,0.0,0.0,0.0,0.004584717470598049,2,
2018-06-28 05:00:00,114,0.09536805748939514,-0.0,0.047325000166893005,0.09536805748939514,0.0,0.09536805748939514,0.0,0.0,0.0,0.004513293336601887,2,
2018-06-28 06:00:00,114,2.0492711067199707,-0.0,0.04881500080227852,2.0492711067199707,0.0,2.0492711067199707,0.0,0.0,0.0,0.10003517071862156,2,
2018-06-28 07:00:00,114,0.10469333082437515,0.0,0.049217499792575836,0.10469333082437515,0.0,0.10469333082437515,0.0,0.0,0.0,0.0051527439881327575,2,
2018-06-28 08:00:00,114,0.09285999834537506,0.060693349689245224,0.046720001846551895,0.03216664865612984,0.0,0.03216664865612984,0.0,0.0,0.0,0.001502825884611772,2,
2018-06-28 09:00:00,114,0.09279721975326538,0.033400170505046844,0.02500000037252903,0.059397049248218536,0.0,0.059397049248218536,0.0,0.0,0.0,0.0014849262533325885,2,
2018-06-28 10:00:00,114,0.09169833362102509,0.03923316299915314,0.05324250087141991,0.05246517062187195,0.0,0.05246517062187195,0.0,0.0,0.0,0.0027933768925542113,2,
2018-06-28 11:00:00,114,0.09126555919647217,0.084023617208004,0.049594998359680176,0.00724194198846817,0.0,0.00724194198846817,0.0,0.0,0.0,0.0003591641010389779,2,
2018-06-28 12:00:00,114,0.0926663875579834,0.10337555408477783,0.0493599995970726,-0.010709166526794434,0.0,0.0,0.010709166526794434,0.010709166526794434,0.0,0.0,2,
2018-06-28 13:00:00,114,0.0925377756357193,0.11021251976490021,0.05025250092148781,-0.017674744129180908,0.0,0.0,0.017674744129180908,0.017674744129180908,0.0,0.0,2,
2018-06-28 14:00:00,114,0.09089333564043045,0.1421671062707901,0.04970749840140343,-0.05127377063035965,0.0,0.0,0.05127377063035965,0.05127377063035965,0.0,0.0,2,
2018-06-28 15:00:00,114,0.09302861243486404,0.16747230291366577,0.052012499421834946,-0.07444369047880173,0.0,0.0,0.07444369047880173,0.07444369047880173,0.0,0.0,2,
2018-06-28 16:00:00,114,0.35309723019599915,0.13358737528324127,0.05146250128746033,0.21950985491275787,0.0,0.21950985491275787,0.0,0.0,0.0,0.011296526191058032,2,
2018-06-28 17:00:00,114,0.29062750935554504,0.078760527074337,0.05319000035524368,0.21186698228120804,0.0,0.21186698228120804,0.0,0.0,0.0,0.011269204862801863,2,
2018-06-28 18:00:00,114,0.28771665692329407,3.750769423921674e-17,0.05431250110268593,0.287716656923294,0.0,0.287716656923294,0.0,0.0,0.0,0.015626611246407515,2,
2018-06-28 19:00:00,114,0.19049055874347687,0.0,0.05385249853134155,0.19049055874347687,0.0,0.19049055874347687,0.0,0.0,0.0,0.01025839253496752,2,
2018-06-28 20:00:00,114,0.480825275182724,0.0,0.051569998264312744,0.480825275182724,0.0,0.480825275182724,0.0,0.0,0.0,0.024796158606610774,2,
2018-06-28 21:00:00,114,0.17487777769565582,0.0,0.05005250126123428,0.17487777769565582,0.0,0.17487777769565582,0.0,0.0,0.0,0.008753070188673662,2,
2018-06-28 22:00:00,114,0.10179222375154495,0.0,0.050132498145103455,0.10179222375154495,0.0,0.10179222375154495,0.0,0.0,0.0,0.005103098468410283,2,
2018-06-28 23:00:00,114,0.09859861433506012,-0.0,0.050497498363256454,0.09859861433506012,0.0,0.09859861433506012,0.0,0.0,0.0,0.004978983366004053,2,
2018-06-29 00:00:00,114,0.099293053150177,-0.0,0.051032498478889465,0.099293053150177,0.0,0.099293053150177,0.0,0.0,0.0,0.005067172583850699,2,
2018-06-29 01:00:00,114,0.09896916896104813,-0.0,0.04983000084757805,0.09896916896104813,0.0,0.09896916896104813,0.0,0.0,0.0,0.004931633773213123,2,
2018-06-29 02:00:00,114,0.09903166443109512,-0.0,0.04946500062942505,0.09903166443109512,0.0,0.09903166443109512,0.0,0.0,0.0,0.0048986013434171305,2,
2018-06-29 03:00:00,114,0.09998055547475815,-0.0,0.04726250097155571,0.09998055547475815,0.0,0.09998055547475815,0.0,0.0,0.0,0.0047253311002624365,2,
2018-06-29 04:00:00,114,0.10017000138759613,-0.0,0.046982500702142715,0.10017000138759613,0.0,0.10017000138759613,0.0,0.0,0.0,0.004706237160526372,2,
2018-06-29 05:00:00,114,0.09850555658340454,-0.0,0.047564998269081116,0.09850555658340454,0.0,0.09850555658340454,0.0,0.0,0.0,0.004685416628384509,2,
2018-06-29 06:00:00,114,2.9692845344543457,-0.0,0.04944249987602234,2.9692845344543457,0.0,2.9692845344543457,0.0,0.0,0.0,0.14680885022663404,2,
2018-06-29 07:00:00,114,0.14188222587108612,0.0,0.05091249942779541,0.14188222587108612,0.0,0.14188222587108612,0.0,0.0,0.0,0.007223578743476011,2,
2018-06-29 08:00:00,114,0.09666222333908081,0.0,0.053027499467134476,0.09666222333908081,0.0,0.09666222333908081,0.0,0.0,0.0,0.005125755996605141,2,
2018-06-29 09:00:00,114,0.09698528051376343,0.0,0.052252501249313354,0.09698528051376343,0.0,0.09698528051376343,0.0,0.0,0.0,0.00506772349121043,2,
2018-06-29 10:00:00,114,0.09707000106573105,0.0,0.049959998577833176,0.09707000106573105,0.0,0.09707000106573105,0.0,0.0,0.0,0.004849617115194188,2,
2018-06-29 11:00:00,114,0.09632249921560287,0.0,0.04818499833345413,0.09632249921560287,0.0,0.09632249921560287,0.0,0.0,0.0,0.0046412994641779615,2,
2018-06-29 12:00:00,114,0.09749333560466766,0.0,0.048695001751184464,0.09749333560466766,0.0,0.09749333560466766,0.0,0.0,0.0,0.0047474381479981065,2,
2018-06-29 13:00:00,114,0.10842833667993546,0.0,0.04763749986886978,0.10842833667993546,0.0,0.10842833667993546,0.0,0.0,0.0,0.005165254874372194,2,
2018-06-29 14:00:00,114,0.0989072248339653,0.0,0.047605000436306,0.0989072248339653,0.0,0.0989072248339653,0.0,0.0,0.0,0.004708478481374734,2,
2018-06-29 15:00:00,114,0.3976908326148987,0.0,0.050222501158714294,0.3976908326148987,0.0,0.3976908326148987,0.0,0.0,0.0,0.0199730283018118,2,
2018-06-29 16:00:00,114,0.4944347143173218,0.0,0.050255000591278076,0.4944347143173218,0.0,0.4944347143173218,0.0,0.0,0.0,0.024847816860365413,2,
2018-06-29 17:00:00,114,0.8251880407333374,0.0,0.05328749865293503,0.8251880407333374,0.0,0.8251880407333374,0.0,0.0,0.0,0.04397220660899581,2,
2018-06-29 18:00:00,114,0.9647824764251709,0.0,0.05460000038146973,0.9647824764251709,0.0,0.9647824764251709,0.0,0.0,0.0,0.05267712358084964,2,
2018-06-29 19:00:00,114,0.30303555727005005,-0.0,0.05335500091314316,0.30303555727005005,0.0,0.30303555727005005,0.0,0.0,0.0,0.016168462434858366,2,
2018-06-29 20:00:00,114,0.24782444536685944,-0.0,0.05114249885082245,0.24782444536685944,0.0,0.24782444536685944,0.0,0.0,0.0,0.01267436141238032,2,
2018-06-29 21:00:00,114,0.10262472182512283,-0.0,0.050895001739263535,0.10262472182512283,0.0,0.10262472182512283,0.0,0.0,0.0,0.005223085395781063,2,
2018-06-29 22:00:00,114,0.15090110898017883,-0.0,0.050905000418424606,0.15090110898017883,0.0,0.15090110898017883,0.0,0.0,0.0,0.007681621015776741,2,
2018-06-29 23:00:00,114,0.10614416748285294,-0.0,0.050964999943971634,0.10614416748285294,0.0,0.10614416748285294,0.0,0.0,0.0,0.005409637489816516,2,
2018-06-30 00:00:00,114,0.09838639199733734,-0.0,0.04900500178337097,0.09838639199733734,0.0,0.09838639199733734,0.0,0.0,0.0,0.004821425315288952,2,
2018-06-30 01:00:00,114,0.09946055710315704,-0.0,0.04703750088810921,0.09946055710315704,0.0,0.09946055710315704,0.0,0.0,0.0,0.004678376043071586,2,
2018-06-30 02:00:00,114,0.09864500164985657,-0.0,0.046424999833106995,0.09864500164985657,0.0,0.09864500164985657,0.0,0.0,0.0,0.00457959418513143,2,
2018-06-30 03:00:00,114,0.09931749850511551,-0.0,0.04562750086188316,0.09931749850511551,0.0,0.09931749850511551,0.0,0.0,0.0,0.004531609248642238,2,
2018-06-30 04:00:00,114,0.09926360845565796,-0.0,0.04553249850869179,0.09926360845565796,0.0,0.09926360845565796,0.0,0.0,0.0,0.0045197201039746115,2,
2018-06-30 05:00:00,114,0.10190555453300476,-0.0,0.04580000042915344,0.10190555453300476,0.0,0.10190555453300476,0.0,0.0,0.0,0.004667274441344738,2,
2018-06-30 06:00:00,114,0.09864027798175812,-0.0,0.044107500463724136,0.09864027798175812,0.0,0.09864027798175812,0.0,0.0,0.0,0.004350776106822274,2,
2018-06-30 07:00:00,114,2.5809667110443115,0.0,0.04839250072836876,2.5809667110443115,0.0,2.5809667110443115,0.0,0.0,0.0,0.12489943344410737,2,
2018-06-30 08:00:00,114,0.10842166841030121,0.0,0.052365001291036606,0.10842166841030121,0.0,0.10842166841030121,0.0,0.0,0.0,0.0056775008062817656,2,
2018-06-30 09:00:00,114,0.09976305812597275,0.0,0.054409999400377274,0.09976305812597275,0.0,0.09976305812597275,0.0,0.0,0.0,0.00542810793281398,2,
2018-06-30 10:00:00,114,0.09897555410861969,0.0,0.053747501224279404,0.09897555410861969,0.0,0.09897555410861969,0.0,0.0,0.0,0.005319688715626769,2,
2018-06-30 11:00:00,114,0.09969083219766617,0.0,0.049447499215602875,0.09969083219766617,0.0,0.09969083219766617,0.0,0.0,0.0,0.004929462346896896,2,
2018-06-30 12:00:00,114,0.09973999857902527,0.0,0.04923750087618828,0.09973999857902527,0.0,0.09973999857902527,0.0,0.0,0.0,0.004910948267425774,2,
2018-06-30 13:00:00,114,0.09921861439943314,0.0,0.04777250066399574,0.09921861439943314,0.0,0.09921861439943314,0.0,0.0,0.0,0.004739921322277657,2,
2018-06-30 14:00:00,114,0.09999416768550873,0.0,0.047987498342990875,0.09999416768550873,0.0,0.09999416768550873,0.0,0.0,0.0,0.004798469956117102,2,
2018-06-30 15:00:00,114,0.10044305771589279,0.0,0.05079749971628189,0.10044305771589279,0.0,0.10044305771589279,0.0,0.0,0.0,0.00510225619582555,2,
2018-06-30 16:00:00,114,0.09988916665315628,0.0,0.05177000164985657,0.09988916665315628,0.0,0.09988916665315628,0.0,0.0,0.0,0.005171262322436698,2,
2018-06-30 17:00:00,114,0.09969888627529144,0.0,0.05460749939084053,0.09969888627529144,0.0,0.09969888627529144,0.0,0.0,0.0,0.005444306871545457,2,
2018-06-30 18:00:00,114,0.0999986082315445,3.3865700720207012e-18,0.05747250095009804,0.0999986082315445,0.0,0.0999986082315445,0.0,0.0,0.0,0.005747170106595922,2,
2018-06-30 19:00:00,114,0.09962194412946701,-0.0,0.057887498289346695,0.09962194412946701,0.0,0.09962194412946701,0.0,0.0,0.0,0.005766865120375914,2,
2018-06-30 20:00:00,114,0.09983694553375244,-0.0,0.05838499963283539,0.09983694553375244,0.0,0.09983694553375244,0.0,0.0,0.0,0.005828980028331543,2,
2018-06-30 21:00:00,114,0.09945833683013916,-0.0,0.05532250180840492,0.09945833683013916,0.0,0.09945833683013916,0.0,0.0,0.0,0.00550228401914632,2,
2018-06-30 22:00:00,114,0.10080777853727341,-0.0,0.05423999950289726,0.10080777853727341,0.0,0.10080777853727341,0.0,0.0,0.0,0.005467813857749887,2,
2018-06-30 23:00:00,114,0.10082888603210449,-0.0,0.05415999889373779,0.10082888603210449,0.0,0.10082888603210449,0.0,0.0,0.0,0.005460892355955593,2,"{'r': -4.280999, 'l': 401, 't': 0.375932}"
2018-06-14 07:00:00,117,0.383727490901947,0.0,0.05166250094771385,0.383727490901947,1.0960763253663717,0.0,-0.0,-0.0,0.383727490901947,0.000383727490901947,2,
2018-06-14 08:00:00,117,0.48390665650367737,0.0,0.05043499916791916,0.48390665650367737,0.5867008974677639,0.0,-0.0,-0.0,0.48390665650367737,0.00048390665650367736,2,
2018-06-14 09:00:00,117,0.20431193709373474,0.0,0.05138750001788139,0.20431193709373474,0.37163570052699046,0.0,-0.0,-0.0,0.20431193709373474,0.00020431193709373474,2,
2018-06-14 10:00:00,117,0.1499900072813034,0.0,0.05255749821662903,0.1499900072813034,0.21375148233614477,0.0,-0.0,-0.0,0.1499900072813034,0.0001499900072813034,2,
2018-06-14 11:00:00,117,0.15055139362812042,0.0,0.051762498915195465,0.15055139362812042,0.05527633114864958,0.0,-0.0,-0.0,0.15055139362812042,0.00015055139362812043,2,
2018-06-14 12:00:00,117,0.3581169545650482,0.0,0.0510375015437603,0.3581169545650482,0.0,0.30560443997383113,0.0,0.0,0.05251251459121709,0.015649799591535625,2,
2018-06-14 13:00:00,117,0.16196249425411224,0.0,0.046185001730918884,0.16196249425411224,0.0,0.16196249425411224,0.0,0.0,0.0,0.007480238077470114,2,
2018-06-14 14:00:00,117,0.20517277717590332,0.007821036502718925,0.04372499883174896,0.1973517406731844,0.0,0.1973517406731844,0.0,0.0,0.0,0.008629204630378612,2,
2018-06-14 15:00:00,117,0.20116500556468964,0.01488757785409689,0.04684000089764595,0.18627742771059275,0.0,0.18627742771059275,0.0,0.0,0.0,0.008725234881175343,2,
2018-06-14 16:00:00,117,0.20022666454315186,0.012294330634176731,0.04934750124812126,0.18793233390897512,0.0,0.18793233390897512,0.0,0.0,0.0,0.009273991082135492,2,
2018-06-14 17:00:00,117,0.2031327784061432,0.02469179965555668,0.05361500009894371,0.1784409787505865,0.0,0.1784409787505865,0.0,0.0,0.0,0.009567113093368308,2,
2018-06-14 18:00:00,117,0.45941221714019775,5.455184588664232e-18,0.053075000643730164,0.45941221714019775,0.0,0.45941221714019775,0.0,0.0,0.0,0.024383303720453497,2,
2018-06-14 19:00:00,117,0.5511199831962585,-0.0,0.0536700002849102,0.5511199831962585,0.0,0.5511199831962585,0.0,0.0,0.0,0.029578609655162902,2,
2018-06-14 20:00:00,117,0.3176891803741455,0.0,0.054464999586343765,0.3176891803741455,0.0,0.3176891803741455,0.0,0.0,0.0,0.017302941077663725,2,
2018-06-14 21:00:00,117,0.49924972653388977,-0.0,0.05682000145316124,0.49924972653388977,0.0,0.49924972653388977,0.0,0.0,0.0,0.028367370187145968,2,
2018-06-14 22:00:00,117,0.3800872266292572,-0.0,0.05617750063538551,0.3800872266292572,0.0,0.3800872266292572,0.0,0.0,0.0,0.021352350415467014,2,
2018-06-14 23:00:00,117,0.35949304699897766,-0.0,0.054090000689029694,0.35949304699897766,0.0,0.35949304699897766,0.0,0.0,0.0,0.019444979159876086,2,
2018-06-15 00:00:00,117,0.318224161863327,-0.0,0.05346250161528587,0.318224161863327,0.0,0.318224161863327,0.0,0.0,0.0,0.017013059767641114,2,
2018-06-15 01:00:00,117,0.3889247179031372,-0.0,0.05254749953746796,0.3889247179031372,0.0,0.3889247179031372,0.0,0.0,0.0,0.020437021434124958,2,
2018-06-15 02:00:00,117,0.29660138487815857,-0.0,0.05115250125527382,0.29660138487815857,0.0,0.29660138487815857,0.0,0.0,0.0,0.01517190271229596,2,
2018-06-15 03:00:00,117,0.3487825095653534,-0.0,0.048032499849796295,0.3487825095653534,0.0,0.3487825095653534,0.0,0.0,0.0,0.016752895838309412,2,
2018-06-15 04:00:00,117,0.32781222462654114,-0.0,0.04812749847769737,0.32781222462654114,0.0,0.32781222462654114,0.0,0.0,0.0,0.015776782341684448,2,
2018-06-15 05:00:00,117,0.324480265378952,-0.0,0.04946250095963478,0.324480265378952,0.0,0.324480265378952,0.0,0.0,0.0,0.016049605437688963,2,
2018-06-15 06:00:00,117,0.47012028098106384,-0.0,0.050930000841617584,0.47012028098106384,0.0,0.47012028098106384,0.0,0.0,0.0,0.023943226306027077,2,
2018-06-15 07:00:00,117,1.0584756135940552,0.0,0.05540499836206436,1.0584756135940552,0.0,1.0584756135940552,0.0,0.0,0.0,0.0586448396374637,2,
2018-06-15 08:00:00,117,1.220839500427246,0.0,0.05852749943733215,1.220839500427246,0.0,1.220839500427246,0.0,0.0,0.0,0.07145268317432851,2,
2018-06-15 09:00:00,117,0.25929611921310425,0.0,0.057714998722076416,0.25929611921310425,0.0,0.25929611921310425,0.0,0.0,0.0,0.014965275189023686,2,
2018-06-15 10:00:00,117,0.15041305124759674,0.0,0.05613499879837036,0.15041305124759674,0.0,0.15041305124759674,0.0,0.0,0.0,0.008443436451043063,2,
2018-06-15 11:00:00,117,0.14725638926029205,0.007356082089245319,0.05146250128746033,0.13990030717104673,0.0,0.13990030717104673,0.0,0.0,0.0,0.007199619737906088,2,
2018-06-15 12:00:00,117,0.4687616527080536,0.011225635185837746,0.05209999904036522,0.45753601752221584,0.0,0.45753601752221584,0.0,0.0,0.0,0.02383762607383997,2,
2018-06-15 13:00:00,117,1.2166755199432373,0.0627296194434166,0.05252499878406525,1.1539459004998207,0.0,1.1539459004998207,0.0,0.0,0.0,0.06061100702063016,2,
2018-06-15 14:00:00,117,0.9122602939605713,0.11751903593540192,0.05179249867796898,0.7947412580251694,0.0,0.7947412580251694,0.0,0.0,0.0,0.04116163555559599,2,
2018-06-15 15:00:00,117,0.23643749952316284,0.05597560480237007,0.052025001496076584,0.18046189472079277,0.0,0.18046189472079277,0.0,0.0,0.0,0.009388530342834059,2,
2018-06-15 16:00:00,117,0.21329472959041595,0.03752468153834343,0.05334249883890152,0.17577004805207253,0.0,0.17577004805207253,0.0,0.0,0.0,0.009376013584131343,2,
2018-06-15 17:00:00,117,0.18581527471542358,0.01196300983428955,0.058855000883340836,0.17385226488113403,0.0,0.17385226488113403,0.0,0.0,0.0,0.010232075203149948,2,
2018-06-15 18:00:00,117,0.19535917043685913,1.2168154374177608e-17,0.05953750014305115,0.19535917043685913,0.0,0.19535917043685913,0.0,0.0,0.0,0.011631196637830854,2,
2018-06-15 19:00:00,117,0.28017139434814453,0.0,0.056290000677108765,0.28017139434814453,0.0,0.28017139434814453,0.0,0.0,0.0,0.015770847977563562,2,
2018-06-15 20:00:00,117,0.31071361899375916,0.0,0.0508200004696846,0.31071361899375916,0.0,0.31071361899375916,0.0,0.0,0.0,0.015790466263200242,2,
2018-06-15 21:00:00,117,0.30797332525253296,-0.0,0.05141500011086464,0.30797332525253296,0.0,0.30797332525253296,0.0,0.0,0.0,0.015834448552002334,2,
2018-06-15 22:00:00,117,0.22300110757350922,-0.0,0.050324998795986176,0.22300110757350922,0.0,0.22300110757350922,0.0,0.0,0.0,0.011222530470140435,2,
2018-06-15 23:00:00,117,0.1610594391822815,-0.0,0.05392000079154968,0.1610594391822815,0.0,0.1610594391822815,0.0,0.0,0.0,0.008684325088195166,2,
2018-06-16 00:00:00,117,0.1459713876247406,-0.0,0.0533674992620945,0.1459713876247406,0.0,0.1459713876247406,0.0,0.0,0.0,0.007790127921350254,2,
2018-06-16 01:00:00,117,0.13689777255058289,-0.0,0.053289998322725296,0.13689777255058289,0.0,0.13689777255058289,0.0,0.0,0.0,0.007295282069605391,2,
2018-06-16 02:00:00,117,0.11640527844429016,-0.0,0.05099250003695488,0.11640527844429016,0.0,0.11640527844429016,0.0,0.0,0.0,0.005935796165372209,2,
2018-06-16 03:00:00,117,0.12681028246879578,-0.0,0.05127999931573868,0.12681028246879578,0.0,0.12681028246879578,0.0,0.0,0.0,0.006502831198228476,2,
2018-06-16 04:00:00,117,0.12672166526317596,0.0,0.049582500010728836,0.12672166526317596,0.0,0.12672166526317596,0.0,0.0,0.0,0.006283176969270998,2,
2018-06-16 05:00:00,117,0.13998916745185852,-0.0,0.04856250062584877,0.13998916745185852,0.0,0.13998916745185852,0.0,0.0,0.0,0.006798224031992928,2,
2018-06-16 06:00:00,117,0.15255944430828094,0.0,0.04915250092744827,0.15255944430828094,0.0,0.15255944430828094,0.0,0.0,0.0,0.007498678227853772,2,
2018-06-16 07:00:00,117,0.15310138463974,0.4951288104057312,0.047439999878406525,-0.3420274257659912,1.4249999999999998,1.1579725742340088,0.0,0.0,1.5,0.05643421878085947,0,
2018-06-16 08:00:00,117,0.17653527855873108,0.0,0.04690000042319298,0.17653527855873108,1.2391733909908091,0.0,-0.0,-0.0,0.17653527855873108,0.00017653527855873108,2,
2018-06-16 09:00:00,117,0.21254388988018036,0.0,0.05140500143170357,0.21254388988018036,1.0154429805906193,0.0,-0.0,-0.0,0.21254388988018036,0.00021254388988018035,2,
2018-06-16 10:00:00,117,0.21267889440059662,0.0,0.05048749968409538,0.21267889440059662,0.7915704601689386,0.0,-0.0,-0.0,0.21267889440059662,0.00021267889440059663,2,
2018-06-16 11:00:00,117,0.353030264377594,0.0,0.04706500098109245,0.353030264377594,0.41995965556094494,0.0,-0.0,-0.0,0.353030264377594,0.000353030264377594,2,
2018-06-16 12:00:00,117,0.21650972962379456,0.0,0.04636000096797943,0.21650972962379456,0.19205467700958223,0.0,-0.0,-0.0,0.21650972962379456,0.00021650972962379455,2,
2018-06-16 13:00:00,117,0.6356383562088013,0.0,0.046094998717308044,0.6356383562088013,2.7755575615628914e-17,0.4531864130496982,0.0,0.0,0.1824519431591031,0.021072079071386376,2,
2018-06-16 14:00:00,117,0.22196777164936066,0.0,0.04602999985218048,0.22196777164936066,0.0,0.22196777164936063,0.0,0.0,2.6367796834847467e-17,0.0102171764962089,2,
2018-06-16 15:00:00,117,0.8837264180183411,0.0,0.046322498470544815,0.8837264180183411,0.0,0.8837264180183411,0.0,0.0,0.0,0.04093641564703465,2,
2018-06-16 16:00:00,117,0.32369667291641235,0.0,0.04612499848008156,0.32369667291641235,0.0,0.32369667291641235,0.0,0.0,0.0,0.014930508546276977,2,
2018-06-16 17:00:00,117,0.3044416606426239,0.0,0.04668499901890755,0.3044416606426239,0.0,0.3044416606426239,0.0,0.0,0.0,0.014212858628415481,2,
2018-06-16 18:00:00,117,0.2725147306919098,0.0,0.04633000120520592,0.2725147306919098,0.0,0.2725147306919098,0.0,0.0,0.0,0.012625607801392547,2,
2018-06-16 19:00:00,117,0.5785436034202576,-0.0,0.04812749847769737,0.5785436034202576,0.0,0.5785436034202576,0.0,0.0,0.0,0.02784385639289,2,
2018-06-16 20:00:00,117,0.31725889444351196,-0.0,0.048282500356435776,0.31725889444351196,0.0,0.31725889444351196,0.0,0.0,0.0,0.015318052684051287,2,
2018-06-16 21:00:00,117,0.3018247187137604,-0.0,0.04887999966740608,0.3018247187137604,0.0,0.3018247187137604,0.0,0.0,0.0,0.014753192150343541,2,
2018-06-16 22:00:00,117,0.2912616729736328,-0.0,0.048920001834630966,0.2912616729736328,0.0,0.2912616729736328,0.0,0.0,0.0,0.014248521576227802,2,
2018-06-16 23:00:00,117,0.33955666422843933,-0.0,0.05235249921679497,0.33955666422843933,0.0,0.33955666422843933,0.0,0.0,0.0,0.017776639998076882,2,
2018-06-17 00:00:00,117,0.33171722292900085,-0.0,0.04961000010371208,0.33171722292900085,0.0,0.33171722292900085,0.0,0.0,0.0,0.016456491463910816,2,
2018-06-17 01:00:00,117,0.31434860825538635,-0.0,0.04815249890089035,0.31434860825538635,0.0,0.31434860825538635,0.0,0.0,0.0,0.015136671013513903,2,
2018-06-17 02:00:00,117,0.1712224930524826,-0.0,0.04539500176906586,0.1712224930524826,0.0,0.1712224930524826,0.0,0.0,0.0,0.007772645375021314,2,
2018-06-17 03:00:00,117,0.14572389423847198,0.0,0.04128750041127205,0.14572389423847198,0.0,0.14572389423847198,0.0,0.0,0.0,0.006016575343303077,2,
2018-06-17 04:00:00,117,0.14649194478988647,-0.0,0.040860000997781754,0.14649194478988647,0.0,0.14649194478988647,0.0,0.0,0.0,0.005985661010281751,2,
2018-06-17 05:00:00,117,0.15934333205223083,-0.0,0.04116249829530716,0.15934333205223083,0.0,0.15934333205223083,0.0,0.0,0.0,0.006558969633968514,2,
2018-06-17 06:00:00,117,0.1540619432926178,-0.0,0.04323999956250191,0.1540619432926178,0.0,0.1540619432926178,0.0,0.0,0.0,0.006661638360570987,2,
2018-06-17 07:00:00,117,0.15345749258995056,0.0,0.04397499933838844,0.15345749258995056,0.0,0.15345749258995056,0.0,0.0,0.0,0.006748293135113825,2,
2018-06-17 08:00:00,117,0.14834778010845184,1.2318438291549683,0.046217501163482666,-1.0834960490465164,1.4249999999999998,0.4165039509534836,0.0,0.0,1.5,0.020749771837787756,0,
2018-06-17 09:00:00,117,0.15028832852840424,0.5761799216270447,0.05204499885439873,-0.42589159309864044,1.4249999999999998,0.0,0.42589159309864044,0.42589159309864044,0.0,0.0,2,
2018-06-17 10:00:00,117,0.15023444592952728,0.0,0.05245000123977661,0.15023444592952728,1.2668584779689185,0.0,-0.0,-0.0,0.15023444592952728,0.00015023444592952728,2,
2018-06-17 11:00:00,117,0.17564083635807037,0.8493103384971619,0.05355000123381615,-0.6736695021390915,1.2668584779689185,0.0,0.6736695021390915,0.6736695021390915,0.0,0.0,2,
2018-06-17 12:00:00,117,0.21836695075035095,1.0259010791778564,0.05441249907016754,-0.8075341284275055,1.2668584779689185,0.0,0.8075341284275055,0.8075341284275055,0.0,0.0,2,
2018-06-17 13:00:00,117,0.2188352793455124,0.05136256664991379,0.051762498915195465,0.1674727126955986,1.0905714119735515,0.0,-0.0,-0.0,0.1674727126955986,0.0001674727126955986,2,
2018-06-17 14:00:00,117,0.21670971810817719,0.035071637481451035,0.05068250000476837,0.18163808062672615,0.8993734323664713,0.0,-0.0,-0.0,0.18163808062672615,0.00018163808062672616,2,
2018-06-17 15:00:00,117,0.19424861669540405,0.0,0.05158749967813492,0.19424861669540405,0.694901204266046,0.0,-0.0,-0.0,0.19424861669540405,0.00019424861669540405,2,
2018-06-17 16:00:00,117,0.18092750012874603,0.0,0.05339999869465828,0.18092750012874603,0.5044512041305238,0.0,-0.0,-0.0,0.18092750012874603,0.00018092750012874603,2,
2018-06-17 17:00:00,117,0.2720233201980591,0.0,0.05517499893903732,0.2720233201980591,0.21811086707993527,0.0,-0.0,-0.0,0.2720233201980591,0.0002720233201980591,2,
2018-06-17 18:00:00,117,0.31298333406448364,0.0,0.054910000413656235,0.31298333406448364,0.0,0.10577801033854514,0.0,0.0,0.2072053237259385,0.0060154759151711855,2,
2018-06-17 19:00:00,117,0.3091263771057129,-0.0,0.051247499883174896,0.3091263771057129,0.0,0.3091263771057129,0.0,0.0,0.0,0.0158419539746113,2,
2018-06-17 20:00:00,117,0.30390334129333496,-0.0,0.0508975014090538,0.30390334129333496,0.0,0.30390334129333496,0.0,0.0,0.0,0.015467920741693675,2,
2018-06-17 21:00:00,117,0.5228599905967712,-0.0,0.050404999405145645,0.5228599905967712,0.0,0.5228599905967712,0.0,0.0,0.0,0.026354757515004712,2,
2018-06-17 22:00:00,117,0.35339194536209106,-0.0,0.05011500045657158,0.35339194536209106,0.0,0.35339194536209106,0.0,0.0,0.0,0.017710237503169912,2,
2018-06-17 23:00:00,117,1.0363308191299438,-0.0,0.0504550002515316,1.0363308191299438,0.0,1.0363308191299438,0.0,0.0,0.0,0.05228807173987127,2,
2018-06-18 00:00:00,117,0.0,-0.0,0.05061250180006027,0.0,0.0,0.0,-0.0,-0.0,0.0,0.0,2,
2018-06-18 01:00:00,117,0.0,-0.0,0.04258250072598457,0.0,0.0,0.0,-0.0,-0.0,0.0,0.0,2,
2018-06-18 02:00:00,117,0.0,-0.0,0.04159500077366829,0.0,0.0,0.0,-0.0,-0.0,0.0,0.0,2,
2018-06-18 03:00:00,117,0.0,-0.0,0.0359174981713295,0.0,0.0,0.0,-0.0,-0.0,0.0,0.0,2,
2018-06-18 04:00:00,117,0.0,-0.0,0.037085000425577164,0.0,0.0,0.0,-0.0,-0.0,0.0,0.0,2,
2018-06-18 05:00:00,117,0.0,-0.0,0.04442249983549118,0.0,0.0,0.0,-0.0,-0.0,0.0,0.0,2,
2018-06-18 06:00:00,117,0.0,-0.0,0.05052750185132027,0.0,0.0,0.0,-0.0,-0.0,0.0,0.0,2,
2018-06-18 07:00:00,117,0.0,0.0,0.052615001797676086,0.0,0.0,0.0,-0.0,-0.0,0.0,0.0,2,
2018-06-18 08:00:00,117,0.0,0.0,0.054999999701976776,0.0,0.0,0.0,-0.0,-0.0,0.0,0.0,2,
2018-06-18 09:00:00,117,0.0,0.0,0.0516275018453598,0.0,0.0,0.0,-0.0,-0.0,0.0,0.0,2,
2018-06-18 10:00:00,117,0.0,0.0,0.048739999532699585,0.0,0.0,0.0,-0.0,-0.0,0.0,0.0,2,
2018-06-18 11:00:00,117,0.0,0.06446992605924606,0.047635000199079514,-0.06446992605924606,0.0,0.0,0.06446992605924606,0.06446992605924606,0.0,0.0,2,
2018-06-18 12:00:00,117,0.0,0.051355570554733276,0.047587499022483826,-0.051355570554733276,0.0,0.0,0.051355570554733276,0.051355570554733276,0.0,0.0,2,
2018-06-18 13:00:00,117,0.0,1.028584599494934,0.04826999828219414,-1.028584599494934,0.0,0.0,1.028584599494934,1.028584599494934,0.0,0.0,2,
2018-06-18 14:00:00,117,0.0,0.07845919579267502,0.04805999994277954,-0.07845919579267502,0.0,0.0,0.07845919579267502,0.07845919579267502,0.0,0.0,2,
2018-06-18 15:00:00,117,0.0,0.05516631901264191,0.04946250095963478,-0.05516631901264191,0.0,0.0,0.05516631901264191,0.05516631901264191,0.0,0.0,2,
2018-06-18 16:00:00,117,0.0,0.011393198743462563,0.0528700016438961,-0.011393198743462563,0.0,0.0,0.011393198743462563,0.011393198743462563,0.0,0.0,2,
2018-06-18 17:00:00,117,0.0,0.0,0.05662250146269798,0.0,0.0,0.0,-0.0,-0.0,0.0,0.0,2,
2018-06-18 18:00:00,117,0.0,0.0,0.056437499821186066,0.0,0.0,0.0,-0.0,-0.0,0.0,0.0,2,
2018-06-18 19:00:00,117,0.0,0.0,0.05443749949336052,0.0,0.0,0.0,-0.0,-0.0,0.0,0.0,2,
2018-06-18 20:00:00,117,0.0,0.0,0.051477499306201935,0.0,0.0,0.0,-0.0,-0.0,0.0,0.0,2,
2018-06-18 21:00:00,117,0.0,0.0,0.05019500106573105,0.0,0.0,0.0,-0.0,-0.0,0.0,0.0,2,
2018-06-18 22:00:00,117,0.0,0.0,0.04966749995946884,0.0,0.0,0.0,-0.0,-0.0,0.0,0.0,2,
2018-06-18 23:00:00,117,0.0,0.0,0.04732999950647354,0.0,0.0,0.0,-0.0,-0.0,0.0,0.0,2,
2018-06-19 00:00:00,117,0.0,0.0,0.04192499816417694,0.0,0.0,0.0,-0.0,-0.0,0.0,0.0,2,
2018-06-19 01:00:00,117,0.0,0.0,0.04428499937057495,0.0,0.0,0.0,-0.0,-0.0,0.0,0.0,2,
2018-06-19 02:00:00,117,0.0,0.0,0.04573750123381615,0.0,0.0,0.0,-0.0,-0.0,0.0,0.0,2,
2018-06-19 03:00:00,117,0.0,0.0,0.046275001019239426,0.0,0.0,0.0,-0.0,-0.0,0.0,0.0,2,
2018-06-19 04:00:00,117,0.0,0.0,0.04686500132083893,0.0,0.0,0.0,-0.0,-0.0,0.0,0.0,2,
2018-06-19 05:00:00,117,0.0,0.0,0.04967749863862991,0.0,0.0,0.0,-0.0,-0.0,0.0,0.0,2,
2018-06-19 06:00:00,117,0.0,0.0,0.051282498985528946,0.0,0.0,0.0,-0.0,-0.0,0.0,0.0,2,
2018-06-19 07:00:00,117,0.0,0.4028696119785309,0.05234000086784363,-0.4028696119785309,0.0,0.0,0.4028696119785309,0.4028696119785309,0.0,0.0,2,
2018-06-19 08:00:00,117,0.07809694111347198,0.6838774681091309,0.055319998413324356,-0.6057805269956589,0.0,0.0,0.6057805269956589,0.6057805269956589,0.0,0.0,2,
2018-06-19 09:00:00,117,0.4375413954257965,0.04155251011252403,0.06030000001192093,0.3959888853132725,0.0,0.3959888853132725,0.0,0.0,0.0,0.023878129789110886,2,
2018-06-19 10:00:00,117,0.36406639218330383,0.07781144231557846,0.060704998672008514,0.2862549498677254,0.0,0.2862549498677254,0.0,0.0,0.0,0.017377106351576133,2,
2018-06-19 11:00:00,117,0.37644362449645996,1.263866662979126,0.061012499034404755,-0.887423038482666,0.0,0.0,0.887423038482666,0.887423038482666,0.0,0.0,2,
2018-06-19 12:00:00,117,0.43169721961021423,1.3261812925338745,0.060417499393224716,-0.8944840729236603,0.0,0.0,0.8944840729236603,0.8944840729236603,0.0,0.0,2,
2018-06-19 13:00:00,117,0.3617955446243286,0.14917893707752228,0.055217500776052475,0.21261660754680634,0.0,0.21261660754680634,0.0,0.0,0.0,0.011740157692217423,2,
2018-06-19 14:00:00,117,0.4298897087574005,0.2490323930978775,0.054294999688863754,0.180857315659523,0.0,0.180857315659523,0.0,0.0,0.0,0.009819647897462536,2,
2018-06-19 15:00:00,117,0.4043022096157074,0.256897509098053,0.06003250181674957,0.14740470051765442,0.0,0.14740470051765442,0.0,0.0,0.0,0.008849072951623516,2,
2018-06-19 16:00:00,117,0.3897119462490082,0.13259734213352203,0.06661249697208405,0.25711460411548615,0.0,0.25711460411548615,0.0,0.0,0.0,0.01712704578812141,2,
2018-06-19 17:00:00,117,0.3858422338962555,0.06153205782175064,0.06947500258684158,0.32431017607450485,0.0,0.32431017607450485,0.0,0.0,0.0,0.022531450321715274,2,
2018-06-19 18:00:00,117,0.45852306485176086,1.2909472811967019e-17,0.06649249792098999,0.45852306485176086,0.0,0.45852306485176086,0.0,0.0,0.0,0.030488343936381668,2,
2018-06-19 19:00:00,117,0.8338216543197632,0.0,0.05508749932050705,0.8338216543197632,0.0,0.8338216543197632,0.0,0.0,0.0,0.04593314981576402,2,
2018-06-19 20:00:00,117,0.4523288905620575,-0.0,0.052367500960826874,0.4523288905620575,0.0,0.4523288905620575,0.0,0.0,0.0,0.0236873336111183,2,
2018-06-19 21:00:00,117,0.46374279260635376,-0.0,0.05077249929308891,0.46374279260635376,0.0,0.46374279260635376,0.0,0.0,0.0,0.023545380609781175,2,
2018-06-19 22:00:00,117,0.3242875039577484,-0.0,0.051007501780986786,0.3242875039577484,0.0,0.3242875039577484,0.0,0.0,0.0,0.01654109543567661,2,
2018-06-19 23:00:00,117,0.3687269389629364,-0.0,0.055262498557567596,0.3687269389629364,0.0,0.3687269389629364,0.0,0.0,0.0,0.020376771932575588,2,
2018-06-20 00:00:00,117,0.347715824842453,-0.0,0.05455499887466431,0.347715824842453,0.0,0.347715824842453,0.0,0.0,0.0,0.018969636432982995,2,
2018-06-20 01:00:00,117,0.31548333168029785,-0.0,0.055287498980760574,0.31548333168029785,0.0,0.31548333168029785,0.0,0.0,0.0,0.017442284378721418,2,
2018-06-20 02:00:00,117,0.355664998292923,-0.0,0.05241499841213226,0.355664998292923,0.0,0.355664998292923,0.0,0.0,0.0,0.018642180320774582,2,
2018-06-20 03:00:00,117,0.29063165187835693,-0.0,0.047905001789331436,0.29063165187835693,0.0,0.29063165187835693,0.0,0.0,0.0,0.01392270980326904,2,
2018-06-20 04:00:00,117,0.3748088777065277,-0.0,0.047839999198913574,0.3748088777065277,0.0,0.3748088777065277,0.0,0.0,0.0,0.01793085640922598,2,
2018-06-20 05:00:00,117,0.31495749950408936,-0.0,0.0496474988758564,0.31495749950408936,0.0,0.31495749950408936,0.0,0.0,0.0,0.01563685210257182,2,
2018-06-20 06:00:00,117,0.40125083923339844,-0.0,0.050987500697374344,0.40125083923339844,0.0,0.40125083923339844,0.0,0.0,0.0,0.020458777445234944,2,
2018-06-20 07:00:00,117,0.4619044363498688,0.0,0.05380500108003616,0.4619044363498688,0.0,0.4619044363498688,0.0,0.0,0.0,0.024852768696678185,2,
2018-06-20 08:00:00,117,0.38656777143478394,0.0,0.055799998342990875,0.38656777143478394,0.0,0.38656777143478394,0.0,0.0,0.0,0.02157048100551462,2,
2018-06-20 09:00:00,117,0.15082916617393494,0.0,0.054864998906850815,0.15082916617393494,0.0,0.15082916617393494,0.0,0.0,0.0,0.00827524203725416,2,
2018-06-20 10:00:00,117,0.14896944165229797,0.0,0.05340249836444855,0.14896944165229797,0.0,0.14896944165229797,0.0,0.0,0.0,0.007955340364189656,2,
2018-06-20 11:00:00,117,0.14790639281272888,0.0,0.05012499913573265,0.14790639281272888,0.0,0.14790639281272888,0.0,0.0,0.0,0.007413807811907369,2,
2018-06-20 12:00:00,117,0.1467919498682022,2.738091468811035,0.05015749856829643,-2.591299518942833,1.4249999999999998,0.0,1.091299518942833,1.091299518942833,1.5,0.0015,0,
2018-06-20 13:00:00,117,0.14483945071697235,0.9762219786643982,0.049962498247623444,-0.8313825279474258,1.4249999999999998,0.0,0.8313825279474258,0.8313825279474258,0.0,0.0,2,
2018-06-20 14:00:00,117,0.14643138647079468,1.7062309980392456,0.04996500164270401,-1.559799611568451,2.8499999999999996,0.0,0.05979961156845093,0.05979961156845093,1.5,0.0015,0,
2018-06-20 15:00:00,117,0.14705917239189148,0.015884997323155403,0.05196249857544899,0.13117417506873608,2.7119219209802776,0.0,-0.0,-0.0,0.13117417506873608,0.00013117417506873608,2,
2018-06-20 16:00:00,117,0.16679082810878754,0.06295590102672577,0.051512498408555984,0.10383492708206177,2.602621997736002,0.0,-0.0,-0.0,0.10383492708206177,0.00010383492708206178,2,
2018-06-20 17:00:00,117,0.22906777262687683,0.04616231471300125,0.05077999830245972,0.18290545791387558,2.4100899367740274,0.0,-0.0,-0.0,0.18290545791387558,0.00018290545791387557,2,
2018-06-20 18:00:00,117,0.22571833431720734,1.9187458505431116e-17,0.05372999981045723,0.2257183343172073,2.1724916901243354,0.0,-0.0,-0.0,0.2257183343172073,0.00022571833431720732,2,
2018-06-20 19:00:00,117,0.21220166981220245,0.0,0.054749999195337296,0.21220166981220245,1.9491215113746485,0.0,-0.0,-0.0,0.21220166981220245,0.00021220166981220247,2,
2018-06-20 20:00:00,117,0.2786880433559418,0.0,0.05435749888420105,0.2786880433559418,1.6557656762631308,0.0,-0.0,-0.0,0.2786880433559418,0.0002786880433559418,2,
2018-06-20 21:00:00,117,0.5009703040122986,0.0,0.05340249836444855,0.5009703040122986,3.0,1.9159538026826872,0.0,0.0,1.4149834986703886,0.10373170331279156,0,
2018-06-20 22:00:00,117,0.3964475095272064,0.0,0.05243249982595444,0.3964475095272064,2.5826868320766247,0.0,-0.0,-0.0,0.3964475095272064,0.0003964475095272064,2,
2018-06-20 23:00:00,117,0.31227943301200867,0.0,0.0525050014257431,0.31227943301200867,3.0,0.7515564518787194,0.0,0.0,0.43927701886671083,0.039899749596285304,0,
2018-06-21 00:00:00,117,0.3924994468688965,0.0,0.05015749856829643,0.3924994468688965,2.5868426875064245,0.0,-0.0,-0.0,0.3924994468688965,0.00039249944686889647,2,
2018-06-21 01:00:00,117,0.3006616532802582,0.0,0.048852499574422836,0.3006616532802582,3.0,0.7355640874840219,0.0,0.0,0.4349024342037637,0.03636904670497767,0,
2018-06-21 02:00:00,117,0.3722202777862549,0.0,0.04522499814629555,0.3722202777862549,3.0,0.3722202777862549,0.0,0.0,0.0,0.01683366137289699,0,
2018-06-21 03:00:00,117,0.28502777218818665,0.0,0.03772500157356262,0.28502777218818665,2.699970766117698,0.0,-0.0,-0.0,0.28502777218818665,0.00028502777218818664,2,
2018-06-21 04:00:00,117,0.37976887822151184,0.0,0.037927500903606415,0.37976887822151184,2.3002140522003174,0.0,-0.0,-0.0,0.37976887822151184,0.00037976887822151184,2,
2018-06-21 05:00:00,117,1.3123836517333984,0.0,0.04111750051379204,1.3123836517333984,0.9187575766914768,0.0,-0.0,-0.0,1.3123836517333984,0.0013123836517333985,2,
2018-06-21 06:00:00,117,0.5611938834190369,0.0,0.04758000001311302,0.5611938834190369,0.32802717309249063,0.0,-0.0,-0.0,0.5611938834190369,0.0005611938834190369,2,
2018-06-21 07:00:00,117,0.41992804408073425,0.5440220236778259,0.04751500114798546,-0.12409397959709167,1.7530271730924905,1.3759060204029083,0.0,0.0,1.5,0.0668761761389643,0,
2018-06-21 08:00:00,117,0.5594639182090759,2.0365469455718994,0.04613250121474266,-1.4770830273628235,3.0,0.0,0.16448005167070812,0.16448005167070812,1.3126029756921154,0.0013126029756921154,0,
2018-06-21 09:00:00,117,0.20955055952072144,1.4878257513046265,0.046937499195337296,-1.278275191783905,3.0,0.0,1.278275191783905,1.278275191783905,0.0,0.0,0,
2018-06-21 10:00:00,117,0.15101471543312073,0.1817793846130371,0.04672250151634216,-0.030764669179916382,3.0,0.0,0.030764669179916382,0.030764669179916382,0.0,0.0,2,
2018-06-21 11:00:00,117,0.24021166563034058,0.2535856366157532,0.04618750140070915,-0.013373970985412598,3.0,0.0,0.013373970985412598,0.013373970985412598,0.0,0.0,2,
2018-06-21 12:00:00,117,0.24311694502830505,0.3150918781757355,0.04629499837756157,-0.07197493314743042,3.0,0.0,0.07197493314743042,0.07197493314743042,0.0,0.0,2,
2018-06-21 13:00:00,117,0.20821139216423035,0.34309035539627075,0.04631999880075455,-0.1348789632320404,3.0,0.0,0.1348789632320404,0.1348789632320404,0.0,0.0,2,
2018-06-21 14:00:00,117,0.15945445001125336,0.27610427141189575,0.046277500689029694,-0.1166498214006424,3.0,0.0,0.1166498214006424,0.1166498214006424,0.0,0.0,2,
2018-06-21 15:00:00,117,0.17139583826065063,0.2825196087360382,0.04816250130534172,-0.11112377047538757,3.0,0.0,0.11112377047538757,0.11112377047538757,0.0,0.0,2,
2018-06-21 16:00:00,117,0.21079333126544952,0.1741671860218048,0.048889998346567154,0.036626145243644714,2.9614461629014266,0.0,-0.0,-0.0,0.036626145243644714,3.662614524364471e-05,2,
2018-06-21 17:00:00,117,0.2199583351612091,0.09217716008424759,0.051317501813173294,0.12778117507696152,2.8269396628204144,0.0,-0.0,-0.0,0.12778117507696152,0.00012778117507696152,2,
2018-06-21 18:00:00,117,0.22128333151340485,5.042982374173643e-17,0.05155999958515167,0.2212833315134048,2.594009840174725,0.0,-0.0,-0.0,0.2212833315134048,0.0002212833315134048,2,
2018-06-21 19:00:00,117,0.21295166015625,0.0,0.05448500066995621,0.21295166015625,2.3698501979049884,0.0,-0.0,-0.0,0.21295166015625,0.00021295166015625,2,
2018-06-21 20:00:00,117,0.26550304889678955,0.0,0.0545400008559227,0.26550304889678955,2.0903733043294204,0.0,-0.0,-0.0,0.26550304889678955,0.00026550304889678955,2,
2018-06-21 21:00:00,117,0.6089522242546082,0.0,0.05446749925613403,0.6089522242546082,1.4493709630087803,0.0,-0.0,-0.0,0.6089522242546082,0.0006089522242546082,2,
2018-06-21 22:00:00,117,0.3252294361591339,0.0,0.05256250128149986,0.3252294361591339,1.107024188104429,0.0,-0.0,-0.0,0.3252294361591339,0.00032522943615913394,2,
2018-06-21 23:00:00,117,0.3788355588912964,0.0,0.05197500064969063,0.3788355588912964,0.7082499155872748,0.0,-0.0,-0.0,0.3788355588912964,0.0003788355588912964,2,
2018-06-22 00:00:00,117,0.3223339021205902,0.0,0.050927501171827316,0.3223339021205902,0.3689510712498114,0.0,-0.0,-0.0,0.3223339021205902,0.0003223339021205902,2,
2018-06-22 01:00:00,117,0.34702110290527344,0.0,0.045522499829530716,0.34702110290527344,0.0036656997705761807,0.0,-0.0,-0.0,0.34702110290527344,0.0003470211029052734,2,
2018-06-22 02:00:00,117,0.3334313929080963,0.0,0.04596250131726265,0.3334313929080963,0.0,0.32994897812604895,0.0,0.0,0.0034824147820473714,0.015168762756530039,2,
2018-06-22 03:00:00,117,0.30525943636894226,0.0,0.04634999856352806,0.30525943636894226,0.0,0.30525943636894226,0.0,0.0,0.0,0.01414877443720386,2,
2018-06-22 04:00:00,117,0.35958972573280334,-0.0,0.04611000046133995,0.35958972573280334,0.0,0.35958972573280334,0.0,0.0,0.0,0.01658068241943267,2,
2018-06-22 05:00:00,117,0.31095555424690247,0.0,0.047542501240968704,0.31095555424690247,1.4249999999999998,1.8109555542469025,0.0,0.0,1.5,0.08759735668512253,0,
2018-06-22 06:00:00,117,0.4129919409751892,0.0,0.04822999984025955,0.4129919409751892,0.990271641078748,0.0,-0.0,-0.0,0.4129919409751892,0.00041299194097518924,2,
2018-06-22 07:00:00,117,0.3921299874782562,0.05465812608599663,0.048739999532699585,0.3374718613922596,0.6350381027711063,0.0,-0.0,-0.0,0.3374718613922596,0.0003374718613922596,2,
2018-06-22 08:00:00,117,1.044895052909851,2.03459095954895,0.04956499859690666,-0.9896959066390991,2.060038102771106,0.5103040933609009,0.0,0.0,1.5,0.02679322167142878,0,
2018-06-22 09:00:00,117,1.2411293983459473,0.25947898626327515,0.04901750013232231,0.9816504120826721,1.0267218795261879,0.0,-0.0,-0.0,0.9816504120826721,0.0009816504120826722,2,
2018-06-22 10:00:00,117,0.2713819444179535,2.7583606243133545,0.04836999997496605,-2.486978679895401,2.451721879526188,0.0,0.986978679895401,0.986978679895401,1.5,0.0015,0,
2018-06-22 11:00:00,117,0.16633999347686768,2.123553514480591,0.047655001282691956,-1.9572135210037231,3.0,0.0,1.3800786573470787,1.3800786573470787,0.5771348636566443,0.0005771348636566443,0,
2018-06-22 12:00:00,117,0.30000582337379456,3.1995372772216797,0.047872498631477356,-2.899531453847885,3.0,0.0,2.899531453847885,2.899531453847885,0.0,0.0,0,
2018-06-22 13:00:00,117,0.24792638421058655,0.45051223039627075,0.04845999926328659,-0.2025858461856842,3.0,0.0,0.2025858461856842,0.2025858461856842,0.0,0.0,2,
2018-06-22 14:00:00,117,0.24312889575958252,0.37122929096221924,0.04775749891996384,-0.12810039520263672,3.0,0.0,0.12810039520263672,0.12810039520263672,0.0,0.0,2,
2018-06-22 15:00:00,117,0.9518005847930908,0.21247555315494537,0.047724999487400055,0.7393250316381454,2.2217631245914258,0.0,-0.0,-0.0,0.7393250316381454,0.0007393250316381454,2,
2018-06-22 16:00:00,117,1.0888866186141968,0.11509408056735992,0.04859749972820282,0.9737925380468369,1.1967183477000185,0.0,-0.0,-0.0,0.9737925380468369,0.0009737925380468369,2,
2018-06-22 17:00:00,117,0.4796791672706604,0.07300320267677307,0.052685000002384186,0.40667596459388733,0.7686383849696108,0.0,-0.0,-0.0,0.40667596459388733,0.00040667596459388735,2,
2018-06-22 18:00:00,117,0.37226250767707825,3.226998990925342e-17,0.054032500833272934,0.3722625076770782,0.3767831137305811,0.0,-0.0,-0.0,0.3722625076770782,0.0003722625076770782,2,
2018-06-22 19:00:00,117,0.3063858449459076,0.0,0.05706999823451042,0.3063858449459076,0.054271697998046764,0.0,-0.0,-0.0,0.3063858449459076,0.0003063858449459076,2,
2018-06-22 20:00:00,117,0.30649334192276,0.0,0.05554249882698059,0.30649334192276,0.0,0.2549352288246156,0.0,0.0,0.051558113098144426,0.014211297761045384,2,
2018-06-22 21:00:00,117,0.30383917689323425,0.0,0.0509674996137619,0.30383917689323425,0.0,0.30383917689323425,0.0,0.0,0.0,0.015485923130951651,2,
2018-06-22 22:00:00,117,0.2882130444049835,0.0,0.05012249946594238,0.2882130444049835,0.0,0.2882130444049835,0.0,0.0,0.0,0.014445958164266415,2,
2018-06-22 23:00:00,117,0.25009387731552124,-0.0,0.053564999252557755,0.25009387731552124,0.0,0.25009387731552124,0.0,0.0,0.0,0.013396278351475166,2,
2018-06-23 00:00:00,117,0.16161222755908966,-0.0,0.05045250058174133,0.16161222755908966,0.0,0.16161222755908966,0.0,0.0,0.0,0.008153741004941484,2,
2018-06-23 01:00:00,117,0.15455611050128937,0.0,0.049504999071359634,0.15455611050128937,0.0,0.15455611050128937,0.0,0.0,0.0,0.007651300106839287,2,
2018-06-23 02:00:00,117,0.14524416625499725,-0.0,0.047532498836517334,0.14524416625499725,0.0,0.14524416625499725,0.0,0.0,0.0,0.006903818163526587,2,
2018-06-23 03:00:00,117,0.14311611652374268,-0.0,0.04589749872684479,0.14311611652374268,0.0,0.14311611652374268,0.0,0.0,0.0,0.00656867177593945,2,
2018-06-23 04:00:00,117,0.14290721714496613,-0.0,0.038883332163095474,0.14290721714496613,0.0,0.14290721714496613,0.0,0.0,0.0,0.00555670879275133,2,
2018-06-23 05:00:00,117,0.15000833570957184,-0.0,0.03886333480477333,0.15000833570957184,0.0,0.15000833570957184,0.0,0.0,0.0,0.005829824174187925,2,
2018-06-23 06:00:00,117,0.15109027922153473,-0.0,0.04583999887108803,0.15109027922153473,0.0,0.15109027922153473,0.0,0.0,0.0,0.006925978228947527,2,
2018-06-23 07:00:00,117,0.15112528204917908,0.0,0.045910000801086426,0.15112528204917908,0.0,0.15112528204917908,0.0,0.0,0.0,0.0069381618199422235,2,
2018-06-23 08:00:00,117,0.15164083242416382,0.0,0.048272501677274704,0.15164083242416382,0.0,0.15164083242416382,0.0,0.0,0.0,0.00732008233753878,2,
2018-06-23 09:00:00,117,0.1502625048160553,0.044651005417108536,0.05100249871611595,0.10561149939894676,0.0,0.10561149939894676,0.0,0.0,0.0,0.005386450362501863,2,
2018-06-23 10:00:00,117,0.1503152847290039,0.032597608864307404,0.05060749873518944,0.1177176758646965,0.0,0.1177176758646965,0.0,0.0,0.0,0.0059573971324320685,2,
2018-06-23 11:00:00,117,0.15112750232219696,0.10383090376853943,0.04857249930500984,0.04729659855365753,0.0,0.04729659855365753,0.0,0.0,0.0,0.00229731400037686,2,
2018-06-23 12:00:00,117,0.6317583322525024,0.10431427508592606,0.04824500158429146,0.5274440571665764,0.0,0.5274440571665764,0.0,0.0,0.0,0.025446539373626592,2,
2018-06-23 13:00:00,117,0.2968430519104004,0.1231556162238121,0.04634249955415726,0.1736874356865883,0.0,0.1736874356865883,0.0,0.0,0.0,0.008049109910868435,2,
2018-06-23 14:00:00,117,0.21791972219944,0.1532442271709442,0.04602750018239021,0.06467549502849579,0.0,0.06467549502849579,0.0,0.0,0.0,0.0029768513592202672,2,
2018-06-23 15:00:00,117,0.21269333362579346,0.1408872902393341,0.045214999467134476,0.07180604338645935,0.0,0.07180604338645935,0.0,0.0,0.0,0.0032467102134557946,2,
2018-06-23 16:00:00,117,0.2170574963092804,0.1087656244635582,0.047612499445676804,0.1082918718457222,0.0,0.1082918718457222,0.0,0.0,0.0,0.005156046688225752,2,
2018-06-23 17:00:00,117,0.22078527510166168,0.03822329640388489,0.057132501155138016,0.1825619786977768,0.0,0.1825619786977768,0.0,0.0,0.0,0.010430222458835015,2,
2018-06-23 18:00:00,117,0.21551500260829926,2.1455048423292134e-17,0.05756999924778938,0.21551500260829923,0.0,0.21551500260829923,0.0,0.0,0.0,0.012407198538047113,2,
2018-06-23 19:00:00,117,0.5561550259590149,0.0,0.059300001710653305,0.5561550259590149,0.0,0.5561550259590149,0.0,0.0,0.0,0.032979993990758016,2,
2018-06-23 20:00:00,117,0.2808833420276642,0.0,0.05895499885082245,0.2808833420276642,0.0,0.2808833420276642,0.0,0.0,0.0,0.01655947710645611,2,
2018-06-23 21:00:00,117,0.30800139904022217,0.0,0.058742500841617584,0.30800139904022217,0.0,0.30800139904022217,0.0,0.0,0.0,0.018092772442339644,2,
2018-06-23 22:00:00,117,0.308195561170578,-0.0,0.0578325018286705,0.308195561170578,0.0,0.308195561170578,0.0,0.0,0.0,0.017823720354985584,2,
2018-06-23 23:00:00,117,0.3051830530166626,-0.0,0.05685500055551529,0.3051830530166626,0.0,0.3051830530166626,0.0,0.0,0.0,0.017351182648796204,2,
2018-06-24 00:00:00,117,0.30822667479515076,-0.0,0.05087750032544136,0.30822667479515076,0.0,0.30822667479515076,0.0,0.0,0.0,0.01568180274719999,2,
2018-06-24 01:00:00,117,0.25410833954811096,-0.0,0.0516900010406971,0.25410833954811096,0.0,0.25410833954811096,0.0,0.0,0.0,0.013134860335691667,2,
2018-06-24 02:00:00,117,0.16391916573047638,-0.0,0.05157250165939331,0.16391916573047638,0.0,0.16391916573047638,0.0,0.0,0.0,0.00845372144664136,2,
2018-06-24 03:00:00,117,0.15428583323955536,-0.0,0.0501599982380867,0.15428583323955536,0.0,0.15428583323955536,0.0,0.0,0.0,0.007738977123457835,2,
2018-06-24 04:00:00,117,0.15146082639694214,-0.0,0.05028250068426132,0.15146082639694214,0.0,0.15146082639694214,0.0,0.0,0.0,0.007615829106943028,2,
2018-06-24 05:00:00,117,0.1620636135339737,-0.0,0.048567499965429306,0.1620636135339737,0.0,0.1620636135339737,0.0,0.0,0.0,0.007871024544708616,2,
2018-06-24 06:00:00,117,0.15583667159080505,-0.0,0.04804249852895737,0.15583667159080505,0.0,0.15583667159080505,0.0,0.0,0.0,0.007486783065658864,2,
2018-06-24 07:00:00,117,0.15384361147880554,0.012803420424461365,0.0474650003015995,0.14104019105434418,0.0,0.14104019105434418,0.0,0.0,0.0,0.006694472710932098,2,
2018-06-24 08:00:00,117,0.37794917821884155,0.08179067820310593,0.044987499713897705,0.2961585000157356,0.0,0.2961585000157356,0.0,0.0,0.0,0.01332343043472628,2,
2018-06-24 09:00:00,117,0.15313027799129486,0.2337539941072464,0.046537499874830246,-0.08062371611595154,0.0,0.0,0.08062371611595154,0.08062371611595154,0.0,0.0,2,
2018-06-24 10:00:00,117,0.1531938910484314,0.30862122774124146,0.04832249879837036,-0.15542733669281006,0.0,0.0,0.15542733669281006,0.15542733669281006,0.0,0.0,2,
2018-06-24 11:00:00,117,0.7458164095878601,0.3265236020088196,0.04892750084400177,0.4192928075790405,0.0,0.4192928075790405,0.0,0.0,0.0,0.020514949196707377,2,
2018-06-24 12:00:00,117,0.42993804812431335,0.35761144757270813,0.048579998314380646,0.07232660055160522,0.0,0.07232660055160522,0.0,0.0,0.0,0.003513626132881864,2,
2018-06-24 13:00:00,117,0.6092664003372192,0.438410222530365,0.047587499022483826,0.17085617780685425,0.0,0.17085617780685425,0.0,0.0,0.0,0.008130618194369,2,
2018-06-24 14:00:00,117,0.22243861854076385,0.3422183394432068,0.047052498906850815,-0.11977972090244293,0.0,0.0,0.11977972090244293,0.11977972090244293,0.0,0.0,2,
2018-06-24 15:00:00,117,0.6428791880607605,0.3012637794017792,0.045842498540878296,0.3416154086589813,0.0,0.3416154086589813,0.0,0.0,0.0,0.015660503872990894,2,
2018-06-24 16:00:00,117,0.24018694460391998,0.22825635969638824,0.04743750020861626,0.011930584907531738,0.0,0.011930584907531738,0.0,0.0,0.0,0.0005659571240399508,2,
2018-06-24 17:00:00,117,0.9684955477714539,0.12944740056991577,0.050027500838041306,0.8390481472015381,0.0,0.8390481472015381,0.0,0.0,0.0,0.04197548188728195,2,
2018-06-24 18:00:00,117,0.7549752593040466,5.557397725314245e-17,0.05270000174641609,0.7549752593040465,0.0,0.7549752593040465,0.0,0.0,0.0,0.03978719748382419,2,
2018-06-24 19:00:00,117,0.2146044373512268,0.0,0.060122501105070114,0.2146044373512268,0.0,0.2146044373512268,0.0,0.0,0.0,0.012902555521802084,2,
2018-06-24 20:00:00,117,0.18908417224884033,0.0,0.06025249883532524,0.18908417224884033,0.0,0.18908417224884033,0.0,0.0,0.0,0.01139279386820169,2,
2018-06-24 21:00:00,117,0.43504416942596436,0.0,0.06052500009536743,0.43504416942596436,0.0,0.43504416942596436,0.0,0.0,0.0,0.026331048395995538,2,
2018-06-24 22:00:00,117,0.31337472796440125,-0.0,0.05669249966740608,0.31337472796440125,0.0,0.31337472796440125,0.0,0.0,0.0,0.01776599666089529,2,
2018-06-24 23:00:00,117,0.3564211130142212,0.0,0.052639998495578766,0.3564211130142212,0.0,0.3564211130142212,0.0,0.0,0.0,0.018762006852861113,2,
2018-06-25 00:00:00,117,0.3260088860988617,0.0,0.051717501133680344,0.3260088860988617,0.0,0.3260088860988617,0.0,0.0,0.0,0.016860364936407746,2,
2018-06-25 01:00:00,117,0.2926297187805176,0.0,0.04995499923825264,0.2926297187805176,0.0,0.2926297187805176,0.0,0.0,0.0,0.01461831737877084,2,
2018-06-25 02:00:00,117,0.28151777386665344,0.0,0.04582500085234642,0.28151777386665344,0.0,0.28151777386665344,0.0,0.0,0.0,0.01290055222739006,2,
2018-06-25 03:00:00,117,0.3293674886226654,0.0,0.04637499898672104,0.3293674886226654,0.0,0.3293674886226654,0.0,0.0,0.0,0.015274416951134961,2,
2018-06-25 04:00:00,117,0.31460443139076233,0.0,0.04605000093579292,0.31460443139076233,0.0,0.31460443139076233,0.0,0.0,0.0,0.014487534359949206,2,
2018-06-25 05:00:00,117,0.29872360825538635,0.0,0.04653500020503998,0.29872360825538635,0.0,0.29872360825538635,0.0,0.0,0.0,0.013901103171414686,2,
2018-06-25 06:00:00,117,0.350662499666214,0.0,0.04763999953866005,0.350662499666214,0.0,0.350662499666214,0.0,0.0,0.0,0.016705561322323814,2,
2018-06-25 07:00:00,117,0.4675983190536499,0.049985215067863464,0.051362499594688416,0.41761310398578644,0.0,0.41761310398578644,0.0,0.0,0.0,0.021449652884206527,2,
2018-06-25 08:00:00,117,0.33965638279914856,0.18849310278892517,0.05208500102162361,0.1511632800102234,0.0,0.1511632800102234,0.0,0.0,0.0,0.007873339593764461,2,
2018-06-25 09:00:00,117,0.32627248764038086,0.35320255160331726,0.0502374991774559,-0.0269300639629364,0.0,0.0,0.0269300639629364,0.0269300639629364,0.0,0.0,2,
2018-06-25 10:00:00,117,0.3112952709197998,0.4766499698162079,0.04934750124812126,-0.16535469889640808,0.0,0.0,0.16535469889640808,0.16535469889640808,0.0,0.0,2,
2018-06-25 11:00:00,117,0.4198158383369446,0.531217098236084,0.04907499998807907,-0.1114012598991394,0.0,0.0,0.1114012598991394,0.1114012598991394,0.0,0.0,2,
2018-06-25 12:00:00,117,0.16028527915477753,0.5203952193260193,0.0491349995136261,-0.36010994017124176,0.0,0.0,0.36010994017124176,0.36010994017124176,0.0,0.0,2,
2018-06-25 13:00:00,117,0.15479610860347748,0.5358197689056396,0.04885999858379364,-0.38102366030216217,0.0,0.0,0.38102366030216217,0.38102366030216217,0.0,0.0,2,
2018-06-25 14:00:00,117,0.15433889627456665,0.41609975695610046,0.048500001430511475,-0.2617608606815338,0.0,0.0,0.2617608606815338,0.2617608606815338,0.0,0.0,2,
2018-06-25 15:00:00,117,0.15506194531917572,0.32035118341445923,0.05316999927163124,-0.1652892380952835,0.0,0.0,0.1652892380952835,0.1652892380952835,0.0,0.0,2,
2018-06-25 16:00:00,117,0.17317694425582886,0.21341776847839355,0.0579025000333786,-0.0402408242225647,0.0,0.0,0.0402408242225647,0.0402408242225647,0.0,0.0,2,
2018-06-25 17:00:00,117,0.22722138464450836,0.11622635275125504,0.06270000338554382,0.11099503189325333,0.0,0.11099503189325333,0.0,0.0,0.0,0.006959388875485528,2,
2018-06-25 18:00:00,117,0.37432554364204407,4.492179017014588e-17,0.06382250040769577,0.374325543642044,0.0,0.374325543642044,0.0,0.0,0.0,0.023890392161705295,2,
2018-06-25 19:00:00,117,0.35210055112838745,0.0,0.061969999223947525,0.35210055112838745,0.0,0.35210055112838745,0.0,0.0,0.0,0.021819670880177666,2,
2018-06-25 20:00:00,117,0.3373255431652069,0.0,0.057782500982284546,0.3373255431652069,0.0,0.3373255431652069,0.0,0.0,0.0,0.019491513529293236,2,
2018-06-25 21:00:00,117,0.27933305501937866,-0.0,0.054157499223947525,0.27933305501937866,0.0,0.27933305501937866,0.0,0.0,0.0,0.015127979710434891,2,
2018-06-25 22:00:00,117,0.2622166574001312,-0.0,0.05112500116229057,0.2622166574001312,0.0,0.2622166574001312,0.0,0.0,0.0,0.013405826914353658,2,
2018-06-25 23:00:00,117,0.15879277884960175,-0.0,0.05045749992132187,0.15879277884960175,0.0,0.15879277884960175,0.0,0.0,0.0,0.008012286626310261,2,
2018-06-26 00:00:00,117,0.15402305126190186,-0.0,0.05174750089645386,0.15402305126190186,0.0,0.15402305126190186,0.0,0.0,0.0,0.007970307983249825,2,
2018-06-26 01:00:00,117,0.14861638844013214,-0.0,0.05092500150203705,0.14861638844013214,0.0,0.14861638844013214,0.0,0.0,0.0,0.007568289804541051,2,
2018-06-26 02:00:00,117,0.13938194513320923,-0.0,0.05207499861717224,0.13938194513320923,0.0,0.13938194513320923,0.0,0.0,0.0,0.007258314600070648,2,
2018-06-26 03:00:00,117,0.14066000282764435,-0.0,0.05067500099539757,0.14066000282764435,0.0,0.14066000282764435,0.0,0.0,0.0,0.007127945783303502,2,
2018-06-26 04:00:00,117,0.1431536078453064,-0.0,0.050257500261068344,0.1431536078453064,0.0,0.1431536078453064,0.0,0.0,0.0,0.007194542483658362,2,
2018-06-26 05:00:00,117,0.15668749809265137,-0.0,0.051317501813173294,0.15668749809265137,0.0,0.15668749809265137,0.0,0.0,0.0,0.008040810967471224,2,
2018-06-26 06:00:00,117,0.22281360626220703,-0.0,0.0524275004863739,0.22281360626220703,0.0,0.22281360626220703,0.0,0.0,0.0,0.011681560450682582,2,
2018-06-26 07:00:00,117,0.48527777194976807,0.0,0.05459250137209892,0.48527777194976807,0.0,0.48527777194976807,0.0,0.0,0.0,0.02649252743101682,2,
2018-06-26 08:00:00,117,0.46094027161598206,0.0,0.060169998556375504,0.46094027161598206,0.0,0.46094027161598206,0.0,0.0,0.0,0.027734775477708973,2,
2018-06-26 09:00:00,117,0.3362416625022888,0.0,0.058570001274347305,0.3362416625022888,0.0,0.3362416625022888,0.0,0.0,0.0,0.019693674601247713,2,
2018-06-26 10:00:00,117,0.31549277901649475,0.0,0.054557498544454575,0.31549277901649475,0.0,0.31549277901649475,0.0,0.0,0.0,0.01721249683197834,2,
2018-06-26 11:00:00,117,0.39983445405960083,0.0,0.05112500116229057,0.39983445405960083,0.0,0.39983445405960083,0.0,0.0,0.0,0.02044153692852091,2,
2018-06-26 12:00:00,117,0.35103777050971985,0.04823680222034454,0.05209999904036522,0.3028009682893753,0.0,0.3028009682893753,0.0,0.0,0.0,0.015775930157298113,2,
2018-06-26 13:00:00,117,0.3016408383846283,0.056811392307281494,0.05243000015616417,0.2448294460773468,0.0,0.2448294460773468,0.0,0.0,0.0,0.01283640789606888,2,
2018-06-26 14:00:00,117,0.2911352813243866,0.0,0.052149999886751175,0.2911352813243866,0.0,0.2911352813243866,0.0,0.0,0.0,0.015182704888096032,2,
2018-06-26 15:00:00,117,0.28014612197875977,0.0,0.05781000107526779,0.28014612197875977,0.0,0.28014612197875977,0.0,0.0,0.0,0.016195247612824204,2,
2018-06-26 16:00:00,117,0.27155500650405884,0.0,0.06407249718904495,0.27155500650405884,0.0,0.27155500650405884,0.0,0.0,0.0,0.017399207390902394,2,
2018-06-26 17:00:00,117,0.2775447368621826,0.0,0.06570249795913696,0.2775447368621826,0.0,0.2775447368621826,0.0,0.0,0.0,0.01823538250725676,2,
2018-06-26 18:00:00,117,0.3698827922344208,0.0,0.06784500181674957,0.3698827922344208,0.0,0.3698827922344208,0.0,0.0,0.0,0.025094698711128682,2,
2018-06-26 19:00:00,117,0.37211111187934875,-0.0,0.06260249763727188,0.37211111187934875,0.0,0.37211111187934875,0.0,0.0,0.0,0.023295085002229543,2,
2018-06-26 20:00:00,117,0.3914130628108978,-0.0,0.06120250001549721,0.3914130628108978,0.0,0.3914130628108978,0.0,0.0,0.0,0.023955457982749784,2,
2018-06-26 21:00:00,117,0.413869172334671,-0.0,0.053062498569488525,0.413869172334671,0.0,0.413869172334671,0.0,0.0,0.0,0.02196093236496388,2,
2018-06-26 22:00:00,117,0.3380805552005768,-0.0,0.051739998161792755,0.3380805552005768,0.0,0.3380805552005768,0.0,0.0,0.0,0.017492287304615717,2,
2018-06-26 23:00:00,117,0.3320052921772003,-0.0,0.05396749824285507,0.3320052921772003,0.0,0.3320052921772003,0.0,0.0,0.0,0.017917495022191643,2,
2018-06-27 00:00:00,117,0.2972191572189331,-0.0,0.04949750006198883,0.2972191572189331,0.0,0.2972191572189331,0.0,0.0,0.0,0.01471160525286841,2,
2018-06-27 01:00:00,117,0.292508065700531,-0.0,0.04852500185370445,0.292508065700531,0.0,0.292508065700531,0.0,0.0,0.0,0.01419395443034177,2,
2018-06-27 02:00:00,117,0.2843383252620697,-0.0,0.04829249903559685,0.2843383252620697,0.0,0.2843383252620697,0.0,0.0,0.0,0.013731408298501724,2,
2018-06-27 03:00:00,117,0.28286221623420715,-0.0,0.048432499170303345,0.28286221623420715,0.0,0.28286221623420715,0.0,0.0,0.0,0.013699724053073403,2,
2018-06-27 04:00:00,117,0.28776806592941284,-0.0,0.047805000096559525,0.28776806592941284,0.0,0.28776806592941284,0.0,0.0,0.0,0.013756752419542329,2,
2018-06-27 05:00:00,117,1.0578608512878418,-0.0,0.04815249890089035,1.0578608512878418,0.0,1.0578608512878418,0.0,0.0,0.0,0.05093864347893273,2,
2018-06-27 06:00:00,117,0.5753697156906128,-0.0,0.048637498170137405,0.5753697156906128,0.0,0.5753697156906128,0.0,0.0,0.0,0.02798454349405466,2,
2018-06-27 07:00:00,117,0.45248112082481384,0.0,0.04886249825358391,0.45248112082481384,0.0,0.45248112082481384,0.0,0.0,0.0,0.022109357976082156,2,
2018-06-27 08:00:00,117,0.5255722403526306,0.0,0.04931750148534775,0.5255722403526306,0.0,0.5255722403526306,0.0,0.0,0.0,0.025919909744248404,2,
2018-06-27 09:00:00,117,0.16008055210113525,0.0,0.051454998552799225,0.16008055210113525,0.0,0.16008055210113525,0.0,0.0,0.0,0.008236944576695215,2,
2018-06-27 10:00:00,117,0.15910667181015015,0.0,0.050472501665353775,0.15910667181015015,0.0,0.15910667181015015,0.0,0.0,0.0,0.0080305117579067,2,
2018-06-27 11:00:00,117,0.1560038924217224,0.0,0.05035249888896942,0.1560038924217224,0.0,0.1560038924217224,0.0,0.0,0.0,0.007855185819839683,2,
2018-06-27 12:00:00,117,0.1548427790403366,0.0,0.050415001809597015,0.1548427790403366,0.0,0.1548427790403366,0.0,0.0,0.0,0.007806398985521601,2,
2018-06-27 13:00:00,117,0.155752494931221,0.0004960497026331723,0.04983250051736832,0.15525644522858784,0.0,0.15525644522858784,0.0,0.0,0.0,0.0077368168871783695,2,
2018-06-27 14:00:00,117,0.155731663107872,0.0,0.057429999113082886,0.155731663107872,0.0,0.155731663107872,0.0,0.0,0.0,0.008943669274164012,2,
2018-06-27 15:00:00,117,0.1835625022649765,0.0,0.05269499868154526,0.1835625022649765,0.0,0.1835625022649765,0.0,0.0,0.0,0.009672825814834085,2,
2018-06-27 16:00:00,117,0.22117888927459717,0.0,0.05466499924659729,0.22117888927459717,0.0,0.22117888927459717,0.0,0.0,0.0,0.01209074381555908,2,
2018-06-27 17:00:00,117,0.23039138317108154,0.0,0.058959998190402985,0.23039138317108154,0.0,0.23039138317108154,0.0,0.0,0.0,0.013583875534851408,2,
2018-06-27 18:00:00,117,0.22715139389038086,0.0,0.059187501668930054,0.22715139389038086,0.0,0.22715139389038086,0.0,0.0,0.0,0.013444523504986705,2,
2018-06-27 19:00:00,117,0.22657722234725952,-0.0,0.05554249882698059,0.22657722234725952,0.0,0.22657722234725952,0.0,0.0,0.0,0.012584665106443182,2,
2018-06-27 20:00:00,117,0.22346778213977814,-0.0,0.05064750090241432,0.22346778213977814,0.0,0.22346778213977814,0.0,0.0,0.0,0.01131808469758494,2,
2018-06-27 21:00:00,117,0.45316195487976074,-0.0,0.05077749863266945,0.45316195487976074,0.0,0.45316195487976074,0.0,0.0,0.0,0.023010430544284866,2,
2018-06-27 22:00:00,117,0.3484927713871002,-0.0,0.0501675009727478,0.3484927713871002,0.0,0.3484927713871002,0.0,0.0,0.0,0.017483011447557928,2,
2018-06-27 23:00:00,117,0.42846444249153137,-0.0,0.05158500000834465,0.42846444249153137,0.0,0.42846444249153137,0.0,0.0,0.0,0.022102338269501032,2,
2018-06-28 00:00:00,117,0.3306369483470917,-0.0,0.0492824986577034,0.3306369483470917,0.0,0.3306369483470917,0.0,0.0,0.0,0.016294614963102694,2,
2018-06-28 01:00:00,117,0.34040528535842896,-0.0,0.0402766652405262,0.34040528535842896,0.0,0.34040528535842896,0.0,0.0,0.0,0.013710389724487237,2,
2018-06-28 02:00:00,117,0.2905738949775696,-0.0,0.0403333343565464,0.2905738949775696,0.0,0.2905738949775696,0.0,0.0,0.0,0.011719814061414313,2,
2018-06-28 03:00:00,117,0.2823066711425781,-0.0,0.04622749984264374,0.2823066711425781,0.0,0.2823066711425781,0.0,0.0,0.0,0.013050331595820808,2,
2018-06-28 04:00:00,117,0.28604695200920105,-0.0,0.04757000133395195,0.28604695200920105,0.0,0.28604695200920105,0.0,0.0,0.0,0.013607253888650583,2,
2018-06-28 05:00:00,117,0.2983769476413727,-0.0,0.047325000166893005,0.2983769476413727,0.0,0.2983769476413727,0.0,0.0,0.0,0.014120689096924988,2,
2018-06-28 06:00:00,117,0.32164499163627625,-0.0,0.04881500080227852,0.32164499163627625,0.0,0.32164499163627625,0.0,0.0,0.0,0.015701100524773692,2,
2018-06-28 07:00:00,117,0.4277130663394928,0.0,0.049217499792575836,0.4277130663394928,0.0,0.4277130663394928,0.0,0.0,0.0,0.02105096775384596,2,
2018-06-28 08:00:00,117,0.4594513773918152,0.060693349689245224,0.046720001846551895,0.39875802770256996,0.0,0.39875802770256996,0.0,0.0,0.0,0.01862997579059146,2,
2018-06-28 09:00:00,117,0.49160251021385193,0.033400170505046844,0.02500000037252903,0.4582023397088051,0.0,0.4582023397088051,0.0,0.0,0.0,0.0114550586634138,2,
2018-06-28 10:00:00,117,0.3043110966682434,0.03923316299915314,0.05324250087141991,0.26507793366909027,0.0,0.26507793366909027,0.0,0.0,0.0,0.014113412114370727,2,
2018-06-28 11:00:00,117,0.20063111186027527,0.084023617208004,0.049594998359680176,0.11660749465227127,0.0,0.11660749465227127,0.0,0.0,0.0,0.0057831485060058085,2,
2018-06-28 12:00:00,117,0.24419055879116058,0.10337555408477783,0.0493599995970726,0.14081500470638275,0.0,0.14081500470638275,0.0,0.0,0.0,0.006950628575568829,2,
2018-06-28 13:00:00,117,0.18118028342723846,0.11021251976490021,0.05025250092148781,0.07096776366233826,0.0,0.07096776366233826,0.0,0.0,0.0,0.0035663076088375822,2,
2018-06-28 14:00:00,117,0.16358333826065063,0.1421671062707901,0.04970749840140343,0.021416231989860535,0.0,0.021416231989860535,0.0,0.0,0.0,0.0010645473174000775,2,
2018-06-28 15:00:00,117,0.24123333394527435,0.16747230291366577,0.052012499421834946,0.07376103103160858,0.0,0.07376103103160858,0.0,0.0,0.0,0.003836495583885491,2,
2018-06-28 16:00:00,117,0.23059000074863434,0.13358737528324127,0.05146250128746033,0.09700262546539307,0.0,0.09700262546539307,0.0,0.0,0.0,0.004991997737899823,2,
2018-06-28 17:00:00,117,0.22673721611499786,0.078760527074337,0.05319000035524368,0.14797668904066086,0.0,0.14797668904066086,0.0,0.0,0.0,0.007870880142640535,2,
2018-06-28 18:00:00,117,0.24406304955482483,3.750769423921674e-17,0.05431250110268593,0.2440630495548248,0.0,0.2440630495548248,0.0,0.0,0.0,0.013255674648071312,2,
2018-06-28 19:00:00,117,0.27349498867988586,0.0,0.05385249853134155,0.27349498867988586,0.0,0.27349498867988586,0.0,0.0,0.0,0.014728388476212828,2,
2018-06-28 20:00:00,117,0.26546111702919006,0.0,0.051569998264312744,0.26546111702919006,0.0,0.26546111702919006,0.0,0.0,0.0,0.013689829344437854,2,
2018-06-28 21:00:00,117,0.5750266909599304,0.0,0.05005250126123428,0.5750266909599304,0.0,0.5750266909599304,0.0,0.0,0.0,0.028781524174515294,2,
2018-06-28 22:00:00,117,0.39200055599212646,0.0,0.050132498145103455,0.39200055599212646,0.0,0.39200055599212646,0.0,0.0,0.0,0.019651967146154803,2,
2018-06-28 23:00:00,117,0.38523417711257935,-0.0,0.050497498363256454,0.38523417711257935,0.0,0.38523417711257935,0.0,0.0,0.0,0.019453362228212923,2,
2018-06-29 00:00:00,117,0.3575463891029358,-0.0,0.051032498478889465,0.3575463891029358,0.0,0.3575463891029358,0.0,0.0,0.0,0.01824648555802799,2,
2018-06-29 01:00:00,117,0.2969869375228882,-0.0,0.04983000084757805,0.2969869375228882,0.0,0.2969869375228882,0.0,0.0,0.0,0.014798859348485127,2,
2018-06-29 02:00:00,117,0.2860608398914337,-0.0,0.04946500062942505,0.2860608398914337,0.0,0.2860608398914337,0.0,0.0,0.0,0.014149999625283627,2,
2018-06-29 03:00:00,117,0.3117469549179077,-0.0,0.04726250097155571,0.3117469549179077,0.0,0.3117469549179077,0.0,0.0,0.0,0.014733940759687147,2,
2018-06-29 04:00:00,117,0.3301502764225006,-0.0,0.046982500702142715,0.3301502764225006,0.0,0.3301502764225006,0.0,0.0,0.0,0.015511285593832747,2,
2018-06-29 05:00:00,117,0.302923321723938,-0.0,0.047564998269081116,0.302923321723938,0.0,0.302923321723938,0.0,0.0,0.0,0.014408547273463412,2,
2018-06-29 06:00:00,117,0.3293052911758423,-0.0,0.04944249987602234,0.3293052911758423,0.0,0.3293052911758423,0.0,0.0,0.0,0.016281676818135082,2,
2018-06-29 07:00:00,117,0.3453994393348694,0.0,0.05091249942779541,0.3453994393348694,0.0,0.3453994393348694,0.0,0.0,0.0,0.017585148757497393,2,
2018-06-29 08:00:00,117,0.4622219502925873,0.0,0.053027499467134476,0.4622219502925873,0.0,0.4622219502925873,0.0,0.0,0.0,0.02451047422283803,2,
2018-06-29 09:00:00,117,1.8575550317764282,0.0,0.052252501249313354,1.8575550317764282,0.0,1.8575550317764282,0.0,0.0,0.0,0.09706189661856612,2,
2018-06-29 10:00:00,117,0.7238755822181702,0.0,0.049959998577833176,0.7238755822181702,0.0,0.7238755822181702,0.0,0.0,0.0,0.036164823058147944,2,
2018-06-29 11:00:00,117,0.9767669439315796,0.0,0.04818499833345413,0.9767669439315796,0.0,0.9767669439315796,0.0,0.0,0.0,0.04706551356551625,2,
2018-06-29 12:00:00,117,1.2872828245162964,0.0,0.048695001751184464,1.2872828245162964,0.0,1.2872828245162964,0.0,0.0,0.0,0.06268423939409073,2,
2018-06-29 13:00:00,117,0.6034397482872009,0.0,0.04763749986886978,0.6034397482872009,0.0,0.6034397482872009,0.0,0.0,0.0,0.028746360929902348,2,
2018-06-29 14:00:00,117,0.3939652740955353,0.0,0.047605000436306,0.3939652740955353,0.0,0.3939652740955353,0.0,0.0,0.0,0.01875471704520737,2,
2018-06-29 15:00:00,117,0.4761538803577423,0.0,0.050222501158714294,0.4761538803577423,0.0,0.4761538803577423,0.0,0.0,0.0,0.02391363880799302,2,
2018-06-29 16:00:00,117,0.40421250462532043,0.0,0.050255000591278076,0.40421250462532043,0.0,0.40421250462532043,0.0,0.0,0.0,0.02031369965894747,2,
2018-06-29 17:00:00,117,0.39739084243774414,0.0,0.05328749865293503,0.39739084243774414,0.0,0.39739084243774414,0.0,0.0,0.0,0.021175963981090007,2,
2018-06-29 18:00:00,117,0.4743933379650116,0.0,0.05460000038146973,0.4743933379650116,0.0,0.4743933379650116,0.0,0.0,0.0,0.02590187643385633,2,
2018-06-29 19:00:00,117,0.7861502766609192,-0.0,0.05335500091314316,0.7861502766609192,0.0,0.7861502766609192,0.0,0.0,0.0,0.04194504872911109,2,
2018-06-29 20:00:00,117,0.3575138747692108,-0.0,0.05114249885082245,0.3575138747692108,0.0,0.3575138747692108,0.0,0.0,0.0,0.018284152929537445,2,
2018-06-29 21:00:00,117,0.3309241533279419,-0.0,0.050895001739263535,0.3309241533279419,0.0,0.3309241533279419,0.0,0.0,0.0,0.016842385359189915,2,
2018-06-29 22:00:00,117,0.3267391622066498,-0.0,0.050905000418424606,0.3267391622066498,0.0,0.3267391622066498,0.0,0.0,0.0,0.016632657188845212,2,
2018-06-29 23:00:00,117,0.22069194912910461,-0.0,0.050964999943971634,0.22069194912910461,0.0,0.22069194912910461,0.0,0.0,0.0,0.011247565174999807,2,
2018-06-30 00:00:00,117,0.18086417019367218,-0.0,0.04900500178337097,0.18086417019367218,0.0,0.18086417019367218,0.0,0.0,0.0,0.008863248982888816,2,
2018-06-30 01:00:00,117,0.1737905591726303,-0.0,0.04703750088810921,0.1737905591726303,0.0,0.1737905591726303,0.0,0.0,0.0,0.008174673581427594,2,
2018-06-30 02:00:00,117,0.16219110786914825,-0.0,0.046424999833106995,0.16219110786914825,0.0,0.16219110786914825,0.0,0.0,0.0,0.007529722155756646,2,
2018-06-30 03:00:00,117,0.15998722612857819,-0.0,0.04562750086188316,0.15998722612857819,0.0,0.15998722612857819,0.0,0.0,0.0,0.007299817298071998,2,
2018-06-30 04:00:00,117,0.16028249263763428,-0.0,0.04553249850869179,0.16028249263763428,0.0,0.16028249263763428,0.0,0.0,0.0,0.007298062356992485,2,
2018-06-30 05:00:00,117,0.16906027495861053,-0.0,0.04580000042915344,0.16906027495861053,0.0,0.16906027495861053,0.0,0.0,0.0,0.0077429606656571615,2,
2018-06-30 06:00:00,117,0.16522833704948425,-0.0,0.044107500463724136,0.16522833704948425,0.0,0.16522833704948425,0.0,0.0,0.0,0.007287808953030495,2,
2018-06-30 07:00:00,117,0.16662611067295074,0.0,0.04839250072836876,0.16662611067295074,0.0,0.16662611067295074,0.0,0.0,0.0,0.008063454182106022,2,
2018-06-30 08:00:00,117,0.18157082796096802,0.0,0.052365001291036606,0.18157082796096802,0.0,0.18157082796096802,0.0,0.0,0.0,0.009507956640590676,2,
2018-06-30 09:00:00,117,0.18304471671581268,0.0,0.054409999400377274,0.18304471671581268,0.0,0.18304471671581268,0.0,0.0,0.0,0.009959462926749596,2,
2018-06-30 10:00:00,117,0.16520361602306366,0.0,0.053747501224279404,0.16520361602306366,0.0,0.16520361602306366,0.0,0.0,0.0,0.008879281554454999,2,
2018-06-30 11:00:00,117,0.16302360594272614,0.0,0.049447499215602875,0.16302360594272614,0.0,0.16302360594272614,0.0,0.0,0.0,0.008061109626977703,2,
2018-06-30 12:00:00,117,0.16847027838230133,0.0,0.04923750087618828,0.16847027838230133,0.0,0.16847027838230133,0.0,0.0,0.0,0.008295055479460245,2,
2018-06-30 13:00:00,117,0.375047504901886,0.0,0.04777250066399574,0.375047504901886,0.0,0.375047504901886,0.0,0.0,0.0,0.017916957176955295,2,
2018-06-30 14:00:00,117,0.453582227230072,0.0,0.047987498342990875,0.453582227230072,0.0,0.453582227230072,0.0,0.0,0.0,0.021766276377613192,2,
2018-06-30 15:00:00,117,0.4050324857234955,0.0,0.05079749971628189,0.4050324857234955,0.0,0.4050324857234955,0.0,0.0,0.0,0.02057463757862421,2,
2018-06-30 16:00:00,117,0.2683669328689575,0.0,0.05177000164985657,0.2683669328689575,0.0,0.2683669328689575,0.0,0.0,0.0,0.013893356557392877,2,
2018-06-30 17:00:00,117,0.22237665951251984,0.0,0.05460749939084053,0.22237665951251984,0.0,0.22237665951251984,0.0,0.0,0.0,0.012143433298867079,2,
2018-06-30 18:00:00,117,0.20742611587047577,3.3865700720207012e-18,0.05747250095009804,0.20742611587047577,0.0,0.20742611587047577,0.0,0.0,0.0,0.011921297641441064,2,
2018-06-30 19:00:00,117,0.2529594302177429,-0.0,0.057887498289346695,0.2529594302177429,0.0,0.2529594302177429,0.0,0.0,0.0,0.014643188584003708,2,
2018-06-30 20:00:00,117,0.3580488860607147,-0.0,0.05838499963283539,0.3580488860607147,0.0,0.3580488860607147,0.0,0.0,0.0,0.02090468408119195,2,
2018-06-30 21:00:00,117,0.36705249547958374,-0.0,0.05532250180840492,0.36705249547958374,0.0,0.36705249547958374,0.0,0.0,0.0,0.02030626234494881,2,
2018-06-30 22:00:00,117,0.35189443826675415,-0.0,0.05423999950289726,0.35189443826675415,0.0,0.35189443826675415,0.0,0.0,0.0,0.019086754156661057,2,
2018-06-30 23:00:00,117,0.3462350070476532,-0.0,0.05415999889373779,0.3462350070476532,0.0,0.3462350070476532,0.0,0.0,0.0,0.018752087598674194,2,"{'r': -5.033513, 'l': 401, 't': 0.532342}"
2018-06-02 15:00:00,118,0.0,0.0,0.050187498331069946,0.0,1.5,0.0,-0.0,-0.0,0.0,0.0,2,
2018-06-02 16:00:00,118,0.0,0.0,0.05040249973535538,0.0,1.5,0.0,-0.0,-0.0,0.0,0.0,2,
2018-06-02 17:00:00,118,0.0,0.0,0.057202499359846115,0.0,1.5,0.0,-0.0,-0.0,0.0,0.0,2,
2018-06-02 18:00:00,118,0.0,0.0,0.060327500104904175,0.0,1.5,0.0,-0.0,-0.0,0.0,0.0,2,
2018-06-02 19:00:00,118,0.0,-0.0,0.060087498277425766,0.0,1.5,0.0,-0.0,-0.0,0.0,0.0,2,
2018-06-02 20:00:00,118,0.0,-0.0,0.059152498841285706,0.0,1.5,0.0,-0.0,-0.0,0.0,0.0,2,
2018-06-02 21:00:00,118,0.0,-0.0,0.05760499835014343,0.0,1.5,0.0,-0.0,-0.0,0.0,0.0,2,
2018-06-02 22:00:00,118,0.0,-0.0,0.05614500120282173,0.0,1.5,0.0,-0.0,-0.0,0.0,0.0,2,
2018-06-02 23:00:00,118,0.0,-0.0,0.054694999009370804,0.0,1.5,0.0,-0.0,-0.0,0.0,0.0,2,
2018-06-03 00:00:00,118,0.0,-0.0,0.051739998161792755,0.0,1.5,0.0,-0.0,-0.0,0.0,0.0,2,
2018-06-03 01:00:00,118,0.0,-0.0,0.050977498292922974,0.0,1.5,0.0,-0.0,-0.0,0.0,0.0,2,
2018-06-03 02:00:00,118,0.0,-0.0,0.05000000074505806,0.0,1.5,0.0,-0.0,-0.0,0.0,0.0,2,
2018-06-03 03:00:00,118,0.0,-0.0,0.04847250133752823,0.0,1.5,0.0,-0.0,-0.0,0.0,0.0,2,
2018-06-03 04:00:00,118,0.0,-0.0,0.04826999828219414,0.0,1.5,0.0,-0.0,-0.0,0.0,0.0,2,
2018-06-03 05:00:00,118,0.0,-0.0,0.0476825013756752,0.0,1.5,0.0,-0.0,-0.0,0.0,0.0,2,
2018-06-03 06:00:00,118,0.0,-0.0,0.04826749861240387,0.0,1.5,0.0,-0.0,-0.0,0.0,0.0,2,
2018-06-03 07:00:00,118,0.0,0.0,0.04912000149488449,0.0,1.5,0.0,-0.0,-0.0,0.0,0.0,2,
2018-06-03 08:00:00,118,0.0,0.0,0.04978499934077263,0.0,1.5,0.0,-0.0,-0.0,0.0,0.0,2,
2018-06-03 09:00:00,118,0.0,0.0,0.05332000181078911,0.0,1.5,0.0,-0.0,-0.0,0.0,0.0,2,
2018-06-03 10:00:00,118,0.0,0.0,0.0542449988424778,0.0,1.5,0.0,-0.0,-0.0,0.0,0.0,2,
2018-06-03 11:00:00,118,0.0,0.0,0.05497249960899353,0.0,1.5,0.0,-0.0,-0.0,0.0,0.0,2,
2018-06-03 12:00:00,118,0.0,0.0,0.056060001254081726,0.0,1.5,0.0,-0.0,-0.0,0.0,0.0,2,
2018-06-03 13:00:00,118,0.10895166546106339,0.0,0.05440250039100647,0.10895166546106339,1.3853140363567753,0.0,-0.0,-0.0,0.10895166546106339,0.00010895166546106339,2,
2018-06-03 14:00:00,118,0.26824861764907837,0.0,0.05290500074625015,0.26824861764907837,1.102947070410377,0.0,-0.0,-0.0,0.26824861764907837,0.0002682486176490784,2,
2018-06-03 15:00:00,118,0.3782863914966583,0.0,0.05233500152826309,0.3782863914966583,0.7047508688349471,0.0,-0.0,-0.0,0.3782863914966583,0.0003782863914966583,2,
2018-06-03 16:00:00,118,0.06654277443885803,0.0,0.05525749921798706,0.06654277443885803,0.6347058431098334,0.0,-0.0,-0.0,0.06654277443885803,6.654277443885803e-05,2,
2018-06-03 17:00:00,118,1.256421446800232,0.0,0.06027749925851822,1.256421446800232,0.0,0.6534508958458902,0.0,0.0,0.6029705509543417,0.039991356440783055,2,
2018-06-03 18:00:00,118,2.2372775077819824,0.0,0.06059499830007553,2.2372775077819824,0.0,2.2372775077819824,0.0,0.0,0.0,0.13556782678084645,2,
2018-06-03 19:00:00,118,0.30446749925613403,-0.0,0.06268499791622162,0.30446749925613403,0.0,0.30446749925613403,0.0,0.0,0.0,0.01908554455642797,2,
2018-06-03 20:00:00,118,0.5041564106941223,-0.0,0.06225749850273132,0.5041564106941223,0.0,0.5041564106941223,0.0,0.0,0.0,0.03138751698393172,2,
2018-06-03 21:00:00,118,0.2911244332790375,-0.0,0.06206750124692917,0.2911244332790375,0.0,0.2911244332790375,0.0,0.0,0.0,0.018069366125558206,2,
2018-06-03 22:00:00,118,0.2774502635002136,-0.0,0.05896250158548355,0.2774502635002136,0.0,0.2774502635002136,0.0,0.0,0.0,0.016359161601524175,2,
2018-06-03 23:00:00,118,0.10793861001729965,-0.0,0.05486749857664108,0.10793861001729965,0.0,0.10793861001729965,0.0,0.0,0.0,0.005922321531488806,2,
2018-06-04 00:00:00,118,0.08470416814088821,-0.0,0.04946500062942505,0.08470416814088821,0.0,0.08470416814088821,0.0,0.0,0.0,0.004189891730403961,2,
2018-06-04 01:00:00,118,0.08164499700069427,-0.0,0.04976499825716019,0.08164499700069427,0.0,0.08164499700069427,0.0,0.0,0.0,0.004063063133445399,2,
2018-06-04 02:00:00,118,0.06804194301366806,-0.0,0.04958749935030937,0.06804194301366806,0.0,0.06804194301366806,0.0,0.0,0.0,0.0033740298049840522,2,
2018-06-04 03:00:00,118,0.06530722230672836,-0.0,0.04784249886870384,0.06530722230672836,0.0,0.06530722230672836,0.0,0.0,0.0,0.003124460709327842,2,
2018-06-04 04:00:00,118,0.06662694364786148,-0.0,0.04735250025987625,0.06662694364786148,0.0,0.06662694364786148,0.0,0.0,0.0,0.003154952366400121,2,
2018-06-04 05:00:00,118,0.07063305377960205,-0.0,0.050085000693798065,0.07063305377960205,0.0,0.07063305377960205,0.0,0.0,0.0,0.0035376565475564448,2,
2018-06-04 06:00:00,118,0.399723619222641,-0.0,0.05023999884724617,0.399723619222641,0.0,0.399723619222641,0.0,0.0,0.0,0.02008211416896255,2,
2018-06-04 07:00:00,118,0.26231083273887634,0.0,0.053394999355077744,0.26231083273887634,0.0,0.26231083273887634,0.0,0.0,0.0,0.014006086744922208,2,
2018-06-04 08:00:00,118,0.06942889094352722,0.0,0.05283749848604202,0.06942889094352722,0.0,0.06942889094352722,0.0,0.0,0.0,0.0036684489201161963,2,
2018-06-04 09:00:00,118,0.0647258311510086,0.0,0.05352500081062317,0.0647258311510086,0.0,0.0647258311510086,0.0,0.0,0.0,0.003464450164825994,2,
2018-06-04 10:00:00,118,0.06540277600288391,0.0,0.05402500182390213,0.06540277600288391,0.0,0.06540277600288391,0.0,0.0,0.0,0.0035333850928440658,2,
2018-06-04 11:00:00,118,0.0649905577301979,0.0,0.0533749982714653,0.0649905577301979,0.0,0.0649905577301979,0.0,0.0,0.0,0.003468870906510879,2,
2018-06-04 12:00:00,118,0.0717441663146019,0.0,0.05249999836087227,0.0717441663146019,0.0,0.0717441663146019,0.0,0.0,0.0,0.003766568613918747,2,
2018-06-04 13:00:00,118,0.07767138630151749,0.0,0.05204499885439873,0.07767138630151749,0.0,0.07767138630151749,0.0,0.0,0.0,0.004042407211082039,2,
2018-06-04 14:00:00,118,0.0774972215294838,0.0,0.0513250008225441,0.0774972215294838,0.0,0.0774972215294838,0.0,0.0,0.0,0.003977544958745638,2,
2018-06-04 15:00:00,118,0.06652222573757172,0.0,0.053394999355077744,0.06652222573757172,0.0,0.06652222573757172,0.0,0.0,0.0,0.003551954200355978,2,
2018-06-04 16:00:00,118,0.06585222482681274,0.0,0.06341499835252762,0.06585222482681274,0.0,0.06585222482681274,0.0,0.0,0.0,0.0041760187289026085,2,
2018-06-04 17:00:00,118,0.06563805788755417,0.0,0.06720999628305435,0.06563805788755417,0.0,0.06563805788755417,0.0,0.0,0.0,0.004411533626649422,2,
2018-06-04 18:00:00,118,0.06700305640697479,0.0,0.06165999919176102,0.06700305640697479,0.0,0.06700305640697479,0.0,0.0,0.0,0.0041314084038995835,2,
2018-06-04 19:00:00,118,0.06842305511236191,-0.0,0.053222499787807465,0.06842305511236191,0.0,0.06842305511236191,0.0,0.0,0.0,0.00364164603619882,2,
2018-06-04 20:00:00,118,0.11685249954462051,-0.0,0.05231500044465065,0.11685249954462051,0.0,0.11685249954462051,0.0,0.0,0.0,0.006113138565635362,2,
2018-06-04 21:00:00,118,0.24833944439888,-0.0,0.0528549998998642,0.24833944439888,0.0,0.24833944439888,0.0,0.0,0.0,0.013125981308835133,2,
2018-06-04 22:00:00,118,0.09066861122846603,-0.0,0.05166250094771385,0.09066861122846603,0.0,0.09066861122846603,0.0,0.0,0.0,0.004684167213518525,2,
2018-06-04 23:00:00,118,0.08065583556890488,-0.0,0.05228250101208687,0.08065583556890488,0.0,0.08065583556890488,0.0,0.0,0.0,0.004216888804761981,2,
2018-06-05 00:00:00,118,0.07995083183050156,-0.0,0.04881250113248825,0.07995083183050156,0.0,0.07995083183050156,0.0,0.0,0.0,0.003902600069269735,2,
2018-06-05 01:00:00,118,0.07182805240154266,-0.0,0.04949000105261803,0.07182805240154266,0.0,0.07182805240154266,0.0,0.0,0.0,0.003554770388959849,2,
2018-06-05 02:00:00,118,0.06911444664001465,-0.0,0.04967749863862991,0.06911444664001465,0.0,0.06911444664001465,0.0,0.0,0.0,0.0034334328288689875,2,
2018-06-05 03:00:00,118,0.06826639175415039,-0.0,0.0481100007891655,0.06826639175415039,0.0,0.06826639175415039,0.0,0.0,0.0,0.0032842961611656563,2,
2018-06-05 04:00:00,118,0.06948194652795792,-0.0,0.04698750004172325,0.06948194652795792,0.0,0.06948194652795792,0.0,0.0,0.0,0.0032647829653814353,2,
2018-06-05 05:00:00,118,0.08402444422245026,0.0,0.04633999988436699,0.08402444422245026,0.0,0.08402444422245026,0.0,0.0,0.0,0.0038936927355523454,2,
2018-06-05 06:00:00,118,0.08463555574417114,-0.0,0.05099499970674515,0.08463555574417114,0.0,0.08463555574417114,0.0,0.0,0.0,0.00431599014035422,2,
2018-06-05 07:00:00,118,0.12220638990402222,0.0,0.05681750178337097,0.12220638990402222,0.0,0.12220638990402222,0.0,0.0,0.0,0.006943461776311111,2,
2018-06-05 08:00:00,118,0.0707777813076973,0.0,0.05791499838232994,0.0707777813076973,0.0,0.0707777813076973,0.0,0.0,0.0,0.004099095089940191,2,
2018-06-05 09:00:00,118,0.06759805232286453,0.02996920980513096,0.05696000158786774,0.037628842517733574,0.0,0.037628842517733574,0.0,0.0,0.0,0.0021433389295597294,2,
2018-06-05 10:00:00,118,0.06628388911485672,0.054514750838279724,0.0578249990940094,0.011769138276576996,0.0,0.011769138276576996,0.0,0.0,0.0,0.0006805504101803361,2,
2018-06-05 11:00:00,118,0.06718472391366959,0.1274232566356659,0.05542749911546707,-0.06023853272199631,0.0,0.0,0.06023853272199631,0.06023853272199631,0.0,0.0,2,
2018-06-05 12:00:00,118,0.06735750287771225,0.1192813292145729,0.05448000133037567,-0.05192382633686066,0.0,0.0,0.05192382633686066,0.05192382633686066,0.0,0.0,2,
2018-06-05 13:00:00,118,0.070550836622715,0.11573132127523422,0.05328249931335449,-0.045180484652519226,0.0,0.0,0.045180484652519226,0.045180484652519226,0.0,0.0,2,
2018-06-05 14:00:00,118,0.07784833014011383,0.07843084633350372,0.05240749940276146,-0.0005825161933898926,0.0,0.0,0.0005825161933898926,0.0005825161933898926,0.0,0.0,2,
2018-06-05 15:00:00,118,0.07606277614831924,0.019000889733433723,0.052322499454021454,0.05706188641488552,0.0,0.05706188641488552,0.0,0.0,0.0,0.002985620520788282,2,
2018-06-05 16:00:00,118,0.06520138680934906,0.05669655278325081,0.05272499844431877,0.008504834026098251,0.0,0.008504834026098251,0.0,0.0,0.0,0.00044841736079521965,2,
2018-06-05 17:00:00,118,0.06867222487926483,0.01354286726564169,0.05483249947428703,0.05512935761362314,0.0,0.05512935761362314,0.0,0.0,0.0,0.003022880472366773,2,
2018-06-05 18:00:00,118,0.3376150131225586,5.1498279704081376e-18,0.05521500110626221,0.3376150131225586,0.0,0.3376150131225586,0.0,0.0,0.0,0.018641413323052802,2,
2018-06-05 19:00:00,118,0.2699088752269745,0.0,0.054112501442432404,0.2699088752269745,0.0,0.2699088752269745,0.0,0.0,0.0,0.014605444400044965,2,
2018-06-05 20:00:00,118,0.3030891716480255,-0.0,0.052857499569654465,0.3030891716480255,0.0,0.3030891716480255,0.0,0.0,0.0,0.016020535759952437,2,
2018-06-05 21:00:00,118,0.2791277766227722,-0.0,0.052262499928474426,0.2791277766227722,0.0,0.2791277766227722,0.0,0.0,0.0,0.014587915405782859,2,
2018-06-05 22:00:00,118,1.3736906051635742,-0.0,0.051660001277923584,1.3736906051635742,0.0,1.3736906051635742,0.0,0.0,0.0,0.07096485841822187,2,
2018-06-05 23:00:00,118,0.07417944073677063,-0.0,0.05312250182032585,0.07417944073677063,0.0,0.07417944073677063,0.0,0.0,0.0,0.003940597475569851,2,
2018-06-06 00:00:00,118,0.06660305708646774,-0.0,0.050200000405311584,0.06660305708646774,0.0,0.06660305708646774,0.0,0.0,0.0,0.0033434734927356713,2,
2018-06-06 01:00:00,118,0.06829027831554413,-0.0,0.04902249947190285,0.06829027831554413,0.0,0.06829027831554413,0.0,0.0,0.0,0.0033477601326598605,2,
2018-06-06 02:00:00,118,0.06730583310127258,-0.0,0.04872250184416771,0.06730583310127258,0.0,0.06730583310127258,0.0,0.0,0.0,0.0032793085773999975,2,
2018-06-06 03:00:00,118,0.06829778105020523,-0.0,0.047074999660253525,0.06829778105020523,0.0,0.06829778105020523,0.0,0.0,0.0,0.003215118019734481,2,
2018-06-06 04:00:00,118,0.06979277729988098,-0.0,0.04687749966979027,0.06979277729988098,0.0,0.06979277729988098,0.0,0.0,0.0,0.0032717108948289164,2,
2018-06-06 05:00:00,118,0.07063444703817368,-0.0,0.048512499779462814,0.07063444703817368,0.0,0.07063444703817368,0.0,0.0,0.0,0.0034266535963618783,2,
2018-06-06 06:00:00,118,0.08489944785833359,-0.0,0.050725001841783524,0.08489944785833359,0.0,0.08489944785833359,0.0,0.0,0.0,0.0043065246489803755,2,
2018-06-06 07:00:00,118,0.1440024971961975,0.0,0.05178999900817871,0.1440024971961975,0.0,0.1440024971961975,0.0,0.0,0.0,0.007457889186966327,2,
2018-06-06 08:00:00,118,0.0750386118888855,0.0,0.05245000123977661,0.0750386118888855,0.0,0.0750386118888855,0.0,0.0,0.0,0.00393577528660316,2,
2018-06-06 09:00:00,118,0.07314471900463104,0.06612522155046463,0.051692500710487366,0.007019497454166412,0.0,0.007019497454166412,0.0,0.0,0.0,0.0003628553771367615,2,
2018-06-06 10:00:00,118,0.06806249916553497,0.09788317233324051,0.05288749933242798,-0.029820673167705536,0.0,0.0,0.029820673167705536,0.029820673167705536,0.0,0.0,2,
2018-06-06 11:00:00,118,0.06692444533109665,0.04323507100343704,0.05243000015616417,0.023689374327659607,0.0,0.023689374327659607,0.0,0.0,0.0,0.0012420338996986247,2,
2018-06-06 12:00:00,118,0.06563027948141098,2.898693323135376,0.02500000037252903,-2.833063043653965,1.4249999999999998,0.0,1.333063043653965,1.333063043653965,1.5,0.0015,0,
2018-06-06 13:00:00,118,0.06467500329017639,0.1548648327589035,0.04177999868988991,-0.09018982946872711,1.4249999999999998,0.0,0.09018982946872711,0.09018982946872711,0.0,0.0,2,
2018-06-06 14:00:00,118,0.06439860910177231,0.15699923038482666,0.05006000027060509,-0.09260062128305435,1.4249999999999998,0.0,0.09260062128305435,0.09260062128305435,0.0,0.0,2,
2018-06-06 15:00:00,118,0.07775194197893143,0.1356973648071289,0.05409500002861023,-0.05794542282819748,1.4249999999999998,0.0,0.05794542282819748,0.05794542282819748,0.0,0.0,2,
2018-06-06 16:00:00,118,0.07984888553619385,0.08383508771657944,0.054167501628398895,-0.00398620218038559,1.4249999999999998,0.0,0.00398620218038559,0.00398620218038559,0.0,0.0,2,
2018-06-06 17:00:00,118,0.0641511082649231,0.030676741153001785,0.0549824982881546,0.03347436711192131,1.3897638240927142,0.0,-0.0,-0.0,0.03347436711192131,3.347436711192131e-05,2,
2018-06-06 18:00:00,118,0.26277804374694824,1.1443516033440329e-17,0.05668500065803528,0.26277804374694824,1.1131553569906634,0.0,-0.0,-0.0,0.26277804374694824,0.00026277804374694825,2,
2018-06-06 19:00:00,118,0.3366861045360565,0.0,0.05708250030875206,0.3366861045360565,0.7587489311632354,0.0,-0.0,-0.0,0.3366861045360565,0.0003366861045360565,2,
2018-06-06 20:00:00,118,0.3666036128997803,0.0,0.05393499881029129,0.3666036128997803,0.3728503912687298,0.0,-0.0,-0.0,0.3666036128997803,0.00036660361289978026,2,
2018-06-06 21:00:00,118,0.14179778099060059,-0.0,0.0532350018620491,0.14179778099060059,0.22358956917336079,0.0,-0.0,-0.0,0.14179778099060059,0.0001417977809906006,2,
2018-06-06 22:00:00,118,0.11297972500324249,-0.0,0.05176499858498573,0.11297972500324249,0.10466354285415816,0.0,-0.0,-0.0,0.11297972500324249,0.00011297972500324249,2,
2018-06-06 23:00:00,118,0.0660252794623375,-0.0,0.054910000413656235,0.0660252794623375,0.03516324868327658,0.0,-0.0,-0.0,0.0660252794623375,6.60252794623375e-05,2,
2018-06-07 00:00:00,118,0.06531305611133575,-0.0,0.05056000128388405,0.06531305611133575,0.0,0.031907969862223,0.0,0.0,0.03340508624911275,0.0016466720834492413,2,
2018-06-07 01:00:00,118,0.07882083207368851,-0.0,0.04975000023841858,0.07882083207368851,0.0,0.07882083207368851,0.0,0.0,0.0,0.003921336414458354,2,
2018-06-07 02:00:00,118,0.0835452750325203,-0.0,0.04926750063896179,0.0835452750325203,0.0,0.0835452750325203,0.0,0.0,0.0,0.004116066891046932,2,
2018-06-07 03:00:00,118,0.0727180540561676,-0.0,0.048420000821352005,0.0727180540561676,0.0,0.0727180540561676,0.0,0.0,0.0,0.003521008237126755,2,
2018-06-07 04:00:00,118,0.07175277918577194,-0.0,0.04903249815106392,0.07175277918577194,0.0,0.07175277918577194,0.0,0.0,0.0,0.0035182180127600604,2,
2018-06-07 05:00:00,118,0.0816141664981842,-0.0,0.04996750131249428,0.0816141664981842,0.0,0.0816141664981842,0.0,0.0,0.0,0.004078055971616146,2,
2018-06-07 06:00:00,118,0.08645694702863693,-0.0,0.0520625002682209,0.08645694702863693,0.0,0.08645694702863693,0.0,0.0,0.0,0.0045011648278679706,2,
2018-06-07 07:00:00,118,0.14259806275367737,0.0,0.05355750024318695,0.14259806275367737,0.0,0.14259806275367737,0.0,0.0,0.0,0.007637195780608064,2,
2018-06-07 08:00:00,118,0.0736352801322937,0.0,0.056894998997449875,0.0736352801322937,0.0,0.0736352801322937,0.0,0.0,0.0,0.004189479189303791,2,
2018-06-07 09:00:00,118,0.06707888841629028,0.0,0.053495001047849655,0.06707888841629028,0.0,0.06707888841629028,0.0,0.0,0.0,0.003588385206118039,2,
2018-06-07 10:00:00,118,0.06838222593069077,0.0,0.05241750180721283,0.06838222593069077,0.0,0.06838222593069077,0.0,0.0,0.0,0.003584425451303219,2,
2018-06-07 11:00:00,118,0.06875111162662506,0.0,0.05137249827384949,0.06875111162662506,0.0,0.06875111162662506,0.0,0.0,0.0,0.0035319163633640294,2,
2018-06-07 12:00:00,118,0.0702633336186409,2.0612423419952393,0.051865000277757645,-1.9909790083765984,1.4249999999999998,0.0,0.49097900837659836,0.49097900837659836,1.5,0.0015,0,
2018-06-07 13:00:00,118,0.07080833613872528,0.10482694208621979,0.05172999948263168,-0.03401860594749451,1.4249999999999998,0.0,0.03401860594749451,0.03401860594749451,0.0,0.0,2,
2018-06-07 14:00:00,118,0.07812750339508057,0.11642547696828842,0.05203000083565712,-0.038297973573207855,1.4249999999999998,0.0,0.038297973573207855,0.038297973573207855,0.0,0.0,2,
2018-06-07 15:00:00,118,0.07866166532039642,0.11148050427436829,0.059027500450611115,-0.03281883895397186,1.4249999999999998,0.0,0.03281883895397186,0.03281883895397186,0.0,0.0,2,
2018-06-07 16:00:00,118,0.07286083698272705,0.0628218948841095,0.062185000628232956,0.010038942098617554,1.4144326925277708,0.0,-0.0,-0.0,0.010038942098617554,1.0038942098617554e-05,2,
2018-06-07 17:00:00,118,0.06747555732727051,0.025589941069483757,0.06364750117063522,0.04188561625778675,1.3703425701511531,0.0,-0.0,-0.0,0.04188561625778675,4.1885616257786754e-05,2,
2018-06-07 18:00:00,118,0.06557277590036392,5.511594584127592e-18,0.06437250226736069,0.06557277590036392,1.301318595519191,0.0,-0.0,-0.0,0.06557277590036392,6.557277590036393e-05,2,
2018-06-07 19:00:00,118,0.06789000332355499,0.0,0.05739250034093857,0.06789000332355499,1.2298554341259753,0.0,-0.0,-0.0,0.06789000332355499,6.789000332355499e-05,2,
2018-06-07 20:00:00,118,0.06883055716753006,-0.0,0.05435999855399132,0.06883055716753006,1.1574022160548911,0.0,-0.0,-0.0,0.06883055716753006,6.883055716753007e-05,2,
2018-06-07 21:00:00,118,1.8096050024032593,-0.0,0.05449749901890755,1.8096050024032593,0.0,0.7100728971511128,0.0,0.0,1.0995321052521465,0.03979672912109775,2,
2018-06-07 22:00:00,118,0.14064083993434906,-0.0,0.05269249901175499,0.14064083993434906,0.0,0.14064083993434906,0.0,0.0,0.0,0.0074107173192530795,2,
2018-06-07 23:00:00,118,0.06959444284439087,-0.0,0.05046999827027321,0.06959444284439087,0.0,0.06959444284439087,0.0,0.0,0.0,0.003512431409977035,2,
2018-06-08 00:00:00,118,0.10529416799545288,-0.0,0.05101250112056732,0.10529416799545288,0.0,0.10529416799545288,0.0,0.0,0.0,0.005371318862857244,2,
2018-06-08 01:00:00,118,0.09536111354827881,-0.0,0.05076000094413757,0.09536111354827881,0.0,0.09536111354827881,0.0,0.0,0.0,0.004840530213744643,2,
2018-06-08 02:00:00,118,0.062009721994400024,-0.0,0.0504475012421608,0.062009721994400024,0.0,0.062009721994400024,0.0,0.0,0.0,0.003128235527338541,2,
2018-06-08 03:00:00,118,0.07061360776424408,-0.0,0.05032249912619591,0.07061360776424408,0.0,0.07061360776424408,0.0,0.0,0.0,0.0035534532150137133,2,
2018-06-08 04:00:00,118,0.10128777474164963,-0.0,0.05017999932169914,0.10128777474164963,0.0,0.10128777474164963,0.0,0.0,0.0,0.005082620467832394,2,
2018-06-08 05:00:00,118,0.08617305755615234,-0.0,0.05003250017762184,0.08617305755615234,0.0,0.08617305755615234,0.0,0.0,0.0,0.004311453517484409,2,
2018-06-08 06:00:00,118,0.074125275015831,0.0,0.05079500004649162,0.074125275015831,0.0,0.074125275015831,0.0,0.0,0.0,0.0037651933478753397,2,
2018-06-08 07:00:00,118,0.1745058298110962,0.0,0.054249998182058334,0.1745058298110962,0.0,0.1745058298110962,0.0,0.0,0.0,0.00946694095001055,2,
2018-06-08 08:00:00,118,0.08829333633184433,0.0,0.06626249849796295,0.08829333633184433,0.0,0.08829333633184433,0.0,0.0,0.0,0.005850537066068973,2,
2018-06-08 09:00:00,118,0.09463916718959808,0.0,0.06799750030040741,0.09463916718959808,0.0,0.09463916718959808,0.0,0.0,0.0,0.006435226799405003,2,
2018-06-08 10:00:00,118,0.06335583329200745,0.0,0.06781750172376633,0.06335583329200745,0.0,0.06335583329200745,0.0,0.0,0.0,0.004296634333491367,2,
2018-06-08 11:00:00,118,0.0642002746462822,0.0,0.05907750129699707,0.0642002746462822,0.0,0.0642002746462822,0.0,0.0,0.0,0.0037927918086833046,2,
2018-06-08 12:00:00,118,0.08957638591527939,0.018703175708651543,0.059747498482465744,0.07087321020662785,0.0,0.07087321020662785,0.0,0.0,0.0,0.004234497019267973,2,
2018-06-08 13:00:00,118,0.09075222164392471,0.03223329782485962,0.05471250042319298,0.058518923819065094,0.0,0.058518923819065094,0.0,0.0,0.0,0.0032017166442153966,2,
2018-06-08 14:00:00,118,0.0700969472527504,0.033874787390232086,0.05277499929070473,0.03622215986251831,0.0,0.03622215986251831,0.0,0.0,0.0,0.001911624461052197,2,
2018-06-08 15:00:00,118,0.06075083464384079,0.039541129022836685,0.05200750008225441,0.021209705621004105,0.0,0.021209705621004105,0.0,0.0,0.0,0.0011030637668289628,2,
2018-06-08 16:00:00,118,0.0841691642999649,0.008586849085986614,0.051772501319646835,0.07558231521397829,0.0,0.07558231521397829,0.0,0.0,0.0,0.003913085514157654,2,
2018-06-08 17:00:00,118,0.30441054701805115,0.0,0.05377250164747238,0.30441054701805115,0.0,0.30441054701805115,0.0,0.0,0.0,0.016368916641036124,2,
2018-06-08 18:00:00,118,0.28505611419677734,0.0,0.05412999913096428,0.28505611419677734,0.0,0.28505611419677734,0.0,0.0,0.0,0.015430087213747612,2,
2018-06-08 19:00:00,118,0.26910722255706787,-0.0,0.0547574982047081,0.26910722255706787,0.0,0.26910722255706787,0.0,0.0,0.0,0.014735638256042627,2,
2018-06-08 20:00:00,118,0.9880994558334351,-0.0,0.05281500145792961,0.9880994558334351,0.0,0.9880994558334351,0.0,0.0,0.0,0.05218647420042233,2,
2018-06-08 21:00:00,118,0.47606804966926575,-0.0,0.05166750028729439,0.47606804966926575,0.0,0.47606804966926575,0.0,0.0,0.0,0.024597246093058467,2,
2018-06-08 22:00:00,118,0.2923605442047119,-0.0,0.05115250125527382,0.2923605442047119,0.0,0.2923605442047119,0.0,0.0,0.0,0.014954973104424063,2,
2018-06-08 23:00:00,118,0.2941047251224518,-0.0,0.05385750159621239,0.2941047251224518,0.0,0.2941047251224518,0.0,0.0,0.0,0.015839745702736052,2,
2018-06-09 00:00:00,118,0.1640152782201767,-0.0,0.05096999928355217,0.1640152782201767,0.0,0.1640152782201767,0.0,0.0,0.0,0.008359858613374016,2,
2018-06-09 01:00:00,118,0.07126611471176147,-0.0,0.049525000154972076,0.07126611471176147,0.0,0.07126611471176147,0.0,0.0,0.0,0.003529454342144245,2,
2018-06-09 02:00:00,118,0.061721112579107285,-0.0,0.04955499991774559,0.061721112579107285,0.0,0.061721112579107285,0.0,0.0,0.0,0.003058589728780828,2,
2018-06-09 03:00:00,118,0.08246833086013794,-0.0,0.048009999096393585,0.08246833086013794,0.0,0.08246833086013794,0.0,0.0,0.0,0.00395930449007631,2,
2018-06-09 04:00:00,118,0.0959722250699997,-0.0,0.04805750027298927,0.0959722250699997,0.0,0.0959722250699997,0.0,0.0,0.0,0.004612185232500898,2,
2018-06-09 05:00:00,118,0.07717888802289963,-0.0,0.04774250090122223,0.07717888802289963,0.0,0.07717888802289963,0.0,0.0,0.0,0.003684713130988615,2,
2018-06-09 06:00:00,118,0.05715527758002281,-0.0,0.05081000179052353,0.05715527758002281,0.0,0.05715527758002281,0.0,0.0,0.0,0.0029040597561788284,2,
2018-06-09 07:00:00,118,0.09342528134584427,0.0,0.05077749863266945,0.09342528134584427,0.0,0.09342528134584427,0.0,0.0,0.0,0.004743902095795366,2,
2018-06-09 08:00:00,118,0.23492027819156647,0.9179418087005615,0.050289999693632126,-0.6830215305089951,1.4249999999999998,0.8169784694910049,0.0,0.0,1.5,0.04258584698040668,0,
2018-06-09 09:00:00,118,0.1708991676568985,2.6599924564361572,0.05420750007033348,-2.4890932887792587,2.8499999999999996,0.0,0.9890932887792587,0.9890932887792587,1.5,0.0015,0,
2018-06-09 10:00:00,118,0.06428305804729462,2.4353160858154297,0.053610000759363174,-2.371033027768135,3.0,0.0,2.2131382909260293,2.2131382909260293,0.15789473684210564,0.00015789473684210564,0,
2018-06-09 11:00:00,118,0.08642861247062683,0.0,0.05124000087380409,0.08642861247062683,2.909022513188814,0.0,-0.0,-0.0,0.08642861247062683,8.642861247062683e-05,2,
2018-06-09 12:00:00,118,0.09263027459383011,0.0,0.04936499893665314,0.09263027459383011,2.811516960984782,0.0,-0.0,-0.0,0.09263027459383011,9.263027459383011e-05,2,
2018-06-09 13:00:00,118,0.0857444480061531,0.0,0.04836750030517578,0.0857444480061531,2.7212596472940946,0.0,-0.0,-0.0,0.0857444480061531,8.574444800615311e-05,2,
2018-06-09 14:00:00,118,0.06250166893005371,0.0,0.048135001212358475,0.06250166893005371,2.6554684168414067,0.0,-0.0,-0.0,0.06250166893005371,6.250166893005371e-05,2,
2018-06-09 15:00:00,118,0.6616235971450806,0.0,0.04565750062465668,0.6616235971450806,1.9590225251097428,0.0,-0.0,-0.0,0.6616235971450806,0.0006616235971450806,2,
2018-06-09 16:00:00,118,0.5058316588401794,0.0,0.04596250131726265,0.5058316588401794,1.4265681473832381,0.0,-0.0,-0.0,0.5058316588401794,0.0005058316588401795,2,
2018-06-09 17:00:00,118,0.5270169377326965,0.0,0.053690001368522644,0.5270169377326965,0.8718134760856628,0.0,-0.0,-0.0,0.5270169377326965,0.0005270169377326966,2,
2018-06-09 18:00:00,118,0.368515282869339,0.0,0.05515500158071518,0.368515282869339,0.4839026520126744,0.0,-0.0,-0.0,0.368515282869339,0.000368515282869339,2,
2018-06-09 19:00:00,118,0.30907750129699707,-0.0,0.05611500144004822,0.30907750129699707,0.15855791380530904,0.0,-0.0,-0.0,0.30907750129699707,0.00030907750129699707,2,
2018-06-09 20:00:00,118,0.5949361324310303,-0.0,0.05559249967336655,0.5949361324310303,0.0,0.44430611431598666,0.0,0.0,0.1506300181150436,0.02485071753310129,2,
2018-06-09 21:00:00,118,0.3242988884449005,-0.0,0.05364999920129776,0.3242988884449005,0.0,0.3242988884449005,0.0,0.0,0.0,0.017398635106050664,2,
2018-06-09 22:00:00,118,0.29855862259864807,-0.0,0.052787501364946365,0.29855862259864807,0.0,0.29855862259864807,0.0,0.0,0.0,0.015760163697942642,2,
2018-06-09 23:00:00,118,0.08791500329971313,-0.0,0.05329500138759613,0.08791500329971313,0.0,0.08791500329971313,0.0,0.0,0.0,0.00468543022284873,2,
2018-06-10 00:00:00,118,0.06758138537406921,-0.0,0.05220000073313713,0.06758138537406921,0.0,0.06758138537406921,0.0,0.0,0.0,0.003527748366072836,2,
2018-06-10 01:00:00,118,0.07107388973236084,-0.0,0.05019000172615051,0.07107388973236084,0.0,0.07107388973236084,0.0,0.0,0.0,0.0035671986483514218,2,
2018-06-10 02:00:00,118,0.09463166445493698,-0.0,0.05020749941468239,0.09463166445493698,0.0,0.09463166445493698,0.0,0.0,0.0,0.004751219237731669,2,
2018-06-10 03:00:00,118,0.09182000160217285,-0.0,0.04827500134706497,0.09182000160217285,0.0,0.09182000160217285,0.0,0.0,0.0,0.004432610701032402,2,
2018-06-10 04:00:00,118,0.058530278503894806,-0.0,0.04773499816656113,0.058530278503894806,0.0,0.058530278503894806,0.0,0.0,0.0,0.0027939427370717307,2,
2018-06-10 05:00:00,118,0.08147722482681274,-0.0,0.04752499982714653,0.08147722482681274,0.0,0.08147722482681274,0.0,0.0,0.0,0.0038722050958106546,2,
2018-06-10 06:00:00,118,0.09645416587591171,-0.0,0.04769999906420708,0.09645416587591171,0.0,0.09645416587591171,0.0,0.0,0.0,0.004600863622019863,2,
2018-06-10 07:00:00,118,0.07331722229719162,0.0,0.04800749942660332,0.07331722229719162,0.0,0.07331722229719162,0.0,0.0,0.0,0.0035197765073925746,2,
2018-06-10 08:00:00,118,0.2347288876771927,0.0,0.04972749948501587,0.2347288876771927,0.0,0.2347288876771927,0.0,0.0,0.0,0.011672480641085947,2,
2018-06-10 09:00:00,118,0.2708538770675659,0.0,0.0566600002348423,0.2708538770675659,0.0,0.2708538770675659,0.0,0.0,0.0,0.015346580738256232,2,
2018-06-10 10:00:00,118,0.44030332565307617,0.0,0.0582675002515316,0.44030332565307617,0.0,0.44030332565307617,0.0,0.0,0.0,0.025655374138240816,2,
2018-06-10 11:00:00,118,0.3848816752433777,0.0,0.05239250138401985,0.3848816752433777,0.0,0.3848816752433777,0.0,0.0,0.0,0.020164913702872544,2,
2018-06-10 12:00:00,118,0.23685917258262634,0.8755770921707153,0.052354998886585236,-0.638717919588089,0.0,0.0,0.638717919588089,0.638717919588089,0.0,0.0,2,
2018-06-10 13:00:00,118,0.9089991450309753,0.0,0.04927000030875206,0.9089991450309753,0.0,0.9089991450309753,0.0,0.0,0.0,0.044786388156331514,2,
2018-06-10 14:00:00,118,0.29467612504959106,0.04130471125245094,0.04848499968647957,0.2533714137971401,0.0,0.2533714137971401,0.0,0.0,0.0,0.012284712918517224,2,
2018-06-10 15:00:00,118,0.30881640315055847,0.03683973848819733,0.049254998564720154,0.27197666466236115,0.0,0.27197666466236115,0.0,0.0,0.0,0.013396210227581973,2,
2018-06-10 16:00:00,118,0.30923527479171753,0.040057871490716934,0.04996750131249428,0.2691774033010006,0.0,0.2691774033010006,0.0,0.0,0.0,0.013450122252736549,2,
2018-06-10 17:00:00,118,0.29431501030921936,0.021410806104540825,0.05191250145435333,0.27290420420467854,0.0,0.27290420420467854,0.0,0.0,0.0,0.014167139897674513,2,
2018-06-10 18:00:00,118,0.4570647180080414,0.0,0.05397750064730644,0.4570647180080414,0.0,0.4570647180080414,0.0,0.0,0.0,0.02467121111213999,2,
2018-06-10 19:00:00,118,2.8436689376831055,-0.0,0.05631500110030174,2.8436689376831055,0.0,2.8436689376831055,0.0,0.0,0.0,0.16014121935451797,2,
2018-06-10 20:00:00,118,0.9441469311714172,-0.0,0.05537499859929085,0.9441469311714172,0.0,0.9441469311714172,0.0,0.0,0.0,0.05228213499114198,2,
2018-06-10 21:00:00,118,0.28763917088508606,-0.0,0.05392250046133995,0.28763917088508606,0.0,0.28763917088508606,0.0,0.0,0.0,0.015510223324750494,2,
2018-06-10 22:00:00,118,0.2791149914264679,-0.0,0.05289499834179878,0.2791149914264679,0.0,0.2791149914264679,0.0,0.0,0.0,0.0147637870086742,2,
2018-06-10 23:00:00,118,0.10535749793052673,-0.0,0.05108249932527542,0.10535749793052673,0.0,0.10535749793052673,0.0,0.0,0.0,0.0053819243169488384,2,
2018-06-11 00:00:00,118,0.09555138647556305,-0.0,0.04919249936938286,0.09555138647556305,0.0,0.09555138647556305,0.0,0.0,0.0,0.004700411518942793,2,
2018-06-11 01:00:00,118,0.05881194397807121,-0.0,0.04834999889135361,0.05881194397807121,0.0,0.05881194397807121,0.0,0.0,0.0,0.0028435574261380936,2,
2018-06-11 02:00:00,118,0.07023250311613083,-0.0,0.04836750030517578,0.07023250311613083,0.0,0.07023250311613083,0.0,0.0,0.0,0.003396970615902717,2,
2018-06-11 03:00:00,118,0.09969222545623779,-0.0,0.04758499935269356,0.09969222545623779,0.0,0.09969222545623779,0.0,0.0,0.0,0.004743854483803656,2,
2018-06-11 04:00:00,118,0.07302666455507278,-0.0,0.04718250036239624,0.07302666455507278,0.0,0.07302666455507278,0.0,0.0,0.0,0.0034455806268343103,2,
2018-06-11 05:00:00,118,0.05426666513085365,-0.0,0.04874499887228012,0.05426666513085365,0.0,0.05426666513085365,0.0,0.0,0.0,0.0026452285306058643,2,
2018-06-11 06:00:00,118,0.11695194244384766,-0.0,0.04896000027656555,0.11695194244384766,0.0,0.11695194244384766,0.0,0.0,0.0,0.00572596713439566,2,
2018-06-11 07:00:00,118,0.14613722264766693,0.0,0.051364999264478683,0.14613722264766693,0.0,0.14613722264766693,0.0,0.0,0.0,0.0075063383338103695,2,
2018-06-11 08:00:00,118,0.052973609417676926,0.0,0.05313500016927719,0.052973609417676926,0.0,0.052973609417676926,0.0,0.0,0.0,0.0028147527453754873,2,
2018-06-11 09:00:00,118,0.10116750001907349,0.0,0.055605001747608185,0.10116750001907349,0.0,0.10116750001907349,0.0,0.0,0.0,0.005625419015361732,2,
2018-06-11 10:00:00,118,0.08394944667816162,0.0,0.05209499970078468,0.08394944667816162,0.0,0.08394944667816162,0.0,0.0,0.0,0.004373346399579869,2,
2018-06-11 11:00:00,118,0.053592223674058914,0.0,0.05002500116825104,0.053592223674058914,0.0,0.053592223674058914,0.0,0.0,0.0,0.002680951051903968,2,
2018-06-11 12:00:00,118,0.0909113883972168,0.0,0.05043499916791916,0.0909113883972168,0.0,0.0909113883972168,0.0,0.0,0.0,0.004585115798168005,2,
2018-06-11 13:00:00,118,0.08872916549444199,0.0,0.04995749890804291,0.08872916549444199,0.0,0.08872916549444199,0.0,0.0,0.0,0.004432687188300144,2,
2018-06-11 14:00:00,118,0.05209333449602127,0.0,0.04941749945282936,0.05209333449602127,0.0,0.05209333449602127,0.0,0.0,0.0,0.002574322328953188,2,
2018-06-11 15:00:00,118,0.08128222078084946,0.0,0.05126750096678734,0.08128222078084946,0.0,0.08128222078084946,0.0,0.0,0.0,0.004167136332464821,2,
2018-06-11 16:00:00,118,0.09070833027362823,0.00018030178034678102,0.05119000002741814,0.09052802849328145,0.0,0.09052802849328145,0.0,0.0,0.0,0.004634129781053187,2,
2018-06-11 17:00:00,118,0.235973060131073,0.0,0.0532350018620491,0.235973060131073,0.0,0.235973060131073,0.0,0.0,0.0,0.012562026295471096,2,
2018-06-11 18:00:00,118,0.16251471638679504,0.0,0.05353749915957451,0.16251471638679504,0.0,0.16251471638679504,0.0,0.0,0.0,0.00870063149197653,2,
2018-06-11 19:00:00,118,0.12143222242593765,-0.0,0.051897499710321426,0.12143222242593765,0.0,0.12143222242593765,0.0,0.0,0.0,0.006302028728173786,2,
2018-06-11 20:00:00,118,0.2434169501066208,-0.0,0.05132000148296356,0.2434169501066208,0.0,0.2434169501066208,0.0,0.0,0.0,0.012492158240450246,2,
2018-06-11 21:00:00,118,0.19561277329921722,-0.0,0.05107500031590462,0.19561277329921722,0.0,0.19561277329921722,0.0,0.0,0.0,0.009990922458052498,2,
2018-06-11 22:00:00,118,0.10463027656078339,-0.0,0.0507499985396862,0.10463027656078339,0.0,0.10463027656078339,0.0,0.0,0.0,0.00530998638266672,2,
2018-06-11 23:00:00,118,0.08051777631044388,-0.0,0.050962500274181366,0.08051777631044388,0.0,0.08051777631044388,0.0,0.0,0.0,0.00410338719729747,2,
2018-06-12 00:00:00,118,0.13167749345302582,-0.0,0.04816000163555145,0.13167749345302582,0.0,0.13167749345302582,0.0,0.0,0.0,0.006341588300063039,2,
2018-06-12 01:00:00,118,0.07160639017820358,-0.0,0.0482649989426136,0.07160639017820358,0.0,0.07160639017820358,0.0,0.0,0.0,0.003456082346235373,2,
2018-06-12 02:00:00,118,0.0804038867354393,-0.0,0.0488400012254715,0.0804038867354393,0.0,0.0804038867354393,0.0,0.0,0.0,0.003926925926691527,2,
2018-06-12 03:00:00,118,0.11570499837398529,-0.0,0.047052498906850815,0.11570499837398529,0.0,0.11570499837398529,0.0,0.0,0.0,0.005444209309509118,2,
2018-06-12 04:00:00,118,0.07545500248670578,-0.0,0.04679499939084053,0.07545500248670578,0.0,0.07545500248670578,0.0,0.0,0.0,0.0035309167954012677,2,
2018-06-12 05:00:00,118,0.09365944564342499,-0.0,0.048055000603199005,0.09365944564342499,0.0,0.09365944564342499,0.0,0.0,0.0,0.004500804716890072,2,
2018-06-12 06:00:00,118,0.4999297261238098,-0.0,0.049400001764297485,0.4999297261238098,0.0,0.4999297261238098,0.0,0.0,0.0,0.024696529352540963,2,
2018-06-12 07:00:00,118,0.11001499742269516,0.0,0.055047500878572464,0.11001499742269516,0.0,0.11001499742269516,0.0,0.0,0.0,0.006056050667281959,2,
2018-06-12 08:00:00,118,0.06978332996368408,0.0,0.057989999651908875,0.06978332996368408,0.0,0.06978332996368408,0.0,0.0,0.0,0.004046735280303082,2,
2018-06-12 09:00:00,118,0.09713249653577805,0.0,0.06538666784763336,0.09713249653577805,0.0,0.09713249653577805,0.0,0.0,0.0,0.006351170288196317,2,
2018-06-12 10:00:00,118,0.09710083156824112,0.0,0.08413500338792801,0.09710083156824112,0.0,0.09710083156824112,0.0,0.0,0.0,0.008169578792964594,2,
2018-06-12 11:00:00,118,0.06123333424329758,0.0,0.07698000222444534,0.06123333424329758,0.0,0.06123333424329758,0.0,0.0,0.0,0.004713742206259253,2,
2018-06-12 12:00:00,118,0.07610166817903519,0.0,0.05933666601777077,0.07610166817903519,0.0,0.07610166817903519,0.0,0.0,0.0,0.004515619268134624,2,
2018-06-12 13:00:00,118,0.09776916354894638,0.08718673139810562,0.05047500133514404,0.01058243215084076,0.0,0.01058243215084076,0.0,0.0,0.0,0.0005341482769427586,2,
2018-06-12 14:00:00,118,0.08038277924060822,0.14548054337501526,0.0511775016784668,-0.06509776413440704,0.0,0.0,0.06509776413440704,0.06509776413440704,0.0,0.0,2,
2018-06-12 15:00:00,118,0.05900305509567261,0.13232770562171936,0.0524200014770031,-0.07332465052604675,0.0,0.0,0.07332465052604675,0.07332465052604675,0.0,0.0,2,
2018-06-12 16:00:00,118,0.09647999703884125,0.09526095539331436,0.04414999857544899,0.001219041645526886,0.0,0.001219041645526886,0.0,0.0,0.0,5.382068691342501e-05,2,
2018-06-12 17:00:00,118,0.21134278178215027,0.04908740893006325,0.08594000339508057,0.16225537285208702,0.0,0.16225537285208702,0.0,0.0,0.0,0.013944227293778422,2,
2018-06-12 18:00:00,118,0.29920026659965515,9.35898201231791e-18,0.0849900022149086,0.29920026659965515,0.0,0.29920026659965515,0.0,0.0,0.0,0.025429031321005935,2,
2018-06-12 19:00:00,118,0.2900152802467346,0.0,0.0643099993467331,0.2900152802467346,0.0,0.2900152802467346,0.0,0.0,0.0,0.01865088248321012,2,
2018-06-12 20:00:00,118,0.3120027780532837,0.0,0.05037999898195267,0.3120027780532837,0.0,0.3120027780532837,0.0,0.0,0.0,0.015718699640690836,2,
2018-06-12 21:00:00,118,0.34544360637664795,-0.0,0.05130999907851219,0.34544360637664795,0.0,0.34544360637664795,0.0,0.0,0.0,0.017724711124863735,2,
2018-06-12 22:00:00,118,1.2015527486801147,-0.0,0.06190750002861023,1.2015527486801147,0.0,1.2015527486801147,0.0,0.0,0.0,0.0743851268232909,2,
2018-06-12 23:00:00,118,0.07265833020210266,-0.0,0.05063749849796295,0.07265833020210266,0.0,0.07265833020210266,0.0,0.0,0.0,0.0036792360864734697,2,
2018-06-13 00:00:00,118,0.1106175035238266,-0.0,0.04799250140786171,0.1106175035238266,0.0,0.1106175035238266,0.0,0.0,0.0,0.005308810693601396,2,
2018-06-13 01:00:00,118,0.06622055917978287,-0.0,0.047359999269247055,0.06622055917978287,0.0,0.06622055917978287,0.0,0.0,0.0,0.003136205634363648,2,
2018-06-13 02:00:00,118,0.07340110838413239,-0.0,0.04746000096201897,0.07340110838413239,0.0,0.07340110838413239,0.0,0.0,0.0,0.0034836166745241814,2,
2018-06-13 03:00:00,118,0.10946083068847656,-0.0,0.04702499881386757,0.10946083068847656,0.0,0.10946083068847656,0.0,0.0,0.0,0.005147395433290569,2,
2018-06-13 04:00:00,118,0.05473333224654198,-0.0,0.04777999967336655,0.05473333224654198,0.0,0.05473333224654198,0.0,0.0,0.0,0.0026151585968620383,2,
2018-06-13 05:00:00,118,0.09799916297197342,0.0,0.04666249826550484,0.09799916297197342,0.0,0.09799916297197342,0.0,0.0,0.0,0.0045728857722006355,2,
2018-06-13 06:00:00,118,0.12563110888004303,0.0,0.051157500594854355,0.12563110888004303,0.0,0.12563110888004303,0.0,0.0,0.0,0.0064269735272630135,2,
2018-06-13 07:00:00,118,0.15935277938842773,0.2631773352622986,0.05411500111222267,-0.10382455587387085,0.0,0.0,0.10382455587387085,0.10382455587387085,0.0,0.0,2,
2018-06-13 08:00:00,118,0.0433158315718174,1.9726227521896362,0.05296500027179718,-1.9293069206178188,1.4249999999999998,0.0,0.42930692061781883,0.42930692061781883,1.5,0.0015,0,
2018-06-13 09:00:00,118,0.1222994476556778,1.4623388051986694,0.05343250185251236,-1.3400393575429916,2.8499999999999996,0.15996064245700836,0.0,0.0,1.5,0.010047097324413166,0,
2018-06-13 10:00:00,118,0.11762916296720505,0.1259181797504425,0.05178000032901764,-0.008289016783237457,2.8499999999999996,0.0,0.008289016783237457,0.008289016783237457,0.0,0.0,2,
2018-06-13 11:00:00,118,0.03419555723667145,0.10932767391204834,0.050577498972415924,-0.07513211667537689,2.8499999999999996,0.0,0.07513211667537689,0.07513211667537689,0.0,0.0,2,
2018-06-13 12:00:00,118,0.13336138427257538,0.1315210461616516,0.050677500665187836,0.001840338110923767,2.848062801988501,0.0,-0.0,-0.0,0.001840338110923767,1.840338110923767e-06,2,
2018-06-13 13:00:00,118,0.07326611131429672,0.07529344409704208,0.051784999668598175,-0.0020273327827453613,2.848062801988501,0.0,0.0020273327827453613,0.0020273327827453613,0.0,0.0,2,
2018-06-13 14:00:00,118,0.07351416349411011,0.0,0.05117499828338623,0.07351416349411011,2.770679471994701,0.0,-0.0,-0.0,0.07351416349411011,7.351416349411011e-05,2,
2018-06-13 15:00:00,118,0.10146555304527283,0.0,0.05057999864220619,0.10146555304527283,2.6638736266838876,0.0,-0.0,-0.0,0.10146555304527283,0.00010146555304527283,2,
2018-06-13 16:00:00,118,0.050819721072912216,0.0,0.05072249844670296,0.050819721072912216,2.6103791834492434,0.0,-0.0,-0.0,0.050819721072912216,5.081972107291222e-05,2,
2018-06-13 17:00:00,118,0.28877195715904236,0.0,0.051327500492334366,0.28877195715904236,2.3064087022291986,0.0,-0.0,-0.0,0.28877195715904236,0.00028877195715904235,2,
2018-06-13 18:00:00,118,0.26876750588417053,0.0,0.05135750025510788,0.26876750588417053,2.023495538140598,0.0,-0.0,-0.0,0.26876750588417053,0.00026876750588417054,2,
2018-06-13 19:00:00,118,0.16331695020198822,-0.0,0.050884999334812164,0.16331695020198822,1.8515829589806103,0.0,-0.0,-0.0,0.16331695020198822,0.0001633169502019882,2,
2018-06-13 20:00:00,118,0.3318541646003723,-0.0,0.05019250139594078,0.3318541646003723,1.5022627857170605,0.0,-0.0,-0.0,0.3318541646003723,0.0003318541646003723,2,
2018-06-13 21:00:00,118,0.25879722833633423,-0.0,0.050097499042749405,0.25879722833633423,1.2298446506261824,0.0,-0.0,-0.0,0.25879722833633423,0.0002587972283363342,2,
2018-06-13 22:00:00,118,0.10107055306434631,-0.0,0.04966749995946884,0.10107055306434631,1.1234545947689758,0.0,-0.0,-0.0,0.10107055306434631,0.00010107055306434632,2,
2018-06-13 23:00:00,118,0.0748569443821907,-0.0,0.04526999965310097,0.0748569443821907,1.044657811208775,0.0,-0.0,-0.0,0.0748569443821907,7.485694438219071e-05,2,
2018-06-14 00:00:00,118,0.08102583140134811,-0.0,0.04327499866485596,0.08102583140134811,0.9593674623652506,0.0,-0.0,-0.0,0.08102583140134811,8.102583140134812e-05,2,
2018-06-14 01:00:00,118,0.08546499907970428,-0.0,0.03905000165104866,0.08546499907970428,0.8694043054392461,0.0,-0.0,-0.0,0.08546499907970428,8.546499907970428e-05,2,
2018-06-14 02:00:00,118,0.07193861156702042,-0.0,0.03593749925494194,0.07193861156702042,0.793679451158172,0.0,-0.0,-0.0,0.07193861156702042,7.193861156702042e-05,2,
2018-06-14 03:00:00,118,0.09008805453777313,-0.0,0.029862500727176666,0.09008805453777313,0.6988499200657792,0.0,-0.0,-0.0,0.09008805453777313,9.008805453777314e-05,2,
2018-06-14 04:00:00,118,0.07074055820703506,-0.0,0.02822750061750412,0.07074055820703506,0.6243861745846896,0.0,-0.0,-0.0,0.07074055820703506,7.074055820703507e-05,2,
2018-06-14 05:00:00,118,0.09000944346189499,-0.0,0.03515499830245972,0.09000944346189499,0.5296393919932212,0.0,-0.0,-0.0,0.09000944346189499,9.000944346189498e-05,2,
2018-06-14 06:00:00,118,0.08898055553436279,-0.0,0.046152498573064804,0.08898055553436279,0.4359756493254709,0.0,-0.0,-0.0,0.08898055553436279,8.898055553436279e-05,2,
2018-06-14 07:00:00,118,0.12422055751085281,0.0,0.05166250094771385,0.12422055751085281,0.3052171677350995,0.0,-0.0,-0.0,0.12422055751085281,0.0001242205575108528,2,
2018-06-14 08:00:00,118,0.08099278062582016,0.0,0.05043499916791916,0.08099278062582016,0.21996160918160457,0.0,-0.0,-0.0,0.08099278062582016,8.099278062582016e-05,2,
2018-06-14 09:00:00,118,0.08173500001430511,0.0,0.05138750001788139,0.08173500001430511,0.1339247670612834,0.0,-0.0,-0.0,0.08173500001430511,8.173500001430512e-05,2,
2018-06-14 10:00:00,118,0.07546278089284897,0.0,0.05255749821662903,0.07546278089284897,0.054490260858284484,0.0,-0.0,-0.0,0.07546278089284897,7.546278089284896e-05,2,
2018-06-14 11:00:00,118,0.0851394459605217,0.0,0.051762498915195465,0.0851394459605217,0.0,0.03337369814515144,0.0,0.0,0.05176574781537026,0.0017792717618498326,2,
2018-06-14 12:00:00,118,0.0790630578994751,0.0,0.0510375015437603,0.0790630578994751,0.0,0.0790630578994751,0.0,0.0,0.0,0.00403518093959887,2,
2018-06-14 13:00:00,118,0.08154971897602081,0.0,0.046185001730918884,0.08154971897602081,0.0,0.08154971897602081,0.0,0.0,0.0,0.00376637391206347,2,
2018-06-14 14:00:00,118,0.06715111434459686,0.007821036502718925,0.04372499883174896,0.05933007784187794,0.0,0.05933007784187794,0.0,0.0,0.0,0.002594207584323688,2,
2018-06-14 15:00:00,118,0.0924052745103836,0.01488757785409689,0.04684000089764595,0.07751769665628672,0.0,0.07751769665628672,0.0,0.0,0.0,0.0036309289809639163,2,
2018-06-14 16:00:00,118,0.05684611201286316,0.012294330634176731,0.04934750124812126,0.04455178137868643,0.0,0.04455178137868643,0.0,0.0,0.0,0.002198519087190754,2,
2018-06-14 17:00:00,118,0.2738550007343292,0.02469179965555668,0.05361500009894371,0.24916320107877254,0.0,0.24916320107877254,0.0,0.0,0.0,0.013358885050491522,2,
2018-06-14 18:00:00,118,0.2499394416809082,5.455184588664232e-18,0.053075000643730164,0.2499394416809082,0.0,0.2499394416809082,0.0,0.0,0.0,0.01326553602810776,2,
2018-06-14 19:00:00,118,0.3252141773700714,-0.0,0.0536700002849102,0.3252141773700714,0.0,0.3252141773700714,0.0,0.0,0.0,0.01745424499210857,2,
2018-06-14 20:00:00,118,0.34925583004951477,0.0,0.054464999586343765,0.34925583004951477,0.0,0.34925583004951477,0.0,0.0,0.0,0.01902221863917497,2,
2018-06-14 21:00:00,118,0.3395702838897705,-0.0,0.05682000145316124,0.3395702838897705,0.0,0.3395702838897705,0.0,0.0,0.0,0.019294384024067135,2,
2018-06-14 22:00:00,118,1.1522480249404907,-0.0,0.05617750063538551,1.1522480249404907,0.0,1.1522480249404907,0.0,0.0,0.0,0.06473041415321612,2,
2018-06-14 23:00:00,118,0.10612305253744125,-0.0,0.054090000689029694,0.10612305253744125,0.0,0.10612305253744125,0.0,0.0,0.0,0.005740195984872132,2,
2018-06-15 00:00:00,118,0.07912778109312057,-0.0,0.05346250161528587,0.07912778109312057,0.0,0.07912778109312057,0.0,0.0,0.0,0.004230369124504946,2,
2018-06-15 01:00:00,118,0.09701861441135406,-0.0,0.05254749953746796,0.09701861441135406,0.0,0.09701861441135406,0.0,0.0,0.0,0.00509808559590641,2,
2018-06-15 02:00:00,118,0.06082944571971893,-0.0,0.05115250125527382,0.06082944571971893,0.0,0.06082944571971893,0.0,0.0,0.0,0.0031115782985355334,2,
2018-06-15 03:00:00,118,0.10472611337900162,-0.0,0.048032499849796295,0.10472611337900162,0.0,0.10472611337900162,0.0,0.0,0.0,0.005030257025146645,2,
2018-06-15 04:00:00,118,0.04792694374918938,-0.0,0.04812749847769737,0.04792694374918938,0.0,0.04792694374918938,0.0,0.0,0.0,0.0023066039123297993,2,
2018-06-15 05:00:00,118,0.11747583001852036,-0.0,0.04946250095963478,0.11747583001852036,0.0,0.11747583001852036,0.0,0.0,0.0,0.0058106483550249555,2,
2018-06-15 06:00:00,118,0.043103333562612534,-0.0,0.050930000841617584,0.043103333562612534,0.0,0.043103333562612534,0.0,0.0,0.0,0.00219525281462038,2,
2018-06-15 07:00:00,118,0.19335444271564484,0.0,0.05540499836206436,0.19335444271564484,0.0,0.19335444271564484,0.0,0.0,0.0,0.01071280258195817,2,
2018-06-15 08:00:00,118,0.03924611210823059,0.0,0.05852749943733215,0.03924611210823059,0.0,0.03924611210823059,0.0,0.0,0.0,0.0022969768043319405,2,
2018-06-15 09:00:00,118,0.1086355522274971,0.0,0.057714998722076416,0.1086355522274971,0.0,0.1086355522274971,0.0,0.0,0.0,0.006269900757982061,2,
2018-06-15 10:00:00,118,0.0657661110162735,0.0,0.05613499879837036,0.0657661110162735,0.0,0.0657661110162735,0.0,0.0,0.0,0.0036917805628720046,2,
2018-06-15 11:00:00,118,0.07760333269834518,0.007356082089245319,0.05146250128746033,0.07024725060909986,0.0,0.07024725060909986,0.0,0.0,0.0,0.00361509922491135,2,
2018-06-15 12:00:00,118,0.08106721937656403,0.011225635185837746,0.05209999904036522,0.06984158419072628,0.0,0.06984158419072628,0.0,0.0,0.0,0.003638746469314426,2,
2018-06-15 13:00:00,118,0.06886166334152222,0.0627296194434166,0.05252499878406525,0.006132043898105621,0.0,0.006132043898105621,0.0,0.0,0.0,0.0003220855982918325,2,
2018-06-15 14:00:00,118,0.07790027558803558,0.11751903593540192,0.05179249867796898,-0.03961876034736633,0.0,0.0,0.03961876034736633,0.03961876034736633,0.0,0.0,2,
2018-06-15 15:00:00,118,0.07728610932826996,0.05597560480237007,0.052025001496076584,0.021310504525899887,0.0,0.021310504525899887,0.0,0.0,0.0,0.0011086790298420884,2,
2018-06-15 16:00:00,118,0.08774777501821518,0.03752468153834343,0.05334249883890152,0.05022309347987175,0.0,0.05022309347987175,0.0,0.0,0.0,0.0026790253056361013,2,
2018-06-15 17:00:00,118,0.19619444012641907,0.01196300983428955,0.058855000883340836,0.18423143029212952,0.0,0.18423143029212952,0.0,0.0,0.0,0.010842940992582428,2,
2018-06-15 18:00:00,118,0.3061113953590393,1.2168154374177608e-17,0.05953750014305115,0.3061113953590393,0.0,0.3061113953590393,0.0,0.0,0.0,0.01822510724497839,2,
2018-06-15 19:00:00,118,0.410248339176178,0.0,0.056290000677108765,0.410248339176178,0.0,0.410248339176178,0.0,0.0,0.0,0.023092879290009805,2,
2018-06-15 20:00:00,118,0.6714336276054382,0.0,0.0508200004696846,0.6714336276054382,0.0,0.6714336276054382,0.0,0.0,0.0,0.034122257270270406,2,
2018-06-15 21:00:00,118,0.30511778593063354,-0.0,0.05141500011086464,0.30511778593063354,0.0,0.30511778593063354,0.0,0.0,0.0,0.015687630997450297,2,
2018-06-15 22:00:00,118,0.2780861258506775,-0.0,0.050324998795986176,0.2780861258506775,0.0,0.2780861258506775,0.0,0.0,0.0,0.013994683948615805,2,
2018-06-15 23:00:00,118,0.12463138997554779,-0.0,0.05392000079154968,0.12463138997554779,0.0,0.12463138997554779,0.0,0.0,0.0,0.006720124646133474,2,
2018-06-16 00:00:00,118,0.05176583305001259,-0.0,0.0533674992620945,0.05176583305001259,0.0,0.05176583305001259,0.0,0.0,0.0,0.0027626130570982538,2,
2018-06-16 01:00:00,118,0.10691305249929428,-0.0,0.053289998322725296,0.10691305249929428,0.0,0.10691305249929428,0.0,0.0,0.0,0.005697396388364834,2,
2018-06-16 02:00:00,118,0.036871667951345444,-0.0,0.05099250003695488,0.036871667951345444,0.0,0.036871667951345444,0.0,0.0,0.0,0.0018801785293715706,2,
2018-06-16 03:00:00,118,0.12181388586759567,-0.0,0.05127999931573868,0.12181388586759567,0.0,0.12181388586759567,0.0,0.0,0.0,0.0062466159839377755,2,
2018-06-16 04:00:00,118,0.03409833461046219,0.0,0.049582500010728836,0.03409833461046219,0.0,0.03409833461046219,0.0,0.0,0.0,0.001690680676189077,2,
2018-06-16 05:00:00,118,0.11388972401618958,-0.0,0.04856250062584877,0.11388972401618958,0.0,0.11388972401618958,0.0,0.0,0.0,0.00553076979381395,2,
2018-06-16 06:00:00,118,0.033997222781181335,0.0,0.04915250092744827,0.033997222781181335,0.0,0.033997222781181335,0.0,0.0,0.0,0.0016710485242826811,2,
2018-06-16 07:00:00,118,0.12124611437320709,0.4951288104057312,0.047439999878406525,-0.3738826960325241,1.4249999999999998,1.126117303967476,0.0,0.0,1.5,0.05492300476328854,0,
2018-06-16 08:00:00,118,0.04410138726234436,0.0,0.04690000042319298,0.04410138726234436,1.378577487092269,0.0,-0.0,-0.0,0.04410138726234436,4.410138726234436e-05,2,"{'r': -2.436606, 'l': 330, 't': 0.661788}"
2018-05-30 15:00:00,120,0.12113527953624725,0.0,0.062345001846551895,0.12113527953624725,1.3724891794355292,0.0,-0.0,-0.0,0.12113527953624725,0.00012113527953624726,2,
2018-05-30 16:00:00,120,0.25110360980033875,0.0,0.06623999774456024,0.25110360980033875,1.1081695901720148,0.0,-0.0,-0.0,0.25110360980033875,0.0002511036098003388,2,
2018-05-30 17:00:00,120,0.1390800029039383,0.0,0.07113000005483627,0.1390800029039383,0.9617695871152376,0.0,-0.0,-0.0,0.1390800029039383,0.0001390800029039383,2,
2018-05-30 18:00:00,120,0.3059241771697998,0.0,0.07277999818325043,0.3059241771697998,0.6397441374628168,0.0,-0.0,-0.0,0.3059241771697998,0.00030592417716979983,2,
2018-05-30 19:00:00,120,0.18071861565113068,-0.0,0.06618499755859375,0.18071861565113068,0.44951401572478444,0.0,-0.0,-0.0,0.18071861565113068,0.00018071861565113067,2,
2018-05-30 20:00:00,120,0.2028997242450714,-0.0,0.059369999915361404,0.2028997242450714,0.23593535862470927,0.0,-0.0,-0.0,0.2028997242450714,0.00020289972424507142,2,
2018-05-30 21:00:00,120,0.27035027742385864,-0.0,0.053667500615119934,0.27035027742385864,0.0,0.04621168673038484,0.0,0.0,0.2241385906934738,0.0027042043167221316,2,
2018-05-30 22:00:00,120,0.14549389481544495,-0.0,0.05287250131368637,0.14549389481544495,0.0,0.14549389481544495,0.0,0.0,0.0,0.00769262614476296,2,
2018-05-30 23:00:00,120,0.20233333110809326,-0.0,0.06165250018239021,0.20233333110809326,0.0,0.20233333110809326,0.0,0.0,0.0,0.01247435573304534,2,
2018-05-31 00:00:00,120,0.1464724987745285,-0.0,0.057064998894929886,0.1464724987745285,0.0,0.1464724987745285,0.0,0.0,0.0,0.008358452980706088,2,
2018-05-31 01:00:00,120,0.1586705595254898,-0.0,0.05167749896645546,0.1586705595254898,0.0,0.1586705595254898,0.0,0.0,0.0,0.008199697675885409,2,
2018-05-31 02:00:00,120,0.0,-0.0,0.05100249871611595,0.0,0.0,0.0,-0.0,-0.0,0.0,0.0,2,
2018-05-31 03:00:00,120,0.03709722310304642,-0.0,0.050450000911951065,0.03709722310304642,0.0,0.03709722310304642,0.0,0.0,0.0,0.0018715549393795439,2,
2018-05-31 04:00:00,120,0.1297769397497177,-0.0,0.05084250122308731,0.1297769397497177,0.0,0.1297769397497177,0.0,0.0,0.0,0.006598184217953551,2,
2018-05-31 05:00:00,120,0.12185277789831161,-0.0,0.05236250162124634,0.12185277789831161,0.0,0.12185277789831161,0.0,0.0,0.0,0.006380516280253712,2,
2018-05-31 06:00:00,120,0.1669275015592575,-0.0,0.05353749915957451,0.1669275015592575,0.0,0.1669275015592575,0.0,0.0,0.0,0.008936880974438621,2,
2018-05-31 07:00:00,120,0.45465195178985596,0.0,0.050234999507665634,0.45465195178985596,0.0,0.45465195178985596,0.0,0.0,0.0,0.022839440574322634,2,
2018-05-31 08:00:00,120,0.1870349943637848,0.0,0.05959999933838844,0.1870349943637848,0.0,0.1870349943637848,0.0,0.0,0.0,0.01114728554033706,2,
2018-05-31 09:00:00,120,0.18212638795375824,0.0,0.0686274990439415,0.18212638795375824,0.0,0.18212638795375824,0.0,0.0,0.0,0.012498878515173062,2,
2018-05-31 10:00:00,120,0.11219750344753265,0.0,0.06558500230312347,0.11219750344753265,0.0,0.11219750344753265,0.0,0.0,0.0,0.007358473522011133,2,
2018-05-31 11:00:00,120,0.20547693967819214,0.0,0.055867500603199005,0.20547693967819214,0.0,0.20547693967819214,0.0,0.0,0.0,0.011479483051414885,2,
2018-05-31 12:00:00,120,0.21365167200565338,0.0,0.059039998799562454,0.21365167200565338,0.0,0.21365167200565338,0.0,0.0,0.0,0.012613994458738287,2,
2018-05-31 13:00:00,120,0.24241389334201813,0.0,0.05596249923110008,0.24241389334201813,0.0,0.24241389334201813,0.0,0.0,0.0,0.013566087319760667,2,
2018-05-31 14:00:00,120,0.1252116709947586,0.0,0.05441749840974808,0.1252116709947586,0.0,0.1252116709947586,0.0,0.0,0.0,0.006813705907239176,2,
2018-05-31 15:00:00,120,0.15536583960056305,0.0,0.058432500809431076,0.15536583960056305,0.0,0.15536583960056305,0.0,0.0,0.0,0.009078414548217839,2,
2018-05-31 16:00:00,120,0.13284139335155487,0.0,0.060112498700618744,0.13284139335155487,0.0,0.13284139335155487,0.0,0.0,0.0,0.007985428085233726,2,
2018-05-31 17:00:00,120,0.24936583638191223,0.0,0.06428749859333038,0.24936583638191223,0.0,0.24936583638191223,0.0,0.0,0.0,0.016031105855626837,2,
2018-05-31 18:00:00,120,0.44467416405677795,0.0,0.0638900026679039,0.44467416405677795,0.0,0.44467416405677795,0.0,0.0,0.0,0.02841023352793548,2,
2018-05-31 19:00:00,120,1.1051167249679565,-0.0,0.05924500152468681,1.1051167249679565,0.0,1.1051167249679565,0.0,0.0,0.0,0.06547264205568348,2,
2018-05-31 20:00:00,120,0.1681530624628067,-0.0,0.05578000098466873,0.1681530624628067,0.0,0.1681530624628067,0.0,0.0,0.0,0.00937957798975042,2,
2018-05-31 21:00:00,120,0.4316358268260956,-0.0,0.05438999831676483,0.4316358268260956,0.0,0.4316358268260956,0.0,0.0,0.0,0.023476671894526735,2,
2018-05-31 22:00:00,120,0.2276858389377594,-0.0,0.05392500013113022,0.2276858389377594,0.0,0.2276858389377594,0.0,0.0,0.0,0.01227795889457517,2,
2018-05-31 23:00:00,120,0.13041333854198456,-0.0,0.05570250004529953,0.13041333854198456,0.0,0.13041333854198456,0.0,0.0,0.0,0.007264348996042558,2,
2018-06-01 00:00:00,120,0.11150944232940674,-0.0,0.050634998828172684,0.11150944232940674,0.0,0.11150944232940674,0.0,0.0,0.0,0.0056462804816797,2,
2018-06-01 01:00:00,120,0.1325986087322235,-0.0,0.0518449991941452,0.1325986087322235,0.0,0.1325986087322235,0.0,0.0,0.0,0.006874574762866903,2,
2018-06-01 02:00:00,120,0.13295555114746094,-0.0,0.05093500018119812,0.13295555114746094,0.0,0.13295555114746094,0.0,0.0,0.0,0.006772091021787219,2,
2018-06-01 03:00:00,120,0.0,-0.0,0.05025250092148781,0.0,0.0,0.0,-0.0,-0.0,0.0,0.0,2,
2018-06-01 04:00:00,120,0.05234361067414284,-0.0,0.04960250109434128,0.05234361067414284,0.0,0.05234361067414284,0.0,0.0,0.0,0.002596374005745944,2,
2018-06-01 05:00:00,120,0.13490527868270874,-0.0,0.05070750042796135,0.13490527868270874,0.0,0.13490527868270874,0.0,0.0,0.0,0.0068407094765376986,2,
2018-06-01 06:00:00,120,0.10844611376523972,-0.0,0.051500000059604645,0.10844611376523972,0.0,0.10844611376523972,0.0,0.0,0.0,0.0055849748653737374,2,
2018-06-01 07:00:00,120,0.18538083136081696,0.0,0.05026249960064888,0.18538083136081696,0.0,0.18538083136081696,0.0,0.0,0.0,0.00931770396224102,2,
2018-06-01 08:00:00,120,0.13851389288902283,0.4452041983604431,0.05377500131726265,-0.3066903054714203,0.0,0.0,0.3066903054714203,0.3066903054714203,0.0,0.0,2,
2018-06-01 09:00:00,120,0.1163327768445015,0.5824024677276611,0.06026500090956688,-0.46606969088315964,0.0,0.0,0.46606969088315964,0.46606969088315964,0.0,0.0,2,
2018-06-01 10:00:00,120,0.13509917259216309,0.7464655637741089,0.05596249923110008,-0.6113663911819458,0.0,0.0,0.6113663911819458,0.6113663911819458,0.0,0.0,2,
2018-06-01 11:00:00,120,0.10487999767065048,0.01727554388344288,0.0522724986076355,0.0876044537872076,0.0,0.0876044537872076,0.0,0.0,0.0,0.004579303688614478,2,
2018-06-01 12:00:00,120,0.1947374939918518,0.0,0.05124250054359436,0.1947374939918518,0.0,0.1947374939918518,0.0,0.0,0.0,0.00997883614173567,2,
2018-06-01 13:00:00,120,0.14815500378608704,0.0,0.04977250099182129,0.14815500378608704,0.0,0.14815500378608704,0.0,0.0,0.0,0.007374045072886304,2,
2018-06-01 14:00:00,120,0.2102547287940979,0.0,0.04983999952673912,0.2102547287940979,0.0,0.2102547287940979,0.0,0.0,0.0,0.010479095583592501,2,
2018-06-01 15:00:00,120,0.11489305645227432,0.0,0.05100499838590622,0.11489305645227432,0.0,0.11489305645227432,0.0,0.0,0.0,0.005860120158900084,2,
2018-06-01 16:00:00,120,0.1341647207736969,0.0,0.05070750042796135,0.1341647207736969,0.0,0.1341647207736969,0.0,0.0,0.0,0.0068031576360495505,2,
2018-06-01 17:00:00,120,0.13100388646125793,0.0,0.052022501826286316,0.13100388646125793,0.0,0.13100388646125793,0.0,0.0,0.0,0.006815149922681396,2,
2018-06-01 18:00:00,120,0.3045172095298767,0.0,0.05281750112771988,0.3045172095298767,0.0,0.3045172095298767,0.0,0.0,0.0,0.016083838057754374,2,
2018-06-01 19:00:00,120,0.540553867816925,-0.0,0.0574599988758564,0.540553867816925,0.0,0.540553867816925,0.0,0.0,0.0,0.031060224637100342,2,
2018-06-01 20:00:00,120,0.9426411390304565,-0.0,0.05684499815106392,0.9426411390304565,0.0,0.9426411390304565,0.0,0.0,0.0,0.05358443380530309,2,
2018-06-01 21:00:00,120,0.3015938997268677,-0.0,0.05668500065803528,0.3015938997268677,0.0,0.3015938997268677,0.0,0.0,0.0,0.01709585040447692,2,
2018-06-01 22:00:00,120,0.14747416973114014,-0.0,0.053927499800920486,0.14747416973114014,0.0,0.14747416973114014,0.0,0.0,0.0,0.007952913258816974,2,
2018-06-01 23:00:00,120,0.14010444283485413,-0.0,0.05619499832391739,0.14010444283485413,0.0,0.14010444283485413,0.0,0.0,0.0,0.007873168930278007,2,
2018-06-02 00:00:00,120,0.1103508323431015,-0.0,0.0536700002849102,0.1103508323431015,0.0,0.1103508323431015,0.0,0.0,0.0,0.0059225292032943355,2,
2018-06-02 01:00:00,120,0.24064584076404572,-0.0,0.052549999207258224,0.24064584076404572,0.0,0.24064584076404572,0.0,0.0,0.0,0.012645938741380591,2,
2018-06-02 02:00:00,120,0.0,-0.0,0.04978000000119209,0.0,0.0,0.0,-0.0,-0.0,0.0,0.0,2,
2018-06-02 03:00:00,120,0.0252322219312191,-0.0,0.048237498849630356,0.0252322219312191,0.0,0.0252322219312191,0.0,0.0,0.0,0.0012171392763807992,2,
2018-06-02 04:00:00,120,0.13839389383792877,-0.0,0.04829749837517738,0.13839389383792877,0.0,0.13839389383792877,0.0,0.0,0.0,0.006684078862771836,2,
2018-06-02 05:00:00,120,0.11237388849258423,-0.0,0.04865749925374985,0.11237388849258423,0.0,0.11237388849258423,0.0,0.0,0.0,0.005467832395468886,2,
2018-06-02 06:00:00,120,0.17623360455036163,-0.0,0.04912250116467476,0.17623360455036163,0.0,0.17623360455036163,0.0,0.0,0.0,0.00865703544477997,2,
2018-06-02 07:00:00,120,0.1564372181892395,0.0,0.04936249926686287,0.1564372181892395,0.0,0.1564372181892395,0.0,0.0,0.0,0.007722132068176402,2,
2018-06-02 08:00:00,120,0.18667249381542206,0.4084031283855438,0.0506649985909462,-0.22173063457012177,0.0,0.0,0.22173063457012177,0.22173063457012177,0.0,0.0,2,
2018-06-02 09:00:00,120,0.1148424968123436,0.0,0.05651000142097473,0.1148424968123436,0.0,0.1148424968123436,0.0,0.0,0.0,0.006489749658053823,2,
2018-06-02 10:00:00,120,0.13795194029808044,0.0,0.05768999829888344,0.13795194029808044,0.0,0.13795194029808044,0.0,0.0,0.0,0.00795844720112393,2,
2018-06-02 11:00:00,120,0.20647278428077698,0.0,0.053679998964071274,0.20647278428077698,0.0,0.20647278428077698,0.0,0.0,0.0,0.01108345884630102,2,
2018-06-02 12:00:00,120,0.17995111644268036,0.0,0.051672499626874924,0.17995111644268036,0.0,0.17995111644268036,0.0,0.0,0.0,0.009298523997240127,2,
2018-06-02 13:00:00,120,0.14892388880252838,0.0,0.04979750141501427,0.14892388880252838,0.0,0.14892388880252838,0.0,0.0,0.0,0.007416037563373334,2,
2018-06-02 14:00:00,120,0.15549027919769287,0.0,0.04941000044345856,0.15549027919769287,0.0,0.15549027919769287,0.0,0.0,0.0,0.0076827747641115,2,
2018-06-02 15:00:00,120,0.23510806262493134,0.0,0.050187498331069946,0.23510806262493134,0.0,0.23510806262493134,0.0,0.0,0.0,0.01179948550060983,2,
2018-06-02 16:00:00,120,0.19413472712039948,0.0,0.05040249973535538,0.19413472712039948,0.0,0.19413472712039948,0.0,0.0,0.0,0.009784875532309223,2,
2018-06-02 17:00:00,120,0.1657474935054779,0.0,0.057202499359846115,0.1657474935054779,0.0,0.1657474935054779,0.0,0.0,0.0,0.009481170891143198,2,
2018-06-02 18:00:00,120,0.1815463900566101,0.0,0.060327500104904175,0.1815463900566101,0.0,0.1815463900566101,0.0,0.0,0.0,0.01095223986518512,2,
2018-06-02 19:00:00,120,0.1929941624403,-0.0,0.060087498277425766,0.1929941624403,0.0,0.1929941624403,0.0,0.0,0.0,0.011596536403184754,2,
2018-06-02 20:00:00,120,0.28992000222206116,-0.0,0.059152498841285706,0.28992000222206116,0.0,0.28992000222206116,0.0,0.0,0.0,0.017149492595506022,2,
2018-06-02 21:00:00,120,0.1844474971294403,-0.0,0.05760499835014343,0.1844474971294403,0.0,0.1844474971294403,0.0,0.0,0.0,0.010625097767829494,2,
2018-06-02 22:00:00,120,0.14238500595092773,-0.0,0.05614500120282173,0.14238500595092773,0.0,0.14238500595092773,0.0,0.0,0.0,0.007994206330378617,2,
2018-06-02 23:00:00,120,0.10548249632120132,-0.0,0.054694999009370804,0.10548249632120132,0.0,0.10548249632120132,0.0,0.0,0.0,0.005769365031794066,2,
2018-06-03 00:00:00,120,0.14156639575958252,-0.0,0.051739998161792755,0.14156639575958252,0.0,0.14156639575958252,0.0,0.0,0.0,0.007324645056372425,2,
2018-06-03 01:00:00,120,0.11463722586631775,-0.0,0.050977498292922974,0.11463722586631775,0.0,0.11463722586631775,0.0,0.0,0.0,0.005843918985905638,2,
2018-06-03 02:00:00,120,0.13890722393989563,-0.0,0.05000000074505806,0.13890722393989563,0.0,0.13890722393989563,0.0,0.0,0.0,0.006945361300488728,2,
2018-06-03 03:00:00,120,0.1182597205042839,-0.0,0.04847250133752823,0.1182597205042839,0.0,0.1182597205042839,0.0,0.0,0.0,0.005732344460319616,2,
2018-06-03 04:00:00,120,0.12574805319309235,-0.0,0.04826999828219414,0.12574805319309235,0.0,0.12574805319309235,0.0,0.0,0.0,0.006069858311619825,2,
2018-06-03 05:00:00,120,0.12212194502353668,-0.0,0.0476825013756752,0.12212194502353668,0.0,0.12212194502353668,0.0,0.0,0.0,0.005823079811584919,2,
2018-06-03 06:00:00,120,0.11861944198608398,-0.0,0.04826749861240387,0.11861944198608398,0.0,0.11861944198608398,0.0,0.0,0.0,0.00572546375146743,2,
2018-06-03 07:00:00,120,0.21563555300235748,0.0,0.04912000149488449,0.21563555300235748,0.0,0.21563555300235748,0.0,0.0,0.0,0.010592018685826043,2,
2018-06-03 08:00:00,120,0.15964250266551971,0.0,0.04978499934077263,0.15964250266551971,0.0,0.15964250266551971,0.0,0.0,0.0,0.007947801889962192,2,
2018-06-03 09:00:00,120,0.19610916078090668,0.0,0.05332000181078911,0.19610916078090668,0.0,0.19610916078090668,0.0,0.0,0.0,0.010456540807950276,2,
2018-06-03 10:00:00,120,0.13367444276809692,0.0,0.0542449988424778,0.13367444276809692,0.0,0.13367444276809692,0.0,0.0,0.0,0.007251169993224282,2,
2018-06-03 11:00:00,120,0.17755389213562012,0.0,0.05497249960899353,0.17755389213562012,0.0,0.17755389213562012,0.0,0.0,0.0,0.009760581266000656,2,
2018-06-03 12:00:00,120,0.1350155621767044,0.0,0.056060001254081726,0.1350155621767044,0.0,0.1350155621767044,0.0,0.0,0.0,0.007568972584946598,2,
2018-06-03 13:00:00,120,0.10477777570486069,0.0,0.05440250039100647,0.10477777570486069,0.0,0.10477777570486069,0.0,0.0,0.0,0.005700172983752472,2,
2018-06-03 14:00:00,120,0.2301349937915802,0.0,0.05290500074625015,0.2301349937915802,0.0,0.2301349937915802,0.0,0.0,0.0,0.012175292018281825,2,
2018-06-03 15:00:00,120,0.10839777439832687,0.0,0.05233500152826309,0.10839777439832687,0.0,0.10839777439832687,0.0,0.0,0.0,0.005672997688796755,2,
2018-06-03 16:00:00,120,0.13806305825710297,0.0,0.05525749921798706,0.13806305825710297,0.0,0.13806305825710297,0.0,0.0,0.0,0.007629019333674769,2,
2018-06-03 17:00:00,120,0.10816166549921036,0.0,0.06027749925851822,0.10816166549921036,0.0,0.10816166549921036,0.0,0.0,0.0,0.006519714711928748,2,
2018-06-03 18:00:00,120,0.29085999727249146,0.0,0.06059499830007553,0.29085999727249146,0.0,0.29085999727249146,0.0,0.0,0.0,0.017624661040286593,2,
2018-06-03 19:00:00,120,0.21475306153297424,-0.0,0.06268499791622162,0.21475306153297424,0.0,0.21475306153297424,0.0,0.0,0.0,0.013461795214696703,2,
2018-06-03 20:00:00,120,0.2902158200740814,-0.0,0.06225749850273132,0.2902158200740814,0.0,0.2902158200740814,0.0,0.0,0.0,0.018068110983731067,2,
2018-06-03 21:00:00,120,0.7583297491073608,-0.0,0.06206750124692917,0.7583297491073608,0.0,0.7583297491073608,0.0,0.0,0.0,0.0470676326483046,2,
2018-06-03 22:00:00,120,0.9630133509635925,-0.0,0.05896250158548355,0.9630133509635925,0.0,0.9630133509635925,0.0,0.0,0.0,0.05678167623303265,2,
2018-06-03 23:00:00,120,0.1274166703224182,-0.0,0.05486749857664108,0.1274166703224182,0.0,0.1274166703224182,0.0,0.0,0.0,0.006991033977555627,2,
2018-06-04 00:00:00,120,0.11367861181497574,-0.0,0.04946500062942505,0.11367861181497574,0.0,0.11367861181497574,0.0,0.0,0.0,0.005623112604979941,2,
2018-06-04 01:00:00,120,0.1447819471359253,-0.0,0.04976499825716019,0.1447819471359253,0.0,0.1447819471359253,0.0,0.0,0.0,0.0072050733468875805,2,
2018-06-04 02:00:00,120,0.11016249656677246,-0.0,0.04958749935030937,0.11016249656677246,0.0,0.11016249656677246,0.0,0.0,0.0,0.005462682726933288,2,
2018-06-04 03:00:00,120,0.14019165933132172,-0.0,0.04784249886870384,0.14019165933132172,0.0,0.14019165933132172,0.0,0.0,0.0,0.006707119302960474,2,
2018-06-04 04:00:00,120,0.11330360919237137,-0.0,0.04735250025987625,0.11330360919237137,0.0,0.11330360919237137,0.0,0.0,0.0,0.005365209183726682,2,
2018-06-04 05:00:00,120,0.12807221710681915,-0.0,0.050085000693798065,0.12807221710681915,0.0,0.12807221710681915,0.0,0.0,0.0,0.006414497082651294,2,
2018-06-04 06:00:00,120,0.16851778328418732,-0.0,0.05023999884724617,0.16851778328418732,0.0,0.16851778328418732,0.0,0.0,0.0,0.00846633323793805,2,
2018-06-04 07:00:00,120,0.1689813882112503,0.0,0.053394999355077744,0.1689813882112503,0.0,0.1689813882112503,0.0,0.0,0.0,0.009022761114559852,2,
2018-06-04 08:00:00,120,0.6006761193275452,0.0,0.05283749848604202,0.6006761193275452,0.0,0.6006761193275452,0.0,0.0,0.0,0.031738223545570765,2,
2018-06-04 09:00:00,120,0.6592194437980652,0.0,0.05352500081062317,0.6592194437980652,0.0,0.6592194437980652,0.0,0.0,0.0,0.035284721263669994,2,
2018-06-04 10:00:00,120,0.14340028166770935,0.0,0.05402500182390213,0.14340028166770935,0.0,0.14340028166770935,0.0,0.0,0.0,0.007747200478646077,2,
2018-06-04 11:00:00,120,0.15656472742557526,0.0,0.0533749982714653,0.15656472742557526,0.0,0.15656472742557526,0.0,0.0,0.0,0.008356642055712515,2,
2018-06-04 12:00:00,120,0.1648702770471573,0.0,0.05249999836087227,0.1648702770471573,0.0,0.1648702770471573,0.0,0.0,0.0,0.008655689274732314,2,
2018-06-04 13:00:00,120,0.13833805918693542,0.0,0.05204499885439873,0.13833805918693542,0.0,0.13833805918693542,0.0,0.0,0.0,0.0071998041319037975,2,
2018-06-04 14:00:00,120,0.13423389196395874,0.0,0.0513250008225441,0.13423389196395874,0.0,0.13423389196395874,0.0,0.0,0.0,0.006889554615463478,2,
2018-06-04 15:00:00,120,0.13033221662044525,0.0,0.053394999355077744,0.13033221662044525,0.0,0.13033221662044525,0.0,0.0,0.0,0.006959088622394527,2,
2018-06-04 16:00:00,120,0.24066610634326935,0.0,0.06341499835252762,0.24066610634326935,0.0,0.24066610634326935,0.0,0.0,0.0,0.015261840737267662,2,
2018-06-04 17:00:00,120,0.15512028336524963,0.0,0.06720999628305435,0.15512028336524963,0.0,0.15512028336524963,0.0,0.0,0.0,0.010425633668404766,2,
2018-06-04 18:00:00,120,0.2470216602087021,0.0,0.06165999919176102,0.2470216602087021,0.0,0.2470216602087021,0.0,0.0,0.0,0.015231355368816035,2,
2018-06-04 19:00:00,120,0.21964000165462494,-0.0,0.053222499787807465,0.21964000165462494,0.0,0.21964000165462494,0.0,0.0,0.0,0.011689789941457307,2,
2018-06-04 20:00:00,120,0.8636480569839478,-0.0,0.05231500044465065,0.8636480569839478,0.0,0.8636480569839478,0.0,0.0,0.0,0.0451817484851369,2,
2018-06-04 21:00:00,120,0.7108677625656128,-0.0,0.0528549998998642,0.7108677625656128,0.0,0.7108677625656128,0.0,0.0,0.0,0.03757291551922215,2,
2018-06-04 22:00:00,120,0.13861972093582153,-0.0,0.05166250094771385,0.13861972093582153,0.0,0.13861972093582153,0.0,0.0,0.0,0.00716144146421871,2,
2018-06-04 23:00:00,120,0.12512195110321045,-0.0,0.05228250101208687,0.12512195110321045,0.0,0.12512195110321045,0.0,0.0,0.0,0.006541688535187884,2,
2018-06-05 00:00:00,120,0.15108999609947205,-0.0,0.04881250113248825,0.15108999609947205,0.0,0.15108999609947205,0.0,0.0,0.0,0.007375080605713125,2,
2018-06-05 01:00:00,120,0.11984666436910629,-0.0,0.04949000105261803,0.11984666436910629,0.0,0.11984666436910629,0.0,0.0,0.0,0.00593121154577983,2,
2018-06-05 02:00:00,120,0.1415083259344101,-0.0,0.04967749863862991,0.1415083259344101,0.0,0.1415083259344101,0.0,0.0,0.0,0.0070297796689614556,2,
2018-06-05 03:00:00,120,0.13282528519630432,-0.0,0.0481100007891655,0.13282528519630432,0.0,0.13282528519630432,0.0,0.0,0.0,0.006390224575615333,2,
2018-06-05 04:00:00,120,0.12307694554328918,-0.0,0.04698750004172325,0.12307694554328918,0.0,0.12307694554328918,0.0,0.0,0.0,0.005783077983850471,2,
2018-06-05 05:00:00,120,0.1462152749300003,0.0,0.04633999988436699,0.1462152749300003,0.0,0.1462152749300003,0.0,0.0,0.0,0.006775615823348902,2,
2018-06-05 06:00:00,120,0.2463613897562027,-0.0,0.05099499970674515,0.2463613897562027,0.0,0.2463613897562027,0.0,0.0,0.0,0.012563198998370884,2,
2018-06-05 07:00:00,120,0.2660088837146759,0.0,0.05681750178337097,0.2660088837146759,0.0,0.2660088837146759,0.0,0.0,0.0,0.01511396022485112,2,
2018-06-05 08:00:00,120,0.1500941663980484,0.0,0.05791499838232994,0.1500941663980484,0.0,0.1500941663980484,0.0,0.0,0.0,0.008692703404140134,2,
2018-06-05 09:00:00,120,0.12402694672346115,0.02996920980513096,0.05696000158786774,0.09405773691833019,0.0,0.09405773691833019,0.0,0.0,0.0,0.005357528844219334,2,
2018-06-05 10:00:00,120,0.13075388967990875,0.054514750838279724,0.0578249990940094,0.07623913884162903,0.0,0.07623913884162903,0.0,0.0,0.0,0.004408528134445255,2,
2018-06-05 11:00:00,120,0.1352519392967224,0.1274232566356659,0.05542749911546707,0.007828682661056519,0.0,0.007828682661056519,0.0,0.0,0.0,0.0004339243012709826,2,
2018-06-05 12:00:00,120,0.13773778080940247,0.1192813292145729,0.05448000133037567,0.01845645159482956,0.0,0.01845645159482956,0.0,0.0,0.0,0.0010055075074403286,2,
2018-06-05 13:00:00,120,0.15470166504383087,0.11573132127523422,0.05328249931335449,0.03897034376859665,0.0,0.03897034376859665,0.0,0.0,0.0,0.0020764373150914395,2,
2018-06-05 14:00:00,120,0.13063916563987732,0.07843084633350372,0.05240749940276146,0.052208319306373596,0.0,0.052208319306373596,0.0,0.0,0.0,0.002736107462867954,2,
2018-06-05 15:00:00,120,0.12214194238185883,0.019000889733433723,0.052322499454021454,0.1031410526484251,0.0,0.1031410526484251,0.0,0.0,0.0,0.0053965976708844204,2,
2018-06-05 16:00:00,120,0.14778000116348267,0.05669655278325081,0.05272499844431877,0.09108344838023186,0.0,0.09108344838023186,0.0,0.0,0.0,0.004802374674150914,2,
2018-06-05 17:00:00,120,0.28688082098960876,0.01354286726564169,0.05483249947428703,0.2733379537239671,0.0,0.2733379537239671,0.0,0.0,0.0,0.014987803203872118,2,
2018-06-05 18:00:00,120,0.4064527750015259,5.1498279704081376e-18,0.05521500110626221,0.4064527750015259,0.0,0.4064527750015259,0.0,0.0,0.0,0.022442290421352595,2,
2018-06-05 19:00:00,120,0.19499139487743378,0.0,0.054112501442432404,0.19499139487743378,0.0,0.19499139487743378,0.0,0.0,0.0,0.010551472136567042,2,
2018-06-05 20:00:00,120,0.31510111689567566,-0.0,0.052857499569654465,0.31510111689567566,0.0,0.31510111689567566,0.0,0.0,0.0,0.016655457150710817,2,
2018-06-05 21:00:00,120,1.2501864433288574,-0.0,0.052262499928474426,1.2501864433288574,0.0,1.2501864433288574,0.0,0.0,0.0,0.06533786890505411,2,
2018-06-05 22:00:00,120,0.12945027649402618,-0.0,0.051660001277923584,0.12945027649402618,0.0,0.12945027649402618,0.0,0.0,0.0,0.006687401449108954,2,
2018-06-05 23:00:00,120,0.12626861035823822,-0.0,0.05312250182032585,0.12626861035823822,0.0,0.12626861035823822,0.0,0.0,0.0,0.0067077044836055255,2,
2018-06-06 00:00:00,120,0.14809972047805786,-0.0,0.050200000405311584,0.14809972047805786,0.0,0.14809972047805786,0.0,0.0,0.0,0.007434606028025037,2,
2018-06-06 01:00:00,120,0.11577139049768448,-0.0,0.04902249947190285,0.11577139049768448,0.0,0.11577139049768448,0.0,0.0,0.0,0.005675402929534196,2,
2018-06-06 02:00:00,120,0.17429417371749878,-0.0,0.04872250184416771,0.17429417371749878,0.0,0.17429417371749878,0.0,0.0,0.0,0.008492048200378521,2,
2018-06-06 03:00:00,120,0.17318639159202576,-0.0,0.047074999660253525,0.17318639159202576,0.0,0.17318639159202576,0.0,0.0,0.0,0.008152749325355146,2,
2018-06-06 04:00:00,120,0.14926055073738098,-0.0,0.04687749966979027,0.14926055073738098,0.0,0.14926055073738098,0.0,0.0,0.0,0.0069969614179042905,2,
2018-06-06 05:00:00,120,0.11085333675146103,-0.0,0.048512499779462814,0.11085333675146103,0.0,0.11085333675146103,0.0,0.0,0.0,0.00537777247470797,2,
2018-06-06 06:00:00,120,0.2842230498790741,-0.0,0.050725001841783524,0.2842230498790741,0.0,0.2842230498790741,0.0,0.0,0.0,0.014417214728593364,2,
2018-06-06 07:00:00,120,0.28876444697380066,0.0,0.05178999900817871,0.28876444697380066,0.0,0.28876444697380066,0.0,0.0,0.0,0.01495511042237041,2,
2018-06-06 08:00:00,120,0.12424444407224655,0.0,0.05245000123977661,0.12424444407224655,0.0,0.12424444407224655,0.0,0.0,0.0,0.0065166212456246875,2,
2018-06-06 09:00:00,120,0.12184138596057892,0.06612522155046463,0.051692500710487366,0.05571616441011429,0.0,0.05571616441011429,0.0,0.0,0.0,0.0028801078683554637,2,
2018-06-06 10:00:00,120,0.285970002412796,0.09788317233324051,0.05288749933242798,0.1880868300795555,0.0,0.1880868300795555,0.0,0.0,0.0,0.009947442100270987,2,
2018-06-06 11:00:00,120,0.19098083674907684,0.04323507100343704,0.05243000015616417,0.1477457657456398,0.0,0.1477457657456398,0.0,0.0,0.0,0.0077463105211164895,2,
2018-06-06 12:00:00,120,0.21178388595581055,2.898693323135376,0.02500000037252903,-2.6869094371795654,1.4249999999999998,0.0,1.1869094371795654,1.1869094371795654,1.5,0.0015,0,
2018-06-06 13:00:00,120,0.15977443754673004,0.1548648327589035,0.04177999868988991,0.004909604787826538,1.4198319949601823,0.0,-0.0,-0.0,0.004909604787826538,4.909604787826538e-06,2,
2018-06-06 14:00:00,120,0.18404750525951385,0.15699923038482666,0.05006000027060509,0.027048274874687195,1.3913601266710378,0.0,-0.0,-0.0,0.027048274874687195,2.7048274874687196e-05,2,
2018-06-06 15:00:00,120,0.11167611181735992,0.1356973648071289,0.05409500002861023,-0.024021252989768982,1.3913601266710378,0.0,0.024021252989768982,0.024021252989768982,0.0,0.0,2,
2018-06-06 16:00:00,120,0.1392502784729004,0.08383508771657944,0.054167501628398895,0.05541519075632095,1.3330283469275421,0.0,-0.0,-0.0,0.05541519075632095,5.5415190756320954e-05,2,
2018-06-06 17:00:00,120,0.1374800056219101,0.030676741153001785,0.0549824982881546,0.10680326446890831,1.2206038580129017,0.0,-0.0,-0.0,0.10680326446890831,0.00010680326446890831,2,
2018-06-06 18:00:00,120,0.1255505532026291,1.1443516033440329e-17,0.05668500065803528,0.1255505532026291,1.0884453809575028,0.0,-0.0,-0.0,0.1255505532026291,0.0001255505532026291,2,
2018-06-06 19:00:00,120,0.15268361568450928,0.0,0.05708250030875206,0.15268361568450928,0.9277257855001246,0.0,-0.0,-0.0,0.15268361568450928,0.0001526836156845093,2,
2018-06-06 20:00:00,120,0.4678952693939209,0.0,0.05393499881029129,0.4678952693939209,0.43520444929599733,0.0,-0.0,-0.0,0.4678952693939209,0.0004678952693939209,2,
2018-06-06 21:00:00,120,0.9030799865722656,-0.0,0.0532350018620491,0.9030799865722656,0.0,0.48963575974106816,0.0,0.0,0.41344422683119747,0.026479204808372788,2,
2018-06-06 22:00:00,120,0.13810500502586365,-0.0,0.05176499858498573,0.13810500502586365,0.0,0.13810500502586365,0.0,0.0,0.0,0.007149005389743279,2,
2018-06-06 23:00:00,120,0.12091222405433655,-0.0,0.054910000413656235,0.12091222405433655,0.0,0.12091222405433655,0.0,0.0,0.0,0.006639290272839715,2,
2018-06-07 00:00:00,120,0.15090666711330414,-0.0,0.05056000128388405,0.15090666711330414,0.0,0.15090666711330414,0.0,0.0,0.0,0.00762984128299532,2,
2018-06-07 01:00:00,120,0.14989528059959412,-0.0,0.04975000023841858,0.14989528059959412,0.0,0.14989528059959412,0.0,0.0,0.0,0.007457290245567627,2,
2018-06-07 02:00:00,120,0.17564556002616882,-0.0,0.04926750063896179,0.17564556002616882,0.0,0.17564556002616882,0.0,0.0,0.0,0.008653617740820074,2,
2018-06-07 03:00:00,120,0.1436716616153717,-0.0,0.048420000821352005,0.1436716616153717,0.0,0.1436716616153717,0.0,0.0,0.0,0.006956581973421305,2,
2018-06-07 04:00:00,120,0.11299416422843933,-0.0,0.04903249815106392,0.11299416422843933,0.0,0.11299416422843933,0.0,0.0,0.0,0.005540386148611964,2,
2018-06-07 05:00:00,120,0.15249000489711761,-0.0,0.04996750131249428,0.15249000489711761,0.0,0.15249000489711761,0.0,0.0,0.0,0.007619544519838983,2,
2018-06-07 06:00:00,120,0.11504527926445007,-0.0,0.0520625002682209,0.11504527926445007,0.0,0.11504527926445007,0.0,0.0,0.0,0.0059895448825629805,2,
2018-06-07 07:00:00,120,0.3609466552734375,0.0,0.05355750024318695,0.3609466552734375,0.0,0.3609466552734375,0.0,0.0,0.0,0.019331400577584645,2,
2018-06-07 08:00:00,120,0.2896580696105957,0.0,0.056894998997449875,0.2896580696105957,0.0,0.2896580696105957,0.0,0.0,0.0,0.01648009558009811,2,
2018-06-07 09:00:00,120,0.1981247216463089,0.0,0.053495001047849655,0.1981247216463089,0.0,0.1981247216463089,0.0,0.0,0.0,0.010598682192074216,2,
2018-06-07 10:00:00,120,0.2265927791595459,0.0,0.05241750180721283,0.2265927791595459,0.0,0.2265927791595459,0.0,0.0,0.0,0.011877427411096875,2,
2018-06-07 11:00:00,120,0.3254599869251251,0.0,0.05137249827384949,0.3254599869251251,0.0,0.3254599869251251,0.0,0.0,0.0,0.016719692616518067,2,
2018-06-07 12:00:00,120,0.20448361337184906,2.0612423419952393,0.051865000277757645,-1.8567587286233902,1.4249999999999998,0.0,0.3567587286233902,0.3567587286233902,1.5,0.0015,0,
2018-06-07 13:00:00,120,0.2692519426345825,0.10482694208621979,0.05172999948263168,0.16442500054836273,1.2519210520543549,0.0,-0.0,-0.0,0.16442500054836273,0.00016442500054836273,2,
2018-06-07 14:00:00,120,0.23654694855213165,0.11642547696828842,0.05203000083565712,0.12012147158384323,1.1254773977555725,0.0,-0.0,-0.0,0.12012147158384323,0.00012012147158384323,2,
2018-06-07 15:00:00,120,0.1951950043439865,0.11148050427436829,0.059027500450611115,0.08371450006961823,1.0373568713665007,0.0,-0.0,-0.0,0.08371450006961823,8.371450006961822e-05,2,
2018-06-07 16:00:00,120,0.5976322293281555,0.0628218948841095,0.062185000628232956,0.534810334444046,0.4743986245832943,0.0,-0.0,-0.0,0.534810334444046,0.0005348103344440461,2,
2018-06-07 17:00:00,120,0.2672908306121826,0.025589941069483757,0.06364750117063522,0.24170088954269886,0.21997663559097969,0.0,-0.0,-0.0,0.24170088954269886,0.00024170088954269885,2,
2018-06-07 18:00:00,120,0.16408777236938477,5.511594584127592e-18,0.06437250226736069,0.16408777236938477,0.04725266467583783,0.0,-0.0,-0.0,0.16408777236938477,0.00016408777236938477,2,
2018-06-07 19:00:00,120,0.16717888414859772,0.0,0.05739250034093857,0.16717888414859772,0.0,0.12228885270655178,0.0,0.0,0.04489003144204594,0.007063353052095805,2,
2018-06-07 20:00:00,120,0.5166072249412537,-0.0,0.05435999855399132,0.5166072249412537,0.0,0.5166072249412537,0.0,0.0,0.0,0.028082768000788016,2,
2018-06-07 21:00:00,120,0.9521700143814087,-0.0,0.05449749901890755,0.9521700143814087,0.0,0.9521700143814087,0.0,0.0,0.0,0.051890884424584005,2,
2018-06-07 22:00:00,120,0.11498277634382248,-0.0,0.05269249901175499,0.11498277634382248,0.0,0.11498277634382248,0.0,0.0,0.0,0.006058729828865711,2,
2018-06-07 23:00:00,120,0.14780305325984955,-0.0,0.05046999827027321,0.14780305325984955,0.0,0.14780305325984955,0.0,0.0,0.0,0.007459619842365706,2,
2018-06-08 00:00:00,120,0.20820972323417664,-0.0,0.05101250112056732,0.20820972323417664,0.0,0.20820972323417664,0.0,0.0,0.0,0.010621298739796448,2,
2018-06-08 01:00:00,120,0.15124055743217468,-0.0,0.05076000094413757,0.15124055743217468,0.0,0.15124055743217468,0.0,0.0,0.0,0.00767697083804908,2,
2018-06-08 02:00:00,120,0.11067472398281097,-0.0,0.0504475012421608,0.11067472398281097,0.0,0.11067472398281097,0.0,0.0,0.0,0.00558326327559866,2,
2018-06-08 03:00:00,120,0.14395305514335632,-0.0,0.05032249912619591,0.14395305514335632,0.0,0.14395305514335632,0.0,0.0,0.0,0.00724407749166478,2,
2018-06-08 04:00:00,120,0.1187136098742485,-0.0,0.05017999932169914,0.1187136098742485,0.0,0.1187136098742485,0.0,0.0,0.0,0.005957048862966247,2,
2018-06-08 05:00:00,120,0.12854333221912384,-0.0,0.05003250017762184,0.12854333221912384,0.0,0.12854333221912384,0.0,0.0,0.0,0.006431344292085417,2,
2018-06-08 06:00:00,120,0.252358615398407,0.0,0.05079500004649162,0.252358615398407,0.0,0.252358615398407,0.0,0.0,0.0,0.012818555880894644,2,
2018-06-08 07:00:00,120,0.21287944912910461,0.0,0.054249998182058334,0.21287944912910461,0.0,0.21287944912910461,0.0,0.0,0.0,0.011548709728251505,2,
2018-06-08 08:00:00,120,0.14697499573230743,0.0,0.06626249849796295,0.14697499573230743,0.0,0.14697499573230743,0.0,0.0,0.0,0.009738930433950133,2,
2018-06-08 09:00:00,120,0.11220027506351471,0.0,0.06799750030040741,0.11220027506351471,0.0,0.11220027506351471,0.0,0.0,0.0,0.0076293382373371355,2,
2018-06-08 10:00:00,120,0.20869888365268707,0.0,0.06781750172376633,0.20869888365268707,0.0,0.20869888365268707,0.0,0.0,0.0,0.014153436901864214,2,
2018-06-08 11:00:00,120,0.26177695393562317,0.0,0.05907750129699707,0.26177695393562317,0.0,0.26177695393562317,0.0,0.0,0.0,0.01546512833565572,2,
2018-06-08 12:00:00,120,0.20143528282642365,0.018703175708651543,0.059747498482465744,0.1827321071177721,0.0,0.1827321071177721,0.0,0.0,0.0,0.010917786292716856,2,
2018-06-08 13:00:00,120,0.15730777382850647,0.03223329782485962,0.05471250042319298,0.12507447600364685,0.0,0.12507447600364685,0.0,0.0,0.0,0.006843137321280168,2,
2018-06-08 14:00:00,120,0.1367083340883255,0.033874787390232086,0.05277499929070473,0.10283354669809341,0.0,0.10283354669809341,0.0,0.0,0.0,0.005427040354052531,2,
2018-06-08 15:00:00,120,0.17254693806171417,0.039541129022836685,0.05200750008225441,0.1330058090388775,0.0,0.1330058090388775,0.0,0.0,0.0,0.006917299624529735,2,
2018-06-08 16:00:00,120,0.18438056111335754,0.008586849085986614,0.051772501319646835,0.17579371202737093,0.0,0.17579371202737093,0.0,0.0,0.0,0.009101280187922677,2,
2018-06-08 17:00:00,120,0.2837727665901184,0.0,0.05377250164747238,0.2837727665901184,0.0,0.2837727665901184,0.0,0.0,0.0,0.015259171558974938,2,
2018-06-08 18:00:00,120,0.21124333143234253,0.0,0.05412999913096428,0.21124333143234253,0.0,0.21124333143234253,0.0,0.0,0.0,0.0114346013468547,2,
2018-06-08 19:00:00,120,0.18659527599811554,-0.0,0.0547574982047081,0.18659527599811554,0.0,0.18659527599811554,0.0,0.0,0.0,0.010217490490473824,2,
2018-06-08 20:00:00,120,0.19454139471054077,-0.0,0.05281500145792961,0.19454139471054077,0.0,0.19454139471054077,0.0,0.0,0.0,0.01027470404526487,2,
2018-06-08 21:00:00,120,0.19539722800254822,-0.0,0.05166750028729439,0.19539722800254822,0.0,0.19539722800254822,0.0,0.0,0.0,0.010095686333958187,2,
2018-06-08 22:00:00,120,0.542253315448761,-0.0,0.05115250125527382,0.542253315448761,0.0,0.542253315448761,0.0,0.0,0.0,0.027737613399169136,2,
2018-06-08 23:00:00,120,0.2644527852535248,-0.0,0.05385750159621239,0.2644527852535248,0.0,0.2644527852535248,0.0,0.0,0.0,0.014242766303914522,2,
2018-06-09 00:00:00,120,0.14537444710731506,-0.0,0.05096999928355217,0.14537444710731506,0.0,0.14537444710731506,0.0,0.0,0.0,0.007409735464906642,2,
2018-06-09 01:00:00,120,0.12396333366632462,-0.0,0.049525000154972076,0.12396333366632462,0.0,0.12396333366632462,0.0,0.0,0.0,0.006139284119035582,2,
2018-06-09 02:00:00,120,0.12593083083629608,-0.0,0.04955499991774559,0.12593083083629608,0.0,0.12593083083629608,0.0,0.0,0.0,0.006240502311734286,2,
2018-06-09 03:00:00,120,0.13180667161941528,-0.0,0.048009999096393585,0.13180667161941528,0.0,0.13180667161941528,0.0,0.0,0.0,0.006328038185346774,2,
2018-06-09 04:00:00,120,0.10400860756635666,-0.0,0.04805750027298927,0.10400860756635666,0.0,0.10400860756635666,0.0,0.0,0.0,0.004998393686513419,2,
2018-06-09 05:00:00,120,0.13976360857486725,-0.0,0.04774250090122223,0.13976360857486725,0.0,0.13976360857486725,0.0,0.0,0.0,0.0066726642083436705,2,
2018-06-09 06:00:00,120,0.10819888859987259,-0.0,0.05081000179052353,0.10819888859987259,0.0,0.10819888859987259,0.0,0.0,0.0,0.005497585723492182,2,
2018-06-09 07:00:00,120,0.18184944987297058,0.0,0.05077749863266945,0.18184944987297058,0.0,0.18184944987297058,0.0,0.0,0.0,0.009233860192276455,2,
2018-06-09 08:00:00,120,0.19696499407291412,0.9179418087005615,0.050289999693632126,-0.7209768146276474,1.4249999999999998,0.7790231853723526,0.0,0.0,1.5,0.040677075753707936,0,
2018-06-09 09:00:00,120,0.10200639069080353,2.6599924564361572,0.05420750007033348,-2.5579860657453537,2.8499999999999996,0.0,1.0579860657453537,1.0579860657453537,1.5,0.0015,0,
2018-06-09 10:00:00,120,0.13539665937423706,2.4353160858154297,0.053610000759363174,-2.2999194264411926,3.0,0.0,2.142024689599087,2.142024689599087,0.15789473684210564,0.00015789473684210564,0,
2018-06-09 11:00:00,120,0.11720972508192062,0.0,0.05124000087380409,0.11720972508192062,2.876621342019031,0.0,-0.0,-0.0,0.11720972508192062,0.00011720972508192062,2,
2018-06-09 12:00:00,120,0.17151667177677155,0.0,0.04936499893665314,0.17151667177677155,2.69607747699085,0.0,-0.0,-0.0,0.17151667177677155,0.00017151667177677156,2,
2018-06-09 13:00:00,120,0.17958055436611176,0.0,0.04836750030517578,0.17958055436611176,2.507045314500206,0.0,-0.0,-0.0,0.17958055436611176,0.00017958055436611176,2,
2018-06-09 14:00:00,120,0.1430213898420334,0.0,0.048135001212358475,0.1430213898420334,2.3564964830875392,0.0,-0.0,-0.0,0.1430213898420334,0.0001430213898420334,2,
2018-06-09 15:00:00,120,0.11474305391311646,0.0,0.04565750062465668,0.11474305391311646,2.2357143210737322,0.0,-0.0,-0.0,0.11474305391311646,0.00011474305391311645,2,
2018-06-09 16:00:00,120,0.12861360609531403,0.0,0.04596250131726265,0.12861360609531403,2.100331577815507,0.0,-0.0,-0.0,0.12861360609531403,0.00012861360609531402,2,
2018-06-09 17:00:00,120,0.12555555999279022,0.0,0.053690001368522644,0.12555555999279022,1.9681678304546755,0.0,-0.0,-0.0,0.12555555999279022,0.00012555555999279022,2,
2018-06-09 18:00:00,120,0.2927497327327728,0.0,0.05515500158071518,0.2927497327327728,1.6600102170517568,0.0,-0.0,-0.0,0.2927497327327728,0.0002927497327327728,2,
2018-06-09 19:00:00,120,0.5955525040626526,-0.0,0.05611500144004822,0.5955525040626526,1.0331128443542277,0.0,-0.0,-0.0,0.5955525040626526,0.0005955525040626526,2,
2018-06-09 20:00:00,120,0.8961683511734009,-0.0,0.05559249967336655,0.8961683511734009,0.08977773785591092,0.0,-0.0,-0.0,0.8961683511734009,0.0008961683511734009,2,
2018-06-09 21:00:00,120,0.16981999576091766,-0.0,0.05364999920129776,0.16981999576091766,0.0,0.08453114479780229,0.0,0.0,0.08528885096311538,0.004620384701849993,2,
2018-06-09 22:00:00,120,0.26856306195259094,-0.0,0.052787501364946365,0.26856306195259094,0.0,0.26856306195259094,0.0,0.0,0.0,0.01417677299939657,2,
2018-06-09 23:00:00,120,0.13070333003997803,-0.0,0.05329500138759613,0.13070333003997803,0.0,0.13070333003997803,0.0,0.0,0.0,0.006965834155844064,2,
2018-06-10 00:00:00,120,0.17519694566726685,-0.0,0.05220000073313713,0.17519694566726685,0.0,0.17519694566726685,0.0,0.0,0.0,0.009145280692274715,2,
2018-06-10 01:00:00,120,0.149668887257576,-0.0,0.05019000172615051,0.149668887257576,0.0,0.149668887257576,0.0,0.0,0.0,0.007511881709808765,2,
2018-06-10 02:00:00,120,0.11221388727426529,-0.0,0.05020749941468239,0.11221388727426529,0.0,0.11221388727426529,0.0,0.0,0.0,0.00563397867964191,2,
2018-06-10 03:00:00,120,0.14140278100967407,-0.0,0.04827500134706497,0.14140278100967407,0.0,0.14140278100967407,0.0,0.0,0.0,0.006826219443720749,2,
2018-06-10 04:00:00,120,0.11361110955476761,-0.0,0.04773499816656113,0.11361110955476761,0.0,0.11361110955476761,0.0,0.0,0.0,0.005423226106297807,2,
2018-06-10 05:00:00,120,0.1287577748298645,-0.0,0.04752499982714653,0.1287577748298645,0.0,0.1287577748298645,0.0,0.0,0.0,0.006119213226533082,2,
2018-06-10 06:00:00,120,0.12255916744470596,-0.0,0.04769999906420708,0.12255916744470596,0.0,0.12255916744470596,0.0,0.0,0.0,0.005846072172422473,2,
2018-06-10 07:00:00,120,0.17284443974494934,0.0,0.04800749942660332,0.17284443974494934,0.0,0.17284443974494934,0.0,0.0,0.0,0.008297829341947227,2,
2018-06-10 08:00:00,120,0.1370677798986435,0.0,0.04972749948501587,0.1370677798986435,0.0,0.1370677798986435,0.0,0.0,0.0,0.006816037954322063,2,
2018-06-10 09:00:00,120,0.10960416495800018,0.0,0.0566600002348423,0.10960416495800018,0.0,0.10960416495800018,0.0,0.0,0.0,0.006210172012259985,2,
2018-06-10 10:00:00,120,0.1422530561685562,0.0,0.0582675002515316,0.1422530561685562,0.0,0.1422530561685562,0.0,0.0,0.0,0.008288729986082488,2,
2018-06-10 11:00:00,120,0.13213278353214264,0.0,0.05239250138401985,0.13213278353214264,0.0,0.13213278353214264,0.0,0.0,0.0,0.006922767044082179,2,
2018-06-10 12:00:00,120,0.1412341594696045,0.8755770921707153,0.052354998886585236,-0.7343429327011108,0.0,0.0,0.7343429327011108,0.7343429327011108,0.0,0.0,2,
2018-06-10 13:00:00,120,0.16628167033195496,0.0,0.04927000030875206,0.16628167033195496,0.0,0.16628167033195496,0.0,0.0,0.0,0.008192697948595229,2,
2018-06-10 14:00:00,120,0.16335389018058777,0.04130471125245094,0.04848499968647957,0.12204917892813683,0.0,0.12204917892813683,0.0,0.0,0.0,0.005917554402065803,2,
2018-06-10 15:00:00,120,0.13098028302192688,0.03683973848819733,0.049254998564720154,0.09414054453372955,0.0,0.09414054453372955,0.0,0.0,0.0,0.004636892385890823,2,
2018-06-10 16:00:00,120,0.12217722088098526,0.040057871490716934,0.04996750131249428,0.08211934939026833,0.0,0.08211934939026833,0.0,0.0,0.0,0.004103298698439409,2,
2018-06-10 17:00:00,120,0.25422972440719604,0.021410806104540825,0.05191250145435333,0.23281891830265522,0.0,0.23281891830265522,0.0,0.0,0.0,0.012086212434987559,2,
2018-06-10 18:00:00,120,0.2892908453941345,0.0,0.05397750064730644,0.2892908453941345,0.0,0.2892908453941345,0.0,0.0,0.0,0.015615196794521724,2,
2018-06-10 19:00:00,120,0.3122180700302124,-0.0,0.05631500110030174,0.3122180700302124,0.0,0.3122180700302124,0.0,0.0,0.0,0.017582560957285498,2,
2018-06-10 20:00:00,120,0.6072916388511658,-0.0,0.05537499859929085,0.6072916388511658,0.0,0.6072916388511658,0.0,0.0,0.0,0.03362877365074435,2,
2018-06-10 21:00:00,120,0.46101582050323486,-0.0,0.05392250046133995,0.46101582050323486,0.0,0.46101582050323486,0.0,0.0,0.0,0.024859125793770698,2,
2018-06-10 22:00:00,120,0.1264733374118805,-0.0,0.05289499834179878,0.1264733374118805,0.0,0.1264733374118805,0.0,0.0,0.0,0.006689806972683177,2,
2018-06-10 23:00:00,120,0.1373908370733261,-0.0,0.05108249932527542,0.1373908370733261,0.0,0.1373908370733261,0.0,0.0,0.0,0.007018267342097206,2,
2018-06-11 00:00:00,120,0.11187944561243057,-0.0,0.04919249936938286,0.11187944561243057,0.0,0.11187944561243057,0.0,0.0,0.0,0.005503629557736395,2,
2018-06-11 01:00:00,120,0.13418278098106384,-0.0,0.04834999889135361,0.13418278098106384,0.0,0.13418278098106384,0.0,0.0,0.0,0.006487737311673181,2,
2018-06-11 02:00:00,120,0.12395527958869934,-0.0,0.04836750030517578,0.12395527958869934,0.0,0.12395527958869934,0.0,0.0,0.0,0.005995407023334565,2,
2018-06-11 03:00:00,120,0.18010194599628448,-0.0,0.04758499935269356,0.18010194599628448,0.0,0.18010194599628448,0.0,0.0,0.0,0.008570150983652047,2,
2018-06-11 04:00:00,120,0.14741332828998566,-0.0,0.04718250036239624,0.14741332828998566,0.0,0.14741332828998566,0.0,0.0,0.0,0.006955329415464284,2,
2018-06-11 05:00:00,120,0.11558527499437332,-0.0,0.04874499887228012,0.11558527499437332,0.0,0.11558527499437332,0.0,0.0,0.0,0.005634204099252915,2,
2018-06-11 06:00:00,120,0.16902166604995728,-0.0,0.04896000027656555,0.16902166604995728,0.0,0.16902166604995728,0.0,0.0,0.0,0.008275300816551479,2,
2018-06-11 07:00:00,120,0.13672833144664764,0.0,0.051364999264478683,0.13672833144664764,0.0,0.13672833144664764,0.0,0.0,0.0,0.007023050644190454,2,
2018-06-11 08:00:00,120,0.12949861586093903,0.0,0.05313500016927719,0.12949861586093903,0.0,0.12949861586093903,0.0,0.0,0.0,0.006880908975692157,2,
2018-06-11 09:00:00,120,0.17003610730171204,0.0,0.055605001747608185,0.17003610730171204,0.0,0.17003610730171204,0.0,0.0,0.0,0.00945485804366819,2,
2018-06-11 10:00:00,120,0.11791861057281494,0.0,0.05209499970078468,0.11791861057281494,0.0,0.11791861057281494,0.0,0.0,0.0,0.00614296998250774,2,
2018-06-11 11:00:00,120,0.14401750266551971,0.0,0.05002500116825104,0.14401750266551971,0.0,0.14401750266551971,0.0,0.0,0.0,0.007204475739091221,2,
2018-06-11 12:00:00,120,0.127027228474617,0.0,0.05043499916791916,0.127027228474617,0.0,0.127027228474617,0.0,0.0,0.0,0.0064066181624203855,2,
2018-06-11 13:00:00,120,0.14675778150558472,0.0,0.04995749890804291,0.14675778150558472,0.0,0.14675778150558472,0.0,0.0,0.0,0.007331651709312048,2,
2018-06-11 14:00:00,120,0.16746750473976135,0.0,0.04941749945282936,0.16746750473976135,0.0,0.16746750473976135,0.0,0.0,0.0,0.008275825323843855,2,
2018-06-11 15:00:00,120,0.11512861400842667,0.0,0.05126750096678734,0.11512861400842667,0.0,0.11512861400842667,0.0,0.0,0.0,0.0059023563299819,2,
2018-06-11 16:00:00,120,0.19608832895755768,0.00018030178034678102,0.05119000002741814,0.1959080271772109,0.0,0.1959080271772109,0.0,0.0,0.0,0.01002853191657286,2,
2018-06-11 17:00:00,120,0.14880749583244324,0.0,0.0532350018620491,0.14880749583244324,0.0,0.14880749583244324,0.0,0.0,0.0,0.00792176731772698,2,
2018-06-11 18:00:00,120,0.11243777722120285,0.0,0.05353749915957451,0.11243777722120285,0.0,0.11243777722120285,0.0,0.0,0.0,0.0060196374034845734,2,
2018-06-11 19:00:00,120,0.15672416985034943,-0.0,0.051897499710321426,0.15672416985034943,0.0,0.15672416985034943,0.0,0.0,0.0,0.008133592559408875,2,
2018-06-11 20:00:00,120,0.18895305693149567,-0.0,0.05132000148296356,0.18895305693149567,0.0,0.18895305693149567,0.0,0.0,0.0,0.009697071161934856,2,
2018-06-11 21:00:00,120,0.29453137516975403,-0.0,0.05107500031590462,0.29453137516975403,0.0,0.29453137516975403,0.0,0.0,0.0,0.015043190079839008,2,
2018-06-11 22:00:00,120,0.14548833668231964,-0.0,0.0507499985396862,0.14548833668231964,0.0,0.14548833668231964,0.0,0.0,0.0,0.007383532874169096,2,
2018-06-11 23:00:00,120,0.10939750075340271,-0.0,0.050962500274181366,0.10939750075340271,0.0,0.10939750075340271,0.0,0.0,0.0,0.005575170162140042,2,
2018-06-12 00:00:00,120,0.13060611486434937,-0.0,0.04816000163555145,0.13060611486434937,0.0,0.13060611486434937,0.0,0.0,0.0,0.006289990705480086,2,
2018-06-12 01:00:00,120,0.11700361222028732,-0.0,0.0482649989426136,0.11700361222028732,0.0,0.11700361222028732,0.0,0.0,0.0,0.0056471792200941395,2,
2018-06-12 02:00:00,120,0.12907195091247559,-0.0,0.0488400012254715,0.12907195091247559,0.0,0.12907195091247559,0.0,0.0,0.0,0.0063038742407393045,2,
2018-06-12 03:00:00,120,0.12269721925258636,-0.0,0.047052498906850815,0.12269721925258636,0.0,0.12269721925258636,0.0,0.0,0.0,0.005773210774755955,2,
2018-06-12 04:00:00,120,0.11422444134950638,-0.0,0.04679499939084053,0.11422444134950638,0.0,0.11422444134950638,0.0,0.0,0.0,0.005345132663369251,2,
2018-06-12 05:00:00,120,0.1665513962507248,-0.0,0.048055000603199005,0.1665513962507248,0.0,0.1665513962507248,0.0,0.0,0.0,0.008003627447292216,2,
2018-06-12 06:00:00,120,0.26442110538482666,-0.0,0.049400001764297485,0.26442110538482666,0.0,0.26442110538482666,0.0,0.0,0.0,0.013062403072527928,2,
2018-06-12 07:00:00,120,0.16244861483573914,0.0,0.055047500878572464,0.16244861483573914,0.0,0.16244861483573914,0.0,0.0,0.0,0.00894239026789323,2,
2018-06-12 08:00:00,120,0.5058080554008484,0.0,0.057989999651908875,0.5058080554008484,0.0,0.5058080554008484,0.0,0.0,0.0,0.029331808956627903,2,
2018-06-12 09:00:00,120,0.45513084530830383,0.0,0.06538666784763336,0.45513084530830383,0.0,0.45513084530830383,0.0,0.0,0.0,0.029759489409386664,2,
2018-06-12 10:00:00,120,0.9397555589675903,0.0,0.08413500338792801,0.9397555589675903,0.0,0.9397555589675903,0.0,0.0,0.0,0.07906633713756239,2,
2018-06-12 11:00:00,120,0.28856804966926575,0.0,0.07698000222444534,0.28856804966926575,0.0,0.28856804966926575,0.0,0.0,0.0,0.02221396910544393,2,
2018-06-12 12:00:00,120,0.5163236260414124,0.0,0.05933666601777077,0.5163236260414124,0.0,0.5163236260414124,0.0,0.0,0.0,0.030636922555503654,2,
2018-06-12 13:00:00,120,0.9493769407272339,0.08718673139810562,0.05047500133514404,0.8621902093291283,0.0,0.8621902093291283,0.0,0.0,0.0,0.04351905196703587,2,
2018-06-12 14:00:00,120,0.042451389133930206,0.14548054337501526,0.0511775016784668,-0.10302915424108505,0.0,0.0,0.10302915424108505,0.10302915424108505,0.0,0.0,2,"{'r': -3.066174, 'l': 312, 't': 0.785157}"
2018-06-14 08:00:00,122,0.34067749977111816,0.0,0.05043499916791916,0.34067749977111816,1.141392105504086,0.0,-0.0,-0.0,0.34067749977111816,0.00034067749977111816,2,
2018-06-14 09:00:00,122,0.43712055683135986,0.0,0.05138750001788139,0.43712055683135986,0.6812652035763389,0.0,-0.0,-0.0,0.43712055683135986,0.0004371205568313599,2,
2018-06-14 10:00:00,122,0.36924445629119873,0.0,0.05255749821662903,0.36924445629119873,0.2925868285329718,0.0,-0.0,-0.0,0.36924445629119873,0.00036924445629119874,2,
2018-06-14 11:00:00,122,0.40308722853660583,0.0,0.051762498915195465,0.40308722853660583,0.0,0.12512974143028266,0.0,0.0,0.2779574871063232,0.006754985592150018,2,
2018-06-14 12:00:00,122,0.5368497371673584,0.0,0.0510375015437603,0.5368497371673584,0.0,0.5368497371673584,0.0,0.0,0.0,0.027399469289446365,2,
2018-06-14 13:00:00,122,0.32007861137390137,0.0,0.046185001730918884,0.32007861137390137,0.0,0.32007861137390137,0.0,0.0,0.0,0.014782831220333748,2,
2018-06-14 14:00:00,122,0.35691359639167786,0.007821036502718925,0.04372499883174896,0.34909255988895893,0.0,0.34909255988895893,0.0,0.0,0.0,0.015264071773316984,2,
2018-06-14 15:00:00,122,0.44677555561065674,0.01488757785409689,0.04684000089764595,0.43188797775655985,0.0,0.43188797775655985,0.0,0.0,0.0,0.020229633265799758,2,
2018-06-14 16:00:00,122,0.4457469582557678,0.012294330634176731,0.04934750124812126,0.4334526276215911,0.0,0.4334526276215911,0.0,0.0,0.0,0.021389804082557907,2,
2018-06-14 17:00:00,122,1.1245464086532593,0.02469179965555668,0.05361500009894371,1.0998546089977026,0.0,1.0998546089977026,0.0,0.0,0.0,0.05896870497023552,2,
2018-06-14 18:00:00,122,0.9230713844299316,5.455184588664232e-18,0.053075000643730164,0.9230713844299316,0.0,0.9230713844299316,0.0,0.0,0.0,0.048992014322827515,2,
2018-06-14 19:00:00,122,0.6551883220672607,-0.0,0.0536700002849102,0.6551883220672607,0.0,0.6551883220672607,0.0,0.0,0.0,0.03516395743201972,2,
2018-06-14 20:00:00,122,0.46108612418174744,0.0,0.054464999586343765,0.46108612418174744,0.0,0.46108612418174744,0.0,0.0,0.0,0.025113055562827724,2,
2018-06-14 21:00:00,122,0.3630266785621643,-0.0,0.05682000145316124,0.3630266785621643,0.0,0.3630266785621643,0.0,0.0,0.0,0.020627176403438474,2,
2018-06-14 22:00:00,122,0.43244028091430664,-0.0,0.05617750063538551,0.43244028091430664,0.0,0.43244028091430664,0.0,0.0,0.0,0.02429341415582975,2,
2018-06-14 23:00:00,122,0.3335244357585907,-0.0,0.054090000689029694,0.3335244357585907,0.0,0.3335244357585907,0.0,0.0,0.0,0.01804033695999041,2,
2018-06-15 00:00:00,122,0.4748794436454773,-0.0,0.05346250161528587,0.4748794436454773,0.0,0.4748794436454773,0.0,0.0,0.0,0.025388243022962387,2,
2018-06-15 01:00:00,122,0.2966958284378052,-0.0,0.05254749953746796,0.2966958284378052,0.0,0.2966958284378052,0.0,0.0,0.0,0.01559062390760424,2,
2018-06-15 02:00:00,122,0.4721499979496002,-0.0,0.05115250125527382,0.4721499979496002,0.0,0.4721499979496002,0.0,0.0,0.0,0.024151653362794456,2,
2018-06-15 03:00:00,122,0.3181774914264679,-0.0,0.048032499849796295,0.3181774914264679,0.0,0.3181774914264679,0.0,0.0,0.0,0.015282860309150381,2,
2018-06-15 04:00:00,122,0.42500028014183044,-0.0,0.04812749847769737,0.42500028014183044,0.0,0.42500028014183044,0.0,0.0,0.0,0.0204542003355469,2,
2018-06-15 05:00:00,122,0.7532886266708374,-0.0,0.04946250095963478,0.7532886266708374,0.0,0.7532886266708374,0.0,0.0,0.0,0.03725953941958826,2,
2018-06-15 06:00:00,122,1.9297772645950317,-0.0,0.050930000841617584,1.9297772645950317,0.0,1.9297772645950317,0.0,0.0,0.0,0.09828355770995945,2,
2018-06-15 07:00:00,122,1.2514005899429321,0.0,0.05540499836206436,1.2514005899429321,0.0,1.2514005899429321,0.0,0.0,0.0,0.06933384763607453,2,
2018-06-15 08:00:00,122,0.3736197352409363,0.0,0.05852749943733215,0.3736197352409363,0.0,0.3736197352409363,0.0,0.0,0.0,0.021867028844090086,2,
2018-06-15 09:00:00,122,0.4059016704559326,0.0,0.057714998722076416,0.4059016704559326,0.0,0.4059016704559326,0.0,0.0,0.0,0.023426614391652834,2,
2018-06-15 10:00:00,122,0.36448943614959717,0.0,0.05613499879837036,0.36448943614959717,0.0,0.36448943614959717,0.0,0.0,0.0,0.020460614060276328,2,
2018-06-15 11:00:00,122,0.3896152675151825,0.007356082089245319,0.05146250128746033,0.3822591854259372,0.0,0.3822591854259372,0.0,0.0,0.0,0.019672013822125828,2,
2018-06-15 12:00:00,122,0.3867311179637909,0.011225635185837746,0.05209999904036522,0.37550548277795315,0.0,0.37550548277795315,0.0,0.0,0.0,0.019563835292383237,2,
2018-06-15 13:00:00,122,0.3571335971355438,0.0627296194434166,0.05252499878406525,0.29440397769212723,0.0,0.29440397769212723,0.0,0.0,0.0,0.015463568570302955,2,
2018-06-15 14:00:00,122,0.4294572174549103,0.11751903593540192,0.05179249867796898,0.31193818151950836,0.0,0.31193818151950836,0.0,0.0,0.0,0.016156057853957184,2,
2018-06-15 15:00:00,122,0.3770599961280823,0.05597560480237007,0.052025001496076584,0.3210843913257122,0.0,0.3210843913257122,0.0,0.0,0.0,0.016704415939087017,2,
2018-06-15 16:00:00,122,0.3545313775539398,0.03752468153834343,0.05334249883890152,0.3170066960155964,0.0,0.3170066960155964,0.0,0.0,0.0,0.016909929314135957,2,
2018-06-15 17:00:00,122,0.4360285997390747,0.01196300983428955,0.058855000883340836,0.42406558990478516,0.0,0.42406558990478516,0.0,0.0,0.0,0.024958380668440583,2,
2018-06-15 18:00:00,122,0.5344061255455017,1.2168154374177608e-17,0.05953750014305115,0.5344061255455017,0.0,0.5344061255455017,0.0,0.0,0.0,0.03181720477611272,2,
2018-06-15 19:00:00,122,1.2130274772644043,0.0,0.056290000677108765,1.2130274772644043,0.0,1.2130274772644043,0.0,0.0,0.0,0.06828131751656485,2,
2018-06-15 20:00:00,122,0.333771675825119,0.0,0.0508200004696846,0.333771675825119,0.0,0.333771675825119,0.0,0.0,0.0,0.016962276722199965,2,
2018-06-15 21:00:00,122,0.3485405445098877,-0.0,0.05141500011086464,0.3485405445098877,0.0,0.3485405445098877,0.0,0.0,0.0,0.017920212134616698,2,
2018-06-15 22:00:00,122,0.2543124854564667,-0.0,0.050324998795986176,0.2543124854564667,0.0,0.2543124854564667,0.0,0.0,0.0,0.012798275524400937,2,
2018-06-15 23:00:00,122,0.32995861768722534,-0.0,0.05392000079154968,0.32995861768722534,0.0,0.32995861768722534,0.0,0.0,0.0,0.01779136892687383,2,
2018-06-16 00:00:00,122,0.19397194683551788,-0.0,0.0533674992620945,0.19397194683551788,0.0,0.19397194683551788,0.0,0.0,0.0,0.010351797729611534,2,
2018-06-16 01:00:00,122,0.2627311050891876,-0.0,0.053289998322725296,0.2627311050891876,0.0,0.2627311050891876,0.0,0.0,0.0,0.014000940149530572,2,
2018-06-16 02:00:00,122,0.21707111597061157,-0.0,0.05099250003695488,0.21707111597061157,0.0,0.21707111597061157,0.0,0.0,0.0,0.011068998889153248,2,
2018-06-16 03:00:00,122,0.20504888892173767,-0.0,0.05127999931573868,0.20504888892173767,0.0,0.20504888892173767,0.0,0.0,0.0,0.010514906883599684,2,
2018-06-16 04:00:00,122,0.27417832612991333,0.0,0.049582500010728836,0.27417832612991333,0.0,0.27417832612991333,0.0,0.0,0.0,0.013594446858278042,2,
2018-06-16 05:00:00,122,0.1775200068950653,-0.0,0.04856250062584877,0.1775200068950653,0.0,0.1775200068950653,0.0,0.0,0.0,0.008620815445942287,2,
2018-06-16 06:00:00,122,0.29055526852607727,0.0,0.04915250092744827,0.29055526852607727,0.0,0.29055526852607727,0.0,0.0,0.0,0.014281518105702995,2,
2018-06-16 07:00:00,122,0.18848389387130737,0.4951288104057312,0.047439999878406525,-0.30664491653442383,1.4249999999999998,1.1933550834655762,0.0,0.0,1.5,0.05811276501450274,0,
2018-06-16 08:00:00,122,0.5132738947868347,0.0,0.04690000042319298,0.5132738947868347,0.8847116896980686,0.0,-0.0,-0.0,0.5132738947868347,0.0005132738947868348,2,
2018-06-16 09:00:00,122,4.139520645141602,0.0,0.05140500143170357,4.139520645141602,0.0,3.2990445399284365,0.0,0.0,0.8404761052131651,0.17042786540348828,2,
2018-06-16 10:00:00,122,5.156124114990234,0.0,0.05048749968409538,5.156124114990234,0.0,5.156124114990234,0.0,0.0,0.0,0.26031981462672604,2,
2018-06-16 11:00:00,122,0.8472399711608887,0.0,0.04706500098109245,0.8472399711608887,0.0,0.8472399711608887,0.0,0.0,0.0,0.03987535007390797,2,
2018-06-16 12:00:00,122,2.3384947776794434,0.0,0.04636000096797943,2.3384947776794434,0.0,2.3384947776794434,0.0,0.0,0.0,0.10841262015683384,2,
2018-06-16 13:00:00,122,0.3315177857875824,0.0,0.046094998717308044,0.3315177857875824,0.0,0.3315177857875824,0.0,0.0,0.0,0.015281311910643414,2,
2018-06-16 14:00:00,122,0.5753949880599976,0.0,0.04602999985218048,0.5753949880599976,0.0,0.5753949880599976,0.0,0.0,0.0,0.026485431215347077,2,
2018-06-16 15:00:00,122,0.4209105670452118,0.0,0.046322498470544815,0.4209105670452118,0.0,0.4209105670452118,0.0,0.0,0.0,0.019497629098187974,2,
2018-06-16 16:00:00,122,0.43627193570137024,0.0,0.04612499848008156,0.43627193570137024,0.0,0.43627193570137024,0.0,0.0,0.0,0.02012304237112794,2,
2018-06-16 17:00:00,122,0.3612586259841919,0.0,0.04668499901890755,0.3612586259841919,0.0,0.3612586259841919,0.0,0.0,0.0,0.016865358599643887,2,
2018-06-16 18:00:00,122,0.42729640007019043,0.0,0.04633000120520592,0.42729640007019043,0.0,0.42729640007019043,0.0,0.0,0.0,0.019796642730232072,2,
2018-06-16 19:00:00,122,0.5695280432701111,-0.0,0.04812749847769737,0.5695280432701111,0.0,0.5695280432701111,0.0,0.0,0.0,0.027409960035488234,2,
2018-06-16 20:00:00,122,1.398110032081604,-0.0,0.048282500356435776,1.398110032081604,0.0,1.398110032081604,0.0,0.0,0.0,0.06750424812231648,2,
2018-06-16 21:00:00,122,0.8989633321762085,-0.0,0.04887999966740608,0.8989633321762085,0.0,0.8989633321762085,0.0,0.0,0.0,0.043941327377783335,2,
2018-06-16 22:00:00,122,0.585241973400116,-0.0,0.048920001834630966,0.585241973400116,0.0,0.585241973400116,0.0,0.0,0.0,0.02863003841243672,2,
2018-06-16 23:00:00,122,0.4667452871799469,-0.0,0.05235249921679497,0.4667452871799469,0.0,0.4667452871799469,0.0,0.0,0.0,0.024435282281530912,2,
2018-06-17 00:00:00,122,0.31193333864212036,-0.0,0.04961000010371208,0.31193333864212036,0.0,0.31193333864212036,0.0,0.0,0.0,0.015475012962386847,2,
2018-06-17 01:00:00,122,0.41126251220703125,-0.0,0.04815249890089035,0.41126251220703125,0.0,0.41126251220703125,0.0,0.0,0.0,0.019803317667026477,2,
2018-06-17 02:00:00,122,0.38511666655540466,-0.0,0.04539500176906586,0.38511666655540466,0.0,0.38511666655540466,0.0,0.0,0.0,0.01748237175957934,2,
2018-06-17 03:00:00,122,0.39886000752449036,0.0,0.04128750041127205,0.39886000752449036,0.0,0.39886000752449036,0.0,0.0,0.0,0.016467932724707368,2,
2018-06-17 04:00:00,122,0.320279985666275,-0.0,0.040860000997781754,0.320279985666275,0.0,0.320279985666275,0.0,0.0,0.0,0.013086640533893523,2,
2018-06-17 05:00:00,122,0.4597683250904083,-0.0,0.04116249829530716,0.4597683250904083,0.0,0.4597683250904083,0.0,0.0,0.0,0.01892521289777016,2,
2018-06-17 06:00:00,122,0.3205285966396332,-0.0,0.04323999956250191,0.3205285966396332,0.0,0.3205285966396332,0.0,0.0,0.0,0.013859656378467089,2,
2018-06-17 07:00:00,122,0.5824741721153259,0.0,0.04397499933838844,0.5824741721153259,0.0,0.5824741721153259,0.0,0.0,0.0,0.025614301333399814,2,
2018-06-17 08:00:00,122,0.4834430515766144,1.2318438291549683,0.046217501163482666,-0.7484007775783539,1.4249999999999998,0.7515992224216461,0.0,0.0,1.5,0.0362370379367451,0,
2018-06-17 09:00:00,122,0.39909806847572327,0.5761799216270447,0.05204499885439873,-0.1770818531513214,1.4249999999999998,0.0,0.1770818531513214,0.1770818531513214,0.0,0.0,2,
2018-06-17 10:00:00,122,0.7415305376052856,0.0,0.05245000123977661,0.7415305376052856,0.644441539362857,0.0,-0.0,-0.0,0.7415305376052856,0.0007415305376052857,2,
2018-06-17 11:00:00,122,4.832264423370361,0.8493103384971619,0.05355000123381615,3.9829540848731995,0.0,3.3707346224784853,0.0,0.0,0.6122194623947141,0.1811150626549844,2,
2018-06-17 12:00:00,122,1.0710774660110474,1.0259010791778564,0.05441249907016754,0.04517638683319092,0.0,0.04517638683319092,0.0,0.0,0.0,0.00245816010655453,2,
2018-06-17 13:00:00,122,2.200298547744751,0.05136256664991379,0.051762498915195465,2.148935981094837,0.0,2.148935981094837,0.0,0.0,0.0,0.11123429639024601,2,
2018-06-17 14:00:00,122,0.4698680639266968,0.035071637481451035,0.05068250000476837,0.43479642644524574,0.0,0.43479642644524574,0.0,0.0,0.0,0.02203656988538444,2,
2018-06-17 15:00:00,122,0.48051026463508606,0.0,0.05158749967813492,0.48051026463508606,0.0,0.48051026463508606,0.0,0.0,0.0,0.024788323122203026,2,
2018-06-17 16:00:00,122,0.4962380528450012,0.0,0.05339999869465828,0.4962380528450012,0.0,0.4962380528450012,0.0,0.0,0.0,0.02649911137416283,2,
2018-06-17 17:00:00,122,0.42404860258102417,0.0,0.05517499893903732,0.42404860258102417,0.0,0.42404860258102417,0.0,0.0,0.0,0.023396881197508268,2,
2018-06-17 18:00:00,122,0.5855394601821899,0.0,0.054910000413656235,0.5855394601821899,0.0,0.5855394601821899,0.0,0.0,0.0,0.0321519720008161,2,
2018-06-17 19:00:00,122,0.42748722434043884,-0.0,0.051247499883174896,0.42748722434043884,0.0,0.42748722434043884,0.0,0.0,0.0,0.0219076514794454,2,
2018-06-17 20:00:00,122,0.47652387619018555,-0.0,0.0508975014090538,0.47652387619018555,0.0,0.47652387619018555,0.0,0.0,0.0,0.02425387465983775,2,
2018-06-17 21:00:00,122,0.4057566523551941,-0.0,0.050404999405145645,0.4057566523551941,0.0,0.4057566523551941,0.0,0.0,0.0,0.020452163820597447,2,
2018-06-17 22:00:00,122,0.38289332389831543,-0.0,0.05011500045657158,0.38289332389831543,0.0,0.38289332389831543,0.0,0.0,0.0,0.019188699101982287,2,
2018-06-17 23:00:00,122,0.6961352825164795,-0.0,0.0504550002515316,0.6961352825164795,0.0,0.6961352825164795,0.0,0.0,0.0,0.035123505854468995,2,
2018-06-18 00:00:00,122,0.0,-0.0,0.05061250180006027,0.0,0.0,0.0,-0.0,-0.0,0.0,0.0,2,
2018-06-18 01:00:00,122,0.0,-0.0,0.04258250072598457,0.0,0.0,0.0,-0.0,-0.0,0.0,0.0,2,
2018-06-18 02:00:00,122,0.0,-0.0,0.04159500077366829,0.0,0.0,0.0,-0.0,-0.0,0.0,0.0,2,
2018-06-18 03:00:00,122,0.0,-0.0,0.0359174981713295,0.0,0.0,0.0,-0.0,-0.0,0.0,0.0,2,
2018-06-18 04:00:00,122,0.0,-0.0,0.037085000425577164,0.0,0.0,0.0,-0.0,-0.0,0.0,0.0,2,
2018-06-18 05:00:00,122,0.0,-0.0,0.04442249983549118,0.0,0.0,0.0,-0.0,-0.0,0.0,0.0,2,
2018-06-18 06:00:00,122,0.0,-0.0,0.05052750185132027,0.0,0.0,0.0,-0.0,-0.0,0.0,0.0,2,
2018-06-18 07:00:00,122,0.0,0.0,0.052615001797676086,0.0,0.0,0.0,-0.0,-0.0,0.0,0.0,2,
2018-06-18 08:00:00,122,0.0,0.0,0.054999999701976776,0.0,0.0,0.0,-0.0,-0.0,0.0,0.0,2,
2018-06-18 09:00:00,122,0.0,0.0,0.0516275018453598,0.0,0.0,0.0,-0.0,-0.0,0.0,0.0,2,
2018-06-18 10:00:00,122,0.0,0.0,0.048739999532699585,0.0,0.0,0.0,-0.0,-0.0,0.0,0.0,2,
2018-06-18 11:00:00,122,0.0,0.06446992605924606,0.047635000199079514,-0.06446992605924606,0.0,0.0,0.06446992605924606,0.06446992605924606,0.0,0.0,2,
2018-06-18 12:00:00,122,0.0,0.051355570554733276,0.047587499022483826,-0.051355570554733276,0.0,0.0,0.051355570554733276,0.051355570554733276,0.0,0.0,2,
2018-06-18 13:00:00,122,0.0,1.028584599494934,0.04826999828219414,-1.028584599494934,0.0,0.0,1.028584599494934,1.028584599494934,0.0,0.0,2,
2018-06-18 14:00:00,122,0.0,0.07845919579267502,0.04805999994277954,-0.07845919579267502,0.0,0.0,0.07845919579267502,0.07845919579267502,0.0,0.0,2,
2018-06-18 15:00:00,122,0.0,0.05516631901264191,0.04946250095963478,-0.05516631901264191,0.0,0.0,0.05516631901264191,0.05516631901264191,0.0,0.0,2,
2018-06-18 16:00:00,122,0.0,0.011393198743462563,0.0528700016438961,-0.011393198743462563,0.0,0.0,0.011393198743462563,0.011393198743462563,0.0,0.0,2,
2018-06-18 17:00:00,122,0.0,0.0,0.05662250146269798,0.0,0.0,0.0,-0.0,-0.0,0.0,0.0,2,
2018-06-18 18:00:00,122,0.0,0.0,0.056437499821186066,0.0,0.0,0.0,-0.0,-0.0,0.0,0.0,2,
2018-06-18 19:00:00,122,0.0,0.0,0.05443749949336052,0.0,0.0,0.0,-0.0,-0.0,0.0,0.0,2,
2018-06-18 20:00:00,122,0.0,0.0,0.051477499306201935,0.0,0.0,0.0,-0.0,-0.0,0.0,0.0,2,
2018-06-18 21:00:00,122,0.0,0.0,0.05019500106573105,0.0,0.0,0.0,-0.0,-0.0,0.0,0.0,2,
2018-06-18 22:00:00,122,0.0,0.0,0.04966749995946884,0.0,0.0,0.0,-0.0,-0.0,0.0,0.0,2,
2018-06-18 23:00:00,122,0.0,0.0,0.04732999950647354,0.0,0.0,0.0,-0.0,-0.0,0.0,0.0,2,
2018-06-19 00:00:00,122,0.0,0.0,0.04192499816417694,0.0,0.0,0.0,-0.0,-0.0,0.0,0.0,2,
2018-06-19 01:00:00,122,0.0,0.0,0.04428499937057495,0.0,0.0,0.0,-0.0,-0.0,0.0,0.0,2,
2018-06-19 02:00:00,122,0.0,0.0,0.04573750123381615,0.0,0.0,0.0,-0.0,-0.0,0.0,0.0,2,
2018-06-19 03:00:00,122,0.0,0.0,0.046275001019239426,0.0,0.0,0.0,-0.0,-0.0,0.0,0.0,2,
2018-06-19 04:00:00,122,0.0,0.0,0.04686500132083893,0.0,0.0,0.0,-0.0,-0.0,0.0,0.0,2,
2018-06-19 05:00:00,122,0.0,0.0,0.04967749863862991,0.0,0.0,0.0,-0.0,-0.0,0.0,0.0,2,
2018-06-19 06:00:00,122,0.0,0.0,0.051282498985528946,0.0,0.0,0.0,-0.0,-0.0,0.0,0.0,2,
2018-06-19 07:00:00,122,0.0,0.4028696119785309,0.05234000086784363,-0.4028696119785309,0.0,0.0,0.4028696119785309,0.4028696119785309,0.0,0.0,2,
2018-06-19 08:00:00,122,0.04488944262266159,0.6838774681091309,0.055319998413324356,-0.6389880254864693,0.0,0.0,0.6389880254864693,0.6389880254864693,0.0,0.0,2,
2018-06-19 09:00:00,122,0.42340943217277527,0.04155251011252403,0.06030000001192093,0.38185692206025124,0.0,0.38185692206025124,0.0,0.0,0.0,0.02302597240478524,2,
2018-06-19 10:00:00,122,0.22120167315006256,0.07781144231557846,0.060704998672008514,0.1433902308344841,0.0,0.1433902308344841,0.0,0.0,0.0,0.008704503772386352,2,
2018-06-19 11:00:00,122,0.4304663836956024,1.263866662979126,0.061012499034404755,-0.8334002792835236,0.0,0.0,0.8334002792835236,0.8334002792835236,0.0,0.0,2,
2018-06-19 12:00:00,122,0.4894169569015503,1.3261812925338745,0.060417499393224716,-0.8367643356323242,0.0,0.0,0.8367643356323242,0.8367643356323242,0.0,0.0,2,
2018-06-19 13:00:00,122,0.2444436103105545,0.14917893707752228,0.055217500776052475,0.09526467323303223,0.0,0.09526467323303223,0.0,0.0,0.0,0.005260277168175342,2,
2018-06-19 14:00:00,122,0.3812183439731598,0.2490323930978775,0.054294999688863754,0.1321859508752823,0.0,0.1321859508752823,0.0,0.0,0.0,0.007177036161645611,2,
2018-06-19 15:00:00,122,0.25515666604042053,0.256897509098053,0.06003250181674957,-0.0017408430576324463,0.0,0.0,0.0017408430576324463,0.0017408430576324463,0.0,0.0,2,
2018-06-19 16:00:00,122,0.33694806694984436,0.13259734213352203,0.06661249697208405,0.20435072481632233,0.0,0.20435072481632233,0.0,0.0,0.0,0.013612312038070451,2,
2018-06-19 17:00:00,122,1.1485836505889893,0.06153205782175064,0.06947500258684158,1.0870515927672386,0.0,1.0870515927672386,0.0,0.0,0.0,0.07552291221953417,2,
2018-06-19 18:00:00,122,0.39188721776008606,1.2909472811967019e-17,0.06649249792098999,0.39188721776008606,0.0,0.39188721776008606,0.0,0.0,0.0,0.026057560012175074,2,
2018-06-19 19:00:00,122,0.5343039035797119,0.0,0.05508749932050705,0.5343039035797119,0.0,0.5343039035797119,0.0,0.0,0.0,0.029433465925391644,2,
2018-06-19 20:00:00,122,2.3499855995178223,-0.0,0.052367500960826874,2.3499855995178223,0.0,2.3499855995178223,0.0,0.0,0.0,0.12306287314067887,2,
2018-06-19 21:00:00,122,1.3410310745239258,-0.0,0.05077249929308891,1.3410310745239258,0.0,1.3410310745239258,0.0,0.0,0.0,0.06808749928327629,2,
2018-06-19 22:00:00,122,0.7695775032043457,-0.0,0.051007501780986786,0.7695775032043457,0.0,0.7695775032043457,0.0,0.0,0.0,0.03925422586530303,2,
2018-06-19 23:00:00,122,0.38359248638153076,-0.0,0.055262498557567596,0.38359248638153076,0.0,0.38359248638153076,0.0,0.0,0.0,0.02119827922535311,2,
2018-06-20 00:00:00,122,0.4739586114883423,-0.0,0.05455499887466431,0.4739586114883423,0.0,0.4739586114883423,0.0,0.0,0.0,0.02585681151638397,2,
2018-06-20 01:00:00,122,0.3861830532550812,-0.0,0.055287498980760574,0.3861830532550812,0.0,0.3861830532550812,0.0,0.0,0.0,0.021351095163227307,2,
2018-06-20 02:00:00,122,0.33324000239372253,-0.0,0.05241499841213226,0.33324000239372253,0.0,0.33324000239372253,0.0,0.0,0.0,0.017466774196325918,2,
2018-06-20 03:00:00,122,0.33070555329322815,-0.0,0.047905001789331436,0.33070555329322815,0.0,0.33070555329322815,0.0,0.0,0.0,0.015842450122253937,2,
2018-06-20 04:00:00,122,0.26885083317756653,-0.0,0.047839999198913574,0.26885083317756653,0.0,0.26885083317756653,0.0,0.0,0.0,0.01286182364384203,2,
2018-06-20 05:00:00,122,1.6241379976272583,-0.0,0.0496474988758564,1.6241379976272583,0.0,1.6241379976272583,0.0,0.0,0.0,0.08063438941143497,2,
2018-06-20 06:00:00,122,1.4632264375686646,-0.0,0.050987500697374344,1.4632264375686646,0.0,1.4632264375686646,0.0,0.0,0.0,0.07460625900594886,2,
2018-06-20 07:00:00,122,0.40700945258140564,0.0,0.05380500108003616,0.40700945258140564,0.0,0.40700945258140564,0.0,0.0,0.0,0.021899144035727458,2,
2018-06-20 08:00:00,122,0.30914637446403503,0.0,0.055799998342990875,0.30914637446403503,0.0,0.30914637446403503,0.0,0.0,0.0,0.01725036718283479,2,
2018-06-20 09:00:00,122,0.6796900033950806,0.0,0.054864998906850815,0.6796900033950806,0.0,0.6796900033950806,0.0,0.0,0.0,0.03729119129326852,2,
2018-06-20 10:00:00,122,0.5999538898468018,0.0,0.05340249836444855,0.5999538898468018,0.0,0.5999538898468018,0.0,0.0,0.0,0.032039036621288375,2,
2018-06-20 11:00:00,122,0.4168080687522888,0.0,0.05012499913573265,0.4168080687522888,0.0,0.4168080687522888,0.0,0.0,0.0,0.020892504085974872,2,
2018-06-20 12:00:00,122,0.43881165981292725,2.738091468811035,0.05015749856829643,-2.299279808998108,1.4249999999999998,0.0,0.7992798089981079,0.7992798089981079,1.5,0.0015,0,
2018-06-20 13:00:00,122,0.3309122323989868,0.9762219786643982,0.049962498247623444,-0.6453097462654114,1.4249999999999998,0.0,0.6453097462654114,0.6453097462654114,0.0,0.0,2,
2018-06-20 14:00:00,122,0.31764110922813416,1.7062309980392456,0.04996500164270401,-1.3885898888111115,2.8499999999999996,0.11141011118888855,0.0,0.0,1.5,0.007066606388566652,0,
2018-06-20 15:00:00,122,0.3413483202457428,0.015884997323155403,0.05196249857544899,0.3254633229225874,2.507407028502539,0.0,-0.0,-0.0,0.3254633229225874,0.0003254633229225874,2,
2018-06-20 16:00:00,122,0.33687859773635864,0.06295590102672577,0.051512498408555984,0.2739226967096329,2.219067347755557,0.0,-0.0,-0.0,0.2739226967096329,0.00027392269670963287,2,
2018-06-20 17:00:00,122,0.2278541624546051,0.04616231471300125,0.05077999830245972,0.18169184774160385,2.027812771185448,0.0,-0.0,-0.0,0.18169184774160385,0.00018169184774160385,2,
2018-06-20 18:00:00,122,0.3197247087955475,1.9187458505431116e-17,0.05372999981045723,0.3197247087955475,1.6912604461375031,0.0,-0.0,-0.0,0.3197247087955475,0.0003197247087955475,2,
2018-06-20 19:00:00,122,0.15558166801929474,0.0,0.054749999195337296,0.15558166801929474,1.5274902692750876,0.0,-0.0,-0.0,0.15558166801929474,0.00015558166801929473,2,
2018-06-20 20:00:00,122,0.34853193163871765,0.0,0.05435749888420105,0.34853193163871765,1.1606145517606479,0.0,-0.0,-0.0,0.34853193163871765,0.0003485319316387177,2,
2018-06-20 21:00:00,122,0.22025777399539948,0.0,0.05340249836444855,0.22025777399539948,2.5856145517606475,1.7202577739953995,0.0,0.0,1.5,0.09336606296221922,0,
2018-06-20 22:00:00,122,0.2694830596446991,0.0,0.05243249982595444,0.2694830596446991,2.30194817318728,0.0,-0.0,-0.0,0.2694830596446991,0.0002694830596446991,2,
2018-06-20 23:00:00,122,0.2443738877773285,0.0,0.0525050014257431,0.2443738877773285,3.0,0.979165284422297,0.0,0.0,0.7347913966449685,0.05214586605127582,0,
2018-06-21 00:00:00,122,0.2363888919353485,0.0,0.05015749856829643,0.2363888919353485,2.7511695874364754,0.0,-0.0,-0.0,0.2363888919353485,0.00023638889193534852,2,
2018-06-21 01:00:00,122,0.18959222733974457,0.0,0.048852499574422836,0.18959222733974457,3.0,0.45151897740661256,0.0,0.0,0.261926750066868,0.022319757401667244,0,
2018-06-21 02:00:00,122,0.2670730650424957,0.0,0.04522499814629555,0.2670730650424957,3.0,0.2670730650424957,0.0,0.0,0.0,0.01207837887147234,0,
2018-06-21 03:00:00,122,0.20256777107715607,0.0,0.03772500157356262,0.20256777107715607,2.786770767287204,0.0,-0.0,-0.0,0.20256777107715607,0.00020256777107715608,2,
2018-06-21 04:00:00,122,0.2121858298778534,0.0,0.037927500903606415,0.2121858298778534,2.5634172621526217,0.0,-0.0,-0.0,0.2121858298778534,0.0002121858298778534,2,
2018-06-21 05:00:00,122,2.4149575233459473,0.0,0.04111750051379204,2.4149575233459473,0.984469893731569,0.9149575233459473,0.0,0.0,1.5,0.03912076643627488,2,
2018-06-21 06:00:00,122,2.319138526916504,0.0,0.04758000001311302,2.319138526916504,0.0,1.3838921278715133,0.0,0.0,0.9352463990449905,0.0667808338613186,2,
2018-06-21 07:00:00,122,0.4715511202812195,0.5440220236778259,0.04751500114798546,-0.07247090339660645,1.4249999999999998,1.4275290966033936,0.0,0.0,1.5,0.06932904666389289,0,
2018-06-21 08:00:00,122,0.3483077883720398,2.0365469455718994,0.04613250121474266,-1.6882391571998596,2.8499999999999996,0.0,0.18823915719985962,0.18823915719985962,1.5,0.0015,0,
2018-06-21 09:00:00,122,0.41200584173202515,1.4878257513046265,0.046937499195337296,-1.0758199095726013,3.0,0.0,0.9179251727304957,0.9179251727304957,0.15789473684210564,0.00015789473684210564,0,
2018-06-21 10:00:00,122,0.7472830414772034,0.1817793846130371,0.04672250151634216,0.5655036568641663,2.4047329927745618,0.0,-0.0,-0.0,0.5655036568641663,0.0005655036568641662,2,
2018-06-21 11:00:00,122,0.5361449718475342,0.2535856366157532,0.04618750140070915,0.282559335231781,2.1073021135832133,0.0,-0.0,-0.0,0.282559335231781,0.000282559335231781,2,
2018-06-21 12:00:00,122,0.33992999792099,0.3150918781757355,0.04629499837756157,0.024838119745254517,2.0811567243776823,0.0,-0.0,-0.0,0.024838119745254517,2.4838119745254516e-05,2,
2018-06-21 13:00:00,122,0.4123600125312805,0.34309035539627075,0.04631999880075455,0.06926965713500977,2.008241295814514,0.0,-0.0,-0.0,0.06926965713500977,6.926965713500977e-05,2,
2018-06-21 14:00:00,122,0.36024054884910583,0.27610427141189575,0.046277500689029694,0.08413627743721008,1.91967679324903,0.0,-0.0,-0.0,0.08413627743721008,8.413627743721008e-05,2,
2018-06-21 15:00:00,122,0.33820027112960815,0.2825196087360382,0.04816250130534172,0.055680662393569946,1.861065569676851,0.0,-0.0,-0.0,0.055680662393569946,5.568066239356995e-05,2,
2018-06-21 16:00:00,122,0.2651239037513733,0.1741671860218048,0.048889998346567154,0.09095671772956848,1.7653216562773053,0.0,-0.0,-0.0,0.09095671772956848,9.095671772956849e-05,2,
2018-06-21 17:00:00,122,1.145266056060791,0.09217716008424759,0.051317501813173294,1.0530888959765434,0.6568070289335752,0.0,-0.0,-0.0,1.0530888959765434,0.0010530888959765434,2,
2018-06-21 18:00:00,122,0.3620488941669464,5.042982374173643e-17,0.05155999958515167,0.36204889416694636,0.2757029298104738,0.0,-0.0,-0.0,0.36204889416694636,0.00036204889416694634,2,
2018-06-21 19:00:00,122,0.4970308244228363,0.0,0.05448500066995621,0.4970308244228363,0.0,0.23511304110288622,0.0,0.0,0.2619177833199501,0.013072051985326148,2,
2018-06-21 20:00:00,122,0.47943973541259766,0.0,0.0545400008559227,0.47943973541259766,0.0,0.47943973541259766,0.0,0.0,0.0,0.02614864357976643,2,
2018-06-21 21:00:00,122,0.4869127869606018,0.0,0.05446749925613403,0.4869127869606018,0.0,0.4869127869606018,0.0,0.0,0.0,0.026520921861578728,2,
2018-06-21 22:00:00,122,0.5010822415351868,0.0,0.05256250128149986,0.5010822415351868,0.0,0.5010822415351868,0.0,0.0,0.0,0.026338135962830078,2,
2018-06-21 23:00:00,122,0.41982388496398926,0.0,0.05197500064969063,0.41982388496398926,0.0,0.41982388496398926,0.0,0.0,0.0,0.021820346693758985,2,
2018-06-22 00:00:00,122,0.383255273103714,0.0,0.050927501171827316,0.383255273103714,0.0,0.383255273103714,0.0,0.0,0.0,0.019518233370098392,2,
2018-06-22 01:00:00,122,0.3417022228240967,0.0,0.045522499829530716,0.3417022228240967,0.0,0.3417022228240967,0.0,0.0,0.0,0.015555139380260208,2,
2018-06-22 02:00:00,122,0.4475311040878296,0.0,0.04596250131726265,0.4475311040878296,0.0,0.4475311040878296,0.0,0.0,0.0,0.020569648961152875,2,
2018-06-22 03:00:00,122,0.2804619371891022,0.0,0.04634999856352806,0.2804619371891022,0.0,0.2804619371891022,0.0,0.0,0.0,0.012999410385839183,2,
2018-06-22 04:00:00,122,0.4992133378982544,-0.0,0.04611000046133995,0.4992133378982544,0.0,0.4992133378982544,0.0,0.0,0.0,0.023018727240795567,2,
2018-06-22 05:00:00,122,0.475781112909317,0.0,0.047542501240968704,0.475781112909317,1.4249999999999998,1.975781112909317,0.0,0.0,1.5,0.09543357601237373,0,
2018-06-22 06:00:00,122,1.885657548904419,0.0,0.04822999984025955,1.885657548904419,0.0,0.5319075489044192,0.0,0.0,1.3537499999999998,0.027007650998692987,2,
2018-06-22 07:00:00,122,0.427949458360672,0.05465812608599663,0.048739999532699585,0.37329133227467537,0.0,0.37329133227467537,0.0,0.0,0.0,0.018194219360628483,2,
2018-06-22 08:00:00,122,0.3906591534614563,2.03459095954895,0.04956499859690666,-1.643931806087494,1.4249999999999998,0.0,0.1439318060874939,0.1439318060874939,1.5,0.0015,0,
2018-06-22 09:00:00,122,0.43167388439178467,0.25947898626327515,0.04901750013232231,0.17219489812850952,1.2437422124963056,0.0,-0.0,-0.0,0.17219489812850952,0.00017219489812850952,2,
2018-06-22 10:00:00,122,0.581766664981842,2.7583606243133545,0.04836999997496605,-2.1765939593315125,2.6687422124963054,0.0,0.6765939593315125,0.6765939593315125,1.5,0.0015,0,
2018-06-22 11:00:00,122,1.1783180236816406,2.123553514480591,0.047655001282691956,-0.9452354907989502,3.0,0.0,0.5965430829003242,0.5965430829003242,0.34869240789862593,0.00034869240789862596,0,
2018-06-22 12:00:00,122,0.41809165477752686,3.1995372772216797,0.047872498631477356,-2.781445622444153,3.0,0.0,2.781445622444153,2.781445622444153,0.0,0.0,0,
2018-06-22 13:00:00,122,0.3384074866771698,0.45051223039627075,0.04845999926328659,-0.11210474371910095,3.0,0.0,0.11210474371910095,0.11210474371910095,0.0,0.0,2,
2018-06-22 14:00:00,122,0.45309168100357056,0.37122929096221924,0.04775749891996384,0.08186239004135132,2.913829063114367,0.0,-0.0,-0.0,0.08186239004135132,8.186239004135132e-05,2,
2018-06-22 15:00:00,122,0.37503889203071594,0.21247555315494537,0.047724999487400055,0.16256333887577057,2.742709759034608,0.0,-0.0,-0.0,0.16256333887577057,0.00016256333887577058,2,
2018-06-22 16:00:00,122,0.3727944493293762,0.11509408056735992,0.04859749972820282,0.2577003687620163,2.4714462129693278,0.0,-0.0,-0.0,0.2577003687620163,0.0002577003687620163,2,
2018-06-22 17:00:00,122,0.44056639075279236,0.07300320267677307,0.052685000002384186,0.3675631880760193,2.084537593941939,0.0,-0.0,-0.0,0.3675631880760193,0.0003675631880760193,2,
2018-06-22 18:00:00,122,0.4798436164855957,3.226998990925342e-17,0.054032500833272934,0.47984361648559565,1.5794390502728908,0.0,-0.0,-0.0,0.47984361648559565,0.0004798436164855957,2,
2018-06-22 19:00:00,122,2.592381000518799,0.0,0.05706999823451042,2.592381000518799,0.0004916818518381216,1.0923810005187988,0.0,0.0,1.5,0.06384218177102058,2,
2018-06-22 20:00:00,122,0.3374480605125427,0.0,0.05554249882698059,0.3374480605125427,0.0,0.33698096275329653,0.0,0.0,0.0004670977592462155,0.01871723182619901,2,
2018-06-22 21:00:00,122,1.013237476348877,0.0,0.0509674996137619,1.013237476348877,0.0,1.013237476348877,0.0,0.0,0.0,0.05164218068446047,2,
2018-06-22 22:00:00,122,1.3356071710586548,0.0,0.05012249946594238,1.3356071710586548,0.0,1.3356071710586548,0.0,0.0,0.0,0.06694396971809624,2,
2018-06-22 23:00:00,122,0.787803590297699,-0.0,0.053564999252557755,0.787803590297699,0.0,0.787803590297699,0.0,0.0,0.0,0.04219869872545856,2,
2018-06-23 00:00:00,122,0.5847705602645874,-0.0,0.05045250058174133,0.5847705602645874,0.0,0.5847705602645874,0.0,0.0,0.0,0.0295031370319343,2,
2018-06-23 01:00:00,122,0.32632777094841003,0.0,0.049504999071359634,0.32632777094841003,0.0,0.32632777094841003,0.0,0.0,0.0,0.016154855997759898,2,
2018-06-23 02:00:00,122,0.4703060984611511,-0.0,0.047532498836517334,0.4703060984611511,0.0,0.4703060984611511,0.0,0.0,0.0,0.022354824077911672,2,
2018-06-23 03:00:00,122,0.31649109721183777,-0.0,0.04589749872684479,0.31649109721183777,0.0,0.31649109721183777,0.0,0.0,0.0,0.014526149731338034,2,
2018-06-23 04:00:00,122,0.4408077895641327,-0.0,0.038883332163095474,0.4408077895641327,0.0,0.4408077895641327,0.0,0.0,0.0,0.017140075701702062,2,
2018-06-23 05:00:00,122,0.32101473212242126,-0.0,0.03886333480477333,0.32101473212242126,0.0,0.32101473212242126,0.0,0.0,0.0,0.012475703011738282,2,
2018-06-23 06:00:00,122,0.44947582483291626,-0.0,0.04583999887108803,0.44947582483291626,0.0,0.44947582483291626,0.0,0.0,0.0,0.02060397130292224,2,
2018-06-23 07:00:00,122,0.536953866481781,0.0,0.045910000801086426,0.536953866481781,0.0,0.536953866481781,0.0,0.0,0.0,0.02465155244032502,2,
2018-06-23 08:00:00,122,0.8646530508995056,0.0,0.048272501677274704,0.8646530508995056,0.0,0.8646530508995056,0.0,0.0,0.0,0.041738965849807075,2,
2018-06-23 09:00:00,122,0.8446269631385803,0.044651005417108536,0.05100249871611595,0.7999759577214718,0.0,0.7999759577214718,0.0,0.0,0.0,0.040800772756612994,2,
2018-06-23 10:00:00,122,7.057023048400879,0.032597608864307404,0.05060749873518944,7.0244254395365715,0.0,7.0244254395365715,0.0,0.0,0.0,0.3554886015467795,2,
2018-06-23 11:00:00,122,1.358347773551941,0.10383090376853943,0.04857249930500984,1.2545168697834015,0.0,1.2545168697834015,0.0,0.0,0.0,0.06093501978567739,2,
2018-06-23 12:00:00,122,0.8966661095619202,0.10431427508592606,0.04824500158429146,0.7923518344759941,0.0,0.7923518344759941,0.0,0.0,0.0,0.03822701550961058,2,
2018-06-23 13:00:00,122,0.4782800078392029,0.1231556162238121,0.04634249955415726,0.3551243916153908,0.0,0.3551243916153908,0.0,0.0,0.0,0.016457351960106614,2,
2018-06-23 14:00:00,122,0.5526058077812195,0.1532442271709442,0.04602750018239021,0.39936158061027527,0.0,0.39936158061027527,0.0,0.0,0.0,0.01838161522437909,2,
2018-06-23 15:00:00,122,0.8372780680656433,0.1408872902393341,0.045214999467134476,0.6963907778263092,0.0,0.6963907778263092,0.0,0.0,0.0,0.031487308648333934,2,
2018-06-23 16:00:00,122,1.794219970703125,0.1087656244635582,0.047612499445676804,1.6854543462395668,0.0,1.6854543462395668,0.0,0.0,0.0,0.08024869412604493,2,
2018-06-23 17:00:00,122,0.4341033399105072,0.03822329640388489,0.057132501155138016,0.3958800435066223,0.0,0.3958800435066223,0.0,0.0,0.0,0.022617617042938187,2,
2018-06-23 18:00:00,122,0.35240668058395386,2.1455048423292134e-17,0.05756999924778938,0.35240668058395386,0.0,0.35240668058395386,0.0,0.0,0.0,0.020288052336134177,2,
2018-06-23 19:00:00,122,0.3299502730369568,0.0,0.059300001710653305,0.3299502730369568,0.0,0.3299502730369568,0.0,0.0,0.0,0.019566051755522063,2,
2018-06-23 20:00:00,122,0.3118397295475006,0.0,0.05895499885082245,0.3118397295475006,0.0,0.3118397295475006,0.0,0.0,0.0,0.01838451089711368,2,
2018-06-23 21:00:00,122,0.43673720955848694,0.0,0.058742500841617584,0.43673720955848694,0.0,0.43673720955848694,0.0,0.0,0.0,0.025655035900055134,2,
2018-06-23 22:00:00,122,0.36248916387557983,-0.0,0.0578325018286705,0.36248916387557983,0.0,0.36248916387557983,0.0,0.0,0.0,0.020963655232707712,2,
2018-06-23 23:00:00,122,0.44898611307144165,-0.0,0.05685500055551529,0.44898611307144165,0.0,0.44898611307144165,0.0,0.0,0.0,0.025527105708095466,2,
2018-06-24 00:00:00,122,0.35724055767059326,-0.0,0.05087750032544136,0.35724055767059326,0.0,0.35724055767059326,0.0,0.0,0.0,0.018175506589146462,2,
2018-06-24 01:00:00,122,0.43772444128990173,-0.0,0.0516900010406971,0.43772444128990173,0.0,0.43772444128990173,0.0,0.0,0.0,0.022625976825813576,2,
2018-06-24 02:00:00,122,0.4608694314956665,-0.0,0.05157250165939331,0.4608694314956665,0.0,0.4608694314956665,0.0,0.0,0.0,0.023768189520573912,2,
2018-06-24 03:00:00,122,0.3881149888038635,-0.0,0.0501599982380867,0.3881149888038635,0.0,0.3881149888038635,0.0,0.0,0.0,0.019467847154576834,2,
2018-06-24 04:00:00,122,0.3788639008998871,-0.0,0.05028250068426132,0.3788639008998871,0.0,0.3788639008998871,0.0,0.0,0.0,0.019050224356240486,2,
2018-06-24 05:00:00,122,0.4028761088848114,-0.0,0.048567499965429306,0.4028761088848114,0.0,0.4028761088848114,0.0,0.0,0.0,0.01956668540433537,2,
2018-06-24 06:00:00,122,0.3845733404159546,-0.0,0.04804249852895737,0.3845733404159546,0.0,0.3845733404159546,0.0,0.0,0.0,0.01847586414120972,2,
2018-06-24 07:00:00,122,0.39549359679222107,0.012803420424461365,0.0474650003015995,0.3826901763677597,0.0,0.3826901763677597,0.0,0.0,0.0,0.01816438933671488,2,
2018-06-24 08:00:00,122,0.6660722494125366,0.08179067820310593,0.044987499713897705,0.5842815712094307,0.0,0.5842815712094307,0.0,0.0,0.0,0.026285367017619965,2,
2018-06-24 09:00:00,122,0.9146591424942017,0.2337539941072464,0.046537499874830246,0.6809051483869553,0.0,0.6809051483869553,0.0,0.0,0.0,0.0316876232578292,2,
2018-06-24 10:00:00,122,0.8230236172676086,0.30862122774124146,0.04832249879837036,0.5144023895263672,0.0,0.5144023895263672,0.0,0.0,0.0,0.02485720884976672,2,
2018-06-24 11:00:00,122,3.214318037033081,0.3265236020088196,0.04892750084400177,2.8877944350242615,0.0,2.8877944350242615,0.0,0.0,0.0,0.14129256465695317,2,
2018-06-24 12:00:00,122,0.7972127795219421,0.35761144757270813,0.048579998314380646,0.439601331949234,0.0,0.439601331949234,0.0,0.0,0.0,0.021355831965093275,2,
2018-06-24 13:00:00,122,0.9071441888809204,0.438410222530365,0.047587499022483826,0.4687339663505554,0.0,0.4687339663505554,0.0,0.0,0.0,0.022305877165512022,2,
2018-06-24 14:00:00,122,1.2560263872146606,0.3422183394432068,0.047052498906850815,0.9138080477714539,0.0,0.9138080477714539,0.0,0.0,0.0,0.04299695216883781,2,
2018-06-24 15:00:00,122,1.256778597831726,0.3012637794017792,0.045842498540878296,0.9555148184299469,0.0,0.9555148184299469,0.0,0.0,0.0,0.04380318666966243,2,
2018-06-24 16:00:00,122,0.9058627486228943,0.22825635969638824,0.04743750020861626,0.677606388926506,0.0,0.677606388926506,0.0,0.0,0.0,0.03214395321606084,2,
2018-06-24 17:00:00,122,3.7857589721679688,0.12944740056991577,0.050027500838041306,3.656311571598053,0.0,3.656311571598053,0.0,0.0,0.0,0.18291613021226172,2,
2018-06-24 18:00:00,122,4.717052459716797,5.557397725314245e-17,0.05270000174641609,4.717052459716797,0.0,4.717052459716797,0.0,0.0,0.0,0.24858867286501152,2,
2018-06-24 19:00:00,122,2.5569863319396973,0.0,0.060122501105070114,2.5569863319396973,0.0,2.5569863319396973,0.0,0.0,0.0,0.15373241356769363,2,
2018-06-24 20:00:00,122,0.5057446956634521,0.0,0.06025249883532524,0.5057446956634521,0.0,0.5057446956634521,0.0,0.0,0.0,0.03047238168643407,2,
2018-06-24 21:00:00,122,0.5688002705574036,0.0,0.06052500009536743,0.5688002705574036,0.0,0.5688002705574036,0.0,0.0,0.0,0.03442663642973187,2,
2018-06-24 22:00:00,122,0.4177411198616028,-0.0,0.05669249966740608,0.4177411198616028,0.0,0.4177411198616028,0.0,0.0,0.0,0.02368278829881576,2,
2018-06-24 23:00:00,122,0.3751285970211029,0.0,0.052639998495578766,0.3751285970211029,0.0,0.3751285970211029,0.0,0.0,0.0,0.01974676878283943,2,
2018-06-25 00:00:00,122,0.3218594491481781,0.0,0.051717501133680344,0.3218594491481781,0.0,0.3218594491481781,0.0,0.0,0.0,0.016645766426206632,2,
2018-06-25 01:00:00,122,0.34107333421707153,0.0,0.04995499923825264,0.34107333421707153,0.0,0.34107333421707153,0.0,0.0,0.0,0.017038318151002096,2,
2018-06-25 02:00:00,122,0.32663166522979736,0.0,0.04582500085234642,0.32663166522979736,0.0,0.32663166522979736,0.0,0.0,0.0,0.014967896337558795,2,
2018-06-25 03:00:00,122,0.40786001086235046,0.0,0.04637499898672104,0.40786001086235046,0.0,0.40786001086235046,0.0,0.0,0.0,0.018914507590465535,2,
2018-06-25 04:00:00,122,0.3072744309902191,0.0,0.04605000093579292,0.3072744309902191,0.0,0.3072744309902191,0.0,0.0,0.0,0.014149987834644828,2,
2018-06-25 05:00:00,122,0.5008699893951416,0.0,0.04653500020503998,0.5008699893951416,0.0,0.5008699893951416,0.0,0.0,0.0,0.023307985059201286,2,
2018-06-25 06:00:00,122,1.320129156112671,0.0,0.04763999953866005,1.320129156112671,0.0,1.320129156112671,0.0,0.0,0.0,0.06289095238817932,2,
2018-06-25 07:00:00,122,0.7876088619232178,0.049985215067863464,0.051362499594688416,0.7376236468553543,0.0,0.7376236468553543,0.0,0.0,0.0,0.03788619426264073,2,
2018-06-25 08:00:00,122,0.3690316677093506,0.18849310278892517,0.05208500102162361,0.18053856492042542,0.0,0.18053856492042542,0.0,0.0,0.0,0.009403351338322818,2,
2018-06-25 09:00:00,122,0.2542494535446167,0.35320255160331726,0.0502374991774559,-0.09895309805870056,0.0,0.0,0.09895309805870056,0.09895309805870056,0.0,0.0,2,
2018-06-25 10:00:00,122,0.3695066571235657,0.4766499698162079,0.04934750124812126,-0.10714331269264221,0.0,0.0,0.10714331269264221,0.10714331269264221,0.0,0.0,2,
2018-06-25 11:00:00,122,0.2423105537891388,0.531217098236084,0.04907499998807907,-0.2889065444469452,0.0,0.0,0.2889065444469452,0.2889065444469452,0.0,0.0,2,
2018-06-25 12:00:00,122,0.41551637649536133,0.5203952193260193,0.0491349995136261,-0.10487884283065796,0.0,0.0,0.10487884283065796,0.10487884283065796,0.0,0.0,2,
2018-06-25 13:00:00,122,0.23349277675151825,0.5358197689056396,0.04885999858379364,-0.3023269921541214,0.0,0.0,0.3023269921541214,0.3023269921541214,0.0,0.0,2,
2018-06-25 14:00:00,122,0.35729944705963135,0.41609975695610046,0.048500001430511475,-0.058800309896469116,0.0,0.0,0.058800309896469116,0.058800309896469116,0.0,0.0,2,
2018-06-25 15:00:00,122,0.30599498748779297,0.32035118341445923,0.05316999927163124,-0.01435619592666626,0.0,0.0,0.01435619592666626,0.01435619592666626,0.0,0.0,2,
2018-06-25 16:00:00,122,0.2922980487346649,0.21341776847839355,0.0579025000333786,0.07888028025627136,0.0,0.07888028025627136,0.0,0.0,0.0,0.004567365430171666,2,
2018-06-25 17:00:00,122,0.7220319509506226,0.11622635275125504,0.06270000338554382,0.6058055981993675,0.0,0.6058055981993675,0.0,0.0,0.0,0.037984013058081745,2,
2018-06-25 18:00:00,122,0.9767249822616577,4.492179017014588e-17,0.06382250040769577,0.9767249822616577,0.0,0.9767249822616577,0.0,0.0,0.0,0.062337030578601293,2,
2018-06-25 19:00:00,122,0.5048866868019104,0.0,0.061969999223947525,0.5048866868019104,0.0,0.5048866868019104,0.0,0.0,0.0,0.031287827589295825,2,
2018-06-25 20:00:00,122,1.0950677394866943,0.0,0.057782500982284546,1.0950677394866943,0.0,1.0950677394866943,0.0,0.0,0.0,0.06327575273255803,2,
2018-06-25 21:00:00,122,1.5320721864700317,-0.0,0.054157499223947525,1.5320721864700317,0.0,1.5320721864700317,0.0,0.0,0.0,0.08297319824978233,2,
2018-06-25 22:00:00,122,0.5884666442871094,-0.0,0.05112500116229057,0.5884666442871094,0.0,0.5884666442871094,0.0,0.0,0.0,0.0300853578731477,2,
2018-06-25 23:00:00,122,0.3742564022541046,-0.0,0.05045749992132187,0.3742564022541046,0.0,0.3742564022541046,0.0,0.0,0.0,0.01888404238729069,2,
2018-06-26 00:00:00,122,0.22196833789348602,-0.0,0.05174750089645386,0.22196833789348602,0.0,0.22196833789348602,0.0,0.0,0.0,0.01148630676412754,2,
2018-06-26 01:00:00,122,0.38684722781181335,-0.0,0.05092500150203705,0.38684722781181335,0.0,0.38684722781181335,0.0,0.0,0.0,0.019700195657375463,2,
2018-06-26 02:00:00,122,0.15701499581336975,-0.0,0.05207499861717224,0.15701499581336975,0.0,0.15701499581336975,0.0,0.0,0.0,0.008176555689856535,2,
2018-06-26 03:00:00,122,0.285438597202301,-0.0,0.05067500099539757,0.285438597202301,0.0,0.285438597202301,0.0,0.0,0.0,0.01446460119735149,2,
2018-06-26 04:00:00,122,0.2097080498933792,-0.0,0.050257500261068344,0.2097080498933792,0.0,0.2097080498933792,0.0,0.0,0.0,0.010539402372264639,2,
2018-06-26 05:00:00,122,1.9262619018554688,-0.0,0.051317501813173294,1.9262619018554688,0.0,1.9262619018554688,0.0,0.0,0.0,0.09885094864111466,2,
2018-06-26 06:00:00,122,2.036923408508301,-0.0,0.0524275004863739,2.036923408508301,0.0,2.036923408508301,0.0,0.0,0.0,0.10679080299027532,2,
2018-06-26 07:00:00,122,1.0496931076049805,0.0,0.05459250137209892,1.0496931076049805,0.0,1.0496931076049805,0.0,0.0,0.0,0.05730537241720768,2,
2018-06-26 08:00:00,122,0.3228677809238434,0.0,0.060169998556375504,0.3228677809238434,0.0,0.3228677809238434,0.0,0.0,0.0,0.01942695391208782,2,
2018-06-26 09:00:00,122,0.46493417024612427,0.0,0.058570001274347305,0.46493417024612427,0.0,0.46493417024612427,0.0,0.0,0.0,0.027231194943803105,2,
2018-06-26 10:00:00,122,0.39064306020736694,0.0,0.054557498544454575,0.39064306020736694,0.0,0.39064306020736694,0.0,0.0,0.0,0.021312508188664703,2,
2018-06-26 11:00:00,122,0.3832736015319824,0.0,0.05112500116229057,0.3832736015319824,0.0,0.3832736015319824,0.0,0.0,0.0,0.019594863323797895,2,
2018-06-26 12:00:00,122,0.4078497290611267,0.04823680222034454,0.05209999904036522,0.35961292684078217,0.0,0.35961292684078217,0.0,0.0,0.0,0.01873583314330768,2,
2018-06-26 13:00:00,122,0.42229917645454407,0.056811392307281494,0.05243000015616417,0.3654877841472626,0.0,0.3654877841472626,0.0,0.0,0.0,0.019162524579917073,2,
2018-06-26 14:00:00,122,0.3873777687549591,0.0,0.052149999886751175,0.3873777687549591,0.0,0.3873777687549591,0.0,0.0,0.0,0.02020175059670104,2,
2018-06-26 15:00:00,122,0.3847475051879883,0.0,0.05781000107526779,0.3847475051879883,0.0,0.3847475051879883,0.0,0.0,0.0,0.022242253688624203,2,
2018-06-26 16:00:00,122,0.4151344299316406,0.0,0.06407249718904495,0.4151344299316406,0.0,0.4151344299316406,0.0,0.0,0.0,0.026598699594870823,2,
2018-06-26 17:00:00,122,0.2969280481338501,0.0,0.06570249795913696,0.2969280481338501,0.0,0.2969280481338501,0.0,0.0,0.0,0.019508914476524808,2,
2018-06-26 18:00:00,122,0.5658305287361145,0.0,0.06784500181674957,0.5658305287361145,0.0,0.5658305287361145,0.0,0.0,0.0,0.03838877325007406,2,
2018-06-26 19:00:00,122,0.9962047338485718,-0.0,0.06260249763727188,0.9962047338485718,0.0,0.9962047338485718,0.0,0.0,0.0,0.06236490449699428,2,
2018-06-26 20:00:00,122,0.4697772264480591,-0.0,0.06120250001549721,0.4697772264480591,0.0,0.4697772264480591,0.0,0.0,0.0,0.02875154070896757,2,
2018-06-26 21:00:00,122,0.27096444368362427,-0.0,0.053062498569488525,0.27096444368362427,0.0,0.27096444368362427,0.0,0.0,0.0,0.014378050405344567,2,
2018-06-26 22:00:00,122,0.32075777649879456,-0.0,0.051739998161792755,0.32075777649879456,0.0,0.32075777649879456,0.0,0.0,0.0,0.01659600676642836,2,
2018-06-26 23:00:00,122,0.28624221682548523,-0.0,0.05396749824285507,0.28624221682548523,0.0,0.28624221682548523,0.0,0.0,0.0,0.015447776333560315,2,
2018-06-27 00:00:00,122,0.3781416714191437,-0.0,0.04949750006198883,0.3781416714191437,0.0,0.3781416714191437,0.0,0.0,0.0,0.018717067404509624,2,
2018-06-27 01:00:00,122,0.2862219512462616,-0.0,0.04852500185370445,0.2862219512462616,0.0,0.2862219512462616,0.0,0.0,0.0,0.01388892071479575,2,
2018-06-27 02:00:00,122,0.2988174855709076,-0.0,0.04829249903559685,0.2988174855709076,0.0,0.2988174855709076,0.0,0.0,0.0,0.01443064313375253,2,
2018-06-27 03:00:00,122,0.2769458293914795,-0.0,0.048432499170303345,0.2769458293914795,0.0,0.2769458293914795,0.0,0.0,0.0,0.013413178652221802,2,
2018-06-27 04:00:00,122,0.45966029167175293,-0.0,0.047805000096559525,0.45966029167175293,0.0,0.45966029167175293,0.0,0.0,0.0,0.021974060287752728,2,
2018-06-27 05:00:00,122,0.4407947361469269,-0.0,0.04815249890089035,0.4407947361469269,0.0,0.4407947361469269,0.0,0.0,0.0,0.02122536804783315,2,
2018-06-27 06:00:00,122,1.2231600284576416,-0.0,0.048637498170137405,1.2231600284576416,0.0,1.2231600284576416,0.0,0.0,0.0,0.05949144364589376,2,
2018-06-27 07:00:00,122,0.9902283549308777,0.0,0.04886249825358391,0.9902283549308777,0.0,0.9902283549308777,0.0,0.0,0.0,0.04838503126345928,2,
2018-06-27 08:00:00,122,0.5170619487762451,0.0,0.04931750148534775,0.5170619487762451,0.0,0.5170619487762451,0.0,0.0,0.0,0.02550020342678927,2,
2018-06-27 09:00:00,122,0.39287471771240234,0.0,0.051454998552799225,0.39287471771240234,0.0,0.39287471771240234,0.0,0.0,0.0,0.020215368031323067,2,
2018-06-27 10:00:00,122,0.2914513945579529,0.0,0.050472501665353775,0.2914513945579529,0.0,0.2914513945579529,0.0,0.0,0.0,0.014710280997195957,2,
2018-06-27 11:00:00,122,0.30335721373558044,0.0,0.05035249888896942,0.30335721373558044,0.0,0.30335721373558044,0.0,0.0,0.0,0.015274793767581674,2,
2018-06-27 12:00:00,122,0.20616528391838074,0.0,0.050415001809597015,0.20616528391838074,0.0,0.20616528391838074,0.0,0.0,0.0,0.010393823161821247,2,
2018-06-27 13:00:00,122,0.33070945739746094,0.0004960497026331723,0.04983250051736832,0.33021340769482777,0.0,0.33021340769482777,0.0,0.0,0.0,0.01645535980979446,2,
2018-06-27 14:00:00,122,0.19920945167541504,0.0,0.057429999113082886,0.19920945167541504,0.0,0.19920945167541504,0.0,0.0,0.0,0.011440598633036814,2,
2018-06-27 15:00:00,122,0.2951013743877411,0.0,0.05269499868154526,0.2951013743877411,0.0,0.2951013743877411,0.0,0.0,0.0,0.01555036653428421,2,
2018-06-27 16:00:00,122,0.24098055064678192,0.0,0.05466499924659729,0.24098055064678192,0.0,0.24098055064678192,0.0,0.0,0.0,0.013173201619550934,2,
2018-06-27 17:00:00,122,0.2878558337688446,0.0,0.058959998190402985,0.2878558337688446,0.0,0.2878558337688446,0.0,0.0,0.0,0.01697197943810802,2,
2018-06-27 18:00:00,122,0.34410223364830017,0.0,0.059187501668930054,0.34410223364830017,0.0,0.34410223364830017,0.0,0.0,0.0,0.020366551528341326,2,
2018-06-27 19:00:00,122,1.627459168434143,-0.0,0.05554249882698059,1.627459168434143,0.0,1.627459168434143,0.0,0.0,0.0,0.0903931489537122,2,
2018-06-27 20:00:00,122,0.4189080595970154,-0.0,0.05064750090241432,0.4189080595970154,0.0,0.4189080595970154,0.0,0.0,0.0,0.02121664632646847,2,
2018-06-27 21:00:00,122,0.3417552709579468,-0.0,0.05077749863266945,0.3417552709579468,0.0,0.3417552709579468,0.0,0.0,0.0,0.01735347780377472,2,
2018-06-27 22:00:00,122,0.29192501306533813,-0.0,0.0501675009727478,0.29192501306533813,0.0,0.29192501306533813,0.0,0.0,0.0,0.014645148376924766,2,
2018-06-27 23:00:00,122,0.2513294517993927,-0.0,0.05158500000834465,0.2513294517993927,0.0,0.2513294517993927,0.0,0.0,0.0,0.012964829773168929,2,
2018-06-28 00:00:00,122,0.2987891733646393,-0.0,0.0492824986577034,0.2987891733646393,0.0,0.2987891733646393,0.0,0.0,0.0,0.014725077035279144,2,
2018-06-28 01:00:00,122,0.15735389292240143,-0.0,0.0402766652405262,0.15735389292240143,0.0,0.15735389292240143,0.0,0.0,0.0,0.006337690069529167,2,
2018-06-28 02:00:00,122,0.30466556549072266,-0.0,0.0403333343565464,0.30466556549072266,0.0,0.30466556549072266,0.0,0.0,0.0,0.012288178119863602,2,
2018-06-28 03:00:00,122,0.20202527940273285,-0.0,0.04622749984264374,0.20202527940273285,0.0,0.20202527940273285,0.0,0.0,0.0,0.00933912357179989,2,
2018-06-28 04:00:00,122,0.2479086071252823,-0.0,0.04757000133395195,0.2479086071252823,0.0,0.2479086071252823,0.0,0.0,0.0,0.011793012771647848,2,
2018-06-28 05:00:00,122,0.618565559387207,-0.0,0.047325000166893005,0.618565559387207,0.0,0.618565559387207,0.0,0.0,0.0,0.029273615201233838,2,
2018-06-28 06:00:00,122,1.9641695022583008,-0.0,0.04881500080227852,1.9641695022583008,0.0,1.9641695022583008,0.0,0.0,0.0,0.09588093582854995,2,
2018-06-28 07:00:00,122,1.3275530338287354,0.0,0.049217499792575836,1.3275530338287354,0.0,1.3275530338287354,0.0,0.0,0.0,0.0653388411670992,2,
2018-06-28 08:00:00,122,0.6596055626869202,0.060693349689245224,0.046720001846551895,0.5989122129976749,0.0,0.5989122129976749,0.0,0.0,0.0,0.027981179697173855,2,
2018-06-28 09:00:00,122,0.37705639004707336,0.033400170505046844,0.02500000037252903,0.3436562195420265,0.0,0.3436562195420265,0.0,0.0,0.0,0.008591405616572581,2,
2018-06-28 10:00:00,122,0.7062291502952576,0.03923316299915314,0.05324250087141991,0.6669959872961044,0.0,0.6669959872961044,0.0,0.0,0.0,0.03551253443484642,2,
2018-06-28 11:00:00,122,0.8538299798965454,0.084023617208004,0.049594998359680176,0.7698063626885414,0.0,0.7698063626885414,0.0,0.0,0.0,0.038178545294809574,2,
2018-06-28 12:00:00,122,0.4919683337211609,0.10337555408477783,0.0493599995970726,0.38859277963638306,0.0,0.38859277963638306,0.0,0.0,0.0,0.01918093944627719,2,
2018-06-28 13:00:00,122,0.416561096906662,0.11021251976490021,0.05025250092148781,0.3063485771417618,0.0,0.3063485771417618,0.0,0.0,0.0,0.015394782155112863,2,
2018-06-28 14:00:00,122,0.4351511001586914,0.1421671062707901,0.04970749840140343,0.2929839938879013,0.0,0.2929839938879013,0.0,0.0,0.0,0.014563501407819646,2,
2018-06-28 15:00:00,122,0.4606994390487671,0.16747230291366577,0.052012499421834946,0.2932271361351013,0.0,0.2932271361351013,0.0,0.0,0.0,0.015251476248693274,2,
2018-06-28 16:00:00,122,0.390021950006485,0.13358737528324127,0.05146250128746033,0.2564345747232437,0.0,0.2564345747232437,0.0,0.0,0.0,0.013196764631844271,2,
2018-06-28 17:00:00,122,0.5110424757003784,0.078760527074337,0.05319000035524368,0.4322819486260414,0.0,0.4322819486260414,0.0,0.0,0.0,0.022993077000984574,2,
2018-06-28 18:00:00,122,0.27200695872306824,3.750769423921674e-17,0.05431250110268593,0.2720069587230682,0.0,0.2720069587230682,0.0,0.0,0.0,0.014773378245584886,2,
2018-06-28 19:00:00,122,0.9448713660240173,0.0,0.05385249853134155,0.9448713660240173,0.0,0.9448713660240173,0.0,0.0,0.0,0.05088368385111508,2,
2018-06-28 20:00:00,122,0.3104608356952667,0.0,0.051569998264312744,0.3104608356952667,0.0,0.3104608356952667,0.0,0.0,0.0,0.01601046475794199,2,
2018-06-28 21:00:00,122,0.4307083189487457,0.0,0.05005250126123428,0.4307083189487457,0.0,0.4307083189487457,0.0,0.0,0.0,0.021558028677406194,2,
2018-06-28 22:00:00,122,0.4011738896369934,0.0,0.050132498145103455,0.4011738896369934,0.0,0.4011738896369934,0.0,0.0,0.0,0.02011184927809051,2,
2018-06-28 23:00:00,122,0.3525497317314148,-0.0,0.050497498363256454,0.3525497317314148,0.0,0.3525497317314148,0.0,0.0,0.0,0.01780287950107362,2,
2018-06-29 00:00:00,122,0.33356526494026184,-0.0,0.051032498478889465,0.33356526494026184,0.0,0.33356526494026184,0.0,0.0,0.0,0.017022668875674274,2,
2018-06-29 01:00:00,122,0.338899165391922,-0.0,0.04983000084757805,0.338899165391922,0.0,0.338899165391922,0.0,0.0,0.0,0.016887345698722966,2,
2018-06-29 02:00:00,122,0.3517041802406311,-0.0,0.04946500062942505,0.3517041802406311,0.0,0.3517041802406311,0.0,0.0,0.0,0.01739704749697424,2,
2018-06-29 03:00:00,122,0.3173472285270691,-0.0,0.04726250097155571,0.3173472285270691,0.0,0.3173472285270691,0.0,0.0,0.0,0.014998623696581115,2,
2018-06-29 04:00:00,122,0.3139769434928894,-0.0,0.046982500702142715,0.3139769434928894,0.0,0.3139769434928894,0.0,0.0,0.0,0.0147514219681113,2,
2018-06-29 05:00:00,122,0.6158655285835266,-0.0,0.047564998269081116,0.6158655285835266,0.0,0.6158655285835266,0.0,0.0,0.0,0.02929364280106217,2,
2018-06-29 06:00:00,122,0.8125535845756531,-0.0,0.04944249987602234,0.8125535845756531,0.0,0.8125535845756531,0.0,0.0,0.0,0.040174680504643234,2,
2018-06-29 07:00:00,122,0.45305749773979187,0.0,0.05091249942779541,0.45305749773979187,0.0,0.45305749773979187,0.0,0.0,0.0,0.023066289594435574,2,
2018-06-29 08:00:00,122,0.4561791718006134,0.0,0.053027499467134476,0.4561791718006134,0.0,0.4561791718006134,0.0,0.0,0.0,0.024190040789574874,2,
2018-06-29 09:00:00,122,0.3976108431816101,0.0,0.052252501249313354,0.3976108431816101,0.0,0.3976108431816101,0.0,0.0,0.0,0.02077616108008762,2,
2018-06-29 10:00:00,122,0.4191947281360626,0.0,0.049959998577833176,0.4191947281360626,0.0,0.4191947281360626,0.0,0.0,0.0,0.020942968021512853,2,
2018-06-29 11:00:00,122,1.0386028289794922,0.0,0.04818499833345413,1.0386028289794922,0.0,1.0386028289794922,0.0,0.0,0.0,0.05004507558349758,2,
2018-06-29 12:00:00,122,0.40961360931396484,0.0,0.048695001751184464,0.40961360931396484,0.0,0.40961360931396484,0.0,0.0,0.0,0.019946135422852507,2,
2018-06-29 13:00:00,122,0.3062891662120819,0.0,0.04763749986886978,0.3062891662120819,0.0,0.3062891662120819,0.0,0.0,0.0,0.014590850115264287,2,
2018-06-29 14:00:00,122,0.42449137568473816,0.0,0.047605000436306,0.42449137568473816,0.0,0.42449137568473816,0.0,0.0,0.0,0.020207912124680094,2,
2018-06-29 15:00:00,122,0.33190417289733887,0.0,0.050222501158714294,0.33190417289733887,0.0,0.33190417289733887,0.0,0.0,0.0,0.01666905770791871,2,
2018-06-29 16:00:00,122,0.40053221583366394,0.0,0.050255000591278076,0.40053221583366394,0.0,0.40053221583366394,0.0,0.0,0.0,0.0201287467435467,2,
2018-06-29 17:00:00,122,0.34608471393585205,0.0,0.05328749865293503,0.34608471393585205,0.0,0.34608471393585205,0.0,0.0,0.0,0.01844198872765812,2,
2018-06-29 18:00:00,122,0.8319388628005981,0.0,0.05460000038146973,0.8319388628005981,0.0,0.8319388628005981,0.0,0.0,0.0,0.04542386222627215,2,
2018-06-29 19:00:00,122,1.8670194149017334,-0.0,0.05335500091314316,1.8670194149017334,0.0,1.8670194149017334,0.0,0.0,0.0,0.09961482258693799,2,
2018-06-29 20:00:00,122,0.4460783302783966,-0.0,0.05114249885082245,0.4460783302783966,0.0,0.4460783302783966,0.0,0.0,0.0,0.022813560493639695,2,
2018-06-29 21:00:00,122,0.4684911072254181,-0.0,0.050895001739263535,0.4684911072254181,0.0,0.4684911072254181,0.0,0.0,0.0,0.023843855717067153,2,
2018-06-29 22:00:00,122,0.3317147195339203,-0.0,0.050905000418424606,0.3317147195339203,0.0,0.3317147195339203,0.0,0.0,0.0,0.016885937936671813,2,
2018-06-29 23:00:00,122,0.4329747259616852,-0.0,0.050964999943971634,0.4329747259616852,0.0,0.4329747259616852,0.0,0.0,0.0,0.02206655688437842,2,
2018-06-30 00:00:00,122,0.2678183317184448,-0.0,0.04900500178337097,0.2678183317184448,0.0,0.2678183317184448,0.0,0.0,0.0,0.013124437823481827,2,
2018-06-30 01:00:00,122,0.41797250509262085,-0.0,0.04703750088810921,0.41797250509262085,0.0,0.41797250509262085,0.0,0.0,0.0,0.019660382079499383,2,
2018-06-30 02:00:00,122,0.30821388959884644,-0.0,0.046424999833106995,0.30821388959884644,0.0,0.30821388959884644,0.0,0.0,0.0,0.014308829773187703,2,
2018-06-30 03:00:00,122,0.36246639490127563,-0.0,0.04562750086188316,0.36246639490127563,0.0,0.36246639490127563,0.0,0.0,0.0,0.016538435745761637,2,
2018-06-30 04:00:00,122,0.3495594561100006,-0.0,0.04553249850869179,0.3495594561100006,0.0,0.3495594561100006,0.0,0.0,0.0,0.015916315414027715,2,
2018-06-30 05:00:00,122,0.4774286150932312,-0.0,0.04580000042915344,0.4774286150932312,0.0,0.4774286150932312,0.0,0.0,0.0,0.021866230776160123,2,
2018-06-30 06:00:00,122,0.4957944452762604,-0.0,0.044107500463724136,0.4957944452762604,0.0,0.4957944452762604,0.0,0.0,0.0,0.021868253724934505,2,
2018-06-30 07:00:00,122,0.549221396446228,0.0,0.04839250072836876,0.549221396446228,0.0,0.549221396446228,0.0,0.0,0.0,0.026578196827559797,2,
2018-06-30 08:00:00,122,0.4538780450820923,0.0,0.052365001291036606,0.4538780450820923,0.0,0.4538780450820923,0.0,0.0,0.0,0.023767324416696933,2,
2018-06-30 09:00:00,122,0.7231319546699524,0.0,0.054409999400377274,0.7231319546699524,0.0,0.7231319546699524,0.0,0.0,0.0,0.039345609219985755,2,
2018-06-30 10:00:00,122,5.293257713317871,0.0,0.053747501224279404,5.293257713317871,0.0,5.293257713317871,0.0,0.0,0.0,0.2844993754269787,2,
2018-06-30 11:00:00,122,2.000131845474243,0.0,0.049447499215602875,2.000131845474243,0.0,2.000131845474243,0.0,0.0,0.0,0.09890151786018997,2,
2018-06-30 12:00:00,122,0.40436500310897827,0.0,0.04923750087618828,0.40436500310897827,0.0,0.40436500310897827,0.0,0.0,0.0,0.019909922194878193,2,
2018-06-30 13:00:00,122,0.34306472539901733,0.0,0.04777250066399574,0.34306472539901733,0.0,0.34306472539901733,0.0,0.0,0.0,0.016389059821918073,2,
2018-06-30 14:00:00,122,0.38437166810035706,0.0,0.047987498342990875,0.38437166810035706,0.0,0.38437166810035706,0.0,0.0,0.0,0.018445034786058523,2,
2018-06-30 15:00:00,122,0.40364140272140503,0.0,0.05079749971628189,0.40364140272140503,0.0,0.40364140272140503,0.0,0.0,0.0,0.020503974040220196,2,
2018-06-30 16:00:00,122,0.96451336145401,0.0,0.05177000164985657,0.96451336145401,0.0,0.96451336145401,0.0,0.0,0.0,0.0499328583137828,2,
2018-06-30 17:00:00,122,0.7950122356414795,0.0,0.05460749939084053,0.7950122356414795,0.0,0.7950122356414795,0.0,0.0,0.0,0.04341363017350286,2,
2018-06-30 18:00:00,122,0.4649055600166321,3.3865700720207012e-18,0.05747250095009804,0.4649055600166321,0.0,0.4649055600166321,0.0,0.0,0.0,0.026719285239761748,2,
2018-06-30 19:00:00,122,0.5092230439186096,-0.0,0.057887498289346695,0.5092230439186096,0.0,0.5092230439186096,0.0,0.0,0.0,0.02947764808373443,2,
2018-06-30 20:00:00,122,0.5020608305931091,-0.0,0.05838499963283539,0.5020608305931091,0.0,0.5020608305931091,0.0,0.0,0.0,0.029312821409839707,2,
2018-06-30 21:00:00,122,0.49262332916259766,-0.0,0.05532250180840492,0.49262332916259766,0.0,0.49262332916259766,0.0,0.0,0.0,0.027253155018460262,2,
2018-06-30 22:00:00,122,0.37381500005722046,-0.0,0.05423999950289726,0.37381500005722046,0.0,0.37381500005722046,0.0,0.0,0.0,0.020275725417279178,2,
2018-06-30 23:00:00,122,0.34033751487731934,-0.0,0.05415999889373779,0.34033751487731934,0.0,0.34033751487731934,0.0,0.0,0.0,0.018432679429253085,2,"{'r': -10.729663, 'l': 400, 't': 0.946097}"
2018-06-05 04:00:00,124,0.12560056149959564,-0.0,0.04698750004172325,0.12560056149959564,1.3677888826320046,0.0,-0.0,-0.0,0.12560056149959564,0.00012560056149959564,2,
2018-06-05 05:00:00,124,0.14222778379917145,0.0,0.04633999988436699,0.14222778379917145,1.2180754260012978,0.0,-0.0,-0.0,0.14222778379917145,0.00014222778379917146,2,
2018-06-05 06:00:00,124,0.10843639075756073,-0.0,0.05099499970674515,0.10843639075756073,1.103931856782813,0.0,-0.0,-0.0,0.10843639075756073,0.00010843639075756074,2,
2018-06-05 07:00:00,124,0.1727788895368576,0.0,0.05681750178337097,0.1727788895368576,0.9220593414808576,0.0,-0.0,-0.0,0.1727788895368576,0.00017277888953685762,2,
2018-06-05 08:00:00,124,0.497819721698761,0.0,0.05791499838232994,0.497819721698761,0.39803858179795126,0.0,-0.0,-0.0,0.497819721698761,0.000497819721698761,2,
2018-06-05 09:00:00,124,1.2262227535247803,0.02996920980513096,0.05696000158786774,1.1962535437196493,0.0,0.8181168910115957,0.0,0.0,0.3781366527080537,0.04697807606378996,2,
2018-06-05 10:00:00,124,0.3512902855873108,0.054514750838279724,0.0578249990940094,0.29677553474903107,0.0,0.29677553474903107,0.0,0.0,0.0,0.017161045027986876,2,
2018-06-05 11:00:00,124,0.1255200058221817,0.1274232566356659,0.05542749911546707,-0.001903250813484192,0.0,0.0,0.001903250813484192,0.001903250813484192,0.0,0.0,2,
2018-06-05 12:00:00,124,0.12823306024074554,0.1192813292145729,0.05448000133037567,0.008951731026172638,0.0,0.008951731026172638,0.0,0.0,0.0,0.0004876903182150505,2,
2018-06-05 13:00:00,124,0.12714971601963043,0.11573132127523422,0.05328249931335449,0.01141839474439621,0.0,0.01141839474439621,0.0,0.0,0.0,0.0006084006101279016,2,
2018-06-05 14:00:00,124,0.11568611115217209,0.07843084633350372,0.05240749940276146,0.037255264818668365,0.0,0.037255264818668365,0.0,0.0,0.0,0.0019524552687340824,2,
2018-06-05 15:00:00,124,0.11448777467012405,0.019000889733433723,0.052322499454021454,0.09548688493669033,0.0,0.09548688493669033,0.0,0.0,0.0,0.004996112484966189,2,
2018-06-05 16:00:00,124,0.12746527791023254,0.05669655278325081,0.05272499844431877,0.07076872512698174,0.0,0.07076872512698174,0.0,0.0,0.0,0.0037312809222265347,2,
2018-06-05 17:00:00,124,0.12919805943965912,0.01354286726564169,0.05483249947428703,0.11565519217401743,0.0,0.11565519217401743,0.0,0.0,0.0,0.0063416632640803765,2,
2018-06-05 18:00:00,124,0.10310889035463333,5.1498279704081376e-18,0.05521500110626221,0.10310889035463333,0.0,0.10310889035463333,0.0,0.0,0.0,0.005693157494996548,2,
2018-06-05 19:00:00,124,0.12867805361747742,0.0,0.054112501442432404,0.12867805361747742,0.0,0.12867805361747742,0.0,0.0,0.0,0.006963091361985141,2,
2018-06-05 20:00:00,124,0.13483944535255432,-0.0,0.052857499569654465,0.13483944535255432,0.0,0.13483944535255432,0.0,0.0,0.0,0.007127275924695087,2,
2018-06-05 21:00:00,124,0.501811683177948,-0.0,0.052262499928474426,0.501811683177948,0.0,0.501811683177948,0.0,0.0,0.0,0.02622593305619514,2,
2018-06-05 22:00:00,124,1.1065850257873535,-0.0,0.051660001277923584,1.1065850257873535,0.0,1.1065850257873535,0.0,0.0,0.0,0.057166183846305785,2,
2018-06-05 23:00:00,124,0.6775622367858887,-0.0,0.05312250182032585,0.6775622367858887,0.0,0.6775622367858887,0.0,0.0,0.0,0.03599380115704243,2,
2018-06-06 00:00:00,124,0.12928111851215363,-0.0,0.050200000405311584,0.12928111851215363,0.0,0.12928111851215363,0.0,0.0,0.0,0.006489912201709247,2,
2018-06-06 01:00:00,124,0.1048097237944603,-0.0,0.04902249947190285,0.1048097237944603,0.0,0.1048097237944603,0.0,0.0,0.0,0.005138034629364213,2,
2018-06-06 02:00:00,124,0.12882138788700104,-0.0,0.04872250184416771,0.12882138788700104,0.0,0.12882138788700104,0.0,0.0,0.0,0.006276500308892652,2,
2018-06-06 03:00:00,124,1.7368053197860718,-0.0,0.047074999660253525,1.7368053197860718,0.0,1.7368053197860718,0.0,0.0,0.0,0.08176010983885584,2,
2018-06-06 04:00:00,124,0.7527133226394653,-0.0,0.04687749966979027,0.7527133226394653,0.0,0.7527133226394653,0.0,0.0,0.0,0.03528531853347827,2,
2018-06-06 05:00:00,124,0.11545944213867188,-0.0,0.048512499779462814,0.11545944213867188,0.0,0.11545944213867188,0.0,0.0,0.0,0.005601226161289219,2,
2018-06-06 06:00:00,124,0.1310424953699112,-0.0,0.050725001841783524,0.1310424953699112,0.0,0.1310424953699112,0.0,0.0,0.0,0.006647130818990654,2,
2018-06-06 07:00:00,124,0.137518048286438,0.0,0.05178999900817871,0.137518048286438,0.0,0.137518048286438,0.0,0.0,0.0,0.0071220595843612955,2,
2018-06-06 08:00:00,124,0.10714166611433029,0.0,0.05245000123977661,0.10714166611433029,0.0,0.10714166611433029,0.0,0.0,0.0,0.0056195805205283555,2,
2018-06-06 09:00:00,124,0.13005416095256805,0.06612522155046463,0.051692500710487366,0.06392893940210342,0.0,0.06392893940210342,0.0,0.0,0.0,0.003304646745463935,2,
2018-06-06 10:00:00,124,0.1284683346748352,0.09788317233324051,0.05288749933242798,0.030585162341594696,0.0,0.030585162341594696,0.0,0.0,0.0,0.0016175727529232908,2,
2018-06-06 11:00:00,124,0.10276889055967331,0.04323507100343704,0.05243000015616417,0.05953381955623627,0.0,0.05953381955623627,0.0,0.0,0.0,0.003121358168630517,2,
2018-06-06 12:00:00,124,0.12795166671276093,2.898693323135376,0.02500000037252903,-2.770741656422615,1.4249999999999998,0.0,1.270741656422615,1.270741656422615,1.5,0.0015,0,
2018-06-06 13:00:00,124,0.20252417027950287,0.1548648327589035,0.04177999868988991,0.047659337520599365,1.3748322762941056,0.0,-0.0,-0.0,0.047659337520599365,4.7659337520599366e-05,2,
2018-06-06 14:00:00,124,0.2665855586528778,0.15699923038482666,0.05006000027060509,0.10958632826805115,1.2594782465382623,0.0,-0.0,-0.0,0.10958632826805115,0.00010958632826805115,2,
2018-06-06 15:00:00,124,1.1280856132507324,0.1356973648071289,0.05409500002861023,0.9923882484436035,0.2148590376502586,0.0,-0.0,-0.0,0.9923882484436035,0.0009923882484436034,2,
2018-06-06 16:00:00,124,0.4146808385848999,0.08383508771657944,0.054167501628398895,0.33084575086832047,0.0,0.12672966510057482,0.0,0.0,0.20411608576774565,0.007068745426469579,2,
2018-06-06 17:00:00,124,0.3135005533695221,0.030676741153001785,0.0549824982881546,0.2828238122165203,0.0,0.2828238122165203,0.0,0.0,0.0,0.015550359771044187,2,
2018-06-06 18:00:00,124,0.3585225045681,1.1443516033440329e-17,0.05668500065803528,0.3585225045681,0.0,0.3585225045681,0.0,0.0,0.0,0.020322848407363203,2,
2018-06-06 19:00:00,124,0.40437445044517517,0.0,0.05708250030875206,0.40437445044517517,0.0,0.40437445044517517,0.0,0.0,0.0,0.023082704692388156,2,
2018-06-06 20:00:00,124,0.3990144431591034,0.0,0.05393499881029129,0.3990144431591034,0.0,0.3990144431591034,0.0,0.0,0.0,0.021520843517075283,2,
2018-06-06 21:00:00,124,0.36131611466407776,-0.0,0.0532350018620491,0.36131611466407776,0.0,0.36131611466407776,0.0,0.0,0.0,0.019234664036930527,2,
2018-06-06 22:00:00,124,0.4293305575847626,-0.0,0.05176499858498573,0.4293305575847626,0.0,0.4293305575847626,0.0,0.0,0.0,0.02222429570586637,2,
2018-06-06 23:00:00,124,0.13434945046901703,-0.0,0.054910000413656235,0.13434945046901703,0.0,0.13434945046901703,0.0,0.0,0.0,0.007377128380828213,2,
2018-06-07 00:00:00,124,0.10752388834953308,-0.0,0.05056000128388405,0.10752388834953308,0.0,0.10752388834953308,0.0,0.0,0.0,0.005436407933000598,2,
2018-06-07 01:00:00,124,0.12597638368606567,-0.0,0.04975000023841858,0.12597638368606567,0.0,0.12597638368606567,0.0,0.0,0.0,0.006267325118416878,2,
2018-06-07 02:00:00,124,0.12750527262687683,-0.0,0.04926750063896179,0.12750527262687683,0.0,0.12750527262687683,0.0,0.0,0.0,0.006281866100615652,2,
2018-06-07 03:00:00,124,0.9534174799919128,-0.0,0.048420000821352005,0.9534174799919128,0.0,0.9534174799919128,0.0,0.0,0.0,0.04616447516429978,2,
2018-06-07 04:00:00,124,0.11543944478034973,-0.0,0.04903249815106392,0.11543944478034973,0.0,0.11543944478034973,0.0,0.0,0.0,0.005660284362752344,2,
2018-06-07 05:00:00,124,0.1290452778339386,-0.0,0.04996750131249428,0.1290452778339386,0.0,0.1290452778339386,0.0,0.0,0.0,0.006448070089538516,2,
2018-06-07 06:00:00,124,0.10707805305719376,-0.0,0.0520625002682209,0.10707805305719376,0.0,0.10707805305719376,0.0,0.0,0.0,0.005574751166010722,2,
2018-06-07 07:00:00,124,0.1248883306980133,0.0,0.05355750024318695,0.1248883306980133,0.0,0.1248883306980133,0.0,0.0,0.0,0.00668870680173006,2,
2018-06-07 08:00:00,124,0.12964417040348053,0.0,0.056894998997449875,0.12964417040348053,0.0,0.12964417040348053,0.0,0.0,0.0,0.0073761049451312455,2,
2018-06-07 09:00:00,124,0.10103527456521988,0.0,0.053495001047849655,0.10103527456521988,0.0,0.10103527456521988,0.0,0.0,0.0,0.005404882118736215,2,
2018-06-07 10:00:00,124,0.12985944747924805,0.0,0.05241750180721283,0.12985944747924805,0.0,0.12985944747924805,0.0,0.0,0.0,0.006806907822927144,2,
2018-06-07 11:00:00,124,0.10682833194732666,0.0,0.05137249827384949,0.10682833194732666,0.0,0.10682833194732666,0.0,0.0,0.0,0.005488038298562259,2,
2018-06-07 12:00:00,124,0.1260022222995758,2.0612423419952393,0.051865000277757645,-1.9352401196956635,1.4249999999999998,0.0,0.43524011969566345,0.43524011969566345,1.5,0.0015,0,
2018-06-07 13:00:00,124,0.12924084067344666,0.10482694208621979,0.05172999948263168,0.024413898587226868,1.3993011593818663,0.0,-0.0,-0.0,0.024413898587226868,2.441389858722687e-05,2,
2018-06-07 14:00:00,124,0.10230222344398499,0.11642547696828842,0.05203000083565712,-0.014123253524303436,1.3993011593818663,0.0,0.014123253524303436,0.014123253524303436,0.0,0.0,2,
2018-06-07 15:00:00,124,0.12957222759723663,0.11148050427436829,0.059027500450611115,0.018091723322868347,1.3802572400946365,0.0,-0.0,-0.0,0.018091723322868347,1.8091723322868347e-05,2,
2018-06-07 16:00:00,124,0.3176663815975189,0.0628218948841095,0.062185000628232956,0.2548444867134094,1.1119998856594686,0.0,-0.0,-0.0,0.2548444867134094,0.00025484448671340943,2,
2018-06-07 17:00:00,124,0.410506933927536,0.025589941069483757,0.06364750117063522,0.38491699285805225,0.7068241037036241,0.0,-0.0,-0.0,0.38491699285805225,0.00038491699285805224,2,
2018-06-07 18:00:00,124,0.43818140029907227,5.511594584127592e-18,0.06437250226736069,0.43818140029907227,0.2455805244414428,0.0,-0.0,-0.0,0.43818140029907227,0.00043818140029907226,2,
2018-06-07 19:00:00,124,0.37983638048171997,0.0,0.05739250034093857,0.37983638048171997,0.0,0.14653488226234931,0.0,0.0,0.23330149821937066,0.008643304778420647,2,
2018-06-07 20:00:00,124,0.5766658186912537,-0.0,0.05435999855399132,0.5766658186912537,0.0,0.5766658186912537,0.0,0.0,0.0,0.03134755307019277,2,
2018-06-07 21:00:00,124,0.4703502655029297,-0.0,0.05449749901890755,0.4703502655029297,0.0,0.4703502655029297,0.0,0.0,0.0,0.025632913132788815,2,
2018-06-07 22:00:00,124,0.20450416207313538,-0.0,0.05269249901175499,0.20450416207313538,0.0,0.20450416207313538,0.0,0.0,0.0,0.010775835357938468,2,
2018-06-07 23:00:00,124,0.1336275041103363,-0.0,0.05046999827027321,0.1336275041103363,0.0,0.1336275041103363,0.0,0.0,0.0,0.006744179901309599,2,
2018-06-08 00:00:00,124,0.1292644441127777,-0.0,0.05101250112056732,0.1292644441127777,0.0,0.1292644441127777,0.0,0.0,0.0,0.006594102600152585,2,
2018-06-08 01:00:00,124,0.10354555398225784,-0.0,0.05076000094413757,0.10354555398225784,0.0,0.10354555398225784,0.0,0.0,0.0,0.005255972417900656,2,
2018-06-08 02:00:00,124,0.12880194187164307,-0.0,0.0504475012421608,0.12880194187164307,0.0,0.12880194187164307,0.0,0.0,0.0,0.006497736122562436,2,
2018-06-08 03:00:00,124,1.2803083658218384,-0.0,0.05032249912619591,1.2803083658218384,0.0,1.2803083658218384,0.0,0.0,0.0,0.06442831662033077,2,
2018-06-08 04:00:00,124,0.11237027496099472,-0.0,0.05017999932169914,0.11237027496099472,0.0,0.11237027496099472,0.0,0.0,0.0,0.005638740321321861,2,
2018-06-08 05:00:00,124,0.1288450062274933,-0.0,0.05003250017762184,0.1288450062274933,0.0,0.1288450062274933,0.0,0.0,0.0,0.006446437796962745,2,
2018-06-08 06:00:00,124,0.1115744411945343,0.0,0.05079500004649162,0.1115744411945343,0.0,0.1115744411945343,0.0,0.0,0.0,0.005667423745663647,2,
2018-06-08 07:00:00,124,0.11793360859155655,0.0,0.054249998182058334,0.11793360859155655,0.0,0.11793360859155655,0.0,0.0,0.0,0.006397898051695522,2,
2018-06-08 08:00:00,124,0.1274966597557068,0.0,0.06626249849796295,0.1274966597557068,0.0,0.1274966597557068,0.0,0.0,0.0,0.008448247225557814,2,
2018-06-08 09:00:00,124,0.10176166892051697,0.0,0.06799750030040741,0.10176166892051697,0.0,0.10176166892051697,0.0,0.0,0.0,0.006919539112992812,2,
2018-06-08 10:00:00,124,0.12852583825588226,0.0,0.06781750172376633,0.12852583825588226,0.0,0.12852583825588226,0.0,0.0,0.0,0.008716301257466808,2,
2018-06-08 11:00:00,124,0.11884722113609314,0.0,0.05907750129699707,0.11884722113609314,0.0,0.11884722113609314,0.0,0.0,0.0,0.00702119686081204,2,
2018-06-08 12:00:00,124,0.11281388998031616,0.018703175708651543,0.059747498482465744,0.09411071427166462,0.0,0.09411071427166462,0.0,0.0,0.0,0.005622879758130049,2,
2018-06-08 13:00:00,124,0.12852667272090912,0.03223329782485962,0.05471250042319298,0.0962933748960495,0.0,0.0962933748960495,0.0,0.0,0.0,0.005268451314750788,2,
2018-06-08 14:00:00,124,0.10195166617631912,0.033874787390232086,0.05277499929070473,0.06807687878608704,0.0,0.06807687878608704,0.0,0.0,0.0,0.003592757229649135,2,
2018-06-08 15:00:00,124,0.12836945056915283,0.039541129022836685,0.05200750008225441,0.08882832154631615,0.0,0.08882832154631615,0.0,0.0,0.0,0.004619738940126558,2,
2018-06-08 16:00:00,124,0.12773054838180542,0.008586849085986614,0.051772501319646835,0.1191436992958188,0.0,0.1191436992958188,0.0,0.0,0.0,0.006168367329020385,2,
2018-06-08 17:00:00,124,0.8313624858856201,0.0,0.05377250164747238,0.8313624858856201,0.0,0.8313624858856201,0.0,0.0,0.0,0.04470444064193124,2,
2018-06-08 18:00:00,124,1.4222394227981567,0.0,0.05412999913096428,1.4222394227981567,0.0,1.4222394227981567,0.0,0.0,0.0,0.07698581872008736,2,
2018-06-08 19:00:00,124,1.3370685577392578,-0.0,0.0547574982047081,1.3370685577392578,0.0,1.3370685577392578,0.0,0.0,0.0,0.07321452914997906,2,
2018-06-08 20:00:00,124,0.8127355575561523,-0.0,0.05281500145792961,0.8127355575561523,0.0,0.8127355575561523,0.0,0.0,0.0,0.04292462965723942,2,
2018-06-08 21:00:00,124,1.058353066444397,-0.0,0.05166750028729439,1.058353066444397,0.0,1.058353066444397,0.0,0.0,0.0,0.05468245736457478,2,
2018-06-08 22:00:00,124,1.152761697769165,-0.0,0.05115250125527382,1.152761697769165,0.0,1.152761697769165,0.0,0.0,0.0,0.05896664419216879,2,
2018-06-08 23:00:00,124,0.12574805319309235,-0.0,0.05385750159621239,0.12574805319309235,0.0,0.12574805319309235,0.0,0.0,0.0,0.006772475975567571,2,
2018-06-09 00:00:00,124,0.12299833446741104,-0.0,0.05096999928355217,0.12299833446741104,0.0,0.12299833446741104,0.0,0.0,0.0,0.006269225019682051,2,
2018-06-09 01:00:00,124,0.1128302812576294,-0.0,0.049525000154972076,0.1128302812576294,0.0,0.1128302812576294,0.0,0.0,0.0,0.005587919696769639,2,
2018-06-09 02:00:00,124,0.11482833325862885,-0.0,0.04955499991774559,0.11482833325862885,0.0,0.11482833325862885,0.0,0.0,0.0,0.005690318045186216,2,
2018-06-09 03:00:00,124,0.12399416416883469,-0.0,0.048009999096393585,0.12399416416883469,0.0,0.12399416416883469,0.0,0.0,0.0,0.005952959709703831,2,
2018-06-09 04:00:00,124,0.12631110846996307,-0.0,0.04805750027298927,0.12631110846996307,0.0,0.12631110846996307,0.0,0.0,0.0,0.006070196129776828,2,
2018-06-09 05:00:00,124,1.5305922031402588,-0.0,0.04774250090122223,1.5305922031402588,0.0,1.5305922031402588,0.0,0.0,0.0,0.07307429963782752,2,
2018-06-09 06:00:00,124,0.1237366646528244,-0.0,0.05081000179052353,0.1237366646528244,0.0,0.1237366646528244,0.0,0.0,0.0,0.006287060152563417,2,
2018-06-09 07:00:00,124,0.11275555193424225,0.0,0.05077749863266945,0.11275555193424225,0.0,0.11275555193424225,0.0,0.0,0.0,0.005725444884166875,2,
2018-06-09 08:00:00,124,0.11492499709129333,0.9179418087005615,0.050289999693632126,-0.8030168116092682,1.4249999999999998,0.6969831883907318,0.0,0.0,1.5,0.036551284330636646,0,
2018-06-09 09:00:00,124,0.12508638203144073,2.6599924564361572,0.05420750007033348,-2.5349060744047165,2.8499999999999996,0.0,1.0349060744047165,1.0349060744047165,1.5,0.0015,0,
2018-06-09 10:00:00,124,0.12410110980272293,2.4353160858154297,0.053610000759363174,-2.3112149760127068,3.0,0.0,2.153320239170601,2.153320239170601,0.15789473684210564,0.00015789473684210564,0,
2018-06-09 11:00:00,124,0.10523083060979843,0.0,0.05124000087380409,0.10523083060979843,2.889230704621265,0.0,-0.0,-0.0,0.10523083060979843,0.00010523083060979844,2,
2018-06-09 12:00:00,124,0.12761417031288147,0.0,0.04936499893665314,0.12761417031288147,2.754899999028758,0.0,-0.0,-0.0,0.12761417031288147,0.00012761417031288146,2,
2018-06-09 13:00:00,124,0.12009277939796448,0.0,0.04836750030517578,0.12009277939796448,2.6284865470309007,0.0,-0.0,-0.0,0.12009277939796448,0.00012009277939796448,2,
2018-06-09 14:00:00,124,0.10937750339508057,0.0,0.048135001212358475,0.10937750339508057,2.513352332930816,0.0,-0.0,-0.0,0.10937750339508057,0.00010937750339508056,2,
2018-06-09 15:00:00,124,0.12589861452579498,0.0,0.04565750062465668,0.12589861452579498,2.3808274755352423,0.0,-0.0,-0.0,0.12589861452579498,0.000125898614525795,2,
2018-06-09 16:00:00,124,0.10692472010850906,0.0,0.04596250131726265,0.10692472010850906,2.268275138578917,0.0,-0.0,-0.0,0.10692472010850906,0.00010692472010850907,2,
2018-06-09 17:00:00,124,0.2172349989414215,0.0,0.053690001368522644,0.2172349989414215,2.039606718640578,0.0,-0.0,-0.0,0.2172349989414215,0.0002172349989414215,2,
2018-06-09 18:00:00,124,0.5001222491264343,0.0,0.05515500158071518,0.5001222491264343,1.5131622458759104,0.0,-0.0,-0.0,0.5001222491264343,0.0005001222491264343,2,
2018-06-09 19:00:00,124,0.4350322186946869,-0.0,0.05611500144004822,0.4350322186946869,1.0552335946183453,0.0,-0.0,-0.0,0.4350322186946869,0.0004350322186946869,2,
2018-06-09 20:00:00,124,0.29509973526000977,-0.0,0.05559249967336655,0.29509973526000977,0.7446022943446509,0.0,-0.0,-0.0,0.29509973526000977,0.0002950997352600098,2,
2018-06-09 21:00:00,124,0.11407194286584854,-0.0,0.05364999920129776,0.11407194286584854,0.6245265650121787,0.0,-0.0,-0.0,0.11407194286584854,0.00011407194286584855,2,
2018-06-09 22:00:00,124,0.12359027564525604,-0.0,0.052787501364946365,0.12359027564525604,0.4944315380171724,0.0,-0.0,-0.0,0.12359027564525604,0.00012359027564525605,2,
2018-06-09 23:00:00,124,0.1253519505262375,-0.0,0.05329500138759613,0.1253519505262375,0.36248211641060657,0.0,-0.0,-0.0,0.1253519505262375,0.0001253519505262375,2,
2018-06-10 00:00:00,124,0.12799055874347687,-0.0,0.05220000073313713,0.12799055874347687,0.2277552124701046,0.0,-0.0,-0.0,0.12799055874347687,0.00012799055874347686,2,
2018-06-10 01:00:00,124,0.1027388870716095,-0.0,0.05019000172615051,0.1027388870716095,0.11960901555262092,0.0,-0.0,-0.0,0.1027388870716095,0.0001027388870716095,2,
2018-06-10 02:00:00,124,0.12795443832874298,-0.0,0.05020749941468239,0.12795443832874298,0.0,0.014325873553753116,0.0,0.0,0.11362856477498987,0.0008328948528398633,2,
2018-06-10 03:00:00,124,0.11581721901893616,-0.0,0.04827500134706497,0.11581721901893616,0.0,0.11581721901893616,0.0,0.0,0.0,0.005591076404152462,2,
2018-06-10 04:00:00,124,0.1197936087846756,-0.0,0.04773499816656113,0.1197936087846756,0.0,0.1197936087846756,0.0,0.0,0.0,0.0057183476957022306,2,
2018-06-10 05:00:00,124,0.4449585974216461,-0.0,0.04752499982714653,0.4449585974216461,0.0,0.4449585974216461,0.0,0.0,0.0,0.021146657265551094,2,
2018-06-10 06:00:00,124,0.10754638910293579,-0.0,0.04769999906420708,0.10754638910293579,0.0,0.10754638910293579,0.0,0.0,0.0,0.005129962659568887,2,
2018-06-10 07:00:00,124,0.12271583080291748,0.0,0.04800749942660332,0.12271583080291748,0.0,0.12271583080291748,0.0,0.0,0.0,0.005891280176906211,2,
2018-06-10 08:00:00,124,0.12766528129577637,0.0,0.04972749948501587,0.12766528129577637,0.0,0.12766528129577637,0.0,0.0,0.0,0.006348475209890125,2,
2018-06-10 09:00:00,124,0.10292527824640274,0.0,0.0566600002348423,0.10292527824640274,0.0,0.10292527824640274,0.0,0.0,0.0,0.005831746289612388,2,
2018-06-10 10:00:00,124,0.128417506814003,0.0,0.0582675002515316,0.128417506814003,0.0,0.128417506814003,0.0,0.0,0.0,0.00748256711058598,2,
2018-06-10 11:00:00,124,0.10107861459255219,0.0,0.05239250138401985,0.10107861459255219,0.0,0.10107861459255219,0.0,0.0,0.0,0.0052957614549350995,2,
2018-06-10 12:00:00,124,0.1284513920545578,0.8755770921707153,0.052354998886585236,-0.7471257001161575,0.0,0.0,0.7471257001161575,0.7471257001161575,0.0,0.0,2,
2018-06-10 13:00:00,124,0.12467221915721893,0.0,0.04927000030875206,0.12467221915721893,0.0,0.12467221915721893,0.0,0.0,0.0,0.006142600276368981,2,
2018-06-10 14:00:00,124,0.10618916898965836,0.04130471125245094,0.04848499968647957,0.06488445773720741,0.0,0.06488445773720741,0.0,0.0,0.0,0.0031459229130458982,2,
2018-06-10 15:00:00,124,0.12872250378131866,0.03683973848819733,0.049254998564720154,0.09188276529312134,0.0,0.09188276529312134,0.0,0.0,0.0,0.00452568547263521,2,
2018-06-10 16:00:00,124,0.10185666382312775,0.040057871490716934,0.04996750131249428,0.06179879233241081,0.0,0.06179879233241081,0.0,0.0,0.0,0.0030879312369802986,2,
2018-06-10 17:00:00,124,0.12901027500629425,0.021410806104540825,0.05191250145435333,0.10759946890175343,0.0,0.10759946890175343,0.0,0.0,0.0,0.005585757585849921,2,
2018-06-10 18:00:00,124,0.11283944547176361,0.0,0.05397750064730644,0.11283944547176361,0.0,0.11283944547176361,0.0,0.0,0.0,0.00609079124099382,2,
2018-06-10 19:00:00,124,0.1175638884305954,-0.0,0.05631500110030174,0.1175638884305954,0.0,0.1175638884305954,0.0,0.0,0.0,0.006620610506324731,2,
2018-06-10 20:00:00,124,0.12810388207435608,-0.0,0.05537499859929085,0.12810388207435608,0.0,0.12810388207435608,0.0,0.0,0.0,0.007093752290431188,2,
2018-06-10 21:00:00,124,0.10109555721282959,-0.0,0.05392250046133995,0.10109555721282959,0.0,0.10109555721282959,0.0,0.0,0.0,0.005451325230448223,2,
2018-06-10 22:00:00,124,0.1275966614484787,-0.0,0.05289499834179878,0.1275966614484787,0.0,0.1275966614484787,0.0,0.0,0.0,0.006749225195736341,2,
2018-06-10 23:00:00,124,0.1249905526638031,-0.0,0.05108249932527542,0.1249905526638031,0.0,0.1249905526638031,0.0,0.0,0.0,0.006384829822114524,2,
2018-06-11 00:00:00,124,0.13559916615486145,-0.0,0.04919249936938286,0.13559916615486145,0.0,0.13559916615486145,0.0,0.0,0.0,0.006670461895561863,2,
2018-06-11 01:00:00,124,0.12739305198192596,-0.0,0.04834999889135361,0.12739305198192596,0.0,0.12739305198192596,0.0,0.0,0.0,0.006159453922092273,2,
2018-06-11 02:00:00,124,0.10697750002145767,-0.0,0.04836750030517578,0.10697750002145767,0.0,0.10697750002145767,0.0,0.0,0.0,0.005174234264934796,2,
2018-06-11 03:00:00,124,0.2496313899755478,-0.0,0.04758499935269356,0.2496313899755478,0.0,0.2496313899755478,0.0,0.0,0.0,0.011878709530398435,2,
2018-06-11 04:00:00,124,0.14652694761753082,-0.0,0.04718250036239624,0.14652694761753082,0.0,0.14652694761753082,0.0,0.0,0.0,0.006913507759064963,2,
2018-06-11 05:00:00,124,0.1702544391155243,-0.0,0.04874499887228012,0.1702544391155243,0.0,0.1702544391155243,0.0,0.0,0.0,0.008299052442686916,2,
2018-06-11 06:00:00,124,0.32550111413002014,-0.0,0.04896000027656555,0.32550111413002014,0.0,0.32550111413002014,0.0,0.0,0.0,0.01593653463782818,2,
2018-06-11 07:00:00,124,1.9332261085510254,0.0,0.051364999264478683,1.9332261085510254,0.0,1.9332261085510254,0.0,0.0,0.0,0.0993001576437944,2,
2018-06-11 08:00:00,124,0.3549875020980835,0.0,0.05313500016927719,0.3549875020980835,0.0,0.3549875020980835,0.0,0.0,0.0,0.018862260984072954,2,
2018-06-11 09:00:00,124,0.4884277880191803,0.0,0.055605001747608185,0.4884277880191803,0.0,0.4884277880191803,0.0,0.0,0.0,0.02715902800638692,2,
2018-06-11 10:00:00,124,0.34530332684516907,0.0,0.05209499970078468,0.34530332684516907,0.0,0.34530332684516907,0.0,0.0,0.0,0.017988576708679038,2,
2018-06-11 11:00:00,124,1.0064711570739746,0.0,0.05002500116825104,1.0064711570739746,0.0,1.0064711570739746,0.0,0.0,0.0,0.05034872080843655,2,
2018-06-11 12:00:00,124,0.327964723110199,0.0,0.05043499916791916,0.327964723110199,0.0,0.327964723110199,0.0,0.0,0.0,0.016540900537169723,2,
2018-06-11 13:00:00,124,0.36085832118988037,0.0,0.04995749890804291,0.36085832118988037,0.0,0.36085832118988037,0.0,0.0,0.0,0.018027579186801646,2,
2018-06-11 14:00:00,124,0.48053693771362305,0.0,0.04941749945282936,0.48053693771362305,0.0,0.48053693771362305,0.0,0.0,0.0,0.023746933856527264,2,
2018-06-11 15:00:00,124,0.34136250615119934,0.0,0.05126750096678734,0.34136250615119934,0.0,0.34136250615119934,0.0,0.0,0.0,0.01750080261413156,2,
2018-06-11 16:00:00,124,0.38004082441329956,0.00018030178034678102,0.05119000002741814,0.3798605226329528,0.0,0.3798605226329528,0.0,0.0,0.0,0.01944506016399592,2,
2018-06-11 17:00:00,124,0.37993860244750977,0.0,0.0532350018620491,0.37993860244750977,0.0,0.37993860244750977,0.0,0.0,0.0,0.020226032208757516,2,
2018-06-11 18:00:00,124,0.5596105456352234,0.0,0.05353749915957451,0.5596105456352234,0.0,0.5596105456352234,0.0,0.0,0.0,0.029960149116634804,2,
2018-06-11 19:00:00,124,0.5101361274719238,-0.0,0.051897499710321426,0.5101361274719238,0.0,0.5101361274719238,0.0,0.0,0.0,0.02647478952769866,2,
2018-06-11 20:00:00,124,1.8671166896820068,-0.0,0.05132000148296356,1.8671166896820068,0.0,1.8671166896820068,0.0,0.0,0.0,0.09582043128334661,2,
2018-06-11 21:00:00,124,1.926817774772644,-0.0,0.05107500031590462,1.926817774772644,0.0,1.926817774772644,0.0,0.0,0.0,0.09841221845520343,2,
2018-06-11 22:00:00,124,0.8264096975326538,-0.0,0.0507499985396862,0.8264096975326538,0.0,0.8264096975326538,0.0,0.0,0.0,0.0419402909429647,2,
2018-06-11 23:00:00,124,0.1302822232246399,-0.0,0.050962500274181366,0.1302822232246399,0.0,0.1302822232246399,0.0,0.0,0.0,0.0066395078368066685,2,
2018-06-12 00:00:00,124,0.11314694583415985,-0.0,0.04816000163555145,0.11314694583415985,0.0,0.11314694583415985,0.0,0.0,0.0,0.00544915709643079,2,
2018-06-12 01:00:00,124,0.1277005523443222,-0.0,0.0482649989426136,0.1277005523443222,0.0,0.1277005523443222,0.0,0.0,0.0,0.006163467023869884,2,
2018-06-12 02:00:00,124,0.1327349990606308,-0.0,0.0488400012254715,0.1327349990606308,0.0,0.1327349990606308,0.0,0.0,0.0,0.006482777516784166,2,
2018-06-12 03:00:00,124,0.7771527767181396,-0.0,0.047052498906850815,0.7771527767181396,0.0,0.7771527767181396,0.0,0.0,0.0,0.03656698017698634,2,
2018-06-12 04:00:00,124,0.11056583374738693,-0.0,0.04679499939084053,0.11056583374738693,0.0,0.11056583374738693,0.0,0.0,0.0,0.005173928122856747,2,
2018-06-12 05:00:00,124,0.1142430528998375,-0.0,0.048055000603199005,0.1142430528998375,0.0,0.1142430528998375,0.0,0.0,0.0,0.005489949976012987,2,
2018-06-12 06:00:00,124,0.13360610604286194,-0.0,0.049400001764297485,0.13360610604286194,0.0,0.13360610604286194,0.0,0.0,0.0,0.006600141874238297,2,
2018-06-12 07:00:00,124,0.12989944219589233,0.0,0.055047500878572464,0.12989944219589233,0.0,0.12989944219589233,0.0,0.0,0.0,0.007150639658404456,2,
2018-06-12 08:00:00,124,0.10856471955776215,0.0,0.057989999651908875,0.10856471955776215,0.0,0.10856471955776215,0.0,0.0,0.0,0.006295668049364211,2,
2018-06-12 09:00:00,124,0.12679193913936615,0.0,0.06538666784763336,0.12679193913936615,0.0,0.12679193913936615,0.0,0.0,0.0,0.008290502410263079,2,
2018-06-12 10:00:00,124,0.12163999676704407,0.0,0.08413500338792801,0.12163999676704407,0.0,0.12163999676704407,0.0,0.0,0.0,0.010234181540102805,2,
2018-06-12 11:00:00,124,0.10785472393035889,0.0,0.07698000222444534,0.10785472393035889,0.0,0.10785472393035889,0.0,0.0,0.0,0.008302656888075965,2,
2018-06-12 12:00:00,124,0.1271636039018631,0.0,0.05933666601777077,0.1271636039018631,0.0,0.1271636039018631,0.0,0.0,0.0,0.007545464294340942,2,
2018-06-12 13:00:00,124,0.11051027476787567,0.08718673139810562,0.05047500133514404,0.02332354336977005,0.0,0.02332354336977005,0.0,0.0,0.0,0.0011772558827294333,2,
2018-06-12 14:00:00,124,0.12019278109073639,0.14548054337501526,0.0511775016784668,-0.02528776228427887,0.0,0.0,0.02528776228427887,0.02528776228427887,0.0,0.0,2,
2018-06-12 15:00:00,124,0.1276116669178009,0.13232770562171936,0.0524200014770031,-0.004716038703918457,0.0,0.0,0.004716038703918457,0.004716038703918457,0.0,0.0,2,
2018-06-12 16:00:00,124,0.10271888971328735,0.09526095539331436,0.04414999857544899,0.007457934319972992,0.0,0.007457934319972992,0.0,0.0,0.0,0.0003292677896025997,2,
2018-06-12 17:00:00,124,0.17628750205039978,0.04908740893006325,0.08594000339508057,0.12720009312033653,0.0,0.12720009312033653,0.0,0.0,0.0,0.010931576434616286,2,
2018-06-12 18:00:00,124,0.387669175863266,9.35898201231791e-18,0.0849900022149086,0.387669175863266,0.0,0.387669175863266,0.0,0.0,0.0,0.03294800411527077,2,
2018-06-12 19:00:00,124,0.4328019320964813,0.0,0.0643099993467331,0.4328019320964813,0.0,0.4328019320964813,0.0,0.0,0.0,0.027833491970389534,2,
2018-06-12 20:00:00,124,0.21539999544620514,0.0,0.05037999898195267,0.21539999544620514,0.0,0.21539999544620514,0.0,0.0,0.0,0.010851851551292424,2,
2018-06-12 21:00:00,124,0.15062305331230164,-0.0,0.05130999907851219,0.15062305331230164,0.0,0.15062305331230164,0.0,0.0,0.0,0.00772846872665689,2,
2018-06-12 22:00:00,124,0.12061610817909241,-0.0,0.06190750002861023,0.12061610817909241,0.0,0.12061610817909241,0.0,0.0,0.0,0.007467041720548018,2,
2018-06-12 23:00:00,124,0.12856222689151764,-0.0,0.05063749849796295,0.12856222689151764,0.0,0.12856222689151764,0.0,0.0,0.0,0.006510069571113997,2,
2018-06-13 00:00:00,124,0.12377944588661194,-0.0,0.04799250140786171,0.12377944588661194,0.0,0.12377944588661194,0.0,0.0,0.0,0.005940485230977566,2,
2018-06-13 01:00:00,124,0.12033583223819733,-0.0,0.047359999269247055,0.12033583223819733,0.0,0.12033583223819733,0.0,0.0,0.0,0.005699104926865262,2,
2018-06-13 02:00:00,124,0.1064700037240982,-0.0,0.04746000096201897,0.1064700037240982,0.0,0.1064700037240982,0.0,0.0,0.0,0.005053066479171864,2,
2018-06-13 03:00:00,124,1.0497524738311768,-0.0,0.04702499881386757,1.0497524738311768,0.0,1.0497524738311768,0.0,0.0,0.0,0.04936460883676563,2,
2018-06-13 04:00:00,124,0.4343608319759369,-0.0,0.04777999967336655,0.4343608319759369,0.0,0.4343608319759369,0.0,0.0,0.0,0.020753760409933486,2,
2018-06-13 05:00:00,124,0.13457055389881134,0.0,0.04666249826550484,0.13457055389881134,0.0,0.13457055389881134,0.0,0.0,0.0,0.006279398237891309,2,
2018-06-13 06:00:00,124,0.13685694336891174,0.0,0.051157500594854355,0.13685694336891174,0.0,0.13685694336891174,0.0,0.0,0.0,0.007001259161805051,2,
2018-06-13 07:00:00,124,0.12318860739469528,0.2631773352622986,0.05411500111222267,-0.1399887278676033,0.0,0.0,0.1399887278676033,0.1399887278676033,0.0,0.0,2,
2018-06-13 08:00:00,124,0.13121333718299866,1.9726227521896362,0.05296500027179718,-1.8414094150066376,1.4249999999999998,0.0,0.3414094150066376,0.3414094150066376,1.5,0.0015,0,
2018-06-13 09:00:00,124,0.13338583707809448,1.4623388051986694,0.05343250185251236,-1.328952968120575,2.8499999999999996,0.17104703187942505,0.0,0.0,1.5,0.01063947084776412,0,
2018-06-13 10:00:00,124,0.1130344420671463,0.1259181797504425,0.05178000032901764,-0.012883737683296204,2.8499999999999996,0.0,0.012883737683296204,0.012883737683296204,0.0,0.0,2,
2018-06-13 11:00:00,124,0.12600944936275482,0.10932767391204834,0.050577498972415924,0.016681775450706482,2.832440236367677,0.0,-0.0,-0.0,0.016681775450706482,1.6681775450706484e-05,2,
2018-06-13 12:00:00,124,0.13263721764087677,0.1315210461616516,0.050677500665187836,0.0011161714792251587,2.8312653190211243,0.0,-0.0,-0.0,0.0011161714792251587,1.1161714792251587e-06,2,
2018-06-13 13:00:00,124,0.12375389039516449,0.07529344409704208,0.051784999668598175,0.048460446298122406,2.7802543229178376,0.0,-0.0,-0.0,0.048460446298122406,4.846044629812241e-05,2,
2018-06-13 14:00:00,124,0.11835916340351105,0.0,0.05117499828338623,0.11835916340351105,2.6556657298615103,0.0,-0.0,-0.0,0.11835916340351105,0.00011835916340351106,2,
2018-06-13 15:00:00,124,0.13285833597183228,0.0,0.05057999864220619,0.13285833597183228,2.5158148498911603,0.0,-0.0,-0.0,0.13285833597183228,0.00013285833597183227,2,
2018-06-13 16:00:00,124,0.13594666123390198,0.0,0.05072249844670296,0.13594666123390198,2.372713101223895,0.0,-0.0,-0.0,0.13594666123390198,0.00013594666123390199,2,
2018-06-13 17:00:00,124,0.761383593082428,0.0,0.051327500492334366,0.761383593082428,1.5712566874529181,0.0,-0.0,-0.0,0.761383593082428,0.000761383593082428,2,
2018-06-13 18:00:00,124,0.4781966805458069,0.0,0.05135750025510788,0.4781966805458069,1.067891760562595,0.0,-0.0,-0.0,0.4781966805458069,0.0004781966805458069,2,
2018-06-13 19:00:00,124,0.4782508313655853,-0.0,0.050884999334812164,0.4782508313655853,0.5644698328093473,0.0,-0.0,-0.0,0.4782508313655853,0.0004782508313655853,2,
2018-06-13 20:00:00,124,0.49483805894851685,-0.0,0.05019250139594078,0.49483805894851685,0.043587665495118944,0.0,-0.0,-0.0,0.49483805894851685,0.0004948380589485169,2,
2018-06-13 21:00:00,124,0.43650612235069275,-0.0,0.050097499042749405,0.43650612235069275,0.0,0.3950978401303298,0.0,0.0,0.041408282220362996,0.019834821949941916,2,
2018-06-13 22:00:00,124,0.23479555547237396,-0.0,0.04966749995946884,0.23479555547237396,0.0,0.23479555547237396,0.0,0.0,0.0,0.011661708241907598,2,
2018-06-13 23:00:00,124,0.11865416914224625,-0.0,0.04526999965310097,0.11865416914224625,0.0,0.11865416914224625,0.0,0.0,0.0,0.005371474195908471,2,
2018-06-14 00:00:00,124,0.12096722424030304,-0.0,0.04327499866485596,0.12096722424030304,0.0,0.12096722424030304,0.0,0.0,0.0,0.005234856467490445,2,
2018-06-14 01:00:00,124,0.12781888246536255,-0.0,0.03905000165104866,0.12781888246536255,0.0,0.12781888246536255,0.0,0.0,0.0,0.004991327571307602,2,
2018-06-14 02:00:00,124,0.10322277992963791,-0.0,0.03593749925494194,0.10322277992963791,0.0,0.10322277992963791,0.0,0.0,0.0,0.0037095685768143982,2,
2018-06-14 03:00:00,124,1.3571511507034302,-0.0,0.029862500727176666,1.3571511507034302,0.0,1.3571511507034302,0.0,0.0,0.0,0.04052792722476983,2,
2018-06-14 04:00:00,124,0.24101027846336365,-0.0,0.02822750061750412,0.24101027846336365,0.0,0.24101027846336365,0.0,0.0,0.0,0.006803117784149437,2,
2018-06-14 05:00:00,124,0.10191027820110321,-0.0,0.03515499830245972,0.10191027820110321,0.0,0.10191027820110321,0.0,0.0,0.0,0.003582655657162981,2,
2018-06-14 06:00:00,124,0.1305583268404007,-0.0,0.046152498573064804,0.1305583268404007,0.0,0.1305583268404007,0.0,0.0,0.0,0.006025592993203321,2,
2018-06-14 07:00:00,124,0.11779333651065826,0.0,0.05166250094771385,0.11779333651065826,0.0,0.11779333651065826,0.0,0.0,0.0,0.006085498359116259,2,
2018-06-14 08:00:00,124,0.1180366650223732,0.0,0.05043499916791916,0.1180366650223732,0.0,0.1180366650223732,0.0,0.0,0.0,0.005953179102187345,2,
2018-06-14 09:00:00,124,0.1276252716779709,0.0,0.05138750001788139,0.1276252716779709,0.0,0.1276252716779709,0.0,0.0,0.0,0.006558343650633847,2,
2018-06-14 10:00:00,124,0.1031000018119812,0.0,0.05255749821662903,0.1031000018119812,0.0,0.1031000018119812,0.0,0.0,0.0,0.005418678161367652,2,
2018-06-14 11:00:00,124,0.1276819407939911,0.0,0.051762498915195465,0.1276819407939911,0.0,0.1276819407939911,0.0,0.0,0.0,0.006609136321839015,2,
2018-06-14 12:00:00,124,0.1257983297109604,0.0,0.0510375015437603,0.1257983297109604,0.0,0.1257983297109604,0.0,0.0,0.0,0.006420432446825608,2,
2018-06-14 13:00:00,124,0.08568999916315079,0.0,0.046185001730918884,0.08568999916315079,0.0,0.08568999916315079,0.0,0.0,0.0,0.003957592759672557,2,
2018-06-14 14:00:00,124,0.12496305257081985,0.007821036502718925,0.04372499883174896,0.11714201606810093,0.0,0.11714201606810093,0.0,0.0,0.0,0.005122034515726431,2,
2018-06-14 15:00:00,124,0.10760444402694702,0.01488757785409689,0.04684000089764595,0.09271686617285013,0.0,0.09271686617285013,0.0,0.0,0.0,0.00434285809476322,2,
2018-06-14 16:00:00,124,0.13653777539730072,0.012294330634176731,0.04934750124812126,0.12424344476312399,0.0,0.12424344476312399,0.0,0.0,0.0,0.006131103545519146,2,
2018-06-14 17:00:00,124,0.10114694386720657,0.02469179965555668,0.05361500009894371,0.0764551442116499,0.0,0.0764551442116499,0.0,0.0,0.0,0.004099142564472365,2,
2018-06-14 18:00:00,124,0.1283169388771057,5.455184588664232e-18,0.053075000643730164,0.1283169388771057,0.0,0.1283169388771057,0.0,0.0,0.0,0.00681042161350387,2,
2018-06-14 19:00:00,124,0.3755883276462555,-0.0,0.0536700002849102,0.3755883276462555,0.0,0.3755883276462555,0.0,0.0,0.0,0.02015782565178348,2,
2018-06-14 20:00:00,124,0.41928860545158386,0.0,0.054464999586343765,0.41928860545158386,0.0,0.41928860545158386,0.0,0.0,0.0,0.02283655372247917,2,
2018-06-14 21:00:00,124,0.18556499481201172,-0.0,0.05682000145316124,0.18556499481201172,0.0,0.18556499481201172,0.0,0.0,0.0,0.010543803274874364,2,
2018-06-14 22:00:00,124,0.16109806299209595,-0.0,0.05617750063538551,0.16109806299209595,0.0,0.16109806299209595,0.0,0.0,0.0,0.009050086536097846,2,
2018-06-14 23:00:00,124,0.1640472263097763,-0.0,0.054090000689029694,0.1640472263097763,0.0,0.1640472263097763,0.0,0.0,0.0,0.00887331458412921,2,
2018-06-15 00:00:00,124,0.10310444235801697,-0.0,0.05346250161528587,0.10310444235801697,0.0,0.10310444235801697,0.0,0.0,0.0,0.005512221416108631,2,
2018-06-15 01:00:00,124,0.13024528324604034,-0.0,0.05254749953746796,0.13024528324604034,0.0,0.13024528324604034,0.0,0.0,0.0,0.006844063961128688,2,
2018-06-15 02:00:00,124,0.10189305245876312,-0.0,0.05115250125527382,0.10189305245876312,0.0,0.10189305245876312,0.0,0.0,0.0,0.005212084493800562,2,
2018-06-15 03:00:00,124,0.14524249732494354,-0.0,0.048032499849796295,0.14524249732494354,0.0,0.14524249732494354,0.0,0.0,0.0,0.0069763602309443895,2,
2018-06-15 04:00:00,124,0.41698360443115234,-0.0,0.04812749847769737,0.41698360443115234,0.0,0.41698360443115234,0.0,0.0,0.0,0.020068377787485048,2,
2018-06-15 05:00:00,124,0.10401027649641037,-0.0,0.04946250095963478,0.10401027649641037,0.0,0.10401027649641037,0.0,0.0,0.0,0.005144608401015577,2,
2018-06-15 06:00:00,124,0.12698082625865936,-0.0,0.050930000841617584,0.12698082625865936,0.0,0.12698082625865936,0.0,0.0,0.0,0.006467133588222818,2,
2018-06-15 07:00:00,124,0.10764805227518082,0.0,0.05540499836206436,0.10764805227518082,0.0,0.10764805227518082,0.0,0.0,0.0,0.005964240159985812,2,
2018-06-15 08:00:00,124,0.1277933269739151,0.0,0.05852749943733215,0.1277933269739151,0.0,0.1277933269739151,0.0,0.0,0.0,0.00747942387256062,2,
2018-06-15 09:00:00,124,0.10154110938310623,0.0,0.057714998722076416,0.10154110938310623,0.0,0.10154110938310623,0.0,0.0,0.0,0.005860444998284198,2,
2018-06-15 10:00:00,124,0.1289430558681488,0.0,0.05613499879837036,0.1289430558681488,0.0,0.1289430558681488,0.0,0.0,0.0,0.0072382182862167355,2,
2018-06-15 11:00:00,124,0.11463972181081772,0.007356082089245319,0.05146250128746033,0.1072836397215724,0.0,0.1072836397215724,0.0,0.0,0.0,0.0055210844472948495,2,
2018-06-15 12:00:00,124,0.11680444329977036,0.011225635185837746,0.05209999904036522,0.10557880811393261,0.0,0.10557880811393261,0.0,0.0,0.0,0.005500655801418793,2,
2018-06-15 13:00:00,124,0.12851278483867645,0.0627296194434166,0.05252499878406525,0.06578316539525986,0.0,0.06578316539525986,0.0,0.0,0.0,0.003455260682397987,2,
2018-06-15 14:00:00,124,0.10232249647378922,0.11751903593540192,0.05179249867796898,-0.015196539461612701,0.0,0.0,0.015196539461612701,0.015196539461612701,0.0,0.0,2,
2018-06-15 15:00:00,124,0.13162222504615784,0.05597560480237007,0.052025001496076584,0.07564662024378777,0.0,0.07564662024378777,0.0,0.0,0.0,0.003935515531356196,2,
2018-06-15 16:00:00,124,0.11288110911846161,0.03752468153834343,0.05334249883890152,0.07535642758011818,0.0,0.07535642758011818,0.0,0.0,0.0,0.0040197001506962204,2,
2018-06-15 17:00:00,124,0.5391372442245483,0.01196300983428955,0.058855000883340836,0.5271742343902588,0.0,0.5271742343902588,0.0,0.0,0.0,0.03102684003071321,2,
2018-06-15 18:00:00,124,1.2221449613571167,1.2168154374177608e-17,0.05953750014305115,1.2221449613571167,0.0,1.2221449613571167,0.0,0.0,0.0,0.07276345581162857,2,
2018-06-15 19:00:00,124,1.2848399877548218,0.0,0.056290000677108765,1.2848399877548218,0.0,1.2848399877548218,0.0,0.0,0.0,0.07232364378069533,2,
2018-06-15 20:00:00,124,0.11087916791439056,0.0,0.0508200004696846,0.11087916791439056,0.0,0.11087916791439056,0.0,0.0,0.0,0.005634879365487566,2,
2018-06-15 21:00:00,124,0.1339924931526184,-0.0,0.05141500011086464,0.1339924931526184,0.0,0.1339924931526184,0.0,0.0,0.0,0.006889224050296905,2,
2018-06-15 22:00:00,124,0.6792978048324585,-0.0,0.050324998795986176,0.6792978048324585,0.0,0.6792978048324585,0.0,0.0,0.0,0.034185661210309526,2,
2018-06-15 23:00:00,124,1.166290044784546,-0.0,0.05392000079154968,1.166290044784546,0.0,1.166290044784546,0.0,0.0,0.0,0.06288636013795923,2,
2018-06-16 00:00:00,124,0.4068833291530609,-0.0,0.0533674992620945,0.4068833291530609,0.0,0.4068833291530609,0.0,0.0,0.0,0.02171434576833453,2,
2018-06-16 01:00:00,124,0.11094305664300919,-0.0,0.053289998322725296,0.11094305664300919,0.0,0.11094305664300919,0.0,0.0,0.0,0.005912155302423977,2,
2018-06-16 02:00:00,124,0.11837083101272583,-0.0,0.05099250003695488,0.11837083101272583,0.0,0.11837083101272583,0.0,0.0,0.0,0.006036024604790802,2,
2018-06-16 03:00:00,124,0.1285969465970993,-0.0,0.05127999931573868,0.1285969465970993,0.0,0.1285969465970993,0.0,0.0,0.0,0.006594451333505336,2,
2018-06-16 04:00:00,124,0.112724170088768,0.0,0.049582500010728836,0.112724170088768,0.0,0.112724170088768,0.0,0.0,0.0,0.005589146164635739,2,
2018-06-16 05:00:00,124,0.42551666498184204,-0.0,0.04856250062584877,0.42551666498184204,0.0,0.42551666498184204,0.0,0.0,0.0,0.020664153309489786,2,
2018-06-16 06:00:00,124,0.1530974954366684,0.0,0.04915250092744827,0.1530974954366684,0.0,0.1530974954366684,0.0,0.0,0.0,0.007525124786440851,2,
2018-06-16 07:00:00,124,0.10161083191633224,0.4951288104057312,0.047439999878406525,-0.39351797848939896,1.4249999999999998,1.106482021510601,0.0,0.0,1.5,0.05399150696592192,0,
2018-06-16 08:00:00,124,0.12581028044223785,0.0,0.04690000042319298,0.12581028044223785,1.2925681258502757,0.0,-0.0,-0.0,0.12581028044223785,0.00012581028044223786,2,
2018-06-16 09:00:00,124,0.12048138678073883,0.0,0.05140500143170357,0.12048138678073883,1.165745613449498,0.0,-0.0,-0.0,0.12048138678073883,0.00012048138678073884,2,
2018-06-16 10:00:00,124,0.10635694116353989,0.0,0.05048749968409538,0.10635694116353989,1.0537909385405086,0.0,-0.0,-0.0,0.10635694116353989,0.0001063569411635399,2,
2018-06-16 11:00:00,124,0.12823277711868286,0.0,0.04706500098109245,0.12823277711868286,0.9188090678892635,0.0,-0.0,-0.0,0.12823277711868286,0.00012823277711868287,2,
2018-06-16 12:00:00,124,0.10230027884244919,0.0,0.04636000096797943,0.10230027884244919,0.8111245638445802,0.0,-0.0,-0.0,0.10230027884244919,0.00010230027884244919,2,
2018-06-16 13:00:00,124,0.1290530562400818,0.0,0.046094998717308044,0.1290530562400818,0.6752792414865993,0.0,-0.0,-0.0,0.1290530562400818,0.00012905305624008178,2,
2018-06-16 14:00:00,124,0.10138639062643051,0.0,0.04602999985218048,0.10138639062643051,0.5685567250377251,0.0,-0.0,-0.0,0.10138639062643051,0.00010138639062643052,2,
2018-06-16 15:00:00,124,0.12855111062526703,0.0,0.046322498470544815,0.12855111062526703,0.43323976648481244,0.0,-0.0,-0.0,0.12855111062526703,0.00012855111062526703,2,
2018-06-16 16:00:00,124,0.11554861068725586,0.0,0.04612499848008156,0.11554861068725586,0.31160964997191154,0.0,-0.0,-0.0,0.11554861068725586,0.00011554861068725586,2,
2018-06-16 17:00:00,124,0.1282169371843338,0.0,0.04668499901890755,0.1282169371843338,0.1766444529357707,0.0,-0.0,-0.0,0.1282169371843338,0.0001282169371843338,2,
2018-06-16 18:00:00,124,0.10641749948263168,0.0,0.04633000120520592,0.10641749948263168,0.06462603242773733,0.0,-0.0,-0.0,0.10641749948263168,0.00010641749948263168,2,
2018-06-16 19:00:00,124,0.12545055150985718,-0.0,0.04812749847769737,0.12545055150985718,0.0,0.06405582070350671,0.0,0.0,0.06139473080635046,0.0031442411442020256,2,
2018-06-16 20:00:00,124,0.10886694490909576,-0.0,0.048282500356435776,0.10886694490909576,0.0,0.10886694490909576,0.0,0.0,0.0,0.00525636830637749,2,
2018-06-16 21:00:00,124,0.1217111125588417,-0.0,0.04887999966740608,0.1217111125588417,0.0,0.1217111125588417,0.0,0.0,0.0,0.005949239141395807,2,
2018-06-16 22:00:00,124,0.10732389241456985,-0.0,0.048920001834630966,0.10732389241456985,0.0,0.10732389241456985,0.0,0.0,0.0,0.005250285013820494,2,
2018-06-16 23:00:00,124,0.4435175061225891,-0.0,0.05235249921679497,0.4435175061225891,0.0,0.4435175061225891,0.0,0.0,0.0,0.023219249891917704,2,
2018-06-17 00:00:00,124,0.11172416806221008,-0.0,0.04961000010371208,0.11172416806221008,0.0,0.11172416806221008,0.0,0.0,0.0,0.005542635989153388,2,
2018-06-17 01:00:00,124,0.11746888607740402,-0.0,0.04815249890089035,0.11746888607740402,0.0,0.11746888607740402,0.0,0.0,0.0,0.005656420407731011,2,
2018-06-17 02:00:00,124,0.1108577772974968,-0.0,0.04539500176906586,0.1108577772974968,0.0,0.1108577772974968,0.0,0.0,0.0,0.005032388996534576,2,
2018-06-17 03:00:00,124,0.12061944603919983,0.0,0.04128750041127205,0.12061944603919983,0.0,0.12061944603919983,0.0,0.0,0.0,0.00498007542795087,2,
2018-06-17 04:00:00,124,0.11343694478273392,-0.0,0.040860000997781754,0.11343694478273392,0.0,0.11343694478273392,0.0,0.0,0.0,0.0046350336770078215,2,
2018-06-17 05:00:00,124,3.5128891468048096,-0.0,0.04116249829530716,3.5128891468048096,0.0,3.5128891468048096,0.0,0.0,0.0,0.144599293516956,2,
2018-06-17 06:00:00,124,0.5136861205101013,-0.0,0.04323999956250191,0.5136861205101013,0.0,0.5136861205101013,0.0,0.0,0.0,0.022211787626120083,2,
2018-06-17 07:00:00,124,1.261253833770752,0.0,0.04397499933838844,1.261253833770752,0.0,1.261253833770752,0.0,0.0,0.0,0.055463636505608704,2,
2018-06-17 08:00:00,124,0.16171444952487946,1.2318438291549683,0.046217501163482666,-1.0701293796300888,1.4249999999999998,0.4298706203699112,0.0,0.0,1.5,0.021367545897093387,0,
2018-06-17 09:00:00,124,0.10119777917861938,0.5761799216270447,0.05204499885439873,-0.4749821424484253,1.4249999999999998,0.0,0.4749821424484253,0.4749821424484253,0.0,0.0,2,
2018-06-17 10:00:00,124,0.1282208263874054,0.0,0.05245000123977661,0.1282208263874054,1.290030709065889,0.0,-0.0,-0.0,0.1282208263874054,0.0001282208263874054,2,
2018-06-17 11:00:00,124,0.1001441702246666,0.8493103384971619,0.05355000123381615,-0.7491661682724953,1.290030709065889,0.0,0.7491661682724953,0.7491661682724953,0.0,0.0,2,
2018-06-17 12:00:00,124,0.1285591721534729,1.0259010791778564,0.05441249907016754,-0.8973419070243835,1.290030709065889,0.0,0.8973419070243835,0.8973419070243835,0.0,0.0,2,
2018-06-17 13:00:00,124,0.0997847244143486,0.05136256664991379,0.051762498915195465,0.048422157764434814,1.2390600166822734,0.0,-0.0,-0.0,0.048422157764434814,4.8422157764434815e-05,2,
2018-06-17 14:00:00,124,0.13096360862255096,0.035071637481451035,0.05068250000476837,0.09589197114109993,1.138121099691642,0.0,-0.0,-0.0,0.09589197114109993,9.589197114109993e-05,2,
2018-06-17 15:00:00,124,0.102250836789608,0.0,0.05158749967813492,0.102250836789608,1.0304886399131072,0.0,-0.0,-0.0,0.102250836789608,0.000102250836789608,2,
2018-06-17 16:00:00,124,0.2001899927854538,0.0,0.05339999869465828,0.2001899927854538,0.8197623317178927,0.0,-0.0,-0.0,0.2001899927854538,0.0002001899927854538,2,
2018-06-17 17:00:00,124,0.47007250785827637,0.0,0.05517499893903732,0.47007250785827637,0.324949165551286,0.0,-0.0,-0.0,0.47007250785827637,0.00047007250785827636,2,
2018-06-17 18:00:00,124,0.4531038999557495,0.0,0.054910000413656235,0.4531038999557495,0.0,0.1444021926820278,0.0,0.0,0.3087017072737217,0.008237826167176736,2,
2018-06-17 19:00:00,124,0.4670122265815735,-0.0,0.051247499883174896,0.4670122265815735,0.0,0.4670122265815735,0.0,0.0,0.0,0.023933209027180435,2,
2018-06-17 20:00:00,124,1.35071861743927,-0.0,0.0508975014090538,1.35071861743927,0.0,1.35071861743927,0.0,0.0,0.0,0.06874820273435045,2,
2018-06-17 21:00:00,124,1.2670061588287354,-0.0,0.050404999405145645,1.2670061588287354,0.0,1.2670061588287354,0.0,0.0,0.0,0.06386344468207827,2,
2018-06-17 22:00:00,124,0.1807766705751419,-0.0,0.05011500045657158,0.1807766705751419,0.0,0.1807766705751419,0.0,0.0,0.0,0.009059622928410727,2,
2018-06-17 23:00:00,124,0.23363804817199707,-0.0,0.0504550002515316,0.23363804817199707,0.0,0.23363804817199707,0.0,0.0,0.0,0.011788207779285464,2,
2018-06-18 00:00:00,124,0.0,-0.0,0.05061250180006027,0.0,0.0,0.0,-0.0,-0.0,0.0,0.0,2,
2018-06-18 01:00:00,124,0.0,-0.0,0.04258250072598457,0.0,0.0,0.0,-0.0,-0.0,0.0,0.0,2,
2018-06-18 02:00:00,124,0.0,-0.0,0.04159500077366829,0.0,0.0,0.0,-0.0,-0.0,0.0,0.0,2,
2018-06-18 03:00:00,124,0.0,-0.0,0.0359174981713295,0.0,0.0,0.0,-0.0,-0.0,0.0,0.0,2,
2018-06-18 04:00:00,124,0.0,-0.0,0.037085000425577164,0.0,0.0,0.0,-0.0,-0.0,0.0,0.0,2,
2018-06-18 05:00:00,124,0.0,-0.0,0.04442249983549118,0.0,0.0,0.0,-0.0,-0.0,0.0,0.0,2,
2018-06-18 06:00:00,124,0.0,-0.0,0.05052750185132027,0.0,0.0,0.0,-0.0,-0.0,0.0,0.0,2,
2018-06-18 07:00:00,124,0.0,0.0,0.052615001797676086,0.0,0.0,0.0,-0.0,-0.0,0.0,0.0,2,
2018-06-18 08:00:00,124,0.0,0.0,0.054999999701976776,0.0,0.0,0.0,-0.0,-0.0,0.0,0.0,2,
2018-06-18 09:00:00,124,0.0,0.0,0.0516275018453598,0.0,0.0,0.0,-0.0,-0.0,0.0,0.0,2,
2018-06-18 10:00:00,124,0.0,0.0,0.048739999532699585,0.0,0.0,0.0,-0.0,-0.0,0.0,0.0,2,
2018-06-18 11:00:00,124,0.0,0.06446992605924606,0.047635000199079514,-0.06446992605924606,0.0,0.0,0.06446992605924606,0.06446992605924606,0.0,0.0,2,
2018-06-18 12:00:00,124,0.0,0.051355570554733276,0.047587499022483826,-0.051355570554733276,0.0,0.0,0.051355570554733276,0.051355570554733276,0.0,0.0,2,
2018-06-18 13:00:00,124,0.0,1.028584599494934,0.04826999828219414,-1.028584599494934,0.0,0.0,1.028584599494934,1.028584599494934,0.0,0.0,2,
2018-06-18 14:00:00,124,0.0,0.07845919579267502,0.04805999994277954,-0.07845919579267502,0.0,0.0,0.07845919579267502,0.07845919579267502,0.0,0.0,2,
2018-06-18 15:00:00,124,0.0,0.05516631901264191,0.04946250095963478,-0.05516631901264191,0.0,0.0,0.05516631901264191,0.05516631901264191,0.0,0.0,2,
2018-06-18 16:00:00,124,0.0,0.011393198743462563,0.0528700016438961,-0.011393198743462563,0.0,0.0,0.011393198743462563,0.011393198743462563,0.0,0.0,2,
2018-06-18 17:00:00,124,0.0,0.0,0.05662250146269798,0.0,0.0,0.0,-0.0,-0.0,0.0,0.0,2,
2018-06-18 18:00:00,124,0.0,0.0,0.056437499821186066,0.0,0.0,0.0,-0.0,-0.0,0.0,0.0,2,
2018-06-18 19:00:00,124,0.0,0.0,0.05443749949336052,0.0,0.0,0.0,-0.0,-0.0,0.0,0.0,2,
2018-06-18 20:00:00,124,0.0,0.0,0.051477499306201935,0.0,0.0,0.0,-0.0,-0.0,0.0,0.0,2,
2018-06-18 21:00:00,124,0.0,0.0,0.05019500106573105,0.0,0.0,0.0,-0.0,-0.0,0.0,0.0,2,
2018-06-18 22:00:00,124,0.0,0.0,0.04966749995946884,0.0,0.0,0.0,-0.0,-0.0,0.0,0.0,2,
2018-06-18 23:00:00,124,0.0,0.0,0.04732999950647354,0.0,0.0,0.0,-0.0,-0.0,0.0,0.0,2,
2018-06-19 00:00:00,124,0.0,0.0,0.04192499816417694,0.0,0.0,0.0,-0.0,-0.0,0.0,0.0,2,
2018-06-19 01:00:00,124,0.0,0.0,0.04428499937057495,0.0,0.0,0.0,-0.0,-0.0,0.0,0.0,2,
2018-06-19 02:00:00,124,0.0,0.0,0.04573750123381615,0.0,0.0,0.0,-0.0,-0.0,0.0,0.0,2,
2018-06-19 03:00:00,124,0.0,0.0,0.046275001019239426,0.0,0.0,0.0,-0.0,-0.0,0.0,0.0,2,
2018-06-19 04:00:00,124,0.0,0.0,0.04686500132083893,0.0,0.0,0.0,-0.0,-0.0,0.0,0.0,2,
2018-06-19 05:00:00,124,0.0,0.0,0.04967749863862991,0.0,0.0,0.0,-0.0,-0.0,0.0,0.0,2,
2018-06-19 06:00:00,124,0.0,0.0,0.051282498985528946,0.0,0.0,0.0,-0.0,-0.0,0.0,0.0,2,
2018-06-19 07:00:00,124,0.0,0.4028696119785309,0.05234000086784363,-0.4028696119785309,0.0,0.0,0.4028696119785309,0.4028696119785309,0.0,0.0,2,
2018-06-19 08:00:00,124,0.024734722450375557,0.6838774681091309,0.055319998413324356,-0.6591427456587553,0.0,0.0,0.6591427456587553,0.6591427456587553,0.0,0.0,2,
2018-06-19 09:00:00,124,0.13061778247356415,0.04155251011252403,0.06030000001192093,0.08906527236104012,0.0,0.08906527236104012,0.0,0.0,0.0,0.00537063592443246,2,
2018-06-19 10:00:00,124,0.10286722332239151,0.07781144231557846,0.060704998672008514,0.02505578100681305,0.0,0.02505578100681305,0.0,0.0,0.0,0.0015210111527447223,2,
2018-06-19 11:00:00,124,0.13093917071819305,1.263866662979126,0.061012499034404755,-1.132927492260933,0.0,0.0,1.132927492260933,1.132927492260933,0.0,0.0,2,
2018-06-19 12:00:00,124,0.10339388996362686,1.3261812925338745,0.060417499393224716,-1.2227874025702477,0.0,0.0,1.2227874025702477,1.2227874025702477,0.0,0.0,2,
2018-06-19 13:00:00,124,0.1250225007534027,0.14917893707752228,0.055217500776052475,-0.024156436324119568,0.0,0.0,0.024156436324119568,0.024156436324119568,0.0,0.0,2,"{'r': -3.838817, 'l': 346, 't': 1.083213}"
2018-06-14 07:00:00,133,0.26021334528923035,0.0,0.05166250094771385,0.26021334528923035,1.2260912154850208,0.0,-0.0,-0.0,0.26021334528923035,0.00026021334528923034,2,
2018-06-14 08:00:00,133,0.4948374927043915,0.0,0.05043499916791916,0.4948374927043915,0.7052096442172402,0.0,-0.0,-0.0,0.4948374927043915,0.0004948374927043915,2,
2018-06-14 09:00:00,133,0.2596825063228607,0.0,0.05138750001788139,0.2596825063228607,0.43185963756159734,0.0,-0.0,-0.0,0.2596825063228607,0.0002596825063228607,2,
2018-06-14 10:00:00,133,0.21793638169765472,0.0,0.05255749821662903,0.21793638169765472,0.20245291998511866,0.0,-0.0,-0.0,0.21793638169765472,0.00021793638169765472,2,
2018-06-14 11:00:00,133,0.2913641631603241,0.0,0.051762498915195465,0.2913641631603241,0.0,0.09903388917446138,0.0,0.0,0.19233027398586272,0.005318571854946508,2,
2018-06-14 12:00:00,133,0.2968694567680359,0.0,0.0510375015437603,0.2968694567680359,0.0,0.2968694567680359,0.0,0.0,0.0,0.015151475358093913,2,
2018-06-14 13:00:00,133,0.20159611105918884,0.0,0.046185001730918884,0.20159611105918884,0.0,0.20159611105918884,0.0,0.0,0.0,0.009310716738215152,2,
2018-06-14 14:00:00,133,0.35088109970092773,0.007821036502718925,0.04372499883174896,0.3430600631982088,0.0,0.3430600631982088,0.0,0.0,0.0,0.015000300862561405,2,
2018-06-14 15:00:00,133,0.38790082931518555,0.01488757785409689,0.04684000089764595,0.37301325146108866,0.0,0.37301325146108866,0.0,0.0,0.0,0.017471941033271227,2,
2018-06-14 16:00:00,133,0.3052980601787567,0.012294330634176731,0.04934750124812126,0.29300372954458,0.0,0.29300372954458,0.0,0.0,0.0,0.014459001909405345,2,
2018-06-14 17:00:00,133,0.4484144449234009,0.02469179965555668,0.05361500009894371,0.4237226452678442,0.0,0.4237226452678442,0.0,0.0,0.0,0.022717889667960157,2,
2018-06-14 18:00:00,133,0.36234167218208313,5.455184588664232e-18,0.053075000643730164,0.36234167218208313,0.0,0.36234167218208313,0.0,0.0,0.0,0.019231284484314326,2,
2018-06-14 19:00:00,133,0.3255513906478882,-0.0,0.0536700002849102,0.3255513906478882,0.0,0.3255513906478882,0.0,0.0,0.0,0.01747234322882507,2,
2018-06-14 20:00:00,133,0.40740305185317993,0.0,0.054464999586343765,0.40740305185317993,0.0,0.40740305185317993,0.0,0.0,0.0,0.022189207050658633,2,
2018-06-14 21:00:00,133,0.39197805523872375,-0.0,0.05682000145316124,0.39197805523872375,0.0,0.39197805523872375,0.0,0.0,0.0,0.0222721936682716,2,
2018-06-14 22:00:00,133,0.2942761182785034,-0.0,0.05617750063538551,0.2942761182785034,0.0,0.2942761182785034,0.0,0.0,0.0,0.016531696821569408,2,
2018-06-14 23:00:00,133,0.33571723103523254,-0.0,0.054090000689029694,0.33571723103523254,0.0,0.33571723103523254,0.0,0.0,0.0,0.01815894525801487,2,
2018-06-15 00:00:00,133,0.25236138701438904,-0.0,0.05346250161528587,0.25236138701438904,0.0,0.25236138701438904,0.0,0.0,0.0,0.013491871060892557,2,
2018-06-15 01:00:00,133,0.2397552728652954,-0.0,0.05254749953746796,0.2397552728652954,0.0,0.2397552728652954,0.0,0.0,0.0,0.012598540089994614,2,
2018-06-15 02:00:00,133,0.2577750086784363,-0.0,0.05115250125527382,0.2577750086784363,0.0,0.2577750086784363,0.0,0.0,0.0,0.013185836455001931,2,
2018-06-15 03:00:00,133,0.23459500074386597,-0.0,0.048032499849796295,0.23459500074386597,0.0,0.23459500074386597,0.0,0.0,0.0,0.011268184337992704,2,
2018-06-15 04:00:00,133,0.22548416256904602,-0.0,0.04812749847769737,0.22548416256904602,0.0,0.22548416256904602,0.0,0.0,0.0,0.01085198869078663,2,
2018-06-15 05:00:00,133,0.3149072229862213,-0.0,0.04946250095963478,0.3149072229862213,0.0,0.3149072229862213,0.0,0.0,0.0,0.015576098819151896,2,
2018-06-15 06:00:00,133,0.4176174998283386,-0.0,0.050930000841617584,0.4176174998283386,0.0,0.4176174998283386,0.0,0.0,0.0,0.021269259617731517,2,
2018-06-15 07:00:00,133,0.3387247323989868,0.0,0.05540499836206436,0.3387247323989868,0.0,0.3387247323989868,0.0,0.0,0.0,0.018767043243756554,2,
2018-06-15 08:00:00,133,0.315910279750824,0.0,0.05852749943733215,0.315910279750824,0.0,0.315910279750824,0.0,0.0,0.0,0.018489438720363793,2,
2018-06-15 09:00:00,133,0.25093498826026917,0.0,0.057714998722076416,0.25093498826026917,0.0,0.25093498826026917,0.0,0.0,0.0,0.014482712526765695,2,
2018-06-15 10:00:00,133,0.2204066663980484,0.0,0.05613499879837036,0.2204066663980484,0.0,0.2204066663980484,0.0,0.0,0.0,0.012372527953407264,2,
2018-06-15 11:00:00,133,0.27746665477752686,0.007356082089245319,0.05146250128746033,0.27011057268828154,0.0,0.27011057268828154,0.0,0.0,0.0,0.013900565694727335,2,
2018-06-15 12:00:00,133,0.24743250012397766,0.011225635185837746,0.05209999904036522,0.23620686493813992,0.0,0.23620686493813992,0.0,0.0,0.0,0.012306377436604767,2,
2018-06-15 13:00:00,133,0.29081472754478455,0.0627296194434166,0.05252499878406525,0.22808510810136795,0.0,0.22808510810136795,0.0,0.0,0.0,0.011980170025687742,2,
2018-06-15 14:00:00,133,0.32078999280929565,0.11751903593540192,0.05179249867796898,0.20327095687389374,0.0,0.20327095687389374,0.0,0.0,0.0,0.01052791076516063,2,
2018-06-15 15:00:00,133,0.3460630476474762,0.05597560480237007,0.052025001496076584,0.2900874428451061,0.0,0.2900874428451061,0.0,0.0,0.0,0.015091799648009677,2,
2018-06-15 16:00:00,133,0.2944483458995819,0.03752468153834343,0.05334249883890152,0.2569236643612385,0.0,0.2569236643612385,0.0,0.0,0.0,0.013704950267875687,2,
2018-06-15 17:00:00,133,0.33997029066085815,0.01196300983428955,0.058855000883340836,0.3280072808265686,0.0,0.3280072808265686,0.0,0.0,0.0,0.01930486880278992,2,
2018-06-15 18:00:00,133,0.2957041561603546,1.2168154374177608e-17,0.05953750014305115,0.2957041561603546,0.0,0.2957041561603546,0.0,0.0,0.0,0.01760548623969793,2,
2018-06-15 19:00:00,133,0.47171610593795776,0.0,0.056290000677108765,0.47171610593795776,0.0,0.47171610593795776,0.0,0.0,0.0,0.026552899922650752,2,
2018-06-15 20:00:00,133,0.39859360456466675,0.0,0.0508200004696846,0.39859360456466675,0.0,0.39859360456466675,0.0,0.0,0.0,0.020256527171189642,2,
2018-06-15 21:00:00,133,0.32548055052757263,-0.0,0.05141500011086464,0.32548055052757263,0.0,0.32548055052757263,0.0,0.0,0.0,0.01673458254145943,2,
2018-06-15 22:00:00,133,0.28004416823387146,-0.0,0.050324998795986176,0.28004416823387146,0.0,0.28004416823387146,0.0,0.0,0.0,0.014093222429192531,2,
2018-06-15 23:00:00,133,0.3089050054550171,-0.0,0.05392000079154968,0.3089050054550171,0.0,0.3089050054550171,0.0,0.0,0.0,0.01665615813864818,2,
2018-06-16 00:00:00,133,0.2859377861022949,-0.0,0.0533674992620945,0.2859377861022949,0.0,0.2859377861022949,0.0,0.0,0.0,0.015259784588819159,2,
2018-06-16 01:00:00,133,0.21904611587524414,-0.0,0.053289998322725296,0.21904611587524414,0.0,0.21904611587524414,0.0,0.0,0.0,0.011672967147591251,2,
2018-06-16 02:00:00,133,0.2587597370147705,-0.0,0.05099250003695488,0.2587597370147705,0.0,0.2587597370147705,0.0,0.0,0.0,0.01319480589928812,2,
2018-06-16 03:00:00,133,0.2562994360923767,-0.0,0.05127999931573868,0.2562994360923767,0.0,0.2562994360923767,0.0,0.0,0.0,0.013143034907441287,2,
2018-06-16 04:00:00,133,0.20950666069984436,0.0,0.049582500010728836,0.20950666069984436,0.0,0.20950666069984436,0.0,0.0,0.0,0.010387864006397796,2,
2018-06-16 05:00:00,133,0.46368637681007385,-0.0,0.04856250062584877,0.46368637681007385,0.0,0.46368637681007385,0.0,0.0,0.0,0.02251776996403676,2,
2018-06-16 06:00:00,133,0.31519943475723267,0.0,0.04915250092744827,0.31519943475723267,0.0,0.31519943475723267,0.0,0.0,0.0,0.01549284050923605,2,
2018-06-16 07:00:00,133,0.2532249987125397,0.4951288104057312,0.047439999878406525,-0.24190381169319153,1.4249999999999998,1.2580961883068085,0.0,0.0,1.5,0.06118408302029871,0,
2018-06-16 08:00:00,133,0.2979716658592224,0.0,0.04690000042319298,0.2979716658592224,1.111345614885029,0.0,-0.0,-0.0,0.2979716658592224,0.0002979716658592224,2,
2018-06-16 09:00:00,133,0.2509736120700836,0.0,0.05140500143170357,0.2509736120700836,0.8471628653375725,0.0,-0.0,-0.0,0.2509736120700836,0.0002509736120700836,2,
2018-06-16 10:00:00,133,0.20451556146144867,0.0,0.05048749968409538,0.20451556146144867,0.6318833269571001,0.0,-0.0,-0.0,0.20451556146144867,0.00020451556146144868,2,
2018-06-16 11:00:00,133,0.261321097612381,0.0,0.04706500098109245,0.261321097612381,0.35680848736512016,0.0,-0.0,-0.0,0.261321097612381,0.000261321097612381,2,
2018-06-16 12:00:00,133,0.30440667271614075,0.0,0.04636000096797943,0.30440667271614075,0.03638041082181409,0.0,-0.0,-0.0,0.30440667271614075,0.0003044066727161408,2,
2018-06-16 13:00:00,133,0.2872544527053833,0.0,0.046094998717308044,0.2872544527053833,0.0,0.25269306242465994,0.0,0.0,0.034561390280723386,0.011682447778618064,2,
2018-06-16 14:00:00,133,0.33716416358947754,0.0,0.04602999985218048,0.33716416358947754,0.0,0.33716416358947754,0.0,0.0,0.0,0.015519666400184207,2,
2018-06-16 15:00:00,133,0.4803333282470703,0.0,0.046322498470544815,0.4803333282470703,0.0,0.4803333282470703,0.0,0.0,0.0,0.022250239863076615,2,
2018-06-16 16:00:00,133,0.37073832750320435,0.0,0.04612499848008156,0.37073832750320435,0.0,0.37073832750320435,0.0,0.0,0.0,0.01710030479259328,2,
2018-06-16 17:00:00,133,0.40183889865875244,0.0,0.04668499901890755,0.40183889865875244,0.0,0.40183889865875244,0.0,0.0,0.0,0.018759848589642747,2,
2018-06-16 18:00:00,133,0.38582471013069153,0.0,0.04633000120520592,0.38582471013069153,0.0,0.38582471013069153,0.0,0.0,0.0,0.017875259285353162,2,
2018-06-16 19:00:00,133,0.32554277777671814,-0.0,0.04812749847769737,0.32554277777671814,0.0,0.32554277777671814,0.0,0.0,0.0,0.015667559541874376,2,
2018-06-16 20:00:00,133,0.4009625017642975,-0.0,0.048282500356435776,0.4009625017642975,0.0,0.4009625017642975,0.0,0.0,0.0,0.019359472134352074,2,
2018-06-16 21:00:00,133,0.34911084175109863,-0.0,0.04887999966740608,0.34911084175109863,0.0,0.34911084175109863,0.0,0.0,0.0,0.01706453782868156,2,
2018-06-16 22:00:00,133,0.28609973192214966,-0.0,0.048920001834630966,0.28609973192214966,0.0,0.28609973192214966,0.0,0.0,0.0,0.013995999410518989,2,
2018-06-16 23:00:00,133,0.35313165187835693,-0.0,0.05235249921679497,0.35313165187835693,0.0,0.35313165187835693,0.0,0.0,0.0,0.018487324528387195,2,
2018-06-17 00:00:00,133,0.2824069559574127,-0.0,0.04961000010371208,0.2824069559574127,0.0,0.2824069559574127,0.0,0.0,0.0,0.014010209114336258,2,
2018-06-17 01:00:00,133,0.2172330617904663,-0.0,0.04815249890089035,0.2172330617904663,0.0,0.2172330617904663,0.0,0.0,0.0,0.010460314769102474,2,
2018-06-17 02:00:00,133,0.2530769407749176,-0.0,0.04539500176906586,0.2530769407749176,0.0,0.2530769407749176,0.0,0.0,0.0,0.01148842817418716,2,
2018-06-17 03:00:00,133,0.2697858214378357,0.0,0.04128750041127205,0.2697858214378357,0.0,0.2697858214378357,0.0,0.0,0.0,0.011138782213570009,2,
2018-06-17 04:00:00,133,0.20215444266796112,-0.0,0.040860000997781754,0.20215444266796112,0.0,0.20215444266796112,0.0,0.0,0.0,0.008260030729118906,2,
2018-06-17 05:00:00,133,0.3714447319507599,-0.0,0.04116249829530716,0.3714447319507599,0.0,0.3714447319507599,0.0,0.0,0.0,0.015289593145723979,2,
2018-06-17 06:00:00,133,0.3115280568599701,-0.0,0.04323999956250191,0.3115280568599701,0.0,0.3115280568599701,0.0,0.0,0.0,0.013470473042332176,2,
2018-06-17 07:00:00,133,0.25055360794067383,0.0,0.04397499933838844,0.25055360794067383,0.0,0.25055360794067383,0.0,0.0,0.0,0.011018094743421969,2,
2018-06-17 08:00:00,133,0.2940308451652527,1.2318438291549683,0.046217501163482666,-0.9378129839897156,1.4249999999999998,0.5621870160102844,0.0,0.0,1.5,0.02748287906655017,0,
2018-06-17 09:00:00,133,0.2531163990497589,0.5761799216270447,0.05204499885439873,-0.32306352257728577,1.4249999999999998,0.0,0.32306352257728577,0.32306352257728577,0.0,0.0,2,
2018-06-17 10:00:00,133,0.1945163905620575,0.0,0.05245000123977661,0.1945163905620575,1.2202459046715182,0.0,-0.0,-0.0,0.1945163905620575,0.0001945163905620575,2,
2018-06-17 11:00:00,133,0.2375561147928238,0.8493103384971619,0.05355000123381615,-0.6117542237043381,1.2202459046715182,0.0,0.6117542237043381,0.6117542237043381,0.0,0.0,2,
2018-06-17 12:00:00,133,0.3075502812862396,1.0259010791778564,0.05441249907016754,-0.7183507978916168,1.2202459046715182,0.0,0.7183507978916168,0.7183507978916168,0.0,0.0,2,
2018-06-17 13:00:00,133,0.2926011085510254,0.05136256664991379,0.051762498915195465,0.2412385419011116,0.9663105974071902,0.0,-0.0,-0.0,0.2412385419011116,0.0002412385419011116,2,
2018-06-17 14:00:00,133,0.3387494385242462,0.035071637481451035,0.05068250000476837,0.3036778010427952,0.6466497542042479,0.0,-0.0,-0.0,0.3036778010427952,0.00030367780104279516,2,
2018-06-17 15:00:00,133,0.502436637878418,0.0,0.05158749967813492,0.502436637878418,0.11776908275328157,0.0,-0.0,-0.0,0.502436637878418,0.0005024366378784179,2,
2018-06-17 16:00:00,133,0.40734222531318665,0.0,0.05339999869465828,0.40734222531318665,0.0,0.29546159669756916,0.0,0.0,0.11188062861561748,0.01588952950658746,2,
2018-06-17 17:00:00,133,0.36638084053993225,0.0,0.05517499893903732,0.36638084053993225,0.0,0.36638084053993225,0.0,0.0,0.0,0.020215062488074365,2,
2018-06-17 18:00:00,133,0.3448447287082672,0.0,0.054910000413656235,0.3448447287082672,0.0,0.3448447287082672,0.0,0.0,0.0,0.018935424196018125,2,
2018-06-17 19:00:00,133,0.3354872167110443,-0.0,0.051247499883174896,0.3354872167110443,0.0,0.3354872167110443,0.0,0.0,0.0,0.017192881099205914,2,
2018-06-17 20:00:00,133,0.33151084184646606,-0.0,0.0508975014090538,0.33151084184646606,0.0,0.33151084184646606,0.0,0.0,0.0,0.01687307353999712,2,
2018-06-17 21:00:00,133,0.350136399269104,-0.0,0.050404999405145645,0.350136399269104,0.0,0.350136399269104,0.0,0.0,0.0,0.017648624996879025,2,
2018-06-17 22:00:00,133,0.31337249279022217,-0.0,0.05011500045657158,0.31337249279022217,0.0,0.31337249279022217,0.0,0.0,0.0,0.015704662619258958,2,
2018-06-17 23:00:00,133,0.5186147093772888,-0.0,0.0504550002515316,0.5186147093772888,0.0,0.5186147093772888,0.0,0.0,0.0,0.026166705292079095,2,
2018-06-18 00:00:00,133,0.0,-0.0,0.05061250180006027,0.0,0.0,0.0,-0.0,-0.0,0.0,0.0,2,
2018-06-18 01:00:00,133,0.0,-0.0,0.04258250072598457,0.0,0.0,0.0,-0.0,-0.0,0.0,0.0,2,
2018-06-18 02:00:00,133,0.0,-0.0,0.04159500077366829,0.0,0.0,0.0,-0.0,-0.0,0.0,0.0,2,
2018-06-18 03:00:00,133,0.0,-0.0,0.0359174981713295,0.0,0.0,0.0,-0.0,-0.0,0.0,0.0,2,
2018-06-18 04:00:00,133,0.0,-0.0,0.037085000425577164,0.0,0.0,0.0,-0.0,-0.0,0.0,0.0,2,
2018-06-18 05:00:00,133,0.0,-0.0,0.04442249983549118,0.0,0.0,0.0,-0.0,-0.0,0.0,0.0,2,
2018-06-18 06:00:00,133,0.0,-0.0,0.05052750185132027,0.0,0.0,0.0,-0.0,-0.0,0.0,0.0,2,
2018-06-18 07:00:00,133,0.0,0.0,0.052615001797676086,0.0,0.0,0.0,-0.0,-0.0,0.0,0.0,2,
2018-06-18 08:00:00,133,0.0,0.0,0.054999999701976776,0.0,0.0,0.0,-0.0,-0.0,0.0,0.0,2,
2018-06-18 09:00:00,133,0.0,0.0,0.0516275018453598,0.0,0.0,0.0,-0.0,-0.0,0.0,0.0,2,
2018-06-18 10:00:00,133,0.0,0.0,0.048739999532699585,0.0,0.0,0.0,-0.0,-0.0,0.0,0.0,2,
2018-06-18 11:00:00,133,0.0,0.06446992605924606,0.047635000199079514,-0.06446992605924606,0.0,0.0,0.06446992605924606,0.06446992605924606,0.0,0.0,2,
2018-06-18 12:00:00,133,0.0,0.051355570554733276,0.047587499022483826,-0.051355570554733276,0.0,0.0,0.051355570554733276,0.051355570554733276,0.0,0.0,2,
2018-06-18 13:00:00,133,0.0,1.028584599494934,0.04826999828219414,-1.028584599494934,0.0,0.0,1.028584599494934,1.028584599494934,0.0,0.0,2,
2018-06-18 14:00:00,133,0.0,0.07845919579267502,0.04805999994277954,-0.07845919579267502,0.0,0.0,0.07845919579267502,0.07845919579267502,0.0,0.0,2,
2018-06-18 15:00:00,133,0.0,0.05516631901264191,0.04946250095963478,-0.05516631901264191,0.0,0.0,0.05516631901264191,0.05516631901264191,0.0,0.0,2,
2018-06-18 16:00:00,133,0.0,0.011393198743462563,0.0528700016438961,-0.011393198743462563,0.0,0.0,0.011393198743462563,0.011393198743462563,0.0,0.0,2,
2018-06-18 17:00:00,133,0.0,0.0,0.05662250146269798,0.0,0.0,0.0,-0.0,-0.0,0.0,0.0,2,
2018-06-18 18:00:00,133,0.0,0.0,0.056437499821186066,0.0,0.0,0.0,-0.0,-0.0,0.0,0.0,2,
2018-06-18 19:00:00,133,0.0,0.0,0.05443749949336052,0.0,0.0,0.0,-0.0,-0.0,0.0,0.0,2,
2018-06-18 20:00:00,133,0.0,0.0,0.051477499306201935,0.0,0.0,0.0,-0.0,-0.0,0.0,0.0,2,
2018-06-18 21:00:00,133,0.0,0.0,0.05019500106573105,0.0,0.0,0.0,-0.0,-0.0,0.0,0.0,2,
2018-06-18 22:00:00,133,0.0,0.0,0.04966749995946884,0.0,0.0,0.0,-0.0,-0.0,0.0,0.0,2,
2018-06-18 23:00:00,133,0.0,0.0,0.04732999950647354,0.0,0.0,0.0,-0.0,-0.0,0.0,0.0,2,
2018-06-19 00:00:00,133,0.0,0.0,0.04192499816417694,0.0,0.0,0.0,-0.0,-0.0,0.0,0.0,2,
2018-06-19 01:00:00,133,0.0,0.0,0.04428499937057495,0.0,0.0,0.0,-0.0,-0.0,0.0,0.0,2,
2018-06-19 02:00:00,133,0.0,0.0,0.04573750123381615,0.0,0.0,0.0,-0.0,-0.0,0.0,0.0,2,
2018-06-19 03:00:00,133,0.0,0.0,0.046275001019239426,0.0,0.0,0.0,-0.0,-0.0,0.0,0.0,2,
2018-06-19 04:00:00,133,0.0,0.0,0.04686500132083893,0.0,0.0,0.0,-0.0,-0.0,0.0,0.0,2,
2018-06-19 05:00:00,133,0.0,0.0,0.04967749863862991,0.0,0.0,0.0,-0.0,-0.0,0.0,0.0,2,
2018-06-19 06:00:00,133,0.0,0.0,0.051282498985528946,0.0,0.0,0.0,-0.0,-0.0,0.0,0.0,2,
2018-06-19 07:00:00,133,0.0,0.4028696119785309,0.05234000086784363,-0.4028696119785309,0.0,0.0,0.4028696119785309,0.4028696119785309,0.0,0.0,2,
2018-06-19 08:00:00,133,0.05637305602431297,0.6838774681091309,0.055319998413324356,-0.6275044120848179,0.0,0.0,0.6275044120848179,0.6275044120848179,0.0,0.0,2,
2018-06-19 09:00:00,133,0.25010445713996887,0.04155251011252403,0.06030000001192093,0.20855194702744484,0.0,0.20855194702744484,0.0,0.0,0.0,0.012575682408241057,2,
2018-06-19 10:00:00,133,0.23012888431549072,0.07781144231557846,0.060704998672008514,0.15231744199991226,0.0,0.15231744199991226,0.0,0.0,0.0,0.009246430114328408,2,
2018-06-19 11:00:00,133,0.22615750133991241,1.263866662979126,0.061012499034404755,-1.0377091616392136,0.0,0.0,1.0377091616392136,1.0377091616392136,0.0,0.0,2,
2018-06-19 12:00:00,133,0.2628850042819977,1.3261812925338745,0.060417499393224716,-1.0632962882518768,0.0,0.0,1.0632962882518768,1.0632962882518768,0.0,0.0,2,
2018-06-19 13:00:00,133,0.2797236144542694,0.14917893707752228,0.055217500776052475,0.13054467737674713,0.0,0.13054467737674713,0.0,0.0,0.0,0.007208350824360055,2,
2018-06-19 14:00:00,133,0.35068249702453613,0.2490323930978775,0.054294999688863754,0.10165010392665863,0.0,0.10165010392665863,0.0,0.0,0.0,0.005519092361070899,2,
2018-06-19 15:00:00,133,0.41145554184913635,0.256897509098053,0.06003250181674957,0.15455803275108337,0.0,0.15455803275108337,0.0,0.0,0.0,0.009278505381922653,2,
2018-06-19 16:00:00,133,0.2912330627441406,0.13259734213352203,0.06661249697208405,0.1586357206106186,0.0,0.1586357206106186,0.0,0.0,0.0,0.010567121458839202,2,
2018-06-19 17:00:00,133,0.3106147348880768,0.06153205782175064,0.06947500258684158,0.24908267706632614,0.0,0.24908267706632614,0.0,0.0,0.0,0.017305019633520435,2,
2018-06-19 18:00:00,133,0.3374924957752228,1.2909472811967019e-17,0.06649249792098999,0.3374924957752228,0.0,0.3374924957752228,0.0,0.0,0.0,0.022440719073683724,2,
2018-06-19 19:00:00,133,0.2880788743495941,0.0,0.05508749932050705,0.2880788743495941,0.0,0.2880788743495941,0.0,0.0,0.0,0.0158695447949857,2,
2018-06-19 20:00:00,133,0.33172887563705444,-0.0,0.052367500960826874,0.33172887563705444,0.0,0.33172887563705444,0.0,0.0,0.0,0.017371812213657467,2,
2018-06-19 21:00:00,133,0.3386833369731903,-0.0,0.05077249929308891,0.3386833369731903,0.0,0.3386833369731903,0.0,0.0,0.0,0.0171957994870523,2,
2018-06-19 22:00:00,133,0.3020874857902527,-0.0,0.051007501780986786,0.3020874857902527,0.0,0.3020874857902527,0.0,0.0,0.0,0.015408727969460134,2,
2018-06-19 23:00:00,133,0.2803100049495697,-0.0,0.055262498557567596,0.2803100049495697,0.0,0.2803100049495697,0.0,0.0,0.0,0.015490631244197361,2,
2018-06-20 00:00:00,133,0.27296528220176697,-0.0,0.05455499887466431,0.27296528220176697,0.0,0.27296528220176697,0.0,0.0,0.0,0.014891620663339822,2,
2018-06-20 01:00:00,133,0.25708332657814026,-0.0,0.055287498980760574,0.25708332657814026,0.0,0.25708332657814026,0.0,0.0,0.0,0.014213494156159467,2,
2018-06-20 02:00:00,133,0.22642166912555695,-0.0,0.05241499841213226,0.22642166912555695,0.0,0.22642166912555695,0.0,0.0,0.0,0.011867891427688404,2,
2018-06-20 03:00:00,133,0.26342859864234924,-0.0,0.047905001789331436,0.26342859864234924,0.0,0.26342859864234924,0.0,0.0,0.0,0.012619547489322813,2,
2018-06-20 04:00:00,133,0.2443586140871048,-0.0,0.047839999198913574,0.2443586140871048,0.0,0.2443586140871048,0.0,0.0,0.0,0.011690115902174725,2,
2018-06-20 05:00:00,133,0.4141594469547272,-0.0,0.0496474988758564,0.4141594469547272,0.0,0.4141594469547272,0.0,0.0,0.0,0.020561980677110125,2,
2018-06-20 06:00:00,133,0.3108644485473633,-0.0,0.050987500697374344,0.3108644485473633,0.0,0.3108644485473633,0.0,0.0,0.0,0.015850201287097576,2,
2018-06-20 07:00:00,133,0.29077693819999695,0.0,0.05380500108003616,0.29077693819999695,0.0,0.29077693819999695,0.0,0.0,0.0,0.015645253473900445,2,
2018-06-20 08:00:00,133,0.26041916012763977,0.0,0.055799998342990875,0.26041916012763977,0.0,0.26041916012763977,0.0,0.0,0.0,0.014531388703605375,2,
2018-06-20 09:00:00,133,0.2804466784000397,0.0,0.054864998906850815,0.2804466784000397,0.0,0.2804466784000397,0.0,0.0,0.0,0.015386706703848119,2,
2018-06-20 10:00:00,133,0.24434444308280945,0.0,0.05340249836444855,0.24434444308280945,0.0,0.24434444308280945,0.0,0.0,0.0,0.013048603722091823,2,
2018-06-20 11:00:00,133,0.22013889253139496,0.0,0.05012499913573265,0.22013889253139496,0.0,0.22013889253139496,0.0,0.0,0.0,0.011034461797877315,2,
2018-06-20 12:00:00,133,0.30748501420021057,2.738091468811035,0.05015749856829643,-2.4306064546108246,1.4249999999999998,0.0,0.9306064546108246,0.9306064546108246,1.5,0.0015,0,
2018-06-20 13:00:00,133,0.33975332975387573,0.9762219786643982,0.049962498247623444,-0.6364686489105225,1.4249999999999998,0.0,0.6364686489105225,0.6364686489105225,0.0,0.0,2,
2018-06-20 14:00:00,133,0.28459611535072327,1.7062309980392456,0.04996500164270401,-1.4216348826885223,2.8499999999999996,0.07836511731147766,0.0,0.0,1.5,0.005415513215198673,0,
2018-06-20 15:00:00,133,0.3460099995136261,0.015884997323155403,0.05196249857544899,0.3301250021904707,2.502499997694241,0.0,-0.0,-0.0,0.3301250021904707,0.0003301250021904707,2,
2018-06-20 16:00:00,133,0.36482417583465576,0.06295590102672577,0.051512498408555984,0.30186827480793,2.184743918949051,0.0,-0.0,-0.0,0.30186827480793,0.00030186827480793,2,
2018-06-20 17:00:00,133,0.4220736026763916,0.04616231471300125,0.05077999830245972,0.37591128796339035,1.7890478263560086,0.0,-0.0,-0.0,0.37591128796339035,0.00037591128796339037,2,
2018-06-20 18:00:00,133,0.45061194896698,1.9187458505431116e-17,0.05372999981045723,0.45061194896698,1.3147194590223454,0.0,-0.0,-0.0,0.45061194896698,0.00045061194896698,2,
2018-06-20 19:00:00,133,0.45958277583122253,0.0,0.054749999195337296,0.45958277583122253,0.8309481160421112,0.0,-0.0,-0.0,0.45958277583122253,0.00045958277583122255,2,
2018-06-20 20:00:00,133,0.36445581912994385,0.0,0.05435749888420105,0.36445581912994385,0.44731041169480185,0.0,-0.0,-0.0,0.36445581912994385,0.00036445581912994385,2,
2018-06-20 21:00:00,133,0.3258255422115326,0.0,0.05340249836444855,0.3258255422115326,1.8723104116948017,1.8258255422115326,0.0,0.0,1.5,0.09900364553171975,0,
2018-06-20 22:00:00,133,0.29815804958343506,0.0,0.05243249982595444,0.29815804958343506,1.5584598331859227,0.0,-0.0,-0.0,0.29815804958343506,0.00029815804958343504,2,
2018-06-20 23:00:00,133,0.24518583714962006,0.0,0.0525050014257431,0.24518583714962006,2.983459833185923,1.74518583714962,0.0,0.0,1.5,0.09313098486772747,0,
2018-06-21 00:00:00,133,0.24881111085414886,0.0,0.05015749856829643,0.24881111085414886,2.7215534007078714,0.0,-0.0,-0.0,0.24881111085414886,0.00024881111085414887,2,
2018-06-21 01:00:00,133,0.25473445653915405,0.0,0.048852499574422836,0.25473445653915405,3.0,0.5478361400045526,0.0,0.0,0.2931016834653985,0.027056266479891254,0,
2018-06-21 02:00:00,133,0.20656749606132507,0.0,0.04522499814629555,0.20656749606132507,3.0,0.20656749606132507,0.0,0.0,0.0,0.00934201462645834,0,
2018-06-21 03:00:00,133,0.24239611625671387,0.0,0.03772500157356262,0.24239611625671387,2.744846193413985,0.0,-0.0,-0.0,0.24239611625671387,0.00024239611625671387,2,
2018-06-21 04:00:00,133,0.2503011226654053,0.0,0.037927500903606415,0.2503011226654053,2.481371327450401,0.0,-0.0,-0.0,0.2503011226654053,0.00025030112266540526,2,
2018-06-21 05:00:00,133,0.25606778264045715,0.0,0.04111750051379204,0.25606778264045715,2.2118262930920247,0.0,-0.0,-0.0,0.25606778264045715,0.0002560677826404572,2,
2018-06-21 06:00:00,133,0.31661972403526306,0.0,0.04758000001311302,0.31661972403526306,1.8785423730549056,0.0,-0.0,-0.0,0.31661972403526306,0.0003166197240352631,2,
2018-06-21 07:00:00,133,1.3435313701629639,0.5440220236778259,0.04751500114798546,0.7995093464851379,3.0,1.9799910590589216,0.0,0.0,1.1804817125737836,0.0952597591567594,0,
2018-06-21 08:00:00,133,0.37398749589920044,2.0365469455718994,0.04613250121474266,-1.662559449672699,3.0,0.0,1.662559449672699,1.662559449672699,0.0,0.0,0,
2018-06-21 09:00:00,133,0.38446277379989624,1.4878257513046265,0.046937499195337296,-1.1033629775047302,3.0,0.0,1.1033629775047302,1.1033629775047302,0.0,0.0,0,
2018-06-21 10:00:00,133,0.27121612429618835,0.1817793846130371,0.04672250151634216,0.08943673968315125,2.9058560634914197,0.0,-0.0,-0.0,0.08943673968315125,8.943673968315125e-05,2,
2018-06-21 11:00:00,133,0.3742566704750061,0.2535856366157532,0.04618750140070915,0.12067103385925293,2.778833922586943,0.0,-0.0,-0.0,0.12067103385925293,0.00012067103385925294,2,
2018-06-21 12:00:00,133,0.25211387872695923,0.3150918781757355,0.04629499837756157,-0.06297799944877625,2.778833922586943,0.0,0.06297799944877625,0.06297799944877625,0.0,0.0,2,
2018-06-21 13:00:00,133,0.33378082513809204,0.34309035539627075,0.04631999880075455,-0.009309530258178711,2.778833922586943,0.0,0.009309530258178711,0.009309530258178711,0.0,0.0,2,
2018-06-21 14:00:00,133,0.45080333948135376,0.27610427141189575,0.046277500689029694,0.174699068069458,2.5949401667243555,0.0,-0.0,-0.0,0.174699068069458,0.000174699068069458,2,
2018-06-21 15:00:00,133,0.443417489528656,0.2825196087360382,0.04816250130534172,0.1608978807926178,2.4255739764163367,0.0,-0.0,-0.0,0.1608978807926178,0.0001608978807926178,2,
2018-06-21 16:00:00,133,0.3157872259616852,0.1741671860218048,0.048889998346567154,0.14162003993988037,2.276500250163831,0.0,-0.0,-0.0,0.14162003993988037,0.00014162003993988039,2,
2018-06-21 17:00:00,133,0.31674137711524963,0.09217716008424759,0.051317501813173294,0.22456421703100204,2.040116863815408,0.0,-0.0,-0.0,0.22456421703100204,0.00022456421703100204,2,
2018-06-21 18:00:00,133,0.3160897195339203,5.042982374173643e-17,0.05155999958515167,0.31608971953392023,1.7073908432533866,0.0,-0.0,-0.0,0.31608971953392023,0.0003160897195339202,2,
2018-06-21 19:00:00,133,0.3446352779865265,0.0,0.05448500066995621,0.3446352779865265,1.344616866425464,0.0,-0.0,-0.0,0.3446352779865265,0.0003446352779865265,2,
2018-06-21 20:00:00,133,0.37589943408966064,0.0,0.0545400008559227,0.37589943408966064,0.9489332515942424,0.0,-0.0,-0.0,0.37589943408966064,0.00037589943408966066,2,
2018-06-21 21:00:00,133,0.46006667613983154,0.0,0.05446749925613403,0.46006667613983154,0.46465253986810384,0.0,-0.0,-0.0,0.46006667613983154,0.00046006667613983154,2,
2018-06-21 22:00:00,133,0.37547942996025085,0.0,0.05256250128149986,0.37547942996025085,0.06941103464678716,0.0,-0.0,-0.0,0.37547942996025085,0.00037547942996025085,2,
2018-06-21 23:00:00,133,0.3076413869857788,0.0,0.05197500064969063,0.3076413869857788,0.0,0.241700904071331,0.0,0.0,0.0659404829144478,0.01262834512905269,2,
2018-06-22 00:00:00,133,0.27049195766448975,0.0,0.050927501171827316,0.27049195766448975,0.0,0.27049195766448975,0.0,0.0,0.0,0.013775479490928166,2,
2018-06-22 01:00:00,133,0.25871390104293823,0.0,0.045522499829530716,0.25871390104293823,0.0,0.25871390104293823,0.0,0.0,0.0,0.011777303516124382,2,
2018-06-22 02:00:00,133,0.2556663751602173,0.0,0.04596250131726265,0.2556663751602173,0.0,0.2556663751602173,0.0,0.0,0.0,0.011751066105081254,2,
2018-06-22 03:00:00,133,0.24734361469745636,0.0,0.04634999856352806,0.24734361469745636,0.0,0.24734361469745636,0.0,0.0,0.0,0.01146437618592494,2,
2018-06-22 04:00:00,133,0.2116049975156784,-0.0,0.04611000046133995,0.2116049975156784,0.0,0.2116049975156784,0.0,0.0,0.0,0.00975710653306977,2,
2018-06-22 05:00:00,133,0.3077847361564636,0.0,0.047542501240968704,0.3077847361564636,1.4249999999999998,1.8077847361564636,0.0,0.0,1.5,0.08744660806212295,0,
2018-06-22 06:00:00,133,0.30129584670066833,0.0,0.04822999984025955,0.30129584670066833,1.107846477157191,0.0,-0.0,-0.0,0.30129584670066833,0.0003012958467006683,2,
2018-06-22 07:00:00,133,0.25402915477752686,0.05465812608599663,0.048739999532699585,0.19937102869153023,0.8979822364292644,0.0,-0.0,-0.0,0.19937102869153023,0.00019937102869153024,2,
2018-06-22 08:00:00,133,0.2865980565547943,2.03459095954895,0.04956499859690666,-1.7479929029941559,2.3229822364292643,0.0,0.24799290299415588,0.24799290299415588,1.5,0.0015,0,
2018-06-22 09:00:00,133,0.5397388935089111,0.25947898626327515,0.04901750013232231,0.280259907245636,2.0279718077496476,0.0,-0.0,-0.0,0.280259907245636,0.00028025990724563597,2,
2018-06-22 10:00:00,133,0.24069777131080627,2.7583606243133545,0.04836999997496605,-2.517662853002548,3.0,0.0,1.4944752822127034,1.4944752822127034,1.0231875707898448,0.001023187570789845,0,
2018-06-22 11:00:00,133,0.22354361414909363,2.123553514480591,0.047655001282691956,-1.9000099003314972,3.0,0.0,1.9000099003314972,1.9000099003314972,0.0,0.0,0,
2018-06-22 12:00:00,133,0.37963610887527466,3.1995372772216797,0.047872498631477356,-2.819901168346405,3.0,0.0,2.819901168346405,2.819901168346405,0.0,0.0,0,
2018-06-22 13:00:00,133,0.3202822208404541,0.45051223039627075,0.04845999926328659,-0.13023000955581665,3.0,0.0,0.13023000955581665,0.13023000955581665,0.0,0.0,2,
2018-06-22 14:00:00,133,0.2763800024986267,0.37122929096221924,0.04775749891996384,-0.09484928846359253,3.0,0.0,0.09484928846359253,0.09484928846359253,0.0,0.0,2,
2018-06-22 15:00:00,133,0.31406083703041077,0.21247555315494537,0.047724999487400055,0.1015852838754654,2.893068122236352,0.0,-0.0,-0.0,0.1015852838754654,0.0001015852838754654,2,
2018-06-22 16:00:00,133,0.3609425127506256,0.11509408056735992,0.04859749972820282,0.24584843218326569,2.634280298885546,0.0,-0.0,-0.0,0.24584843218326569,0.0002458484321832657,2,
2018-06-22 17:00:00,133,0.30377915501594543,0.07300320267677307,0.052685000002384186,0.23077595233917236,2.3913582437916805,0.0,-0.0,-0.0,0.23077595233917236,0.00023077595233917238,2,
2018-06-22 18:00:00,133,0.320048063993454,3.226998990925342e-17,0.054032500833272934,0.3200480639934539,2.054465544851203,0.0,-0.0,-0.0,0.3200480639934539,0.00032004806399345395,2,
2018-06-22 19:00:00,133,0.3399583399295807,0.0,0.05706999823451042,0.3399583399295807,1.696614660714802,0.0,-0.0,-0.0,0.3399583399295807,0.0003399583399295807,2,
2018-06-22 20:00:00,133,0.327917218208313,0.0,0.05554249882698059,0.327917218208313,1.3514386415481567,0.0,-0.0,-0.0,0.327917218208313,0.000327917218208313,2,
2018-06-22 21:00:00,133,0.3790833353996277,0.0,0.0509674996137619,0.3790833353996277,0.9524035516538119,0.0,-0.0,-0.0,0.3790833353996277,0.00037908333539962767,2,
2018-06-22 22:00:00,133,0.5405635833740234,0.0,0.05012249946594238,0.5405635833740234,0.3833892533653661,0.0,-0.0,-0.0,0.5405635833740234,0.0005405635833740234,2,
2018-06-22 23:00:00,133,0.33349722623825073,-0.0,0.053564999252557755,0.33349722623825073,0.03233954153562846,0.0,-0.0,-0.0,0.33349722623825073,0.0003334972262382507,2,
2018-06-23 00:00:00,133,0.34469693899154663,-0.0,0.05045250058174133,0.34469693899154663,0.0,0.3139743745326996,0.0,0.0,0.030722564458847034,0.015871514878221745,2,
2018-06-23 01:00:00,133,0.2876405417919159,0.0,0.049504999071359634,0.2876405417919159,0.0,0.2876405417919159,0.0,0.0,0.0,0.014239644754294178,2,
2018-06-23 02:00:00,133,0.2573563754558563,-0.0,0.047532498836517334,0.2573563754558563,0.0,0.2573563754558563,0.0,0.0,0.0,0.012232791616925809,2,
2018-06-23 03:00:00,133,0.26391276717185974,-0.0,0.04589749872684479,0.26391276717185974,0.0,0.26391276717185974,0.0,0.0,0.0,0.012112935895268517,2,
2018-06-23 04:00:00,133,0.2857300043106079,-0.0,0.038883332163095474,0.2857300043106079,0.0,0.2857300043106079,0.0,0.0,0.0,0.011110134666572069,2,
2018-06-23 05:00:00,133,0.3055252730846405,-0.0,0.03886333480477333,0.3055252730846405,0.0,0.3055252730846405,0.0,0.0,0.0,0.011873730979208186,2,
2018-06-23 06:00:00,133,0.2744244337081909,-0.0,0.04583999887108803,0.2744244337081909,0.0,0.2744244337081909,0.0,0.0,0.0,0.012579615731382443,2,
2018-06-23 07:00:00,133,0.44700777530670166,0.0,0.045910000801086426,0.44700777530670166,0.0,0.44700777530670166,0.0,0.0,0.0,0.020522127322422534,2,
2018-06-23 08:00:00,133,0.32989639043807983,0.0,0.048272501677274704,0.32989639043807983,0.0,0.32989639043807983,0.0,0.0,0.0,0.01592492406074908,2,
2018-06-23 09:00:00,133,0.290827214717865,0.044651005417108536,0.05100249871611595,0.24617620930075645,0.0,0.24617620930075645,0.0,0.0,0.0,0.012555601798800123,2,
2018-06-23 10:00:00,133,0.255501389503479,0.032597608864307404,0.05060749873518944,0.2229037806391716,0.0,0.2229037806391716,0.0,0.0,0.0,0.01128060279676582,2,
2018-06-23 11:00:00,133,0.2709283232688904,0.10383090376853943,0.04857249930500984,0.16709741950035095,0.0,0.16709741950035095,0.0,0.0,0.0,0.008116339292549735,2,
2018-06-23 12:00:00,133,0.3207227885723114,0.10431427508592606,0.04824500158429146,0.21640851348638535,0.0,0.21640851348638535,0.0,0.0,0.0,0.01044062907600482,2,
2018-06-23 13:00:00,133,0.38160112500190735,0.1231556162238121,0.04634249955415726,0.25844550877809525,0.0,0.25844550877809525,0.0,0.0,0.0,0.011977010875322824,2,
2018-06-23 14:00:00,133,0.6390577554702759,0.1532442271709442,0.04602750018239021,0.48581352829933167,0.0,0.48581352829933167,0.0,0.0,0.0,0.02236078226240512,2,
2018-06-23 15:00:00,133,0.3923327922821045,0.1408872902393341,0.045214999467134476,0.2514455020427704,0.0,0.2514455020427704,0.0,0.0,0.0,0.011369108240877224,2,
2018-06-23 16:00:00,133,0.3805491626262665,0.1087656244635582,0.047612499445676804,0.2717835381627083,0.0,0.2717835381627083,0.0,0.0,0.0,0.012940293560116028,2,
2018-06-23 17:00:00,133,0.38291695713996887,0.03822329640388489,0.057132501155138016,0.344693660736084,0.0,0.344693660736084,0.0,0.0,0.0,0.01969321097017307,2,
2018-06-23 18:00:00,133,0.29409998655319214,2.1455048423292134e-17,0.05756999924778938,0.29409998655319214,0.0,0.29409998655319214,0.0,0.0,0.0,0.01693133600464214,2,
2018-06-23 19:00:00,133,0.4554077684879303,0.0,0.059300001710653305,0.4554077684879303,0.0,0.4554077684879303,0.0,0.0,0.0,0.02700568145037907,2,
2018-06-23 20:00:00,133,0.4258561134338379,0.0,0.05895499885082245,0.4258561134338379,0.0,0.4258561134338379,0.0,0.0,0.0,0.025106346678107627,2,
2018-06-23 21:00:00,133,0.33609306812286377,0.0,0.058742500841617584,0.33609306812286377,0.0,0.33609306812286377,0.0,0.0,0.0,0.01974294733706916,2,
2018-06-23 22:00:00,133,0.3965438902378082,-0.0,0.0578325018286705,0.3965438902378082,0.0,0.3965438902378082,0.0,0.0,0.0,0.02293312525732616,2,
2018-06-23 23:00:00,133,0.3380891680717468,-0.0,0.05685500055551529,0.3380891680717468,0.0,0.3380891680717468,0.0,0.0,0.0,0.019222059838532868,2,
2018-06-24 00:00:00,133,0.23697194457054138,-0.0,0.05087750032544136,0.23697194457054138,0.0,0.23697194457054138,0.0,0.0,0.0,0.012056540187008191,2,
2018-06-24 01:00:00,133,0.35036584734916687,-0.0,0.0516900010406971,0.35036584734916687,0.0,0.35036584734916687,0.0,0.0,0.0,0.018110411014103156,2,
2018-06-24 02:00:00,133,0.2730272114276886,-0.0,0.05157250165939331,0.2730272114276886,0.0,0.2730272114276886,0.0,0.0,0.0,0.014080696314413998,2,
2018-06-24 03:00:00,133,0.22526110708713531,-0.0,0.0501599982380867,0.22526110708713531,0.0,0.22526110708713531,0.0,0.0,0.0,0.011299096734600167,2,
2018-06-24 04:00:00,133,0.2641691565513611,-0.0,0.05028250068426132,0.2641691565513611,0.0,0.2641691565513611,0.0,0.0,0.0,0.01328308579505455,2,
2018-06-24 05:00:00,133,0.26862195134162903,-0.0,0.048567499965429306,0.26862195134162903,0.0,0.26862195134162903,0.0,0.0,0.0,0.01304629661249812,2,
2018-06-24 06:00:00,133,0.27776333689689636,-0.0,0.04804249852895737,0.27776333689689636,0.0,0.27776333689689636,0.0,0.0,0.0,0.013344444704267433,2,
2018-06-24 07:00:00,133,0.33489471673965454,0.012803420424461365,0.0474650003015995,0.3220912963151932,0.0,0.3220912963151932,0.0,0.0,0.0,0.015288063476743219,2,
2018-06-24 08:00:00,133,0.3677788972854614,0.08179067820310593,0.044987499713897705,0.2859882190823555,0.0,0.2859882190823555,0.0,0.0,0.0,0.012865894924145582,2,
2018-06-24 09:00:00,133,0.23246805369853973,0.2337539941072464,0.046537499874830246,-0.001285940408706665,0.0,0.0,0.001285940408706665,0.001285940408706665,0.0,0.0,2,
2018-06-24 10:00:00,133,0.2581963837146759,0.30862122774124146,0.04832249879837036,-0.05042484402656555,0.0,0.0,0.05042484402656555,0.05042484402656555,0.0,0.0,2,
2018-06-24 11:00:00,133,0.9854761362075806,0.3265236020088196,0.04892750084400177,0.658952534198761,0.0,0.658952534198761,0.0,0.0,0.0,0.03224090067316698,2,
2018-06-24 12:00:00,133,0.6651999950408936,0.35761144757270813,0.048579998314380646,0.3075885474681854,0.0,0.3075885474681854,0.0,0.0,0.0,0.01494265111752724,2,
2018-06-24 13:00:00,133,0.3483397364616394,0.438410222530365,0.047587499022483826,-0.09007048606872559,0.0,0.0,0.09007048606872559,0.09007048606872559,0.0,0.0,2,
2018-06-24 14:00:00,133,0.3509086072444916,0.3422183394432068,0.047052498906850815,0.00869026780128479,0.0,0.00869026780128479,0.0,0.0,0.0,0.0004088988162201934,2,
2018-06-24 15:00:00,133,0.2806794345378876,0.3012637794017792,0.045842498540878296,-0.0205843448638916,0.0,0.0,0.0205843448638916,0.0205843448638916,0.0,0.0,2,
2018-06-24 16:00:00,133,0.5278408527374268,0.22825635969638824,0.04743750020861626,0.2995844930410385,0.0,0.2995844930410385,0.0,0.0,0.0,0.01421153945113246,2,
2018-06-24 17:00:00,133,0.38856834173202515,0.12944740056991577,0.050027500838041306,0.2591209411621094,0.0,0.2591209411621094,0.0,0.0,0.0,0.012963173101141479,2,
2018-06-24 18:00:00,133,0.41787415742874146,5.557397725314245e-17,0.05270000174641609,0.4178741574287414,0.0,0.4178741574287414,0.0,0.0,0.0,0.022021968826276824,2,
2018-06-24 19:00:00,133,0.46401944756507874,0.0,0.060122501105070114,0.46401944756507874,0.0,0.46401944756507874,0.0,0.0,0.0,0.02789800974900547,2,
2018-06-24 20:00:00,133,0.34149470925331116,0.0,0.06025249883532524,0.34149470925331116,0.0,0.34149470925331116,0.0,0.0,0.0,0.020575909571554862,2,
2018-06-24 21:00:00,133,0.32353416085243225,0.0,0.06052500009536743,0.32353416085243225,0.0,0.32353416085243225,0.0,0.0,0.0,0.019581905116448084,2,
2018-06-24 22:00:00,133,0.28221139311790466,-0.0,0.05669249966740608,0.28221139311790466,0.0,0.28221139311790466,0.0,0.0,0.0,0.015999269310475017,2,
2018-06-24 23:00:00,133,0.33005306124687195,0.0,0.052639998495578766,0.33005306124687195,0.0,0.33005306124687195,0.0,0.0,0.0,0.017373992647496506,2,
2018-06-25 00:00:00,133,0.30248749256134033,0.0,0.051717501133680344,0.30248749256134033,0.0,0.30248749256134033,0.0,0.0,0.0,0.015643897239465243,2,
2018-06-25 01:00:00,133,0.23151639103889465,0.0,0.04995499923825264,0.23151639103889465,0.0,0.23151639103889465,0.0,0.0,0.0,0.011565401137990983,2,
2018-06-25 02:00:00,133,0.2930430471897125,0.0,0.04582500085234642,0.2930430471897125,0.0,0.2930430471897125,0.0,0.0,0.0,0.013428697887242769,2,
2018-06-25 03:00:00,133,0.2646852731704712,0.0,0.04637499898672104,0.2646852731704712,0.0,0.2646852731704712,0.0,0.0,0.0,0.012274779275080583,2,
2018-06-25 04:00:00,133,0.2288869470357895,0.0,0.04605000093579292,0.2288869470357895,0.0,0.2288869470357895,0.0,0.0,0.0,0.010540244125188891,2,
2018-06-25 05:00:00,133,0.31310999393463135,0.0,0.04653500020503998,0.31310999393463135,0.0,0.31310999393463135,0.0,0.0,0.0,0.014570573631948136,2,
2018-06-25 06:00:00,133,0.40710943937301636,0.0,0.04763999953866005,0.40710943937301636,0.0,0.40710943937301636,0.0,0.0,0.0,0.01939469350391465,2,
2018-06-25 07:00:00,133,0.2783527672290802,0.049985215067863464,0.051362499594688416,0.22836755216121674,0.0,0.22836755216121674,0.0,0.0,0.0,0.01172952830532048,2,
2018-06-25 08:00:00,133,0.3248744308948517,0.18849310278892517,0.05208500102162361,0.1363813281059265,0.0,0.1363813281059265,0.0,0.0,0.0,0.007103421613727567,2,
2018-06-25 09:00:00,133,0.8348636031150818,0.35320255160331726,0.0502374991774559,0.4816610515117645,0.0,0.4816610515117645,0.0,0.0,0.0,0.024197446679134815,2,
2018-06-25 10:00:00,133,0.35403555631637573,0.4766499698162079,0.04934750124812126,-0.12261441349983215,0.0,0.0,0.12261441349983215,0.12261441349983215,0.0,0.0,2,
2018-06-25 11:00:00,133,0.2789199948310852,0.531217098236084,0.04907499998807907,-0.2522971034049988,0.0,0.0,0.2522971034049988,0.2522971034049988,0.0,0.0,2,
2018-06-25 12:00:00,133,0.36780834197998047,0.5203952193260193,0.0491349995136261,-0.15258687734603882,0.0,0.0,0.15258687734603882,0.15258687734603882,0.0,0.0,2,
2018-06-25 13:00:00,133,0.3297138810157776,0.5358197689056396,0.04885999858379364,-0.20610588788986206,0.0,0.0,0.20610588788986206,0.20610588788986206,0.0,0.0,2,
2018-06-25 14:00:00,133,0.43762972950935364,0.41609975695610046,0.048500001430511475,0.021529972553253174,0.0,0.021529972553253174,0.0,0.0,0.0,0.0010442036996316517,2,
2018-06-25 15:00:00,133,0.6089763641357422,0.32035118341445923,0.05316999927163124,0.28862518072128296,0.0,0.28862518072128296,0.0,0.0,0.0,0.01534620064872505,2,
2018-06-25 16:00:00,133,0.7499841451644897,0.21341776847839355,0.0579025000333786,0.5365663766860962,0.0,0.5365663766860962,0.0,0.0,0.0,0.03106853464397652,2,
2018-06-25 17:00:00,133,0.4160902798175812,0.11622635275125504,0.06270000338554382,0.29986392706632614,0.0,0.29986392706632614,0.0,0.0,0.0,0.018801469242261115,2,
2018-06-25 18:00:00,133,0.3770786225795746,4.492179017014588e-17,0.06382250040769577,0.37707862257957453,0.0,0.37707862257957453,0.0,0.0,0.0,0.024066100543318255,2,
2018-06-25 19:00:00,133,0.5442239046096802,0.0,0.061969999223947525,0.5442239046096802,0.0,0.5442239046096802,0.0,0.0,0.0,0.03372555494631557,2,
2018-06-25 20:00:00,133,0.3980686068534851,0.0,0.057782500982284546,0.3980686068534851,0.0,0.3980686068534851,0.0,0.0,0.0,0.023001399666528144,2,
2018-06-25 21:00:00,133,0.31742972135543823,-0.0,0.054157499223947525,0.31742972135543823,0.0,0.31742972135543823,0.0,0.0,0.0,0.017191199887965025,2,
2018-06-25 22:00:00,133,0.3324138820171356,-0.0,0.05112500116229057,0.3324138820171356,0.0,0.3324138820171356,0.0,0.0,0.0,0.01699466010448758,2,
2018-06-25 23:00:00,133,0.2506769299507141,-0.0,0.05045749992132187,0.2506769299507141,0.0,0.2506769299507141,0.0,0.0,0.0,0.012648531173265365,2,
2018-06-26 00:00:00,133,0.2827722132205963,-0.0,0.05174750089645386,0.2827722132205963,0.0,0.2827722132205963,0.0,0.0,0.0,0.014632755357125049,2,
2018-06-26 01:00:00,133,0.273520827293396,-0.0,0.05092500150203705,0.273520827293396,0.0,0.273520827293396,0.0,0.0,0.0,0.013929048540754607,2,
2018-06-26 02:00:00,133,0.2179236114025116,-0.0,0.05207499861717224,0.2179236114025116,0.0,0.2179236114025116,0.0,0.0,0.0,0.011348371762434972,2,
2018-06-26 03:00:00,133,0.26135584712028503,-0.0,0.05067500099539757,0.26135584712028503,0.0,0.26135584712028503,0.0,0.0,0.0,0.013244207812973419,2,
2018-06-26 04:00:00,133,0.2552652657032013,-0.0,0.050257500261068344,0.2552652657032013,0.0,0.2552652657032013,0.0,0.0,0.0,0.01282899415772032,2,
2018-06-26 05:00:00,133,0.2740919589996338,-0.0,0.051317501813173294,0.2740919589996338,0.0,0.2740919589996338,0.0,0.0,0.0,0.014065714602939927,2,
2018-06-26 06:00:00,133,0.3349561095237732,-0.0,0.0524275004863739,0.3349561095237732,0.0,0.3349561095237732,0.0,0.0,0.0,0.01756091159497153,2,
2018-06-26 07:00:00,133,0.3180641531944275,0.0,0.05459250137209892,0.3180641531944275,0.0,0.3180641531944275,0.0,0.0,0.0,0.017363917719682265,2,
2018-06-26 08:00:00,133,0.325412780046463,0.0,0.060169998556375504,0.325412780046463,0.0,0.325412780046463,0.0,0.0,0.0,0.01958008650562182,2,
2018-06-26 09:00:00,133,0.2996799945831299,0.0,0.058570001274347305,0.2996799945831299,0.0,0.2996799945831299,0.0,0.0,0.0,0.01755225766463031,2,
2018-06-26 10:00:00,133,0.2834555506706238,0.0,0.054557498544454575,0.2834555506706238,0.0,0.2834555506706238,0.0,0.0,0.0,0.015464625793130127,2,
2018-06-26 11:00:00,133,0.2680661082267761,0.0,0.05112500116229057,0.2680661082267761,0.0,0.2680661082267761,0.0,0.0,0.0,0.01370488009466464,2,
2018-06-26 12:00:00,133,0.31856778264045715,0.04823680222034454,0.05209999904036522,0.2703309804201126,0.0,0.2703309804201126,0.0,0.0,0.0,0.014084243820468856,2,
2018-06-26 13:00:00,133,0.3225841522216797,0.056811392307281494,0.05243000015616417,0.2657727599143982,0.0,0.2657727599143982,0.0,0.0,0.0,0.01393446584381608,2,
2018-06-26 14:00:00,133,0.2927577793598175,0.0,0.052149999886751175,0.2927577793598175,0.0,0.2927577793598175,0.0,0.0,0.0,0.015267318160460008,2,
2018-06-26 15:00:00,133,0.4651791751384735,0.0,0.05781000107526779,0.4651791751384735,0.0,0.4651791751384735,0.0,0.0,0.0,0.026892008614947338,2,
2018-06-26 16:00:00,133,0.3747972249984741,0.0,0.06407249718904495,0.3747972249984741,0.0,0.3747972249984741,0.0,0.0,0.0,0.02401419414517658,2,
2018-06-26 17:00:00,133,0.3292561173439026,0.0,0.06570249795913696,0.3292561173439026,0.0,0.3292561173439026,0.0,0.0,0.0,0.02163294937782112,2,
2018-06-26 18:00:00,133,0.37019193172454834,0.0,0.06784500181674957,0.37019193172454834,0.0,0.37019193172454834,0.0,0.0,0.0,0.025115672280398016,2,
2018-06-26 19:00:00,133,0.27799084782600403,-0.0,0.06260249763727188,0.27799084782600403,0.0,0.27799084782600403,0.0,0.0,0.0,0.017402921394210624,2,
2018-06-26 20:00:00,133,0.39485499262809753,-0.0,0.06120250001549721,0.39485499262809753,0.0,0.39485499262809753,0.0,0.0,0.0,0.02416611269244029,2,
2018-06-26 21:00:00,133,0.3748775124549866,-0.0,0.053062498569488525,0.3748775124549866,0.0,0.3748775124549866,0.0,0.0,0.0,0.019891937468376142,2,
2018-06-26 22:00:00,133,0.3488597273826599,-0.0,0.051739998161792755,0.3488597273826599,0.0,0.3488597273826599,0.0,0.0,0.0,0.018050001653502346,2,
2018-06-26 23:00:00,133,0.3575952649116516,-0.0,0.05396749824285507,0.3575952649116516,0.0,0.3575952649116516,0.0,0.0,0.0,0.019298521830772852,2,
2018-06-27 00:00:00,133,0.31528139114379883,-0.0,0.04949750006198883,0.31528139114379883,0.0,0.31528139114379883,0.0,0.0,0.0,0.015605640677684107,2,
2018-06-27 01:00:00,133,0.23160389065742493,-0.0,0.04852500185370445,0.23160389065742493,0.0,0.23160389065742493,0.0,0.0,0.0,0.011238579223476708,2,
2018-06-27 02:00:00,133,0.27065610885620117,-0.0,0.04829249903559685,0.27065610885620117,0.0,0.27065610885620117,0.0,0.0,0.0,0.01307065987591649,2,
2018-06-27 03:00:00,133,0.24888277053833008,-0.0,0.048432499170303345,0.24888277053833008,0.0,0.24888277053833008,0.0,0.0,0.0,0.01205401457760047,2,
2018-06-27 04:00:00,133,0.2230319380760193,-0.0,0.047805000096559525,0.2230319380760193,0.0,0.2230319380760193,0.0,0.0,0.0,0.01066204182125996,2,
2018-06-27 05:00:00,133,0.32926473021507263,-0.0,0.04815249890089035,0.32926473021507263,0.0,0.32926473021507263,0.0,0.0,0.0,0.015854919559783243,2,
2018-06-27 06:00:00,133,0.3145858347415924,-0.0,0.048637498170137405,0.3145858347415924,0.0,0.3145858347415924,0.0,0.0,0.0,0.015300667961595349,2,
2018-06-27 07:00:00,133,0.2525091767311096,0.0,0.04886249825358391,0.2525091767311096,0.0,0.2525091767311096,0.0,0.0,0.0,0.012338229207037754,2,
2018-06-27 08:00:00,133,0.3830680549144745,0.0,0.04931750148534775,0.3830680549144745,0.0,0.3830680549144745,0.0,0.0,0.0,0.018891959367233868,2,
2018-06-27 09:00:00,133,0.3275477886199951,0.0,0.051454998552799225,0.3275477886199951,0.0,0.3275477886199951,0.0,0.0,0.0,0.016853970989414435,2,
2018-06-27 10:00:00,133,0.595710277557373,0.0,0.050472501665353775,0.595710277557373,0.0,0.595710277557373,0.0,0.0,0.0,0.03006698797608287,2,
2018-06-27 11:00:00,133,0.39094555377960205,0.0,0.05035249888896942,0.39094555377960205,0.0,0.39094555377960205,0.0,0.0,0.0,0.019685085562334947,2,
2018-06-27 12:00:00,133,0.2559199929237366,0.0,0.050415001809597015,0.2559199929237366,0.0,0.2559199929237366,0.0,0.0,0.0,0.012902206906362235,2,
2018-06-27 13:00:00,133,1.1608517169952393,0.0004960497026331723,0.04983250051736832,1.160355667292606,0.0,1.160355667292606,0.0,0.0,0.0,0.05782342439069005,2,
2018-06-27 14:00:00,133,1.8550461530685425,0.0,0.057429999113082886,1.8550461530685425,0.0,1.8550461530685425,0.0,0.0,0.0,0.10653529892545421,2,
2018-06-27 15:00:00,133,1.462646722793579,0.0,0.05269499868154526,1.462646722793579,0.0,1.462646722793579,0.0,0.0,0.0,0.07707416712917414,2,
2018-06-27 16:00:00,133,1.3793147802352905,0.0,0.05466499924659729,1.3793147802352905,0.0,1.3793147802352905,0.0,0.0,0.0,0.07540024142238266,2,
2018-06-27 17:00:00,133,2.0050463676452637,0.0,0.058959998190402985,2.0050463676452637,0.0,2.0050463676452637,0.0,0.0,0.0,0.11821753020803882,2,
2018-06-27 18:00:00,133,1.916467547416687,0.0,0.059187501668930054,1.916467547416687,0.0,1.916467547416687,0.0,0.0,0.0,0.11343092616117545,2,
2018-06-27 19:00:00,133,0.4265064001083374,-0.0,0.05554249882698059,0.4265064001083374,0.0,0.4265064001083374,0.0,0.0,0.0,0.023689231227717045,2,
2018-06-27 20:00:00,133,0.7632027864456177,-0.0,0.05064750090241432,0.7632027864456177,0.0,0.7632027864456177,0.0,0.0,0.0,0.038654313815229546,2,
2018-06-27 21:00:00,133,1.3299921751022339,-0.0,0.05077749863266945,1.3299921751022339,0.0,1.3299921751022339,0.0,0.0,0.0,0.06753367585271475,2,
2018-06-27 22:00:00,133,0.6649639010429382,-0.0,0.0501675009727478,0.6649639010429382,0.0,0.6649639010429382,0.0,0.0,0.0,0.03335957715241378,2,
2018-06-27 23:00:00,133,0.29815471172332764,-0.0,0.05158500000834465,0.29815471172332764,0.0,0.29815471172332764,0.0,0.0,0.0,0.015380310806735853,2,
2018-06-28 00:00:00,133,0.24669666588306427,-0.0,0.0492824986577034,0.24669666588306427,0.0,0.24669666588306427,0.0,0.0,0.0,0.012157828105242019,2,
2018-06-28 01:00:00,133,0.29234638810157776,-0.0,0.0402766652405262,0.29234638810157776,0.0,0.29234638810157776,0.0,0.0,0.0,0.011774737607844199,2,
2018-06-28 02:00:00,133,0.2654244303703308,-0.0,0.0403333343565464,0.2654244303703308,0.0,0.2654244303703308,0.0,0.0,0.0,0.010705452296522422,2,
2018-06-28 03:00:00,133,0.22020971775054932,-0.0,0.04622749984264374,0.22020971775054932,0.0,0.22020971775054932,0.0,0.0,0.0,0.01017974469266214,2,
2018-06-28 04:00:00,133,0.2663983404636383,-0.0,0.04757000133395195,0.2663983404636383,0.0,0.2663983404636383,0.0,0.0,0.0,0.01267256941121786,2,
2018-06-28 05:00:00,133,0.4474305510520935,-0.0,0.047325000166893005,0.4474305510520935,0.0,0.4474305510520935,0.0,0.0,0.0,0.021174650903213355,2,
2018-06-28 06:00:00,133,0.26423001289367676,-0.0,0.04881500080227852,0.26423001289367676,0.0,0.26423001289367676,0.0,0.0,0.0,0.012898388291390894,2,
2018-06-28 07:00:00,133,0.3276214003562927,0.0,0.049217499792575836,0.3276214003562927,0.0,0.3276214003562927,0.0,0.0,0.0,0.016124706204079242,2,
2018-06-28 08:00:00,133,0.2957786023616791,0.060693349689245224,0.046720001846551895,0.23508525267243385,0.0,0.23508525267243385,0.0,0.0,0.0,0.010983183438953228,2,
2018-06-28 09:00:00,133,0.20527638494968414,0.033400170505046844,0.02500000037252903,0.1718762144446373,0.0,0.1718762144446373,0.0,0.0,0.0,0.004296905425144812,2,
2018-06-28 10:00:00,133,0.26319167017936707,0.03923316299915314,0.05324250087141991,0.22395850718021393,0.0,0.22395850718021393,0.0,0.0,0.0,0.011924111013704441,2,
2018-06-28 11:00:00,133,0.2344602793455124,0.084023617208004,0.049594998359680176,0.1504366621375084,0.0,0.1504366621375084,0.0,0.0,0.0,0.0074609060119454895,2,
2018-06-28 12:00:00,133,0.23953194916248322,0.10337555408477783,0.0493599995970726,0.13615639507770538,0.0,0.13615639507770538,0.0,0.0,0.0,0.006720679606174396,2,
2018-06-28 13:00:00,133,0.35485029220581055,0.11021251976490021,0.05025250092148781,0.24463777244091034,0.0,0.24463777244091034,0.0,0.0,0.0,0.012293659885017572,2,
2018-06-28 14:00:00,133,0.32663777470588684,0.1421671062707901,0.04970749840140343,0.18447066843509674,0.0,0.18447066843509674,0.0,0.0,0.0,0.009169575456343393,2,
2018-06-28 15:00:00,133,0.41700804233551025,0.16747230291366577,0.052012499421834946,0.24953573942184448,0.0,0.24953573942184448,0.0,0.0,0.0,0.012978977502405842,2,
2018-06-28 16:00:00,133,0.378273069858551,0.13358737528324127,0.05146250128746033,0.24468569457530975,0.0,0.24468569457530975,0.0,0.0,0.0,0.012592137872105003,2,
2018-06-28 17:00:00,133,0.3656674921512604,0.078760527074337,0.05319000035524368,0.28690696507692337,0.0,0.28690696507692337,0.0,0.0,0.0,0.015260581574363441,2,
2018-06-28 18:00:00,133,0.3731483221054077,3.750769423921674e-17,0.05431250110268593,0.37314832210540766,0.0,0.37314832210540766,0.0,0.0,0.0,0.020266618655815357,2,
2018-06-28 19:00:00,133,0.35100889205932617,0.0,0.05385249853134155,0.35100889205932617,0.0,0.35100889205932617,0.0,0.0,0.0,0.01890270584411269,2,
2018-06-28 20:00:00,133,0.4805589020252228,0.0,0.051569998264312744,0.4805589020252228,0.0,0.4805589020252228,0.0,0.0,0.0,0.024782421743340777,2,
2018-06-28 21:00:00,133,0.4832780659198761,0.0,0.05005250126123428,0.4832780659198761,0.0,0.4832780659198761,0.0,0.0,0.0,0.024189276003981464,2,
2018-06-28 22:00:00,133,0.4409191608428955,0.0,0.050132498145103455,0.4409191608428955,0.0,0.4409191608428955,0.0,0.0,0.0,0.02210437901309703,2,
2018-06-28 23:00:00,133,0.29213082790374756,-0.0,0.050497498363256454,0.29213082790374756,0.0,0.29213082790374756,0.0,0.0,0.0,0.014751876003926245,2,
2018-06-29 00:00:00,133,0.2985541522502899,-0.0,0.051032498478889465,0.2985541522502899,0.0,0.2985541522502899,0.0,0.0,0.0,0.015235964320579054,2,
2018-06-29 01:00:00,133,0.2910799980163574,-0.0,0.04983000084757805,0.2910799980163574,0.0,0.2910799980163574,0.0,0.0,0.0,0.014504516547868107,2,
2018-06-29 02:00:00,133,0.24983082711696625,-0.0,0.04946500062942505,0.24983082711696625,0.0,0.24983082711696625,0.0,0.0,0.0,0.012357882020590516,2,
2018-06-29 03:00:00,133,0.29889360070228577,-0.0,0.04726250097155571,0.29889360070228577,0.0,0.29889360070228577,0.0,0.0,0.0,0.014126459093583565,2,
2018-06-29 04:00:00,133,0.27093055844306946,-0.0,0.046982500702142715,0.27093055844306946,0.0,0.27093055844306946,0.0,0.0,0.0,0.012728995152283429,2,
2018-06-29 05:00:00,133,0.3893788754940033,-0.0,0.047564998269081116,0.3893788754940033,0.0,0.3893788754940033,0.0,0.0,0.0,0.018520805538889018,2,
2018-06-29 06:00:00,133,0.3373763859272003,-0.0,0.04944249987602234,0.3373763859272003,0.0,0.3373763859272003,0.0,0.0,0.0,0.016680731919378466,2,
2018-06-29 07:00:00,133,0.3147414028644562,0.0,0.05091249942779541,0.3147414028644562,0.0,0.3147414028644562,0.0,0.0,0.0,0.01602427149324015,2,
2018-06-29 08:00:00,133,0.3100808262825012,0.0,0.053027499467134476,0.3100808262825012,0.0,0.3100808262825012,0.0,0.0,0.0,0.01644281085046395,2,
2018-06-29 09:00:00,133,0.2762441635131836,0.0,0.052252501249313354,0.2762441635131836,0.0,0.2762441635131836,0.0,0.0,0.0,0.014434448499088148,2,
2018-06-29 10:00:00,133,0.24976305663585663,0.0,0.049959998577833176,0.24976305663585663,0.0,0.24976305663585663,0.0,0.0,0.0,0.012478161954322664,2,
2018-06-29 11:00:00,133,0.24414333701133728,0.0,0.04818499833345413,0.24414333701133728,0.0,0.24414333701133728,0.0,0.0,0.0,0.011764046287015217,2,
2018-06-29 12:00:00,133,0.30043110251426697,0.0,0.048695001751184464,0.30043110251426697,0.0,0.30043110251426697,0.0,0.0,0.0,0.014629493063042509,2,
2018-06-29 13:00:00,133,0.30363139510154724,0.0,0.04763749986886978,0.30363139510154724,0.0,0.30363139510154724,0.0,0.0,0.0,0.014464240544334706,2,
2018-06-29 14:00:00,133,0.349646657705307,0.0,0.047605000436306,0.349646657705307,0.0,0.349646657705307,0.0,0.0,0.0,0.016644929292614075,2,
2018-06-29 15:00:00,133,0.3497922122478485,0.0,0.050222501158714294,0.3497922122478485,0.0,0.3497922122478485,0.0,0.0,0.0,0.017567439784926808,2,
2018-06-29 16:00:00,133,0.36841917037963867,0.0,0.050255000591278076,0.36841917037963867,0.0,0.36841917037963867,0.0,0.0,0.0,0.01851490562526692,2,
2018-06-29 17:00:00,133,0.3695724904537201,0.0,0.05328749865293503,0.3695724904537201,0.0,0.3695724904537201,0.0,0.0,0.0,0.019693593587214453,2,
2018-06-29 18:00:00,133,0.34982582926750183,0.0,0.05460000038146973,0.34982582926750183,0.0,0.34982582926750183,0.0,0.0,0.0,0.019100490411453563,2,
2018-06-29 19:00:00,133,0.3161464035511017,-0.0,0.05335500091314316,0.3161464035511017,0.0,0.3161464035511017,0.0,0.0,0.0,0.016867991650155956,2,
2018-06-29 20:00:00,133,0.383358895778656,-0.0,0.05114249885082245,0.383358895778656,0.0,0.383358895778656,0.0,0.0,0.0,0.019605931886812478,2,
2018-06-29 21:00:00,133,0.37024444341659546,-0.0,0.050895001739263535,0.37024444341659546,0.0,0.37024444341659546,0.0,0.0,0.0,0.018843591591640285,2,
2018-06-29 22:00:00,133,0.3382130563259125,-0.0,0.050905000418424606,0.3382130563259125,0.0,0.3382130563259125,0.0,0.0,0.0,0.01721673577378724,2,
2018-06-29 23:00:00,133,0.32950860261917114,-0.0,0.050964999943971634,0.32950860261917114,0.0,0.32950860261917114,0.0,0.0,0.0,0.01679340591402423,2,
2018-06-30 00:00:00,133,0.24883027374744415,-0.0,0.04900500178337097,0.24883027374744415,0.0,0.24883027374744415,0.0,0.0,0.0,0.012193928008750188,2,
2018-06-30 01:00:00,133,0.2506727874279022,-0.0,0.04703750088810921,0.2506727874279022,0.0,0.2506727874279022,0.0,0.0,0.0,0.011791021461264761,2,
2018-06-30 02:00:00,133,0.2680155634880066,-0.0,0.046424999833106995,0.2680155634880066,0.0,0.2680155634880066,0.0,0.0,0.0,0.012442622490200783,2,
2018-06-30 03:00:00,133,0.20927999913692474,-0.0,0.04562750086188316,0.20927999913692474,0.0,0.20927999913692474,0.0,0.0,0.0,0.009548923340994941,2,
2018-06-30 04:00:00,133,0.2680041790008545,-0.0,0.04553249850869179,0.2680041790008545,0.0,0.2680041790008545,0.0,0.0,0.0,0.012202899880679574,2,
2018-06-30 05:00:00,133,0.40826666355133057,-0.0,0.04580000042915344,0.40826666355133057,0.0,0.40826666355133057,0.0,0.0,0.0,0.018698613365859984,2,
2018-06-30 06:00:00,133,0.2569236159324646,-0.0,0.044107500463724136,0.2569236159324646,0.0,0.2569236159324646,0.0,0.0,0.0,0.011332258508882864,2,
2018-06-30 07:00:00,133,0.31356915831565857,0.0,0.04839250072836876,0.31356915831565857,0.0,0.31356915831565857,0.0,0.0,0.0,0.015174395722184486,2,
2018-06-30 08:00:00,133,0.287194162607193,0.0,0.052365001291036606,0.287194162607193,0.0,0.287194162607193,0.0,0.0,0.0,0.015038922695703838,2,
2018-06-30 09:00:00,133,0.20930056273937225,0.0,0.054409999400377274,0.20930056273937225,0.0,0.20930056273937225,0.0,0.0,0.0,0.01138804349314787,2,
2018-06-30 10:00:00,133,0.2632400095462799,0.0,0.053747501224279404,0.2632400095462799,0.0,0.2632400095462799,0.0,0.0,0.0,0.014148492735368001,2,
2018-06-30 11:00:00,133,0.22960221767425537,0.0,0.049447499215602875,0.22960221767425537,0.0,0.22960221767425537,0.0,0.0,0.0,0.011353255478348423,2,
2018-06-30 12:00:00,133,0.24311833083629608,0.0,0.04923750087618828,0.24311833083629608,0.0,0.24311833083629608,0.0,0.0,0.0,0.01197053902756956,2,
2018-06-30 13:00:00,133,0.3350888788700104,0.0,0.04777250066399574,0.3350888788700104,0.0,0.3350888788700104,0.0,0.0,0.0,0.01600803368831516,2,
2018-06-30 14:00:00,133,0.30409276485443115,0.0,0.047987498342990875,0.30409276485443115,0.0,0.30409276485443115,0.0,0.0,0.0,0.014592651049567529,2,
2018-06-30 15:00:00,133,0.42337915301322937,0.0,0.05079749971628189,0.42337915301322937,0.0,0.42337915301322937,0.0,0.0,0.0,0.021506602405069186,2,
2018-06-30 16:00:00,133,0.40016528964042664,0.0,0.05177000164985657,0.40016528964042664,0.0,0.40016528964042664,0.0,0.0,0.0,0.020716557704900218,2,
2018-06-30 17:00:00,133,0.360260546207428,0.0,0.05460749939084053,0.360260546207428,0.0,0.360260546207428,0.0,0.0,0.0,0.019672927557566,2,
2018-06-30 18:00:00,133,0.37533167004585266,3.3865700720207012e-18,0.05747250095009804,0.37533167004585266,0.0,0.37533167004585266,0.0,0.0,0.0,0.02157124976331215,2,
2018-06-30 19:00:00,133,0.9188666939735413,-0.0,0.057887498289346695,0.9188666939735413,0.0,0.9188666939735413,0.0,0.0,0.0,0.05319089417553102,2,
2018-06-30 20:00:00,133,0.4575291574001312,-0.0,0.05838499963283539,0.4575291574001312,0.0,0.4575291574001312,0.0,0.0,0.0,0.026712839686818146,2,
2018-06-30 21:00:00,133,0.34086528420448303,-0.0,0.05532250180840492,0.34086528420448303,0.0,0.34086528420448303,0.0,0.0,0.0,0.01885752030182497,2,
2018-06-30 22:00:00,133,0.4223302900791168,-0.0,0.05423999950289726,0.4223302900791168,0.0,0.4223302900791168,0.0,0.0,0.0,0.022907194723949753,2,
2018-06-30 23:00:00,133,0.3366011083126068,-0.0,0.05415999889373779,0.3366011083126068,0.0,0.3366011083126068,0.0,0.0,0.0,0.0182303156538417,2,"{'r': -5.590519, 'l': 401, 't': 1.245588}"
2018-06-14 08:00:00,134,0.6018283367156982,0.0,0.05043499916791916,0.6018283367156982,0.866496487667686,0.0,-0.0,-0.0,0.6018283367156982,0.0006018283367156983,2,
2018-06-14 09:00:00,134,0.39957860112190247,0.0,0.05138750001788139,0.39957860112190247,0.4458874338551571,0.0,-0.0,-0.0,0.39957860112190247,0.00039957860112190246,2,
2018-06-14 10:00:00,134,0.28402748703956604,0.0,0.05255749821662903,0.28402748703956604,0.1469111317082455,0.0,-0.0,-0.0,0.28402748703956604,0.000284027487039566,2,
2018-06-14 11:00:00,134,0.39662668108940125,0.0,0.051762498915195465,0.39662668108940125,0.0,0.25706110596656806,0.0,0.0,0.1395655751228332,0.013445690793856258,2,
2018-06-14 12:00:00,134,0.41896501183509827,0.0,0.0510375015437603,0.41896501183509827,0.0,0.41896501183509827,0.0,0.0,0.0,0.02138292743831538,2,
2018-06-14 13:00:00,134,0.650172770023346,0.0,0.046185001730918884,0.650172770023346,0.0,0.650172770023346,0.0,0.0,0.0,0.030028230508924558,2,
2018-06-14 14:00:00,134,0.5110661387443542,0.007821036502718925,0.04372499883174896,0.5032451022416353,0.0,0.5032451022416353,0.0,0.0,0.0,0.02200439150759889,2,
2018-06-14 15:00:00,134,0.7367891669273376,0.01488757785409689,0.04684000089764595,0.7219015890732408,0.0,0.7219015890732408,0.0,0.0,0.0,0.03381387108020263,2,
2018-06-14 16:00:00,134,0.6721133589744568,0.012294330634176731,0.04934750124812126,0.6598190283402801,0.0,0.6598190283402801,0.0,0.0,0.0,0.032560420324556125,2,
2018-06-14 17:00:00,134,0.6603941917419434,0.02469179965555668,0.05361500009894371,0.6357023920863867,0.0,0.6357023920863867,0.0,0.0,0.0,0.034083183814610375,2,
2018-06-14 18:00:00,134,1.1739633083343506,5.455184588664232e-18,0.053075000643730164,1.1739633083343506,0.0,1.1739633083343506,0.0,0.0,0.0,0.06230810334556125,2,
2018-06-14 19:00:00,134,2.0408177375793457,-0.0,0.0536700002849102,2.0408177375793457,0.0,2.0408177375793457,0.0,0.0,0.0,0.10953068855733328,2,
2018-06-14 20:00:00,134,1.3341041803359985,0.0,0.054464999586343765,1.3341041803359985,0.0,1.3341041803359985,0.0,0.0,0.0,0.07266198363013965,2,
2018-06-14 21:00:00,134,0.7544152736663818,-0.0,0.05682000145316124,0.7544152736663818,0.0,0.7544152736663818,0.0,0.0,0.0,0.04286587694601085,2,
2018-06-14 22:00:00,134,0.767264723777771,-0.0,0.05617750063538551,0.767264723777771,0.0,0.767264723777771,0.0,0.0,0.0,0.04310301450753462,2,
2018-06-14 23:00:00,134,0.4224119484424591,-0.0,0.054090000689029694,0.4224119484424591,0.0,0.4224119484424591,0.0,0.0,0.0,0.02284826258230699,2,
2018-06-15 00:00:00,134,0.30470332503318787,-0.0,0.05346250161528587,0.30470332503318787,0.0,0.30470332503318787,0.0,0.0,0.0,0.016290202006769783,2,
2018-06-15 01:00:00,134,0.2502813935279846,-0.0,0.05254749953746796,0.2502813935279846,0.0,0.2502813935279846,0.0,0.0,0.0,0.013151661410648607,2,
2018-06-15 02:00:00,134,0.32456111907958984,-0.0,0.05115250125527382,0.32456111907958984,0.0,0.32456111907958984,0.0,0.0,0.0,0.016602113051131795,2,
2018-06-15 03:00:00,134,0.40989720821380615,-0.0,0.048032499849796295,0.40989720821380615,0.0,0.40989720821380615,0.0,0.0,0.0,0.019688387591961565,2,
2018-06-15 04:00:00,134,0.6367141604423523,-0.0,0.04812749847769737,0.6367141604423523,0.0,0.6367141604423523,0.0,0.0,0.0,0.03064345978741767,2,
2018-06-15 05:00:00,134,0.35281333327293396,-0.0,0.04946250095963478,0.35281333327293396,0.0,0.35281333327293396,0.0,0.0,0.0,0.017451029835584442,2,
2018-06-15 06:00:00,134,0.6103416681289673,-0.0,0.050930000841617584,0.6103416681289673,0.0,0.6103416681289673,0.0,0.0,0.0,0.031084701671482584,2,
2018-06-15 07:00:00,134,0.6441905498504639,0.0,0.05540499836206436,0.6441905498504639,0.0,0.6441905498504639,0.0,0.0,0.0,0.03569137635932229,2,
2018-06-15 08:00:00,134,1.2435436248779297,0.0,0.05852749943733215,1.2435436248779297,0.0,1.2435436248779297,0.0,0.0,0.0,0.07278149880534102,2,
2018-06-15 09:00:00,134,0.8398077487945557,0.0,0.057714998722076416,0.8398077487945557,0.0,0.8398077487945557,0.0,0.0,0.0,0.04846950314846765,2,
2018-06-15 10:00:00,134,1.0114933252334595,0.0,0.05613499879837036,1.0114933252334595,0.0,1.0114933252334595,0.0,0.0,0.0,0.05678017659653989,2,
2018-06-15 11:00:00,134,0.915820300579071,0.007356082089245319,0.05146250128746033,0.9084642184898257,0.0,0.9084642184898257,0.0,0.0,0.0,0.046751841013644296,2,
2018-06-15 12:00:00,134,0.7335749864578247,0.011225635185837746,0.05209999904036522,0.722349351271987,0.0,0.722349351271987,0.0,0.0,0.0,0.03763440050807896,2,
2018-06-15 13:00:00,134,0.5604627728462219,0.0627296194434166,0.05252499878406525,0.49773315340280533,0.0,0.49773315340280533,0.0,0.0,0.0,0.02614343327727131,2,
2018-06-15 14:00:00,134,0.7582283616065979,0.11751903593540192,0.05179249867796898,0.640709325671196,0.0,0.640709325671196,0.0,0.0,0.0,0.033183936902787814,2,
2018-06-15 15:00:00,134,1.7806529998779297,0.05597560480237007,0.052025001496076584,1.7246773950755596,0.0,1.7246773950755596,0.0,0.0,0.0,0.08972634405905545,2,
2018-06-15 16:00:00,134,1.499334692955017,0.03752468153834343,0.05334249883890152,1.4618100114166737,0.0,1.4618100114166737,0.0,0.0,0.0,0.07797659883668853,2,
2018-06-15 17:00:00,134,2.5297138690948486,0.01196300983428955,0.058855000883340836,2.517750859260559,0.0,2.517750859260559,0.0,0.0,0.0,0.14818222904581235,2,
2018-06-15 18:00:00,134,1.2896544933319092,1.2168154374177608e-17,0.05953750014305115,1.2896544933319092,0.0,1.2896544933319092,0.0,0.0,0.0,0.0767828045812351,2,
2018-06-15 19:00:00,134,1.058293104171753,0.0,0.056290000677108765,1.058293104171753,0.0,1.058293104171753,0.0,0.0,0.0,0.05957131955040751,2,
2018-06-15 20:00:00,134,1.5015422105789185,0.0,0.0508200004696846,1.5015422105789185,0.0,1.5015422105789185,0.0,0.0,0.0,0.07630837584687189,2,
2018-06-15 21:00:00,134,1.11131751537323,-0.0,0.05141500011086464,1.11131751537323,0.0,1.11131751537323,0.0,0.0,0.0,0.057138390176120435,2,
2018-06-15 22:00:00,134,0.7198830842971802,-0.0,0.050324998795986176,0.7198830842971802,0.0,0.7198830842971802,0.0,0.0,0.0,0.03622811535050641,2,
2018-06-15 23:00:00,134,0.48541250824928284,-0.0,0.05392000079154968,0.48541250824928284,0.0,0.48541250824928284,0.0,0.0,0.0,0.026173442829029447,2,
2018-06-16 00:00:00,134,0.4049530625343323,-0.0,0.0533674992620945,0.4049530625343323,0.0,0.4049530625343323,0.0,0.0,0.0,0.021611332265983885,2,
2018-06-16 01:00:00,134,0.28023749589920044,-0.0,0.053289998322725296,0.28023749589920044,0.0,0.28023749589920044,0.0,0.0,0.0,0.014933855686433128,2,
2018-06-16 02:00:00,134,0.28700554370880127,-0.0,0.05099250003695488,0.28700554370880127,0.0,0.28700554370880127,0.0,0.0,0.0,0.014635130198177304,2,
2018-06-16 03:00:00,134,0.44288334250450134,-0.0,0.05127999931573868,0.44288334250450134,0.0,0.44288334250450134,0.0,0.0,0.0,0.022711057500582887,2,
2018-06-16 04:00:00,134,0.3772944509983063,0.0,0.049582500010728836,0.3772944509983063,0.0,0.3772944509983063,0.0,0.0,0.0,0.01870720212067145,2,
2018-06-16 05:00:00,134,0.2674344480037689,-0.0,0.04856250062584877,0.2674344480037689,0.0,0.2674344480037689,0.0,0.0,0.0,0.012987285548556549,2,
2018-06-16 06:00:00,134,0.34667444229125977,0.0,0.04915250092744827,0.34667444229125977,0.0,0.34667444229125977,0.0,0.0,0.0,0.01703991584624376,2,
2018-06-16 07:00:00,134,0.3885897099971771,0.4951288104057312,0.047439999878406525,-0.10653910040855408,1.4249999999999998,1.393460899591446,0.0,0.0,1.5,0.06760578490718244,0,
2018-06-16 08:00:00,134,0.6888405680656433,0.0,0.04690000042319298,0.6888405680656433,0.6999046651940595,0.0,-0.0,-0.0,0.6888405680656433,0.0006888405680656434,2,
2018-06-16 09:00:00,134,0.7064608335494995,0.0,0.05140500143170357,0.7064608335494995,0.0,0.041551401615143035,0.0,0.0,0.6649094319343565,0.0028008592914500743,2,
2018-06-16 10:00:00,134,0.5563372373580933,0.0,0.05048749968409538,0.5563372373580933,0.0,0.5563372373580933,0.0,0.0,0.0,0.02808807609536723,2,
2018-06-16 11:00:00,134,0.36595889925956726,0.0,0.04706500098109245,0.36595889925956726,0.0,0.36595889925956726,0.0,0.0,0.0,0.017223855952691047,2,
2018-06-16 12:00:00,134,0.32954612374305725,0.0,0.04636000096797943,0.32954612374305725,0.0,0.32954612374305725,0.0,0.0,0.0,0.015277758615722004,2,
2018-06-16 13:00:00,134,0.3276711106300354,0.0,0.046094998717308044,0.3276711106300354,0.0,0.3276711106300354,0.0,0.0,0.0,0.015103999424190384,2,
2018-06-16 14:00:00,134,0.3841380476951599,0.0,0.04602999985218048,0.3841380476951599,0.0,0.3841380476951599,0.0,0.0,0.0,0.01768187427862511,2,
2018-06-16 15:00:00,134,0.8216778039932251,0.0,0.046322498470544815,0.8216778039932251,0.0,0.8216778039932251,0.0,0.0,0.0,0.03806216881875679,2,
2018-06-16 16:00:00,134,0.8174647092819214,0.0,0.04612499848008156,0.8174647092819214,0.0,0.8174647092819214,0.0,0.0,0.0,0.03770555847314894,2,
2018-06-16 17:00:00,134,1.4847208261489868,0.0,0.04668499901890755,1.4847208261489868,0.0,1.4847208261489868,0.0,0.0,0.0,0.06931419031211705,2,
2018-06-16 18:00:00,134,1.2183855772018433,0.0,0.04633000120520592,1.2183855772018433,0.0,1.2183855772018433,0.0,0.0,0.0,0.056447805260166906,2,
2018-06-16 19:00:00,134,0.6840460896492004,-0.0,0.04812749847769737,0.6840460896492004,0.0,0.6840460896492004,0.0,0.0,0.0,0.032921427138266735,2,
2018-06-16 20:00:00,134,0.8207864165306091,-0.0,0.048282500356435776,0.8207864165306091,0.0,0.8207864165306091,0.0,0.0,0.0,0.03962962044869678,2,
2018-06-16 21:00:00,134,0.8770033121109009,-0.0,0.04887999966740608,0.8770033121109009,0.0,0.8770033121109009,0.0,0.0,0.0,0.04286792160429487,2,
2018-06-16 22:00:00,134,0.9924824833869934,-0.0,0.048920001834630966,0.9924824833869934,0.0,0.9924824833869934,0.0,0.0,0.0,0.048552244908130815,2,
2018-06-16 23:00:00,134,0.6856558322906494,-0.0,0.05235249921679497,0.6856558322906494,0.0,0.6856558322906494,0.0,0.0,0.0,0.035895796422987125,2,
2018-06-17 00:00:00,134,0.6820166707038879,-0.0,0.04961000010371208,0.6820166707038879,0.0,0.6820166707038879,0.0,0.0,0.0,0.03383484710435325,2,
2018-06-17 01:00:00,134,0.25657084584236145,-0.0,0.04815249890089035,0.25657084584236145,0.0,0.25657084584236145,0.0,0.0,0.0,0.012354527372424817,2,
2018-06-17 02:00:00,134,0.25529944896698,-0.0,0.04539500176906586,0.25529944896698,0.0,0.25529944896698,0.0,0.0,0.0,0.011589318937497595,2,
2018-06-17 03:00:00,134,0.3456861078739166,0.0,0.04128750041127205,0.3456861078739166,0.0,0.3456861078739166,0.0,0.0,0.0,0.014272515321015367,2,
2018-06-17 04:00:00,134,0.3612569570541382,-0.0,0.040860000997781754,0.3612569570541382,0.0,0.3612569570541382,0.0,0.0,0.0,0.014760959625687686,2,
2018-06-17 05:00:00,134,0.368390828371048,-0.0,0.04116249829530716,0.368390828371048,0.0,0.368390828371048,0.0,0.0,0.0,0.015163886844830055,2,
2018-06-17 06:00:00,134,0.29041221737861633,-0.0,0.04323999956250191,0.29041221737861633,0.0,0.29041221737861633,0.0,0.0,0.0,0.012557424152396579,2,
2018-06-17 07:00:00,134,0.2787555456161499,0.0,0.04397499933838844,0.2787555456161499,0.0,0.2787555456161499,0.0,0.0,0.0,0.012258274934042301,2,
2018-06-17 08:00:00,134,0.9587972164154053,1.2318438291549683,0.046217501163482666,-0.273046612739563,1.4249999999999998,1.226953387260437,0.0,0.0,1.5,0.05820671960324825,0,
2018-06-17 09:00:00,134,0.9037225246429443,0.5761799216270447,0.05204499885439873,0.32754260301589966,1.0802183126148424,0.0,-0.0,-0.0,0.32754260301589966,0.00032754260301589964,2,
2018-06-17 10:00:00,134,1.215886116027832,0.0,0.05245000123977661,1.215886116027832,0.0,0.1896787190437319,0.0,0.0,1.0262073969841001,0.010974856445987077,2,
2018-06-17 11:00:00,134,1.762025237083435,0.8493103384971619,0.05355000123381615,0.9127148985862732,0.0,0.9127148985862732,0.0,0.0,0.0,0.04887588394541731,2,
2018-06-17 12:00:00,134,1.3408658504486084,1.0259010791778564,0.05441249907016754,0.31496477127075195,0.0,0.31496477127075195,0.0,0.0,0.0,0.017138020323905323,2,
2018-06-17 13:00:00,134,0.9034472107887268,0.05136256664991379,0.051762498915195465,0.852084644138813,0.0,0.852084644138813,0.0,0.0,0.0,0.04410603046789002,2,
2018-06-17 14:00:00,134,1.298431396484375,0.035071637481451035,0.05068250000476837,1.263359759002924,0.0,1.263359759002924,0.0,0.0,0.0,0.06403023099168986,2,
2018-06-17 15:00:00,134,1.3016302585601807,0.0,0.05158749967813492,1.3016302585601807,0.0,1.3016302585601807,0.0,0.0,0.0,0.06714785054452399,2,
2018-06-17 16:00:00,134,1.544963002204895,0.0,0.05339999869465828,1.544963002204895,0.0,1.544963002204895,0.0,0.0,0.0,0.08250102230103673,2,
2018-06-17 17:00:00,134,1.3403044939041138,0.0,0.05517499893903732,1.3403044939041138,0.0,1.3403044939041138,0.0,0.0,0.0,0.07395129902914643,2,
2018-06-17 18:00:00,134,0.49205639958381653,0.0,0.054910000413656235,0.49205639958381653,0.0,0.49205639958381653,0.0,0.0,0.0,0.027018817104689563,2,
2018-06-17 19:00:00,134,0.28197526931762695,-0.0,0.051247499883174896,0.28197526931762695,0.0,0.28197526931762695,0.0,0.0,0.0,0.014450527581413297,2,
2018-06-17 20:00:00,134,0.5750153064727783,-0.0,0.0508975014090538,0.5750153064727783,0.0,0.5750153064727783,0.0,0.0,0.0,0.02926684237142574,2,
2018-06-17 21:00:00,134,1.5195595026016235,-0.0,0.050404999405145645,1.5195595026016235,0.0,1.5195595026016235,0.0,0.0,0.0,0.07659339582471825,2,
2018-06-17 22:00:00,134,1.5909842252731323,-0.0,0.05011500045657158,1.5909842252731323,0.0,1.5909842252731323,0.0,0.0,0.0,0.0797321751759612,2,
2018-06-17 23:00:00,134,2.2333972454071045,-0.0,0.0504550002515316,2.2333972454071045,0.0,2.2333972454071045,0.0,0.0,0.0,0.11268605857878544,2,
2018-06-18 00:00:00,134,0.0,-0.0,0.05061250180006027,0.0,0.0,0.0,-0.0,-0.0,0.0,0.0,2,
2018-06-18 01:00:00,134,0.0,-0.0,0.04258250072598457,0.0,0.0,0.0,-0.0,-0.0,0.0,0.0,2,
2018-06-18 02:00:00,134,0.0,-0.0,0.04159500077366829,0.0,0.0,0.0,-0.0,-0.0,0.0,0.0,2,
2018-06-18 03:00:00,134,0.0,-0.0,0.0359174981713295,0.0,0.0,0.0,-0.0,-0.0,0.0,0.0,2,
2018-06-18 04:00:00,134,0.0,-0.0,0.037085000425577164,0.0,0.0,0.0,-0.0,-0.0,0.0,0.0,2,
2018-06-18 05:00:00,134,0.0,-0.0,0.04442249983549118,0.0,0.0,0.0,-0.0,-0.0,0.0,0.0,2,
2018-06-18 06:00:00,134,0.0,-0.0,0.05052750185132027,0.0,0.0,0.0,-0.0,-0.0,0.0,0.0,2,
2018-06-18 07:00:00,134,0.0,0.0,0.052615001797676086,0.0,0.0,0.0,-0.0,-0.0,0.0,0.0,2,
2018-06-18 08:00:00,134,0.0,0.0,0.054999999701976776,0.0,0.0,0.0,-0.0,-0.0,0.0,0.0,2,
2018-06-18 09:00:00,134,0.0,0.0,0.0516275018453598,0.0,0.0,0.0,-0.0,-0.0,0.0,0.0,2,
2018-06-18 10:00:00,134,0.0,0.0,0.048739999532699585,0.0,0.0,0.0,-0.0,-0.0,0.0,0.0,2,
2018-06-18 11:00:00,134,0.0,0.06446992605924606,0.047635000199079514,-0.06446992605924606,0.0,0.0,0.06446992605924606,0.06446992605924606,0.0,0.0,2,
2018-06-18 12:00:00,134,0.0,0.051355570554733276,0.047587499022483826,-0.051355570554733276,0.0,0.0,0.051355570554733276,0.051355570554733276,0.0,0.0,2,
2018-06-18 13:00:00,134,0.0,1.028584599494934,0.04826999828219414,-1.028584599494934,0.0,0.0,1.028584599494934,1.028584599494934,0.0,0.0,2,
2018-06-18 14:00:00,134,0.0,0.07845919579267502,0.04805999994277954,-0.07845919579267502,0.0,0.0,0.07845919579267502,0.07845919579267502,0.0,0.0,2,
2018-06-18 15:00:00,134,0.0,0.05516631901264191,0.04946250095963478,-0.05516631901264191,0.0,0.0,0.05516631901264191,0.05516631901264191,0.0,0.0,2,
2018-06-18 16:00:00,134,0.0,0.011393198743462563,0.0528700016438961,-0.011393198743462563,0.0,0.0,0.011393198743462563,0.011393198743462563,0.0,0.0,2,
2018-06-18 17:00:00,134,0.0,0.0,0.05662250146269798,0.0,0.0,0.0,-0.0,-0.0,0.0,0.0,2,
2018-06-18 18:00:00,134,0.0,0.0,0.056437499821186066,0.0,0.0,0.0,-0.0,-0.0,0.0,0.0,2,
2018-06-18 19:00:00,134,0.0,0.0,0.05443749949336052,0.0,0.0,0.0,-0.0,-0.0,0.0,0.0,2,
2018-06-18 20:00:00,134,0.0,0.0,0.051477499306201935,0.0,0.0,0.0,-0.0,-0.0,0.0,0.0,2,
2018-06-18 21:00:00,134,0.0,0.0,0.05019500106573105,0.0,0.0,0.0,-0.0,-0.0,0.0,0.0,2,
2018-06-18 22:00:00,134,0.0,0.0,0.04966749995946884,0.0,0.0,0.0,-0.0,-0.0,0.0,0.0,2,
2018-06-18 23:00:00,134,0.0,0.0,0.04732999950647354,0.0,0.0,0.0,-0.0,-0.0,0.0,0.0,2,
2018-06-19 00:00:00,134,0.0,0.0,0.04192499816417694,0.0,0.0,0.0,-0.0,-0.0,0.0,0.0,2,
2018-06-19 01:00:00,134,0.0,0.0,0.04428499937057495,0.0,0.0,0.0,-0.0,-0.0,0.0,0.0,2,
2018-06-19 02:00:00,134,0.0,0.0,0.04573750123381615,0.0,0.0,0.0,-0.0,-0.0,0.0,0.0,2,
2018-06-19 03:00:00,134,0.0,0.0,0.046275001019239426,0.0,0.0,0.0,-0.0,-0.0,0.0,0.0,2,
2018-06-19 04:00:00,134,0.0,0.0,0.04686500132083893,0.0,0.0,0.0,-0.0,-0.0,0.0,0.0,2,
2018-06-19 05:00:00,134,0.0,0.0,0.04967749863862991,0.0,0.0,0.0,-0.0,-0.0,0.0,0.0,2,
2018-06-19 06:00:00,134,0.0,0.0,0.051282498985528946,0.0,0.0,0.0,-0.0,-0.0,0.0,0.0,2,
2018-06-19 07:00:00,134,0.0,0.4028696119785309,0.05234000086784363,-0.4028696119785309,0.0,0.0,0.4028696119785309,0.4028696119785309,0.0,0.0,2,
2018-06-19 08:00:00,134,0.1384177803993225,0.6838774681091309,0.055319998413324356,-0.5454596877098083,0.0,0.0,0.5454596877098083,0.5454596877098083,0.0,0.0,2,
2018-06-19 09:00:00,134,0.3653374910354614,0.04155251011252403,0.06030000001192093,0.3237849809229374,0.0,0.3237849809229374,0.0,0.0,0.0,0.019524234353512943,2,
2018-06-19 10:00:00,134,0.3980002701282501,0.07781144231557846,0.060704998672008514,0.32018882781267166,0.0,0.32018882781267166,0.0,0.0,0.0,0.019437062367160196,2,
2018-06-19 11:00:00,134,0.40039610862731934,1.263866662979126,0.061012499034404755,-0.8634705543518066,0.0,0.0,0.8634705543518066,0.8634705543518066,0.0,0.0,2,
2018-06-19 12:00:00,134,0.39732611179351807,1.3261812925338745,0.060417499393224716,-0.9288551807403564,0.0,0.0,0.9288551807403564,0.9288551807403564,0.0,0.0,2,
2018-06-19 13:00:00,134,0.38266250491142273,0.14917893707752228,0.055217500776052475,0.23348356783390045,0.0,0.23348356783390045,0.0,0.0,0.0,0.012892379088063899,2,
2018-06-19 14:00:00,134,0.37463778257369995,0.2490323930978775,0.054294999688863754,0.12560538947582245,0.0,0.12560538947582245,0.0,0.0,0.0,0.0068197445825093905,2,
2018-06-19 15:00:00,134,0.6763513684272766,0.256897509098053,0.06003250181674957,0.41945385932922363,0.0,0.41945385932922363,0.0,0.0,0.0,0.025180864572224237,2,
2018-06-19 16:00:00,134,0.6687708497047424,0.13259734213352203,0.06661249697208405,0.5361735075712204,0.0,0.5361735075712204,0.0,0.0,0.0,0.0357158561495996,2,
2018-06-19 17:00:00,134,1.4442614316940308,0.06153205782175064,0.06947500258684158,1.3827293738722801,0.0,1.3827293738722801,0.0,0.0,0.0,0.0960651268266785,2,
2018-06-19 18:00:00,134,0.614948034286499,1.2909472811967019e-17,0.06649249792098999,0.614948034286499,0.0,0.614948034286499,0.0,0.0,0.0,0.04088943089131192,2,
2018-06-19 19:00:00,134,1.1902458667755127,0.0,0.05508749932050705,1.1902458667755127,0.0,1.1902458667755127,0.0,0.0,0.0,0.06556766837723238,2,
2018-06-19 20:00:00,134,1.0292500257492065,-0.0,0.052367500960826874,1.0292500257492065,0.0,1.0292500257492065,0.0,0.0,0.0,0.05389925171235266,2,
2018-06-19 21:00:00,134,1.1327991485595703,-0.0,0.05077249929308891,1.1327991485595703,0.0,1.1327991485595703,0.0,0.0,0.0,0.057515043969452506,2,
2018-06-19 22:00:00,134,1.2224266529083252,-0.0,0.051007501780986786,1.2224266529083252,0.0,1.2224266529083252,0.0,0.0,0.0,0.06235292967534711,2,
2018-06-19 23:00:00,134,2.0389182567596436,-0.0,0.055262498557567596,2.0389182567596436,0.0,2.0389182567596436,0.0,0.0,0.0,0.11267571722317804,2,
2018-06-20 00:00:00,134,2.0243899822235107,-0.0,0.05455499887466431,2.0243899822235107,0.0,2.0243899822235107,0.0,0.0,0.0,0.11044059320208532,2,
2018-06-20 01:00:00,134,0.3544461131095886,-0.0,0.055287498980760574,0.3544461131095886,0.0,0.3544461131095886,0.0,0.0,0.0,0.019596439117280928,2,
2018-06-20 02:00:00,134,0.236402228474617,-0.0,0.05241499841213226,0.236402228474617,0.0,0.236402228474617,0.0,0.0,0.0,0.012391022430121579,2,
2018-06-20 03:00:00,134,0.34600943326950073,-0.0,0.047905001789331436,0.34600943326950073,0.0,0.34600943326950073,0.0,0.0,0.0,0.01657558251990099,2,
2018-06-20 04:00:00,134,0.559220552444458,-0.0,0.047839999198913574,0.559220552444458,0.0,0.559220552444458,0.0,0.0,0.0,0.026753110780958878,2,
2018-06-20 05:00:00,134,0.5369200110435486,-0.0,0.0496474988758564,0.5369200110435486,0.0,0.5369200110435486,0.0,0.0,0.0,0.026656735644709384,2,
2018-06-20 06:00:00,134,0.37485137581825256,-0.0,0.050987500697374344,0.37485137581825256,0.0,0.37485137581825256,0.0,0.0,0.0,0.019112734785944885,2,
2018-06-20 07:00:00,134,0.3961355686187744,0.0,0.05380500108003616,0.3961355686187744,0.0,0.3961355686187744,0.0,0.0,0.0,0.021314074697373897,2,
2018-06-20 08:00:00,134,1.4032416343688965,0.0,0.055799998342990875,1.4032416343688965,0.0,1.4032416343688965,0.0,0.0,0.0,0.07830088087260023,2,
2018-06-20 09:00:00,134,1.156084418296814,0.0,0.054864998906850815,1.156084418296814,0.0,1.156084418296814,0.0,0.0,0.0,0.06342857034608196,2,
2018-06-20 10:00:00,134,0.468854159116745,0.0,0.05340249836444855,0.468854159116745,0.0,0.468854159116745,0.0,0.0,0.0,0.025037983465396874,2,
2018-06-20 11:00:00,134,0.7718630433082581,0.0,0.05012499913573265,0.7718630433082581,0.0,0.7718630433082581,0.0,0.0,0.0,0.03868963437873041,2,
2018-06-20 12:00:00,134,0.6629785895347595,2.738091468811035,0.05015749856829643,-2.0751128792762756,1.4249999999999998,0.0,0.5751128792762756,0.5751128792762756,1.5,0.0015,0,
2018-06-20 13:00:00,134,0.30946972966194153,0.9762219786643982,0.049962498247623444,-0.6667522490024567,1.4249999999999998,0.0,0.6667522490024567,0.6667522490024567,0.0,0.0,2,
2018-06-20 14:00:00,134,0.2196141630411148,1.7062309980392456,0.04996500164270401,-1.4866168349981308,2.8499999999999996,0.013383165001869202,0.0,0.0,1.5,0.0021686898613029735,0,
2018-06-20 15:00:00,134,0.2996077835559845,0.015884997323155403,0.05196249857544899,0.2837227862328291,2.55134443554439,0.0,-0.0,-0.0,0.2837227862328291,0.0002837227862328291,2,
2018-06-20 16:00:00,134,0.47189998626708984,0.06295590102672577,0.051512498408555984,0.4089440852403641,2.1208769773966383,0.0,-0.0,-0.0,0.4089440852403641,0.0004089440852403641,2,
2018-06-20 17:00:00,134,0.4895244538784027,0.04616231471300125,0.05077999830245972,0.44336213916540146,1.6541799888014788,0.0,-0.0,-0.0,0.44336213916540146,0.00044336213916540147,2,
2018-06-20 18:00:00,134,0.2275911122560501,1.9187458505431116e-17,0.05372999981045723,0.22759111225605008,1.414610396953005,0.0,-0.0,-0.0,0.22759111225605008,0.00022759111225605007,2,
2018-06-20 19:00:00,134,0.2222222238779068,0.0,0.054749999195337296,0.2222222238779068,1.1806922665552084,0.0,-0.0,-0.0,0.2222222238779068,0.0002222222238779068,2,
2018-06-20 20:00:00,134,0.39827361702919006,0.0,0.05435749888420105,0.39827361702919006,0.7614568802086925,0.0,-0.0,-0.0,0.39827361702919006,0.0003982736170291901,2,
2018-06-20 21:00:00,134,0.8029108047485352,0.0,0.05340249836444855,0.8029108047485352,2.1864568802086923,2.302910804748535,0.0,0.0,1.5,0.12448119048405454,0,
2018-06-20 22:00:00,134,0.853962242603302,0.0,0.05243249982595444,0.853962242603302,1.2875492564157427,0.0,-0.0,-0.0,0.853962242603302,0.000853962242603302,2,
2018-06-20 23:00:00,134,0.655157208442688,0.0,0.0525050014257431,0.655157208442688,2.7125492564157425,2.155157208442688,0.0,0.0,1.5,0.11465653230198386,0,
2018-06-21 00:00:00,134,0.46081972122192383,0.0,0.05015749856829643,0.46081972122192383,2.2274758656558227,0.0,-0.0,-0.0,0.46081972122192383,0.0004608197212219238,2,
2018-06-21 01:00:00,134,0.3151530623435974,0.0,0.048852499574422836,0.3151530623435974,3.0,1.1283363616532578,0.0,0.0,0.8131832993096604,0.05593523492678125,0,
2018-06-21 02:00:00,134,0.24455000460147858,0.0,0.04522499814629555,0.24455000460147858,3.0,0.24455000460147858,0.0,0.0,0.0,0.011059773504778436,0,
2018-06-21 03:00:00,134,0.3374433219432831,0.0,0.03772500157356262,0.3374433219432831,2.644796503217597,0.0,-0.0,-0.0,0.3374433219432831,0.0003374433219432831,2,
2018-06-21 04:00:00,134,0.3670263886451721,0.0,0.037927500903606415,0.3670263886451721,2.2584529362226786,0.0,-0.0,-0.0,0.3670263886451721,0.00036702638864517215,2,
2018-06-21 05:00:00,134,0.3168349862098694,0.0,0.04111750051379204,0.3168349862098694,1.9249424244228162,0.0,-0.0,-0.0,0.3168349862098694,0.0003168349862098694,2,
2018-06-21 06:00:00,134,0.36698415875434875,0.0,0.04758000001311302,0.36698415875434875,1.5386433099445542,0.0,-0.0,-0.0,0.36698415875434875,0.00036698415875434875,2,
2018-06-21 07:00:00,134,0.2764483392238617,0.5440220236778259,0.04751500114798546,-0.26757368445396423,2.963643309944554,1.2324263155460358,0.0,0.0,1.5,0.06005873779797738,0,
2018-06-21 08:00:00,134,0.5000172257423401,2.0365469455718994,0.04613250121474266,-1.5365297198295593,3.0,0.0,1.498259519771195,1.498259519771195,0.038270200058364394,3.82702000583644e-05,0,
2018-06-21 09:00:00,134,0.30005666613578796,1.4878257513046265,0.046937499195337296,-1.1877690851688385,3.0,0.0,1.1877690851688385,1.1877690851688385,0.0,0.0,0,
2018-06-21 10:00:00,134,0.22184805572032928,0.1817793846130371,0.04672250151634216,0.040068671107292175,2.9578224514660083,0.0,-0.0,-0.0,0.040068671107292175,4.006867110729218e-05,2,
2018-06-21 11:00:00,134,0.2307513952255249,0.2535856366157532,0.04618750140070915,-0.02283424139022827,2.9578224514660083,0.0,0.02283424139022827,0.02283424139022827,0.0,0.0,2,
2018-06-21 12:00:00,134,0.7122308611869812,0.3150918781757355,0.04629499837756157,0.3971389830112457,2.5397814167173287,0.0,-0.0,-0.0,0.3971389830112457,0.00039713898301124576,2,
2018-06-21 13:00:00,134,0.6659966707229614,0.34309035539627075,0.04631999880075455,0.3229063153266907,2.1998800321629175,0.0,-0.0,-0.0,0.3229063153266907,0.0003229063153266907,2,
2018-06-21 14:00:00,134,0.3189563751220703,0.27610427141189575,0.046277500689029694,0.04285210371017456,2.15477255457326,0.0,-0.0,-0.0,0.04285210371017456,4.285210371017456e-05,2,
2018-06-21 15:00:00,134,0.4933983385562897,0.2825196087360382,0.04816250130534172,0.21087872982025146,1.9327949442361534,0.0,-0.0,-0.0,0.21087872982025146,0.00021087872982025147,2,
2018-06-21 16:00:00,134,0.6366244554519653,0.1741671860218048,0.048889998346567154,0.4624572694301605,1.445997818520195,0.0,-0.0,-0.0,0.4624572694301605,0.0004624572694301605,2,
2018-06-21 17:00:00,134,1.9514485597610474,0.09217716008424759,0.051317501813173294,1.8592713996767998,0.0,0.4855734720826146,0.0,0.0,1.3736979275941852,0.026292115461622613,2,
2018-06-21 18:00:00,134,1.5440000295639038,5.042982374173643e-17,0.05155999958515167,1.5440000295639038,0.0,1.5440000295639038,0.0,0.0,0.0,0.07960864088378905,2,
2018-06-21 19:00:00,134,0.6173916459083557,0.0,0.05448500066995621,0.6173916459083557,0.0,0.6173916459083557,0.0,0.0,0.0,0.033638584240942127,2,
2018-06-21 20:00:00,134,0.8396974802017212,0.0,0.0545400008559227,0.8396974802017212,0.0,0.8396974802017212,0.0,0.0,0.0,0.04579710128891801,2,
2018-06-21 21:00:00,134,0.8718058466911316,0.0,0.05446749925613403,0.8718058466911316,0.0,0.8718058466911316,0.0,0.0,0.0,0.04748508430614251,2,
2018-06-21 22:00:00,134,0.7745069265365601,0.0,0.05256250128149986,0.7745069265365601,0.0,0.7745069265365601,0.0,0.0,0.0,0.04071002131860846,2,
2018-06-21 23:00:00,134,0.5666691660881042,0.0,0.05197500064969063,0.5666691660881042,0.0,0.5666691660881042,0.0,0.0,0.0,0.029452630275588865,2,
2018-06-22 00:00:00,134,0.657336413860321,0.0,0.050927501171827316,0.657336413860321,0.0,0.657336413860321,0.0,0.0,0.0,0.033476500987156266,2,
2018-06-22 01:00:00,134,0.36036139726638794,0.0,0.045522499829530716,0.36036139726638794,0.0,0.36036139726638794,0.0,0.0,0.0,0.016404551645628596,2,
2018-06-22 02:00:00,134,0.2436855584383011,0.0,0.04596250131726265,0.2436855584383011,0.0,0.2436855584383011,0.0,0.0,0.0,0.011200397800718298,2,
2018-06-22 03:00:00,134,0.2515277862548828,0.0,0.04634999856352806,0.2515277862548828,0.0,0.2515277862548828,0.0,0.0,0.0,0.011658312531601212,2,
2018-06-22 04:00:00,134,0.3372766673564911,-0.0,0.04611000046133995,0.3372766673564911,0.0,0.3372766673564911,0.0,0.0,0.0,0.015551827287407005,2,
2018-06-22 05:00:00,134,0.36993667483329773,0.0,0.047542501240968704,0.36993667483329773,1.4249999999999998,1.8699366748332977,0.0,0.0,1.5,0.09040146668379495,0,
2018-06-22 06:00:00,134,0.4974772334098816,0.0,0.04822999984025955,0.4974772334098816,0.9013397543053876,0.0,-0.0,-0.0,0.4974772334098816,0.0004974772334098816,2,
2018-06-22 07:00:00,134,0.6970608234405518,0.05465812608599663,0.048739999532699585,0.6424026973545551,0.2251263886690138,0.0,-0.0,-0.0,0.6424026973545551,0.0006424026973545551,2,
2018-06-22 08:00:00,134,0.7232283353805542,2.03459095954895,0.04956499859690666,-1.311362624168396,1.6501263886690136,0.188637375831604,0.0,0.0,1.5,0.010849811268417607,0,
2018-06-22 09:00:00,134,0.9230977892875671,0.25947898626327515,0.04901750013232231,0.663618803024292,0.9515802802223904,0.0,-0.0,-0.0,0.663618803024292,0.000663618803024292,2,
2018-06-22 10:00:00,134,0.529544472694397,2.7583606243133545,0.04836999997496605,-2.2288161516189575,2.3765802802223903,0.0,0.7288161516189575,0.7288161516189575,1.5,0.0015,0,
2018-06-22 11:00:00,134,0.4287663996219635,2.123553514480591,0.047655001282691956,-1.6947871148586273,3.0,0.0,1.038555830882196,1.038555830882196,0.6562312839764313,0.0006562312839764313,0,
2018-06-22 12:00:00,134,0.9621410965919495,3.1995372772216797,0.047872498631477356,-2.2373961806297302,3.0,0.0,2.2373961806297302,2.2373961806297302,0.0,0.0,0,
2018-06-22 13:00:00,134,0.8474066853523254,0.45051223039627075,0.04845999926328659,0.3968944549560547,2.582216363204153,0.0,-0.0,-0.0,0.3968944549560547,0.0003968944549560547,2,
2018-06-22 14:00:00,134,0.6137974858283997,0.37122929096221924,0.04775749891996384,0.24256819486618042,2.3268814212397526,0.0,-0.0,-0.0,0.24256819486618042,0.00024256819486618043,2,
2018-06-22 15:00:00,134,0.7082391381263733,0.21247555315494537,0.047724999487400055,0.4957635849714279,1.8050250160066705,0.0,-0.0,-0.0,0.4957635849714279,0.0004957635849714279,2,
2018-06-22 16:00:00,134,0.7317138910293579,0.11509408056735992,0.04859749972820282,0.616619810461998,1.1559515313098305,0.0,-0.0,-0.0,0.616619810461998,0.000616619810461998,2,
2018-06-22 17:00:00,134,1.8114761114120483,0.07300320267677307,0.052685000002384186,1.7384729087352753,0.0,0.6403189539909364,0.0,0.0,1.0981539547443389,0.034833358047283464,2,
2018-06-22 18:00:00,134,1.133150577545166,3.226998990925342e-17,0.054032500833272934,1.133150577545166,0.0,1.133150577545166,0.0,0.0,0.0,0.06122695952543289,2,
2018-06-22 19:00:00,134,0.7037249803543091,0.0,0.05706999823451042,0.7037249803543091,0.0,0.7037249803543091,0.0,0.0,0.0,0.0401615833864013,2,
2018-06-22 20:00:00,134,1.468097448348999,0.0,0.05554249882698059,1.468097448348999,0.0,1.468097448348999,0.0,0.0,0.0,0.08154180080281748,2,
2018-06-22 21:00:00,134,1.26203191280365,0.0,0.0509674996137619,1.26203191280365,0.0,1.26203191280365,0.0,0.0,0.0,0.06432261102837522,2,
2018-06-22 22:00:00,134,0.7144708037376404,0.0,0.05012249946594238,0.7144708037376404,0.0,0.7144708037376404,0.0,0.0,0.0,0.035811062478771305,2,
2018-06-22 23:00:00,134,0.7017130851745605,-0.0,0.053564999252557755,0.7017130851745605,0.0,0.7017130851745605,0.0,0.0,0.0,0.03758726088288533,2,
2018-06-23 00:00:00,134,0.41493692994117737,-0.0,0.05045250058174133,0.41493692994117737,0.0,0.41493692994117737,0.0,0.0,0.0,0.020934605699243214,2,
2018-06-23 01:00:00,134,0.22789360582828522,0.0,0.049504999071359634,0.22789360582828522,0.0,0.22789360582828522,0.0,0.0,0.0,0.011281872744898058,2,
2018-06-23 02:00:00,134,0.2572341561317444,-0.0,0.047532498836517334,0.2572341561317444,0.0,0.2572341561317444,0.0,0.0,0.0,0.012226982227044658,2,
2018-06-23 03:00:00,134,0.40619805455207825,-0.0,0.04589749872684479,0.40619805455207825,0.0,0.40619805455207825,0.0,0.0,0.0,0.01864347469165084,2,
2018-06-23 04:00:00,134,0.3997274935245514,-0.0,0.038883332163095474,0.3997274935245514,0.0,0.3997274935245514,0.0,0.0,0.0,0.015542736905436727,2,
2018-06-23 05:00:00,134,0.22576333582401276,-0.0,0.03886333480477333,0.22576333582401276,0.0,0.22576333582401276,0.0,0.0,0.0,0.008773916106771085,2,
2018-06-23 06:00:00,134,0.2907272279262543,-0.0,0.04583999887108803,0.2907272279262543,0.0,0.2907272279262543,0.0,0.0,0.0,0.013326935799934048,2,
2018-06-23 07:00:00,134,0.3956877887248993,0.0,0.045910000801086426,0.3956877887248993,0.0,0.3956877887248993,0.0,0.0,0.0,0.018166026697340243,2,
2018-06-23 08:00:00,134,0.7183586359024048,0.0,0.048272501677274704,0.7183586359024048,0.0,0.7183586359024048,0.0,0.0,0.0,0.0346769684564836,2,
2018-06-23 09:00:00,134,0.7721972465515137,0.044651005417108536,0.05100249871611595,0.7275462411344051,0.0,0.7275462411344051,0.0,0.0,0.0,0.037106676229372484,2,
2018-06-23 10:00:00,134,0.6441375017166138,0.032597608864307404,0.05060749873518944,0.6115398928523064,0.0,0.6115398928523064,0.0,0.0,0.0,0.03094850435404098,2,
2018-06-23 11:00:00,134,0.7598038911819458,0.10383090376853943,0.04857249930500984,0.6559729874134064,0.0,0.6559729874134064,0.0,0.0,0.0,0.03186224747524291,2,
2018-06-23 12:00:00,134,1.1707953214645386,0.10431427508592606,0.04824500158429146,1.0664810463786125,0.0,1.0664810463786125,0.0,0.0,0.0,0.05145237977215297,2,
2018-06-23 13:00:00,134,1.0613631010055542,0.1231556162238121,0.04634249955415726,0.9382074847817421,0.0,0.9382074847817421,0.0,0.0,0.0,0.043478879945204885,2,
2018-06-23 14:00:00,134,1.4164644479751587,0.1532442271709442,0.04602750018239021,1.2632202208042145,0.0,1.2632202208042145,0.0,0.0,0.0,0.05814286894346499,2,
2018-06-23 15:00:00,134,1.635308861732483,0.1408872902393341,0.045214999467134476,1.4944215714931488,0.0,1.4944215714931488,0.0,0.0,0.0,0.06757027055873699,2,
2018-06-23 16:00:00,134,1.4807586669921875,0.1087656244635582,0.047612499445676804,1.3719930425286293,0.0,1.3719930425286293,0.0,0.0,0.0,0.0653240179768668,2,
2018-06-23 17:00:00,134,1.1040724515914917,0.03822329640388489,0.057132501155138016,1.0658491551876068,0.0,1.0658491551876068,0.0,0.0,0.0,0.060894628089958824,2,
2018-06-23 18:00:00,134,0.49366945028305054,2.1455048423292134e-17,0.05756999924778938,0.49366945028305054,0.0,0.49366945028305054,0.0,0.0,0.0,0.028420549881451818,2,
2018-06-23 19:00:00,134,0.8828986287117004,0.0,0.059300001710653305,0.8828986287117004,0.0,0.8828986287117004,0.0,0.0,0.0,0.05235589019293729,2,
2018-06-23 20:00:00,134,0.7766644358634949,0.0,0.05895499885082245,0.7766644358634949,0.0,0.7766644358634949,0.0,0.0,0.0,0.045788250923807006,2,
2018-06-23 21:00:00,134,0.7146947383880615,0.0,0.058742500841617584,0.7146947383880615,0.0,0.7146947383880615,0.0,0.0,0.0,0.04198295627126036,2,
2018-06-23 22:00:00,134,0.6914119720458984,-0.0,0.0578325018286705,0.6914119720458984,0.0,0.6914119720458984,0.0,0.0,0.0,0.0399860841377091,2,
2018-06-23 23:00:00,134,0.48536527156829834,-0.0,0.05685500055551529,0.48536527156829834,0.0,0.48536527156829834,0.0,0.0,0.0,0.02759544278464343,2,
2018-06-24 00:00:00,134,0.4294186234474182,-0.0,0.05087750032544136,0.4294186234474182,0.0,0.4294186234474182,0.0,0.0,0.0,0.0218477461541966,2,
2018-06-24 01:00:00,134,0.2775713801383972,-0.0,0.0516900010406971,0.2775713801383972,0.0,0.2775713801383972,0.0,0.0,0.0,0.014347664928221482,2,
2018-06-24 02:00:00,134,0.23795972764492035,-0.0,0.05157250165939331,0.23795972764492035,0.0,0.23795972764492035,0.0,0.0,0.0,0.012272178448836435,2,
2018-06-24 03:00:00,134,0.35844555497169495,-0.0,0.0501599982380867,0.35844555497169495,0.0,0.35844555497169495,0.0,0.0,0.0,0.017979628405830228,2,
2018-06-24 04:00:00,134,0.3780424892902374,-0.0,0.05028250068426132,0.3780424892902374,0.0,0.3780424892902374,0.0,0.0,0.0,0.019008921726416217,2,
2018-06-24 05:00:00,134,0.29914501309394836,-0.0,0.048567499965429306,0.29914501309394836,0.0,0.29914501309394836,0.0,0.0,0.0,0.014528725413098686,2,
2018-06-24 06:00:00,134,0.25279444456100464,-0.0,0.04804249852895737,0.25279444456100464,0.0,0.25279444456100464,0.0,0.0,0.0,0.01214487673095066,2,
2018-06-24 07:00:00,134,0.27617499232292175,0.012803420424461365,0.0474650003015995,0.2633715718984604,0.0,0.2633715718984604,0.0,0.0,0.0,0.012500931739593157,2,
2018-06-24 08:00:00,134,0.5290849804878235,0.08179067820310593,0.044987499713897705,0.44729430228471756,0.0,0.44729430228471756,0.0,0.0,0.0,0.020122652296061805,2,
2018-06-24 09:00:00,134,0.7523408532142639,0.2337539941072464,0.046537499874830246,0.5185868591070175,0.0,0.5185868591070175,0.0,0.0,0.0,0.024133735890781438,2,
2018-06-24 10:00:00,134,1.1816143989562988,0.30862122774124146,0.04832249879837036,0.8729931712150574,0.0,0.8729931712150574,0.0,0.0,0.0,0.04218521146702514,2,
2018-06-24 11:00:00,134,0.7690311074256897,0.3265236020088196,0.04892750084400177,0.4425075054168701,0.0,0.4425075054168701,0.0,0.0,0.0,0.02165078634476103,2,
2018-06-24 12:00:00,134,0.8621824979782104,0.35761144757270813,0.048579998314380646,0.5045710504055023,0.0,0.5045710504055023,0.0,0.0,0.0,0.024512060778184575,2,
2018-06-24 13:00:00,134,0.5528569221496582,0.438410222530365,0.047587499022483826,0.11444669961929321,0.0,0.11444669961929321,0.0,0.0,0.0,0.005446232206259616,2,
2018-06-24 14:00:00,134,1.086283564567566,0.3422183394432068,0.047052498906850815,0.7440652251243591,0.0,0.7440652251243591,0.0,0.0,0.0,0.03501012819178961,2,
2018-06-24 15:00:00,134,0.4224597215652466,0.3012637794017792,0.045842498540878296,0.12119594216346741,0.0,0.12119594216346741,0.0,0.0,0.0,0.005555924801789125,2,
2018-06-24 16:00:00,134,1.486383318901062,0.22825635969638824,0.04743750020861626,1.2581269592046738,0.0,1.2581269592046738,0.0,0.0,0.0,0.05968239788973745,2,
2018-06-24 17:00:00,134,0.708288311958313,0.12944740056991577,0.050027500838041306,0.5788409113883972,0.0,0.5788409113883972,0.0,0.0,0.0,0.028957964179575635,2,
2018-06-24 18:00:00,134,0.8183572292327881,5.557397725314245e-17,0.05270000174641609,0.818357229232788,0.0,0.818357229232788,0.0,0.0,0.0,0.04312742740976016,2,
2018-06-24 19:00:00,134,0.7212052941322327,0.0,0.060122501105070114,0.7212052941322327,0.0,0.7212052941322327,0.0,0.0,0.0,0.043360666093447575,2,
2018-06-24 20:00:00,134,0.8147194385528564,0.0,0.06025249883532524,0.8147194385528564,0.0,0.8147194385528564,0.0,0.0,0.0,0.04908888202252282,2,
2018-06-24 21:00:00,134,0.6953402757644653,0.0,0.06052500009536743,0.6953402757644653,0.0,0.6953402757644653,0.0,0.0,0.0,0.04208547025695708,2,
2018-06-24 22:00:00,134,0.8704769611358643,-0.0,0.05669249966740608,0.8704769611358643,0.0,0.8704769611358643,0.0,0.0,0.0,0.04934951482967964,2,
2018-06-24 23:00:00,134,0.5899813771247864,0.0,0.052639998495578766,0.5899813771247864,0.0,0.5899813771247864,0.0,0.0,0.0,0.031056618804268243,2,
2018-06-25 00:00:00,134,0.41380971670150757,0.0,0.051717501133680344,0.41380971670150757,0.0,0.41380971670150757,0.0,0.0,0.0,0.02140120449263816,2,
2018-06-25 01:00:00,134,0.2596019506454468,0.0,0.04995499923825264,0.2596019506454468,0.0,0.2596019506454468,0.0,0.0,0.0,0.012968415246742193,2,
2018-06-25 02:00:00,134,0.351568341255188,0.0,0.04582500085234642,0.351568341255188,0.0,0.351568341255188,0.0,0.0,0.0,0.016110619537677007,2,
2018-06-25 03:00:00,134,0.41172581911087036,0.0,0.04637499898672104,0.41172581911087036,0.0,0.41172581911087036,0.0,0.0,0.0,0.019093784444073503,2,
2018-06-25 04:00:00,134,0.3771049976348877,0.0,0.04605000093579292,0.3771049976348877,0.0,0.3771049976348877,0.0,0.0,0.0,0.017365685493978766,2,
2018-06-25 05:00:00,134,0.26107555627822876,0.0,0.04653500020503998,0.26107555627822876,0.0,0.26107555627822876,0.0,0.0,0.0,0.012149151064938302,2,
2018-06-25 06:00:00,134,0.4238111078739166,0.0,0.04763999953866005,0.4238111078739166,0.0,0.4238111078739166,0.0,0.0,0.0,0.020190360983592393,2,
2018-06-25 07:00:00,134,0.5855341553688049,0.049985215067863464,0.051362499594688416,0.5355489403009415,0.0,0.5355489403009415,0.0,0.0,0.0,0.027507132229142917,2,
2018-06-25 08:00:00,134,0.7124080657958984,0.18849310278892517,0.05208500102162361,0.5239149630069733,0.0,0.5239149630069733,0.0,0.0,0.0,0.0272881113834621,2,
2018-06-25 09:00:00,134,0.28035277128219604,0.35320255160331726,0.0502374991774559,-0.07284978032112122,0.0,0.0,0.07284978032112122,0.07284978032112122,0.0,0.0,2,
2018-06-25 10:00:00,134,0.3447716534137726,0.4766499698162079,0.04934750124812126,-0.1318783164024353,0.0,0.0,0.1318783164024353,0.1318783164024353,0.0,0.0,2,
2018-06-25 11:00:00,134,0.4568299949169159,0.531217098236084,0.04907499998807907,-0.07438710331916809,0.0,0.0,0.07438710331916809,0.07438710331916809,0.0,0.0,2,
2018-06-25 12:00:00,134,0.4384547173976898,0.5203952193260193,0.0491349995136261,-0.08194050192832947,0.0,0.0,0.08194050192832947,0.08194050192832947,0.0,0.0,2,
2018-06-25 13:00:00,134,0.36080360412597656,0.5358197689056396,0.04885999858379364,-0.17501616477966309,0.0,0.0,0.17501616477966309,0.17501616477966309,0.0,0.0,2,
2018-06-25 14:00:00,134,0.24646638333797455,0.41609975695610046,0.048500001430511475,-0.16963337361812592,0.0,0.0,0.16963337361812592,0.16963337361812592,0.0,0.0,2,
2018-06-25 15:00:00,134,0.37388139963150024,0.32035118341445923,0.05316999927163124,0.053530216217041016,0.0,0.053530216217041016,0.0,0.0,0.0,0.0028462015572703336,2,
2018-06-25 16:00:00,134,0.40522944927215576,0.21341776847839355,0.0579025000333786,0.1918116807937622,0.0,0.1918116807937622,0.0,0.0,0.0,0.011106375853563222,2,
2018-06-25 17:00:00,134,0.9703719615936279,0.11622635275125504,0.06270000338554382,0.8541456088423729,0.0,0.8541456088423729,0.0,0.0,0.0,0.05355493256616417,2,
2018-06-25 18:00:00,134,0.8310341835021973,4.492179017014588e-17,0.06382250040769577,0.8310341835021973,0.0,0.8310341835021973,0.0,0.0,0.0,0.05303867951537811,2,
2018-06-25 19:00:00,134,0.6232658624649048,0.0,0.061969999223947525,0.6232658624649048,0.0,0.6232658624649048,0.0,0.0,0.0,0.038623785013263134,2,
2018-06-25 20:00:00,134,0.7834525108337402,0.0,0.057782500982284546,0.7834525108337402,0.0,0.7834525108337402,0.0,0.0,0.0,0.04526984547682389,2,
2018-06-25 21:00:00,134,1.2303744554519653,-0.0,0.054157499223947525,1.2303744554519653,0.0,1.2303744554519653,0.0,0.0,0.0,0.06663400361630467,2,
2018-06-25 22:00:00,134,0.8761794567108154,-0.0,0.05112500116229057,0.8761794567108154,0.0,0.8761794567108154,0.0,0.0,0.0,0.04479467574271556,2,
2018-06-25 23:00:00,134,0.44274887442588806,-0.0,0.05045749992132187,0.44274887442588806,0.0,0.44274887442588806,0.0,0.0,0.0,0.022340001296509593,2,
2018-06-26 00:00:00,134,0.2999652922153473,-0.0,0.05174750089645386,0.2999652922153473,0.0,0.2999652922153473,0.0,0.0,0.0,0.015522454227818727,2,
2018-06-26 01:00:00,134,0.40648943185806274,-0.0,0.05092500150203705,0.40648943185806274,0.0,0.40648943185806274,0.0,0.0,0.0,0.02070047492793403,2,
2018-06-26 02:00:00,134,0.7233672142028809,-0.0,0.05207499861717224,0.7233672142028809,0.0,0.7233672142028809,0.0,0.0,0.0,0.03766934667932276,2,
2018-06-26 03:00:00,134,0.5400863885879517,-0.0,0.05067500099539757,0.5400863885879517,0.0,0.5400863885879517,0.0,0.0,0.0,0.027368878279295128,2,
2018-06-26 04:00:00,134,0.24890027940273285,-0.0,0.050257500261068344,0.24890027940273285,0.0,0.24890027940273285,0.0,0.0,0.0,0.01250910585706283,2,
2018-06-26 05:00:00,134,0.2469247281551361,-0.0,0.051317501813173294,0.2469247281551361,0.0,0.2469247281551361,0.0,0.0,0.0,0.01267156018481852,2,
2018-06-26 06:00:00,134,0.5683644413948059,-0.0,0.0524275004863739,0.5683644413948059,0.0,0.5683644413948059,0.0,0.0,0.0,0.029797927027663818,2,
2018-06-26 07:00:00,134,0.8020575046539307,0.0,0.05459250137209892,0.8020575046539307,0.0,0.8020575046539307,0.0,0.0,0.0,0.04378632542332195,2,
2018-06-26 08:00:00,134,1.0396549701690674,0.0,0.060169998556375504,1.0396549701690674,0.0,1.0396549701690674,0.0,0.0,0.0,0.0625560380542014,2,
2018-06-26 09:00:00,134,0.35177111625671387,0.0,0.058570001274347305,0.35177111625671387,0.0,0.35177111625671387,0.0,0.0,0.0,0.020603234727434305,2,
2018-06-26 10:00:00,134,0.4559508264064789,0.0,0.054557498544454575,0.4559508264064789,0.0,0.4559508264064789,0.0,0.0,0.0,0.024875536548014332,2,
2018-06-26 11:00:00,134,0.40239667892456055,0.0,0.05112500116229057,0.40239667892456055,0.0,0.40239667892456055,0.0,0.0,0.0,0.020572530677720025,2,
2018-06-26 12:00:00,134,0.3478499948978424,0.04823680222034454,0.05209999904036522,0.29961319267749786,0.0,0.29961319267749786,0.0,0.0,0.0,0.015609847050978398,2,
2018-06-26 13:00:00,134,0.24066472053527832,0.056811392307281494,0.05243000015616417,0.18385332822799683,0.0,0.18385332822799683,0.0,0.0,0.0,0.009639430027705176,2,
2018-06-26 14:00:00,134,0.3431200087070465,0.0,0.052149999886751175,0.3431200087070465,0.0,0.3431200087070465,0.0,0.0,0.0,0.017893708415214538,2,
2018-06-26 15:00:00,134,0.6830308437347412,0.0,0.05781000107526779,0.6830308437347412,0.0,0.6830308437347412,0.0,0.0,0.0,0.039486013810746456,2,
2018-06-26 16:00:00,134,0.7473472356796265,0.0,0.06407249718904495,0.7473472356796265,0.0,0.7473472356796265,0.0,0.0,0.0,0.04788440365732338,2,
2018-06-26 17:00:00,134,1.496530532836914,0.0,0.06570249795913696,1.496530532836914,0.0,1.496530532836914,0.0,0.0,0.0,0.0983257942795035,2,
2018-06-26 18:00:00,134,1.1627788543701172,0.0,0.06784500181674957,1.1627788543701172,0.0,1.1627788543701172,0.0,0.0,0.0,0.07888873348721859,2,
2018-06-26 19:00:00,134,1.7907164096832275,-0.0,0.06260249763727188,1.7907164096832275,0.0,1.7907164096832275,0.0,0.0,0.0,0.11210331980621824,2,
2018-06-26 20:00:00,134,0.8978700041770935,-0.0,0.06120250001549721,0.8978700041770935,0.0,0.8978700041770935,0.0,0.0,0.0,0.05495188894456304,2,
2018-06-26 21:00:00,134,0.9791553020477295,-0.0,0.053062498569488525,0.9791553020477295,0.0,0.9791553020477295,0.0,0.0,0.0,0.05195642681421475,2,
2018-06-26 22:00:00,134,0.767158031463623,-0.0,0.051739998161792755,0.767158031463623,0.0,0.767158031463623,0.0,0.0,0.0,0.039692755137732405,2,
2018-06-26 23:00:00,134,0.5676825046539307,-0.0,0.05396749824285507,0.5676825046539307,0.0,0.5676825046539307,0.0,0.0,0.0,0.03063640457241057,2,
2018-06-27 00:00:00,134,0.3673997223377228,-0.0,0.04949750006198883,0.3673997223377228,0.0,0.3673997223377228,0.0,0.0,0.0,0.018185367779186112,2,
2018-06-27 01:00:00,134,0.2581608295440674,-0.0,0.04852500185370445,0.2581608295440674,0.0,0.2581608295440674,0.0,0.0,0.0,0.012527254732179749,2,
2018-06-27 02:00:00,134,0.3275122344493866,-0.0,0.04829249903559685,0.3275122344493866,0.0,0.3275122344493866,0.0,0.0,0.0,0.01581638426629317,2,
2018-06-27 03:00:00,134,0.40693390369415283,-0.0,0.048432499170303345,0.40693390369415283,0.0,0.40693390369415283,0.0,0.0,0.0,0.019708825953035358,2,
2018-06-27 04:00:00,134,0.337791383266449,-0.0,0.047805000096559525,0.337791383266449,0.0,0.337791383266449,0.0,0.0,0.0,0.01614811710966957,2,
2018-06-27 05:00:00,134,0.2492550015449524,-0.0,0.04815249890089035,0.2492550015449524,0.0,0.2492550015449524,0.0,0.0,0.0,0.012002251187934743,2,
2018-06-27 06:00:00,134,0.47114720940589905,-0.0,0.048637498170137405,0.47114720940589905,0.0,0.47114720940589905,0.0,0.0,0.0,0.02291542153534476,2,
2018-06-27 07:00:00,134,0.6445544362068176,0.0,0.04886249825358391,0.6445544362068176,0.0,0.6445544362068176,0.0,0.0,0.0,0.03149454001349539,2,
2018-06-27 08:00:00,134,0.6017847061157227,0.0,0.04931750148534775,0.6017847061157227,0.0,0.6017847061157227,0.0,0.0,0.0,0.02967851813772171,2,
2018-06-27 09:00:00,134,0.860419750213623,0.0,0.051454998552799225,0.860419750213623,0.0,0.860419750213623,0.0,0.0,0.0,0.044272897002041844,2,
2018-06-27 10:00:00,134,0.3962244391441345,0.0,0.050472501665353775,0.3962244391441345,0.0,0.3962244391441345,0.0,0.0,0.0,0.019998438664556195,2,
2018-06-27 11:00:00,134,0.6494899988174438,0.0,0.05035249888896942,0.6494899988174438,0.0,0.6494899988174438,0.0,0.0,0.0,0.03270344444385209,2,
2018-06-27 12:00:00,134,0.7898150086402893,0.0,0.050415001809597015,0.7898150086402893,0.0,0.7898150086402893,0.0,0.0,0.0,0.03981852508984707,2,
2018-06-27 13:00:00,134,0.36421138048171997,0.0004960497026331723,0.04983250051736832,0.3637153307790868,0.0,0.3637153307790868,0.0,0.0,0.0,0.018124844409223632,2,
2018-06-27 14:00:00,134,0.22725583612918854,0.0,0.057429999113082886,0.22725583612918854,0.0,0.22725583612918854,0.0,0.0,0.0,0.013051302467342207,2,
2018-06-27 15:00:00,134,0.38384583592414856,0.0,0.05269499868154526,0.38384583592414856,0.0,0.38384583592414856,0.0,0.0,0.0,0.020226755817939646,2,
2018-06-27 16:00:00,134,0.44266751408576965,0.0,0.05466499924659729,0.44266751408576965,0.0,0.44266751408576965,0.0,0.0,0.0,0.024198419323991693,2,
2018-06-27 17:00:00,134,1.1813760995864868,0.0,0.058959998190402985,1.1813760995864868,0.0,1.1813760995864868,0.0,0.0,0.0,0.0696539326938046,2,
2018-06-27 18:00:00,134,0.6493130326271057,0.0,0.059187501668930054,0.6493130326271057,0.0,0.6493130326271057,0.0,0.0,0.0,0.038431216202274854,2,
2018-06-27 19:00:00,134,0.6773260831832886,-0.0,0.05554249882698059,0.6773260831832886,0.0,0.6773260831832886,0.0,0.0,0.0,0.037620383180691164,2,
2018-06-27 20:00:00,134,1.191776156425476,-0.0,0.05064750090241432,1.191776156425476,0.0,1.191776156425476,0.0,0.0,0.0,0.06036048395803517,2,
2018-06-27 21:00:00,134,1.2640258073806763,-0.0,0.05077749863266945,1.2640258073806763,0.0,1.2640258073806763,0.0,0.0,0.0,0.06418406870593119,2,
2018-06-27 22:00:00,134,0.762488067150116,-0.0,0.0501675009727478,0.762488067150116,0.0,0.762488067150116,0.0,0.0,0.0,0.038252120850462035,2,
2018-06-27 23:00:00,134,0.4663875102996826,-0.0,0.05158500000834465,0.4663875102996826,0.0,0.4663875102996826,0.0,0.0,0.0,0.02405859972270097,2,
2018-06-28 00:00:00,134,0.46465471386909485,-0.0,0.0492824986577034,0.46465471386909485,0.0,0.46465471386909485,0.0,0.0,0.0,0.022899345312549224,2,
2018-06-28 01:00:00,134,0.41719111800193787,-0.0,0.0402766652405262,0.41719111800193787,0.0,0.41719111800193787,0.0,0.0,0.0,0.016803067001084915,2,
2018-06-28 02:00:00,134,0.28738415241241455,-0.0,0.0403333343565464,0.28738415241241455,0.0,0.28738415241241455,0.0,0.0,0.0,0.011591161108022607,2,
2018-06-28 03:00:00,134,0.556262195110321,-0.0,0.04622749984264374,0.556262195110321,0.0,0.556262195110321,0.0,0.0,0.0,0.025714610536931026,2,
2018-06-28 04:00:00,134,0.4253250062465668,-0.0,0.04757000133395195,0.4253250062465668,0.0,0.4253250062465668,0.0,0.0,0.0,0.020232711114512303,2,
2018-06-28 05:00:00,134,0.4038997292518616,-0.0,0.047325000166893005,0.4038997292518616,0.0,0.4038997292518616,0.0,0.0,0.0,0.01911455475425239,2,
2018-06-28 06:00:00,134,0.4124755561351776,-0.0,0.04881500080227852,0.4124755561351776,0.0,0.4124755561351776,0.0,0.0,0.0,0.020134994603658973,2,
2018-06-28 07:00:00,134,0.5767716765403748,0.0,0.049217499792575836,0.5767716765403748,0.0,0.5767716765403748,0.0,0.0,0.0,0.028387259870489512,2,
2018-06-28 08:00:00,134,0.9885736107826233,0.060693349689245224,0.046720001846551895,0.9278802610933781,0.0,0.9278802610933781,0.0,0.0,0.0,0.04335056751166168,2,
2018-06-28 09:00:00,134,0.5637255311012268,0.033400170505046844,0.02500000037252903,0.53032536059618,0.0,0.53032536059618,0.0,0.0,0.0,0.013258134212466091,2,
2018-06-28 10:00:00,134,0.2555886209011078,0.03923316299915314,0.05324250087141991,0.21635545790195465,0.0,0.21635545790195465,0.0,0.0,0.0,0.011519305655881273,2,
2018-06-28 11:00:00,134,0.24479055404663086,0.084023617208004,0.049594998359680176,0.16076693683862686,0.0,0.16076693683862686,0.0,0.0,0.0,0.007973235968802506,2,
2018-06-28 12:00:00,134,0.4053063988685608,0.10337555408477783,0.0493599995970726,0.30193084478378296,0.0,0.30193084478378296,0.0,0.0,0.0,0.014903306376871317,2,
2018-06-28 13:00:00,134,0.4018777906894684,0.11021251976490021,0.05025250092148781,0.2916652709245682,0.0,0.2916652709245682,0.0,0.0,0.0,0.014656909295902854,2,
2018-06-28 14:00:00,134,0.34729138016700745,0.1421671062707901,0.04970749840140343,0.20512427389621735,0.0,0.20512427389621735,0.0,0.0,0.0,0.010196214516785262,2,
2018-06-28 15:00:00,134,0.2933516800403595,0.16747230291366577,0.052012499421834946,0.12587937712669373,0.0,0.12587937712669373,0.0,0.0,0.0,0.0065473010300231005,2,
2018-06-28 16:00:00,134,0.5314558148384094,0.13358737528324127,0.05146250128746033,0.39786843955516815,0.0,0.39786843955516815,0.0,0.0,0.0,0.020475305082847672,2,
2018-06-28 17:00:00,134,0.8261002898216248,0.078760527074337,0.05319000035524368,0.7473397627472878,0.0,0.7473397627472878,0.0,0.0,0.0,0.039751002246015965,2,
2018-06-28 18:00:00,134,1.6415436267852783,3.750769423921674e-17,0.05431250110268593,1.6415436267852783,0.0,1.6415436267852783,0.0,0.0,0.0,0.08915634003988249,2,
2018-06-28 19:00:00,134,0.6868705749511719,0.0,0.05385249853134155,0.6868705749511719,0.0,0.6868705749511719,0.0,0.0,0.0,0.03698969662877971,2,
2018-06-28 20:00:00,134,0.6361438632011414,0.0,0.051569998264312744,0.6361438632011414,0.0,0.6361438632011414,0.0,0.0,0.0,0.032805937921136064,2,
2018-06-28 21:00:00,134,0.7797427773475647,0.0,0.05005250126123428,0.7797427773475647,0.0,0.7797427773475647,0.0,0.0,0.0,0.039028076346627305,2,
2018-06-28 22:00:00,134,0.9448089003562927,0.0,0.050132498145103455,0.9448089003562927,0.0,0.9448089003562927,0.0,0.0,0.0,0.04736563044458908,2,
2018-06-28 23:00:00,134,0.7170577645301819,-0.0,0.050497498363256454,0.7170577645301819,0.0,0.7170577645301819,0.0,0.0,0.0,0.03620962329072319,2,
2018-06-29 00:00:00,134,0.46575555205345154,-0.0,0.051032498478889465,0.46575555205345154,0.0,0.46575555205345154,0.0,0.0,0.0,0.02376866950170209,2,
2018-06-29 01:00:00,134,0.3795044422149658,-0.0,0.04983000084757805,0.3795044422149658,0.0,0.3795044422149658,0.0,0.0,0.0,0.01891070667723138,2,
2018-06-29 02:00:00,134,0.43464139103889465,-0.0,0.04946500062942505,0.43464139103889465,0.0,0.43464139103889465,0.0,0.0,0.0,0.021499536681313103,2,
2018-06-29 03:00:00,134,0.42733222246170044,-0.0,0.04726250097155571,0.42733222246170044,0.0,0.42733222246170044,0.0,0.0,0.0,0.020196789579273178,2,
2018-06-29 04:00:00,134,0.6180716753005981,-0.0,0.046982500702142715,0.6180716753005981,0.0,0.6180716753005981,0.0,0.0,0.0,0.029038552918784877,2,
2018-06-29 05:00:00,134,0.4109208285808563,-0.0,0.047564998269081116,0.4109208285808563,0.0,0.4109208285808563,0.0,0.0,0.0,0.01954544850017781,2,
2018-06-29 06:00:00,134,0.6204366683959961,-0.0,0.04944249987602234,0.6204366683959961,0.0,0.6204366683959961,0.0,0.0,0.0,0.03067593990024875,2,
2018-06-29 07:00:00,134,1.5758341550827026,0.0,0.05091249942779541,1.5758341550827026,0.0,1.5758341550827026,0.0,0.0,0.0,0.08022965551894856,2,
2018-06-29 08:00:00,134,1.3620891571044922,0.0,0.053027499467134476,1.3620891571044922,0.0,1.3620891571044922,0.0,0.0,0.0,0.0722281820525481,2,
2018-06-29 09:00:00,134,0.4181338846683502,0.0,0.052252501249313354,0.4181338846683502,0.0,0.4181338846683502,0.0,0.0,0.0,0.021848541331013216,2,
2018-06-29 10:00:00,134,1.0990763902664185,0.0,0.049959998577833176,1.0990763902664185,0.0,1.0990763902664185,0.0,0.0,0.0,0.054909854894640286,2,
2018-06-29 11:00:00,134,0.45468804240226746,0.0,0.04818499833345413,0.45468804240226746,0.0,0.45468804240226746,0.0,0.0,0.0,0.02190914256539478,2,
2018-06-29 12:00:00,134,0.4337558448314667,0.0,0.048695001751184464,0.4337558448314667,0.0,0.4337558448314667,0.0,0.0,0.0,0.021121741623654766,2,
2018-06-29 13:00:00,134,0.31501665711402893,0.0,0.04763749986886978,0.31501665711402893,0.0,0.31501665711402893,0.0,0.0,0.0,0.01500660596196135,2,
2018-06-29 14:00:00,134,0.7161675095558167,0.0,0.047605000436306,0.7161675095558167,0.0,0.7161675095558167,0.0,0.0,0.0,0.03409315460487283,2,
2018-06-29 15:00:00,134,1.46873939037323,0.0,0.050222501158714294,1.46873939037323,0.0,1.46873939037323,0.0,0.0,0.0,0.07376376573486887,2,
2018-06-29 16:00:00,134,2.113835573196411,0.0,0.050255000591278076,2.113835573196411,0.0,2.113835573196411,0.0,0.0,0.0,0.10623080798085027,2,
2018-06-29 17:00:00,134,2.6699557304382324,0.0,0.05328749865293503,2.6699557304382324,0.0,2.6699557304382324,0.0,0.0,0.0,0.14227526238912347,2,
2018-06-29 18:00:00,134,0.6544519662857056,0.0,0.05460000038146973,0.6544519662857056,0.0,0.6544519662857056,0.0,0.0,0.0,0.03573307760885314,2,
2018-06-29 19:00:00,134,1.636620044708252,-0.0,0.05335500091314316,1.636620044708252,0.0,1.636620044708252,0.0,0.0,0.0,0.08732186397987718,2,
2018-06-29 20:00:00,134,0.8902155756950378,-0.0,0.05114249885082245,0.8902155756950378,0.0,0.8902155756950378,0.0,0.0,0.0,0.04552784905696772,2,
2018-06-29 21:00:00,134,0.7162736058235168,-0.0,0.050895001739263535,0.7162736058235168,0.0,0.7162736058235168,0.0,0.0,0.0,0.03645474641417645,2,
2018-06-29 22:00:00,134,1.0325464010238647,-0.0,0.050905000418424606,1.0325464010238647,0.0,1.0325464010238647,0.0,0.0,0.0,0.052561774976162656,2,
2018-06-29 23:00:00,134,0.5617533326148987,-0.0,0.050964999943971634,0.5617533326148987,0.0,0.5617533326148987,0.0,0.0,0.0,0.02862975856524419,2,
2018-06-30 00:00:00,134,0.271168053150177,-0.0,0.04900500178337097,0.271168053150177,0.0,0.271168053150177,0.0,0.0,0.0,0.013288590928217658,2,
2018-06-30 01:00:00,134,0.4432302713394165,-0.0,0.04703750088810921,0.4432302713394165,0.0,0.4432302713394165,0.0,0.0,0.0,0.02084844428176469,2,
2018-06-30 02:00:00,134,0.4442211091518402,-0.0,0.046424999833106995,0.4442211091518402,0.0,0.4442211091518402,0.0,0.0,0.0,0.020622964918236786,2,
2018-06-30 03:00:00,134,0.30984222888946533,-0.0,0.04562750086188316,0.30984222888946533,0.0,0.30984222888946533,0.0,0.0,0.0,0.01413732656570188,2,
2018-06-30 04:00:00,134,0.280219167470932,-0.0,0.04553249850869179,0.280219167470932,0.0,0.280219167470932,0.0,0.0,0.0,0.012759078824977066,2,
2018-06-30 05:00:00,134,0.3180602788925171,-0.0,0.04580000042915344,0.3180602788925171,0.0,0.3180602788925171,0.0,0.0,0.0,0.014567160909773946,2,
2018-06-30 06:00:00,134,0.5009613633155823,-0.0,0.044107500463724136,0.5009613633155823,0.0,0.5009613633155823,0.0,0.0,0.0,0.02209615356474992,2,
2018-06-30 07:00:00,134,0.46307721734046936,0.0,0.04839250072836876,0.46307721734046936,0.0,0.46307721734046936,0.0,0.0,0.0,0.02240946457743964,2,
2018-06-30 08:00:00,134,0.6696216464042664,0.0,0.052365001291036606,0.6696216464042664,0.0,0.6696216464042664,0.0,0.0,0.0,0.035064738378465465,2,
2018-06-30 09:00:00,134,0.28866609930992126,0.0,0.054409999400377274,0.28866609930992126,0.0,0.28866609930992126,0.0,0.0,0.0,0.015706322290362063,2,
2018-06-30 10:00:00,134,0.4874369502067566,0.0,0.053747501224279404,0.4874369502067566,0.0,0.4874369502067566,0.0,0.0,0.0,0.02619851807799667,2,
2018-06-30 11:00:00,134,0.6139927506446838,0.0,0.049447499215602875,0.6139927506446838,0.0,0.6139927506446838,0.0,0.0,0.0,0.030360406055888856,2,
2018-06-30 12:00:00,134,0.6874008178710938,0.0,0.04923750087618828,0.6874008178710938,0.0,0.6874008178710938,0.0,0.0,0.0,0.03384589837222052,2,
2018-06-30 13:00:00,134,0.6030210852622986,0.0,0.04777250066399574,0.6030210852622986,0.0,0.6030210852622986,0.0,0.0,0.0,0.028807825196096593,2,
2018-06-30 14:00:00,134,0.4053986072540283,0.0,0.047987498342990875,0.4053986072540283,0.0,0.4053986072540283,0.0,0.0,0.0,0.019454064993853493,2,
2018-06-30 15:00:00,134,0.715316653251648,0.0,0.05079749971628189,0.715316653251648,0.0,0.715316653251648,0.0,0.0,0.0,0.0363362974906023,2,
2018-06-30 16:00:00,134,0.7408410906791687,0.0,0.05177000164985657,0.7408410906791687,0.0,0.7408410906791687,0.0,0.0,0.0,0.0383533444867421,2,
2018-06-30 17:00:00,134,0.6271580457687378,0.0,0.05460749939084053,0.6271580457687378,0.0,0.6271580457687378,0.0,0.0,0.0,0.034247532602277087,2,
2018-06-30 18:00:00,134,0.6147602796554565,3.3865700720207012e-18,0.05747250095009804,0.6147602796554565,0.0,0.6147602796554565,0.0,0.0,0.0,0.03533181075658076,2,
2018-06-30 19:00:00,134,0.7073960900306702,-0.0,0.057887498289346695,0.7073960900306702,0.0,0.7073960900306702,0.0,0.0,0.0,0.04094938995154096,2,
2018-06-30 20:00:00,134,0.7307119369506836,-0.0,0.05838499963283539,0.7307119369506836,0.0,0.7307119369506836,0.0,0.0,0.0,0.0426626161705741,2,
2018-06-30 21:00:00,134,0.7132158279418945,-0.0,0.05532250180840492,0.7132158279418945,0.0,0.7132158279418945,0.0,0.0,0.0,0.039456883931098474,2,
2018-06-30 22:00:00,134,0.42640501260757446,-0.0,0.05423999950289726,0.42640501260757446,0.0,0.42640501260757446,0.0,0.0,0.0,0.02312820767186774,2,
2018-06-30 23:00:00,134,0.29490751028060913,-0.0,0.05415999889373779,0.29490751028060913,0.0,0.29490751028060913,0.0,0.0,0.0,0.015972190430552757,2,"{'r': -11.618276, 'l': 400, 't': 1.403611}"
2018-06-14 08:00:00,135,0.12215777486562729,0.0,0.05043499916791916,0.12215777486562729,1.3714128685624976,0.0,-0.0,-0.0,0.12215777486562729,0.0001221577748656273,2,
2018-06-14 09:00:00,135,0.1358402818441391,0.0,0.05138750001788139,0.1358402818441391,1.228423098200246,0.0,-0.0,-0.0,0.1358402818441391,0.0001358402818441391,2,
2018-06-14 10:00:00,135,0.11720889061689377,0.0,0.05255749821662903,0.11720889061689377,1.1050453186035156,0.0,-0.0,-0.0,0.11720889061689377,0.00011720889061689377,2,
2018-06-14 11:00:00,135,0.12533916532993317,0.0,0.051762498915195465,0.12533916532993317,0.9731093550983227,0.0,-0.0,-0.0,0.12533916532993317,0.00012533916532993318,2,
2018-06-14 12:00:00,135,0.17250333726406097,0.0,0.0510375015437603,0.17250333726406097,0.7915268948203638,0.0,-0.0,-0.0,0.17250333726406097,0.00017250333726406098,2,
2018-06-14 13:00:00,135,0.09296805411577225,0.0,0.046185001730918884,0.09296805411577225,0.693665785224814,0.0,-0.0,-0.0,0.09296805411577225,9.296805411577226e-05,2,
2018-06-14 14:00:00,135,0.1372230499982834,0.007821036502718925,0.04372499883174896,0.12940201349556446,0.5574531394400093,0.0,-0.0,-0.0,0.12940201349556446,0.00012940201349556445,2,
2018-06-14 15:00:00,135,0.11214333027601242,0.01488757785409689,0.04684000089764595,0.09725575242191553,0.455078663206414,0.0,-0.0,-0.0,0.09725575242191553,9.725575242191553e-05,2,
2018-06-14 16:00:00,135,0.145829439163208,0.012294330634176731,0.04934750124812126,0.13353510852903128,0.31451539107059157,0.0,-0.0,-0.0,0.13353510852903128,0.00013353510852903128,2,
2018-06-14 17:00:00,135,0.22170111536979675,0.02469179965555668,0.05361500009894371,0.19700931571424007,0.10713716400297044,0.0,-0.0,-0.0,0.19700931571424007,0.00019700931571424007,2,
2018-06-14 18:00:00,135,0.33503860235214233,5.455184588664232e-18,0.053075000643730164,0.33503860235214233,0.0,0.23325829654932043,0.0,0.0,0.10178030580282191,0.012481964545313404,2,
2018-06-14 19:00:00,135,0.28956666588783264,-0.0,0.0536700002849102,0.28956666588783264,0.0,0.28956666588783264,0.0,0.0,0.0,0.015541043040700475,2,
2018-06-14 20:00:00,135,0.1980186104774475,0.0,0.054464999586343765,0.1980186104774475,0.0,0.1980186104774475,0.0,0.0,0.0,0.010785083537742546,2,
2018-06-14 21:00:00,135,0.2333536148071289,-0.0,0.05682000145316124,0.2333536148071289,0.0,0.2333536148071289,0.0,0.0,0.0,0.013259152732441493,2,
2018-06-14 22:00:00,135,0.1149936094880104,-0.0,0.05617750063538551,0.1149936094880104,0.0,0.1149936094880104,0.0,0.0,0.0,0.006460053570077978,2,
2018-06-14 23:00:00,135,0.1341230571269989,-0.0,0.054090000689029694,0.1341230571269989,0.0,0.1341230571269989,0.0,0.0,0.0,0.0072547162524141395,2,
2018-06-15 00:00:00,135,0.11522471904754639,-0.0,0.05346250161528587,0.11522471904754639,0.0,0.11522471904754639,0.0,0.0,0.0,0.00616020172820031,2,
2018-06-15 01:00:00,135,0.12440666556358337,-0.0,0.05254749953746796,0.12440666556358337,0.0,0.12440666556358337,0.0,0.0,0.0,0.006537259201160328,2,
2018-06-15 02:00:00,135,0.12525750696659088,-0.0,0.05115250125527382,0.12525750696659088,0.0,0.12525750696659088,0.0,0.0,0.0,0.006407234782341009,2,
2018-06-15 03:00:00,135,0.11307971924543381,-0.0,0.048032499849796295,0.11307971924543381,0.0,0.11307971924543381,0.0,0.0,0.0,0.005431501597671307,2,
2018-06-15 04:00:00,135,0.13882416486740112,-0.0,0.04812749847769737,0.13882416486740112,0.0,0.13882416486740112,0.0,0.0,0.0,0.006681259783323457,2,
2018-06-15 05:00:00,135,0.11415527760982513,-0.0,0.04946250095963478,0.11415527760982513,0.0,0.11415527760982513,0.0,0.0,0.0,0.0056464055283233505,2,
2018-06-15 06:00:00,135,0.1760261058807373,-0.0,0.050930000841617584,0.1760261058807373,0.0,0.1760261058807373,0.0,0.0,0.0,0.008965009720652617,2,
2018-06-15 07:00:00,135,0.2232833355665207,0.0,0.05540499836206436,0.2232833355665207,0.0,0.2232833355665207,0.0,0.0,0.0,0.012371012841339346,2,
2018-06-15 08:00:00,135,0.14781083166599274,0.0,0.05852749943733215,0.14781083166599274,0.0,0.14781083166599274,0.0,0.0,0.0,0.008650998367162988,2,
2018-06-15 09:00:00,135,0.1289505511522293,0.0,0.057714998722076416,0.1289505511522293,0.0,0.1289505511522293,0.0,0.0,0.0,0.007442380894961964,2,
2018-06-15 10:00:00,135,0.11193250119686127,0.0,0.05613499879837036,0.11193250119686127,0.0,0.11193250119686127,0.0,0.0,0.0,0.006283330820184396,2,
2018-06-15 11:00:00,135,0.14142917096614838,0.007356082089245319,0.05146250128746033,0.13407308887690306,0.0,0.13407308887690306,0.0,0.0,0.0,0.0068997365089414064,2,
2018-06-15 12:00:00,135,0.11240889132022858,0.011225635185837746,0.05209999904036522,0.10118325613439083,0.0,0.10118325613439083,0.0,0.0,0.0,0.0052716475475027905,2,
2018-06-15 13:00:00,135,0.2716044485569,0.0627296194434166,0.05252499878406525,0.20887482911348343,0.0,0.20887482911348343,0.0,0.0,0.0,0.010971150145207553,2,
2018-06-15 14:00:00,135,0.12523388862609863,0.11751903593540192,0.05179249867796898,0.007714852690696716,0.0,0.007714852690696716,0.0,0.0,0.0,0.0003995714977836351,2,
2018-06-15 15:00:00,135,0.12117305397987366,0.05597560480237007,0.052025001496076584,0.06519744917750359,0.0,0.06519744917750359,0.0,0.0,0.0,0.003391897391000001,2,
2018-06-15 16:00:00,135,0.26128166913986206,0.03752468153834343,0.05334249883890152,0.22375698760151863,0.0,0.22375698760151863,0.0,0.0,0.0,0.01193575685133011,2,
2018-06-15 17:00:00,135,0.1863805502653122,0.01196300983428955,0.058855000883340836,0.17441754043102264,0.0,0.17441754043102264,0.0,0.0,0.0,0.010265344496137974,2,
2018-06-15 18:00:00,135,0.1723363846540451,1.2168154374177608e-17,0.05953750014305115,0.1723363846540451,0.0,0.1723363846540451,0.0,0.0,0.0,0.010260477525993128,2,
2018-06-15 19:00:00,135,0.13579139113426208,0.0,0.056290000677108765,0.13579139113426208,0.0,0.13579139113426208,0.0,0.0,0.0,0.007643697498893154,2,
2018-06-15 20:00:00,135,0.29425832629203796,0.0,0.0508200004696846,0.29425832629203796,0.0,0.29425832629203796,0.0,0.0,0.0,0.014954208280369974,2,
2018-06-15 21:00:00,135,0.24922333657741547,-0.0,0.05141500011086464,0.24922333657741547,0.0,0.24922333657741547,0.0,0.0,0.0,0.012813817877757872,2,
2018-06-15 22:00:00,135,0.11933527886867523,-0.0,0.050324998795986176,0.11933527886867523,0.0,0.11933527886867523,0.0,0.0,0.0,0.0060055477653847555,2,
2018-06-15 23:00:00,135,0.13698500394821167,-0.0,0.05392000079154968,0.13698500394821167,0.0,0.13698500394821167,0.0,0.0,0.0,0.00738623152131801,2,
2018-06-16 00:00:00,135,0.11114222556352615,-0.0,0.0533674992620945,0.11114222556352615,0.0,0.11114222556352615,0.0,0.0,0.0,0.005931382640749022,2,
2018-06-16 01:00:00,135,0.13583000004291534,-0.0,0.053289998322725296,0.13583000004291534,0.0,0.13583000004291534,0.0,0.0,0.0,0.007238380474462736,2,
2018-06-16 02:00:00,135,0.11635972559452057,-0.0,0.05099250003695488,0.11635972559452057,0.0,0.11635972559452057,0.0,0.0,0.0,0.00593347331167865,2,
2018-06-16 03:00:00,135,0.12082333117723465,-0.0,0.05127999931573868,0.12082333117723465,0.0,0.12082333117723465,0.0,0.0,0.0,0.0061958203400938605,2,
2018-06-16 04:00:00,135,0.13268916308879852,0.0,0.049582500010728836,0.13268916308879852,0.0,0.13268916308879852,0.0,0.0,0.0,0.006579060430273953,2,
2018-06-16 05:00:00,135,0.11551249772310257,-0.0,0.04856250062584877,0.11551249772310257,0.0,0.11551249772310257,0.0,0.0,0.0,0.005609575742971523,2,
2018-06-16 06:00:00,135,0.18386778235435486,0.0,0.04915250092744827,0.18386778235435486,0.0,0.18386778235435486,0.0,0.0,0.0,0.009037561342700284,2,
2018-06-16 07:00:00,135,0.11682610958814621,0.4951288104057312,0.047439999878406525,-0.378302700817585,1.4249999999999998,1.121697299182415,0.0,0.0,1.5,0.054713319736822696,0,
2018-06-16 08:00:00,135,0.25129109621047974,0.0,0.04690000042319298,0.25129109621047974,1.1604830566205475,0.0,-0.0,-0.0,0.25129109621047974,0.00025129109621047975,2,
2018-06-16 09:00:00,135,0.14466777443885803,0.0,0.05140500143170357,0.14466777443885803,1.0082011887901707,0.0,-0.0,-0.0,0.14466777443885803,0.00014466777443885803,2,
2018-06-16 10:00:00,135,0.11185916513204575,0.0,0.05048749968409538,0.11185916513204575,0.890454699177491,0.0,-0.0,-0.0,0.11185916513204575,0.00011185916513204575,2,
2018-06-16 11:00:00,135,0.1393125057220459,0.0,0.04706500098109245,0.1393125057220459,0.7438099563121795,0.0,-0.0,-0.0,0.1393125057220459,0.0001393125057220459,2,
2018-06-16 12:00:00,135,0.11178527772426605,0.0,0.04636000096797943,0.11178527772426605,0.6261412429182153,0.0,-0.0,-0.0,0.11178527772426605,0.00011178527772426606,2,
2018-06-16 13:00:00,135,0.13282056152820587,0.0,0.046094998717308044,0.13282056152820587,0.4863301255201038,0.0,-0.0,-0.0,0.13282056152820587,0.00013282056152820587,2,
2018-06-16 14:00:00,135,0.11912278085947037,0.0,0.04602999985218048,0.11912278085947037,0.36093772461539814,0.0,-0.0,-0.0,0.11912278085947037,0.00011912278085947038,2,
2018-06-16 15:00:00,135,0.17050860822200775,0.0,0.046322498470544815,0.17050860822200775,0.18145497911854785,0.0,-0.0,-0.0,0.17050860822200775,0.00017050860822200777,2,
2018-06-16 16:00:00,135,0.22429083287715912,0.0,0.04612499848008156,0.22429083287715912,0.0,0.051908602714538676,0.0,0.0,0.17238223016262044,0.0025666664514738743,2,
2018-06-16 17:00:00,135,0.1202172189950943,0.0,0.04668499901890755,0.1202172189950943,0.0,0.1202172189950943,0.0,0.0,0.0,0.005612340750841771,2,
2018-06-16 18:00:00,135,0.1976688951253891,0.0,0.04633000120520592,0.1976688951253891,0.0,0.1976688951253891,0.0,0.0,0.0,0.009158000149390999,2,
2018-06-16 19:00:00,135,0.14468194544315338,-0.0,0.04812749847769737,0.14468194544315338,0.0,0.14468194544315338,0.0,0.0,0.0,0.006963180109065659,2,
2018-06-16 20:00:00,135,0.19274082779884338,-0.0,0.048282500356435776,0.19274082779884338,0.0,0.19274082779884338,0.0,0.0,0.0,0.009306009086897382,2,
2018-06-16 21:00:00,135,0.2655488848686218,-0.0,0.04887999966740608,0.2655488848686218,0.0,0.2655488848686218,0.0,0.0,0.0,0.01298002940405829,2,
2018-06-16 22:00:00,135,0.12400639057159424,-0.0,0.048920001834630966,0.12400639057159424,0.0,0.12400639057159424,0.0,0.0,0.0,0.006066392854268354,2,
2018-06-16 23:00:00,135,0.14038333296775818,-0.0,0.05235249921679497,0.14038333296775818,0.0,0.14038333296775818,0.0,0.0,0.0,0.007349418329245627,2,
2018-06-17 00:00:00,135,0.11141332983970642,-0.0,0.04961000010371208,0.11141332983970642,0.0,0.11141332983970642,0.0,0.0,0.0,0.005527215304902744,2,
2018-06-17 01:00:00,135,0.14469777047634125,-0.0,0.04815249890089035,0.14469777047634125,0.0,0.14469777047634125,0.0,0.0,0.0,0.006967559233823306,2,
2018-06-17 02:00:00,135,0.127428337931633,-0.0,0.04539500176906586,0.127428337931633,0.0,0.127428337931633,0.0,0.0,0.0,0.005784609625835602,2,
2018-06-17 03:00:00,135,0.13160166144371033,0.0,0.04128750041127205,0.13160166144371033,0.0,0.13160166144371033,0.0,0.0,0.0,0.005433503650981275,2,
2018-06-17 04:00:00,135,0.17576389014720917,-0.0,0.040860000997781754,0.17576389014720917,0.0,0.17576389014720917,0.0,0.0,0.0,0.007181712726788969,2,
2018-06-17 05:00:00,135,0.11643499881029129,-0.0,0.04116249829530716,0.11643499881029129,0.0,0.11643499881029129,0.0,0.0,0.0,0.004792755440042706,2,
2018-06-17 06:00:00,135,0.199955552816391,-0.0,0.04323999956250191,0.199955552816391,0.0,0.199955552816391,0.0,0.0,0.0,0.008646078016300573,2,
2018-06-17 07:00:00,135,0.13573667407035828,0.0,0.04397499933838844,0.13573667407035828,0.0,0.13573667407035828,0.0,0.0,0.0,0.005969020152439053,2,
2018-06-17 08:00:00,135,0.12191861122846603,1.2318438291549683,0.046217501163482666,-1.1099252179265022,1.4249999999999998,0.39007478207349777,0.0,0.0,1.5,0.019528281694327132,0,
2018-06-17 09:00:00,135,0.12969110906124115,0.5761799216270447,0.05204499885439873,-0.44648881256580353,1.4249999999999998,0.0,0.44648881256580353,0.44648881256580353,0.0,0.0,2,
2018-06-17 10:00:00,135,0.11135083436965942,0.0,0.05245000123977661,0.11135083436965942,1.3077885954003583,0.0,-0.0,-0.0,0.11135083436965942,0.00011135083436965942,2,
2018-06-17 11:00:00,135,0.1389247179031372,0.8493103384971619,0.05355000123381615,-0.7103856205940247,1.3077885954003583,0.0,0.7103856205940247,0.7103856205940247,0.0,0.0,2,
2018-06-17 12:00:00,135,0.1142694428563118,1.0259010791778564,0.05441249907016754,-0.9116316363215446,1.3077885954003583,0.0,0.9116316363215446,0.9116316363215446,0.0,0.0,2,
2018-06-17 13:00:00,135,0.12400999665260315,0.05136256664991379,0.051762498915195465,0.07264743000268936,1.231317616450159,0.0,-0.0,-0.0,0.07264743000268936,7.264743000268936e-05,2,
2018-06-17 14:00:00,135,0.1270972192287445,0.035071637481451035,0.05068250000476837,0.09202558174729347,1.1344485830319553,0.0,-0.0,-0.0,0.09202558174729347,9.202558174729347e-05,2,
2018-06-17 15:00:00,135,0.11193999648094177,0.0,0.05158749967813492,0.11193999648094177,1.0166170077888588,0.0,-0.0,-0.0,0.11193999648094177,0.00011193999648094177,2,
2018-06-17 16:00:00,135,0.14091333746910095,0.0,0.05339999869465828,0.14091333746910095,0.8682871788740156,0.0,-0.0,-0.0,0.14091333746910095,0.00014091333746910095,2,
2018-06-17 17:00:00,135,0.12169333547353745,0.0,0.05517499893903732,0.12169333547353745,0.7401889310071341,0.0,-0.0,-0.0,0.12169333547353745,0.00012169333547353745,2,
2018-06-17 18:00:00,135,0.9611655473709106,0.0,0.054910000413656235,0.9611655473709106,0.0,0.2579860629141333,0.0,0.0,0.7031794844567774,0.014869194305789379,2,
2018-06-17 19:00:00,135,0.6809269189834595,-0.0,0.051247499883174896,0.6809269189834595,0.0,0.6809269189834595,0.0,0.0,0.0,0.03489580220105548,2,
2018-06-17 20:00:00,135,0.3848097324371338,-0.0,0.0508975014090538,0.3848097324371338,0.0,0.3848097324371338,0.0,0.0,0.0,0.019585853898936634,2,
2018-06-17 21:00:00,135,0.21587027609348297,-0.0,0.050404999405145645,0.21587027609348297,0.0,0.21587027609348297,0.0,0.0,0.0,0.010880941138080635,2,
2018-06-17 22:00:00,135,0.14809416234493256,-0.0,0.05011500045657158,0.14809416234493256,0.0,0.14809416234493256,0.0,0.0,0.0,0.007421739013531881,2,
2018-06-17 23:00:00,135,0.24852916598320007,-0.0,0.0504550002515316,0.24852916598320007,0.0,0.24852916598320007,0.0,0.0,0.0,0.012539539132195299,2,
2018-06-18 00:00:00,135,0.0,-0.0,0.05061250180006027,0.0,0.0,0.0,-0.0,-0.0,0.0,0.0,2,
2018-06-18 01:00:00,135,0.0,-0.0,0.04258250072598457,0.0,0.0,0.0,-0.0,-0.0,0.0,0.0,2,
2018-06-18 02:00:00,135,0.0,-0.0,0.04159500077366829,0.0,0.0,0.0,-0.0,-0.0,0.0,0.0,2,
2018-06-18 03:00:00,135,0.0,-0.0,0.0359174981713295,0.0,0.0,0.0,-0.0,-0.0,0.0,0.0,2,
2018-06-18 04:00:00,135,0.0,-0.0,0.037085000425577164,0.0,0.0,0.0,-0.0,-0.0,0.0,0.0,2,
2018-06-18 05:00:00,135,0.0,-0.0,0.04442249983549118,0.0,0.0,0.0,-0.0,-0.0,0.0,0.0,2,
2018-06-18 06:00:00,135,0.0,-0.0,0.05052750185132027,0.0,0.0,0.0,-0.0,-0.0,0.0,0.0,2,
2018-06-18 07:00:00,135,0.0,0.0,0.052615001797676086,0.0,0.0,0.0,-0.0,-0.0,0.0,0.0,2,
2018-06-18 08:00:00,135,0.0,0.0,0.054999999701976776,0.0,0.0,0.0,-0.0,-0.0,0.0,0.0,2,
2018-06-18 09:00:00,135,0.0,0.0,0.0516275018453598,0.0,0.0,0.0,-0.0,-0.0,0.0,0.0,2,
2018-06-18 10:00:00,135,0.0,0.0,0.048739999532699585,0.0,0.0,0.0,-0.0,-0.0,0.0,0.0,2,
2018-06-18 11:00:00,135,0.0,0.06446992605924606,0.047635000199079514,-0.06446992605924606,0.0,0.0,0.06446992605924606,0.06446992605924606,0.0,0.0,2,
2018-06-18 12:00:00,135,0.0,0.051355570554733276,0.047587499022483826,-0.051355570554733276,0.0,0.0,0.051355570554733276,0.051355570554733276,0.0,0.0,2,
2018-06-18 13:00:00,135,0.0,1.028584599494934,0.04826999828219414,-1.028584599494934,0.0,0.0,1.028584599494934,1.028584599494934,0.0,0.0,2,
2018-06-18 14:00:00,135,0.0,0.07845919579267502,0.04805999994277954,-0.07845919579267502,0.0,0.0,0.07845919579267502,0.07845919579267502,0.0,0.0,2,
2018-06-18 15:00:00,135,0.0,0.05516631901264191,0.04946250095963478,-0.05516631901264191,0.0,0.0,0.05516631901264191,0.05516631901264191,0.0,0.0,2,
2018-06-18 16:00:00,135,0.0,0.011393198743462563,0.0528700016438961,-0.011393198743462563,0.0,0.0,0.011393198743462563,0.011393198743462563,0.0,0.0,2,
2018-06-18 17:00:00,135,0.0,0.0,0.05662250146269798,0.0,0.0,0.0,-0.0,-0.0,0.0,0.0,2,
2018-06-18 18:00:00,135,0.0,0.0,0.056437499821186066,0.0,0.0,0.0,-0.0,-0.0,0.0,0.0,2,
2018-06-18 19:00:00,135,0.0,0.0,0.05443749949336052,0.0,0.0,0.0,-0.0,-0.0,0.0,0.0,2,
2018-06-18 20:00:00,135,0.0,0.0,0.051477499306201935,0.0,0.0,0.0,-0.0,-0.0,0.0,0.0,2,
2018-06-18 21:00:00,135,0.0,0.0,0.05019500106573105,0.0,0.0,0.0,-0.0,-0.0,0.0,0.0,2,
2018-06-18 22:00:00,135,0.0,0.0,0.04966749995946884,0.0,0.0,0.0,-0.0,-0.0,0.0,0.0,2,
2018-06-18 23:00:00,135,0.0,0.0,0.04732999950647354,0.0,0.0,0.0,-0.0,-0.0,0.0,0.0,2,
2018-06-19 00:00:00,135,0.0,0.0,0.04192499816417694,0.0,0.0,0.0,-0.0,-0.0,0.0,0.0,2,
2018-06-19 01:00:00,135,0.0,0.0,0.04428499937057495,0.0,0.0,0.0,-0.0,-0.0,0.0,0.0,2,
2018-06-19 02:00:00,135,0.0,0.0,0.04573750123381615,0.0,0.0,0.0,-0.0,-0.0,0.0,0.0,2,
2018-06-19 03:00:00,135,0.0,0.0,0.046275001019239426,0.0,0.0,0.0,-0.0,-0.0,0.0,0.0,2,
2018-06-19 04:00:00,135,0.0,0.0,0.04686500132083893,0.0,0.0,0.0,-0.0,-0.0,0.0,0.0,2,
2018-06-19 05:00:00,135,0.0,0.0,0.04967749863862991,0.0,0.0,0.0,-0.0,-0.0,0.0,0.0,2,
2018-06-19 06:00:00,135,0.0,0.0,0.051282498985528946,0.0,0.0,0.0,-0.0,-0.0,0.0,0.0,2,
2018-06-19 07:00:00,135,0.0,0.4028696119785309,0.05234000086784363,-0.4028696119785309,0.0,0.0,0.4028696119785309,0.4028696119785309,0.0,0.0,2,
2018-06-19 08:00:00,135,0.027136944234371185,0.6838774681091309,0.055319998413324356,-0.6567405238747597,0.0,0.0,0.6567405238747597,0.6567405238747597,0.0,0.0,2,
2018-06-19 09:00:00,135,0.1288033276796341,0.04155251011252403,0.06030000001192093,0.08725081756711006,0.0,0.08725081756711006,0.0,0.0,0.0,0.0052612243003368475,2,
2018-06-19 10:00:00,135,0.12281694263219833,0.07781144231557846,0.060704998672008514,0.04500550031661987,0.0,0.04500550031661987,0.0,0.0,0.0,0.002732058836953488,2,
2018-06-19 11:00:00,135,0.11842083185911179,1.263866662979126,0.061012499034404755,-1.1454458311200142,0.0,0.0,1.1454458311200142,1.1454458311200142,0.0,0.0,2,
2018-06-19 12:00:00,135,0.13325555622577667,1.3261812925338745,0.060417499393224716,-1.1929257363080978,0.0,0.0,1.1929257363080978,1.1929257363080978,0.0,0.0,2,
2018-06-19 13:00:00,135,0.11259777843952179,0.14917893707752228,0.055217500776052475,-0.03658115863800049,0.0,0.0,0.03658115863800049,0.03658115863800049,0.0,0.0,2,
2018-06-19 14:00:00,135,0.14149194955825806,0.2490323930978775,0.054294999688863754,-0.10754044353961945,0.0,0.0,0.10754044353961945,0.10754044353961945,0.0,0.0,2,
2018-06-19 15:00:00,135,0.11193305253982544,0.256897509098053,0.06003250181674957,-0.14496445655822754,0.0,0.0,0.14496445655822754,0.14496445655822754,0.0,0.0,2,
2018-06-19 16:00:00,135,0.14789389073848724,0.13259734213352203,0.06661249697208405,0.01529654860496521,0.0,0.01529654860496521,0.0,0.0,0.0,0.0010189412976315815,2,
2018-06-19 17:00:00,135,1.0765022039413452,0.06153205782175064,0.06947500258684158,1.0149701461195946,0.0,1.0149701461195946,0.0,0.0,0.0,0.07051505352722581,2,
2018-06-19 18:00:00,135,0.45346999168395996,1.2909472811967019e-17,0.06649249792098999,0.45346999168395996,0.0,0.45346999168395996,0.0,0.0,0.0,0.030152352479277056,2,
2018-06-19 19:00:00,135,0.2735847234725952,0.0,0.05508749932050705,0.2735847234725952,0.0,0.2735847234725952,0.0,0.0,0.0,0.015071098268397698,2,
2018-06-19 20:00:00,135,0.28552666306495667,-0.0,0.052367500960826874,0.28552666306495667,0.0,0.28552666306495667,0.0,0.0,0.0,0.01495231780239581,2,
2018-06-19 21:00:00,135,0.26170945167541504,-0.0,0.05077249929308891,0.26170945167541504,0.0,0.26170945167541504,0.0,0.0,0.0,0.013287642950184697,2,
2018-06-19 22:00:00,135,0.11864083260297775,-0.0,0.051007501780986786,0.11864083260297775,0.0,0.11864083260297775,0.0,0.0,0.0,0.006051572480294143,2,
2018-06-19 23:00:00,135,0.13649694621562958,-0.0,0.055262498557567596,0.13649694621562958,0.0,0.13649694621562958,0.0,0.0,0.0,0.007543162293353611,2,
2018-06-20 00:00:00,135,0.11108250170946121,-0.0,0.05455499887466431,0.11108250170946121,0.0,0.11108250170946121,0.0,0.0,0.0,0.006060105755754552,2,
2018-06-20 01:00:00,135,0.13856028020381927,-0.0,0.055287498980760574,0.13856028020381927,0.0,0.13856028020381927,0.0,0.0,0.0,0.007660651350542558,2,
2018-06-20 02:00:00,135,0.1125577762722969,-0.0,0.05241499841213226,0.1125577762722969,0.0,0.1125577762722969,0.0,0.0,0.0,0.005899715664585581,2,
2018-06-20 03:00:00,135,0.1296788901090622,-0.0,0.047905001789331436,0.1296788901090622,0.0,0.1296788901090622,0.0,0.0,0.0,0.006212267462713139,2,
2018-06-20 04:00:00,135,0.12211722135543823,-0.0,0.047839999198913574,0.12211722135543823,0.0,0.12211722135543823,0.0,0.0,0.0,0.005842087771817717,2,
2018-06-20 05:00:00,135,0.13036666810512543,-0.0,0.0496474988758564,0.13036666810512543,0.0,0.13036666810512543,0.0,0.0,0.0,0.006472379008198359,2,
2018-06-20 06:00:00,135,0.18941639363765717,-0.0,0.050987500697374344,0.18941639363765717,0.0,0.18941639363765717,0.0,0.0,0.0,0.009657868502694178,2,
2018-06-20 07:00:00,135,0.16081860661506653,0.0,0.05380500108003616,0.16081860661506653,0.0,0.16081860661506653,0.0,0.0,0.0,0.008652845302613565,2,
2018-06-20 08:00:00,135,0.2660413980484009,0.0,0.055799998342990875,0.2660413980484009,0.0,0.2660413980484009,0.0,0.0,0.0,0.014845109570267745,2,
2018-06-20 09:00:00,135,0.11800750344991684,0.0,0.054864998906850815,0.11800750344991684,0.0,0.11800750344991684,0.0,0.0,0.0,0.006474481547779881,2,
2018-06-20 10:00:00,135,0.25003665685653687,0.0,0.05340249836444855,0.25003665685653687,0.0,0.25003665685653687,0.0,0.0,0.0,0.013352582158833393,2,
2018-06-20 11:00:00,135,0.16927111148834229,0.0,0.05012499913573265,0.16927111148834229,0.0,0.16927111148834229,0.0,0.0,0.0,0.008484714317057662,2,
2018-06-20 12:00:00,135,0.12275027483701706,2.738091468811035,0.05015749856829643,-2.615341193974018,1.4249999999999998,0.0,1.115341193974018,1.115341193974018,1.5,0.0015,0,
2018-06-20 13:00:00,135,0.12915389239788055,0.9762219786643982,0.049962498247623444,-0.8470680862665176,1.4249999999999998,0.0,0.8470680862665176,0.8470680862665176,0.0,0.0,2,
2018-06-20 14:00:00,135,0.11186472326517105,1.7062309980392456,0.04996500164270401,-1.5943662747740746,2.8499999999999996,0.0,0.09436627477407455,0.09436627477407455,1.5,0.0015,0,
2018-06-20 15:00:00,135,0.14603416621685028,0.015884997323155403,0.05196249857544899,0.13014916889369488,2.713000874848742,0.0,-0.0,-0.0,0.13014916889369488,0.00013014916889369488,2,
2018-06-20 16:00:00,135,0.21513639390468597,0.06295590102672577,0.051512498408555984,0.1521804928779602,2.552810882345626,0.0,-0.0,-0.0,0.1521804928779602,0.0001521804928779602,2,
2018-06-20 17:00:00,135,0.20403888821601868,0.04616231471300125,0.05077999830245972,0.15787657350301743,2.3866250155003446,0.0,-0.0,-0.0,0.15787657350301743,0.00015787657350301742,2,
2018-06-20 18:00:00,135,0.12539972364902496,1.9187458505431116e-17,0.05372999981045723,0.12539972364902494,2.254625306396108,0.0,-0.0,-0.0,0.12539972364902494,0.00012539972364902495,2,
2018-06-20 19:00:00,135,0.1806352734565735,0.0,0.054749999195337296,0.1806352734565735,2.0644829132839253,0.0,-0.0,-0.0,0.1806352734565735,0.0001806352734565735,2,
2018-06-20 20:00:00,135,0.1497577726840973,0.0,0.05435749888420105,0.1497577726840973,1.906843152563823,0.0,-0.0,-0.0,0.1497577726840973,0.0001497577726840973,2,
2018-06-20 21:00:00,135,0.2354527711868286,0.0,0.05340249836444855,0.2354527711868286,3.0,1.3861441895406992,0.0,0.0,1.1506914183538706,0.07517425423319092,0,
2018-06-20 22:00:00,135,0.23492194712162018,0.0,0.05243249982595444,0.23492194712162018,2.7527137398719788,0.0,-0.0,-0.0,0.23492194712162018,0.0002349219471216202,2,
2018-06-20 23:00:00,135,0.11432722210884094,0.0,0.0525050014257431,0.11432722210884094,3.0,0.37462854855938965,0.0,0.0,0.2603013264505487,0.019930173802685372,0,
2018-06-21 00:00:00,135,0.1436188817024231,0.0,0.05015749856829643,0.1436188817024231,2.848822229786923,0.0,-0.0,-0.0,0.1436188817024231,0.0001436188817024231,2,
2018-06-21 01:00:00,135,0.11541694402694702,0.0,0.048852499574422836,0.11541694402694702,3.0,0.2745514389880807,0.0,0.0,0.1591344949611337,0.013571658551283523,0,
2018-06-21 02:00:00,135,0.13292500376701355,0.0,0.04522499814629555,0.13292500376701355,3.0,0.13292500376701355,0.0,0.0,0.0,0.0060115330489595165,0,
2018-06-21 03:00:00,135,0.11783083528280258,0.0,0.03772500157356262,0.11783083528280258,2.8759675418075763,0.0,-0.0,-0.0,0.11783083528280258,0.00011783083528280259,2,
2018-06-21 04:00:00,135,0.12446222454309464,0.0,0.037927500903606415,0.12446222454309464,2.744954673867477,0.0,-0.0,-0.0,0.12446222454309464,0.00012446222454309464,2,
2018-06-21 05:00:00,135,0.13099388778209686,0.0,0.04111750051379204,0.13099388778209686,2.607066370938954,0.0,-0.0,-0.0,0.13099388778209686,0.00013099388778209687,2,
2018-06-21 06:00:00,135,0.1496158391237259,0.0,0.04758000001311302,0.1496158391237259,2.449576013966611,0.0,-0.0,-0.0,0.1496158391237259,0.0001496158391237259,2,
2018-06-21 07:00:00,135,0.22630749642848969,0.5440220236778259,0.04751500114798546,-0.31771452724933624,3.0,0.2616791422594944,0.0,0.0,0.5793936695088306,0.013013078414372558,0,
2018-06-21 08:00:00,135,0.23298028111457825,2.0365469455718994,0.04613250121474266,-1.8035666644573212,3.0,0.0,1.8035666644573212,1.8035666644573212,0.0,0.0,0,
2018-06-21 09:00:00,135,0.14361193776130676,1.4878257513046265,0.046937499195337296,-1.3442138135433197,3.0,0.0,1.3442138135433197,1.3442138135433197,0.0,0.0,0,
2018-06-21 10:00:00,135,0.11323916912078857,0.1817793846130371,0.04672250151634216,-0.06854021549224854,3.0,0.0,0.06854021549224854,0.06854021549224854,0.0,0.0,2,
2018-06-21 11:00:00,135,0.1351577788591385,0.2535856366157532,0.04618750140070915,-0.11842785775661469,3.0,0.0,0.11842785775661469,0.11842785775661469,0.0,0.0,2,
2018-06-21 12:00:00,135,0.1188725009560585,0.3150918781757355,0.04629499837756157,-0.19621937721967697,3.0,0.0,0.19621937721967697,0.19621937721967697,0.0,0.0,2,
2018-06-21 13:00:00,135,0.12834833562374115,0.34309035539627075,0.04631999880075455,-0.2147420197725296,3.0,0.0,0.2147420197725296,0.2147420197725296,0.0,0.0,2,
2018-06-21 14:00:00,135,0.12472639232873917,0.27610427141189575,0.046277500689029694,-0.15137787908315659,3.0,0.0,0.15137787908315659,0.15137787908315659,0.0,0.0,2,
2018-06-21 15:00:00,135,0.12220583111047745,0.2825196087360382,0.04816250130534172,-0.16031377762556076,3.0,0.0,0.16031377762556076,0.16031377762556076,0.0,0.0,2,
2018-06-21 16:00:00,135,0.131443053483963,0.1741671860218048,0.048889998346567154,-0.0427241325378418,3.0,0.0,0.0427241325378418,0.0427241325378418,0.0,0.0,2,
2018-06-21 17:00:00,135,0.11257027834653854,0.09217716008424759,0.051317501813173294,0.020393118262290955,2.978533559723904,0.0,-0.0,-0.0,0.020393118262290955,2.0393118262290954e-05,2,
2018-06-21 18:00:00,135,0.20220333337783813,5.042982374173643e-17,0.05155999958515167,0.20220333337783808,2.7656879456419694,0.0,-0.0,-0.0,0.20220333337783808,0.0002022033333778381,2,
2018-06-21 19:00:00,135,0.21053889393806458,0.0,0.05448500066995621,0.21053889393806458,2.544068057286112,0.0,-0.0,-0.0,0.21053889393806458,0.00021053889393806457,2,
2018-06-21 20:00:00,135,0.2317652851343155,0.0,0.0545400008559227,0.2317652851343155,2.3001045992499907,0.0,-0.0,-0.0,0.2317652851343155,0.0002317652851343155,2,
2018-06-21 21:00:00,135,0.19943472743034363,0.0,0.05446749925613403,0.19943472743034363,2.09017330721805,0.0,-0.0,-0.0,0.19943472743034363,0.00019943472743034362,2,
2018-06-21 22:00:00,135,0.1780666708946228,0.0,0.05256250128149986,0.1780666708946228,1.902734706276342,0.0,-0.0,-0.0,0.1780666708946228,0.00017806667089462281,2,
2018-06-21 23:00:00,135,0.1127905547618866,0.0,0.05197500064969063,0.1127905547618866,1.7840078065269878,0.0,-0.0,-0.0,0.1127905547618866,0.0001127905547618866,2,
2018-06-22 00:00:00,135,0.13513971865177155,0.0,0.050927501171827316,0.13513971865177155,1.6417554711040703,0.0,-0.0,-0.0,0.13513971865177155,0.00013513971865177155,2,
2018-06-22 01:00:00,135,0.11430361121892929,0.0,0.045522499829530716,0.11430361121892929,1.5214358803473025,0.0,-0.0,-0.0,0.11430361121892929,0.00011430361121892929,2,
2018-06-22 02:00:00,135,0.12869805097579956,0.0,0.04596250131726265,0.12869805097579956,1.3859642477411978,0.0,-0.0,-0.0,0.12869805097579956,0.00012869805097579957,2,
2018-06-22 03:00:00,135,0.11864305287599564,0.0,0.04634999856352806,0.11864305287599564,1.2610768236612024,0.0,-0.0,-0.0,0.11864305287599564,0.00011864305287599564,2,
2018-06-22 04:00:00,135,0.12380111217498779,-0.0,0.04611000046133995,0.12380111217498779,1.1307598634770049,0.0,-0.0,-0.0,0.12380111217498779,0.0001238011121749878,2,
2018-06-22 05:00:00,135,0.13328666985034943,0.0,0.047542501240968704,0.13328666985034943,2.5557598634770047,1.6332866698503494,0.0,0.0,1.5,0.07915053352821788,0,
2018-06-22 06:00:00,135,0.14198361337184906,0.0,0.04822999984025955,0.14198361337184906,2.4063034283487426,0.0,-0.0,-0.0,0.14198361337184906,0.00014198361337184907,2,
2018-06-22 07:00:00,135,0.26771804690361023,0.05465812608599663,0.048739999532699585,0.2130599208176136,2.1820298274880967,0.0,-0.0,-0.0,0.2130599208176136,0.0002130599208176136,2,
2018-06-22 08:00:00,135,0.14750917255878448,2.03459095954895,0.04956499859690666,-1.8870817869901657,3.0,0.0,1.0260605527671096,1.0260605527671096,0.8610212342230561,0.0008610212342230561,0,
2018-06-22 09:00:00,135,0.13899806141853333,0.25947898626327515,0.04901750013232231,-0.12048092484474182,3.0,0.0,0.12048092484474182,0.12048092484474182,0.0,0.0,2,
2018-06-22 10:00:00,135,0.1123555526137352,2.7583606243133545,0.04836999997496605,-2.6460050716996193,3.0,0.0,2.6460050716996193,2.6460050716996193,0.0,0.0,0,
2018-06-22 11:00:00,135,0.13494111597537994,2.123553514480591,0.047655001282691956,-1.9886123985052109,3.0,0.0,1.9886123985052109,1.9886123985052109,0.0,0.0,0,
2018-06-22 12:00:00,135,0.1638336181640625,3.1995372772216797,0.047872498631477356,-3.035703659057617,3.0,0.0,3.035703659057617,3.035703659057617,0.0,0.0,0,
2018-06-22 13:00:00,135,0.23406971991062164,0.45051223039627075,0.04845999926328659,-0.2164425104856491,3.0,0.0,0.2164425104856491,0.2164425104856491,0.0,0.0,2,
2018-06-22 14:00:00,135,0.13131582736968994,0.37122929096221924,0.04775749891996384,-0.2399134635925293,3.0,0.0,0.2399134635925293,0.2399134635925293,0.0,0.0,2,
2018-06-22 15:00:00,135,0.12310083210468292,0.21247555315494537,0.047724999487400055,-0.08937472105026245,3.0,0.0,0.08937472105026245,0.08937472105026245,0.0,0.0,2,
2018-06-22 16:00:00,135,0.1330830603837967,0.11509408056735992,0.04859749972820282,0.017988979816436768,2.9810642317721716,0.0,-0.0,-0.0,0.017988979816436768,1.7988979816436768e-05,2,
2018-06-22 17:00:00,135,0.56107497215271,0.07300320267677307,0.052685000002384186,0.4880717694759369,2.46730447442908,0.0,-0.0,-0.0,0.4880717694759369,0.0004880717694759369,2,
2018-06-22 18:00:00,135,0.6720675230026245,3.226998990925342e-17,0.054032500833272934,0.6720675230026245,1.7598649765315804,0.0,-0.0,-0.0,0.6720675230026245,0.0006720675230026245,2,
2018-06-22 19:00:00,135,0.31749361753463745,0.0,0.05706999823451042,0.31749361753463745,1.425661168600383,0.0,-0.0,-0.0,0.31749361753463745,0.0003174936175346375,2,
2018-06-22 20:00:00,135,0.2352580577135086,0.0,0.05554249882698059,0.2352580577135086,1.1780211078493212,0.0,-0.0,-0.0,0.2352580577135086,0.0002352580577135086,2,
2018-06-22 21:00:00,135,0.2123236060142517,0.0,0.0509674996137619,0.2123236060142517,0.9545225752027404,0.0,-0.0,-0.0,0.2123236060142517,0.0002123236060142517,2,
2018-06-22 22:00:00,135,0.17773833870887756,0.0,0.05012249946594238,0.17773833870887756,0.7674295870881325,0.0,-0.0,-0.0,0.17773833870887756,0.00017773833870887758,2,
2018-06-22 23:00:00,135,0.1334255486726761,-0.0,0.053564999252557755,0.1334255486726761,0.6269816411168945,0.0,-0.0,-0.0,0.1334255486726761,0.0001334255486726761,2,
2018-06-23 00:00:00,135,0.14966222643852234,-0.0,0.05045250058174133,0.14966222643852234,0.46944245539213414,0.0,-0.0,-0.0,0.14966222643852234,0.00014966222643852234,2,
2018-06-23 01:00:00,135,0.12416750192642212,0.0,0.049504999071359634,0.12416750192642212,0.338739821785374,0.0,-0.0,-0.0,0.12416750192642212,0.00012416750192642212,2,
2018-06-23 02:00:00,135,0.13657860457897186,-0.0,0.047532498836517334,0.13657860457897186,0.19497286959698254,0.0,-0.0,-0.0,0.13657860457897186,0.00013657860457897187,2,
2018-06-23 03:00:00,135,0.11669694632291794,-0.0,0.04589749872684479,0.11669694632291794,0.07213397873075313,0.0,-0.0,-0.0,0.11669694632291794,0.00011669694632291794,2,
2018-06-23 04:00:00,135,0.14796499907970428,-0.0,0.038883332163095474,0.14796499907970428,0.0,0.07943771928548882,0.0,0.0,0.06852727979421547,0.0031573305050506127,2,
2018-06-23 05:00:00,135,0.12334305793046951,-0.0,0.03886333480477333,0.12334305793046951,0.0,0.12334305793046951,0.0,0.0,0.0,0.004793522556196389,2,
2018-06-23 06:00:00,135,0.15625722706317902,-0.0,0.04583999887108803,0.15625722706317902,0.0,0.15625722706317902,0.0,0.0,0.0,0.007162831112175472,2,
2018-06-23 07:00:00,135,0.15968528389930725,0.0,0.045910000801086426,0.15968528389930725,0.0,0.15968528389930725,0.0,0.0,0.0,0.007331151511738909,2,
2018-06-23 08:00:00,135,0.25620248913764954,0.0,0.048272501677274704,0.25620248913764954,0.0,0.25620248913764954,0.0,0.0,0.0,0.012367535086619141,2,
2018-06-23 09:00:00,135,0.12452138960361481,0.044651005417108536,0.05100249871611595,0.07987038418650627,0.0,0.07987038418650627,0.0,0.0,0.0,0.004073589166927974,2,
2018-06-23 10:00:00,135,0.12740221619606018,0.032597608864307404,0.05060749873518944,0.09480460733175278,0.0,0.09480460733175278,0.0,0.0,0.0,0.00479782404563181,2,
2018-06-23 11:00:00,135,0.12531611323356628,0.10383090376853943,0.04857249930500984,0.021485209465026855,0.0,0.021485209465026855,0.0,0.0,0.0,0.0010435903218080078,2,
2018-06-23 12:00:00,135,0.12256667017936707,0.10431427508592606,0.04824500158429146,0.01825239509344101,0.0,0.01825239509344101,0.0,0.0,0.0,0.0008805868302001751,2,
2018-06-23 13:00:00,135,0.1311766654253006,0.1231556162238121,0.04634249955415726,0.008021049201488495,0.0,0.008021049201488495,0.0,0.0,0.0,0.000371715469043854,2,
2018-06-23 14:00:00,135,0.1153833344578743,0.1532442271709442,0.04602750018239021,-0.037860892713069916,0.0,0.0,0.037860892713069916,0.037860892713069916,0.0,0.0,2,
2018-06-23 15:00:00,135,0.20241138339042664,0.1408872902393341,0.045214999467134476,0.06152409315109253,0.0,0.06152409315109253,0.0,0.0,0.0,0.0027818118390425806,2,
2018-06-23 16:00:00,135,0.13466165959835052,0.1087656244635582,0.047612499445676804,0.025896035134792328,0.0,0.025896035134792328,0.0,0.0,0.0,0.0012329749585005267,2,
2018-06-23 17:00:00,135,0.21436665952205658,0.03822329640388489,0.057132501155138016,0.1761433631181717,0.0,0.1761433631181717,0.0,0.0,0.0,0.01006351089681884,2,
2018-06-23 18:00:00,135,0.21142666041851044,2.1455048423292134e-17,0.05756999924778938,0.2114266604185104,0.0,0.2114266604185104,0.0,0.0,0.0,0.012171832681256265,2,
2018-06-23 19:00:00,135,0.20783889293670654,0.0,0.059300001710653305,0.20783889293670654,0.0,0.20783889293670654,0.0,0.0,0.0,0.012324846706686987,2,
2018-06-23 20:00:00,135,0.15614500641822815,0.0,0.05895499885082245,0.15614500641822815,0.0,0.15614500641822815,0.0,0.0,0.0,0.009205528673948304,2,
2018-06-23 21:00:00,135,0.14773611724376678,0.0,0.058742500841617584,0.14773611724376678,0.0,0.14773611724376678,0.0,0.0,0.0,0.008678388991529284,2,
2018-06-23 22:00:00,135,0.1429644376039505,-0.0,0.0578325018286705,0.1429644376039505,0.0,0.1429644376039505,0.0,0.0,0.0,0.008267991099165317,2,
2018-06-23 23:00:00,135,0.1408347189426422,-0.0,0.05685500055551529,0.1408347189426422,0.0,0.1408347189426422,0.0,0.0,0.0,0.008007158023719763,2,
2018-06-24 00:00:00,135,0.13865889608860016,-0.0,0.05087750032544136,0.13865889608860016,0.0,0.13865889608860016,0.0,0.0,0.0,0.007054618030873094,2,
2018-06-24 01:00:00,135,0.13948972523212433,-0.0,0.0516900010406971,0.13948972523212433,0.0,0.13948972523212433,0.0,0.0,0.0,0.007210224042415059,2,
2018-06-24 02:00:00,135,0.1558094471693039,-0.0,0.05157250165939331,0.1558094471693039,0.0,0.1558094471693039,0.0,0.0,0.0,0.00803548297268808,2,
2018-06-24 03:00:00,135,0.12070972472429276,-0.0,0.0501599982380867,0.12070972472429276,0.0,0.12070972472429276,0.0,0.0,0.0,0.006054799579490455,2,
2018-06-24 04:00:00,135,0.14746388792991638,-0.0,0.05028250068426132,0.14746388792991638,0.0,0.14746388792991638,0.0,0.0,0.0,0.007414853045739855,2,
2018-06-24 05:00:00,135,0.1365813910961151,-0.0,0.048567499965429306,0.1365813910961151,0.0,0.1365813910961151,0.0,0.0,0.0,0.006633416707338857,2,
2018-06-24 06:00:00,135,0.13592416048049927,-0.0,0.04804249852895737,0.13592416048049927,0.0,0.13592416048049927,0.0,0.0,0.0,0.006530136279934151,2,
2018-06-24 07:00:00,135,0.13161000609397888,0.012803420424461365,0.0474650003015995,0.11880658566951752,0.0,0.11880658566951752,0.0,0.0,0.0,0.005639154624635656,2,
2018-06-24 08:00:00,135,0.14567166566848755,0.08179067820310593,0.044987499713897705,0.06388098746538162,0.0,0.06388098746538162,0.0,0.0,0.0,0.0028738459053223586,2,
2018-06-24 09:00:00,135,0.1431572288274765,0.2337539941072464,0.046537499874830246,-0.0905967652797699,0.0,0.0,0.0905967652797699,0.0905967652797699,0.0,0.0,2,
2018-06-24 10:00:00,135,0.2454213947057724,0.30862122774124146,0.04832249879837036,-0.06319983303546906,0.0,0.0,0.06319983303546906,0.06319983303546906,0.0,0.0,2,
2018-06-24 11:00:00,135,0.15528833866119385,0.3265236020088196,0.04892750084400177,-0.17123526334762573,0.0,0.0,0.17123526334762573,0.17123526334762573,0.0,0.0,2,
2018-06-24 12:00:00,135,0.11508221924304962,0.35761144757270813,0.048579998314380646,-0.2425292283296585,0.0,0.0,0.2425292283296585,0.2425292283296585,0.0,0.0,2,
2018-06-24 13:00:00,135,0.13961638510227203,0.438410222530365,0.047587499022483826,-0.29879383742809296,0.0,0.0,0.29879383742809296,0.29879383742809296,0.0,0.0,2,
2018-06-24 14:00:00,135,0.11518611013889313,0.3422183394432068,0.047052498906850815,-0.22703222930431366,0.0,0.0,0.22703222930431366,0.22703222930431366,0.0,0.0,2,
2018-06-24 15:00:00,135,0.17015166580677032,0.3012637794017792,0.045842498540878296,-0.13111211359500885,0.0,0.0,0.13111211359500885,0.13111211359500885,0.0,0.0,2,
2018-06-24 16:00:00,135,0.11847583204507828,0.22825635969638824,0.04743750020861626,-0.10978052765130997,0.0,0.0,0.10978052765130997,0.10978052765130997,0.0,0.0,2,
2018-06-24 17:00:00,135,0.4652866721153259,0.12944740056991577,0.050027500838041306,0.33583927154541016,0.0,0.33583927154541016,0.0,0.0,0.0,0.016801199438685188,2,
2018-06-24 18:00:00,135,1.0041675567626953,5.557397725314245e-17,0.05270000174641609,1.0041675567626953,0.0,1.0041675567626953,0.0,0.0,0.0,0.05291963199508842,2,
2018-06-24 19:00:00,135,0.26054251194000244,0.0,0.060122501105070114,0.26054251194000244,0.0,0.26054251194000244,0.0,0.0,0.0,0.01566446746203054,2,
2018-06-24 20:00:00,135,0.3369811177253723,0.0,0.06025249883532524,0.3369811177253723,0.0,0.3369811177253723,0.0,0.0,0.0,0.020303954403274593,2,
2018-06-24 21:00:00,135,0.2453438937664032,0.0,0.06052500009536743,0.2453438937664032,0.0,0.2453438937664032,0.0,0.0,0.0,0.01484943919360937,2,
2018-06-24 22:00:00,135,0.1592927724123001,-0.0,0.05669249966740608,0.1592927724123001,0.0,0.1592927724123001,0.0,0.0,0.0,0.009030705447004517,2,
2018-06-24 23:00:00,135,0.13407528400421143,0.0,0.052639998495578766,0.13407528400421143,0.0,0.13407528400421143,0.0,0.0,0.0,0.007057722748275985,2,
2018-06-25 00:00:00,135,0.1315133273601532,0.0,0.051717501133680344,0.1315133273601532,0.0,0.1315133273601532,0.0,0.0,0.0,0.006801540656842797,2,
2018-06-25 01:00:00,135,0.13233333826065063,0.0,0.04995499923825264,0.13233333826065063,0.0,0.13233333826065063,0.0,0.0,0.0,0.006610711812006231,2,
2018-06-25 02:00:00,135,0.13246360421180725,0.0,0.04582500085234642,0.13246360421180725,0.0,0.13246360421180725,0.0,0.0,0.0,0.006070144775910946,2,
2018-06-25 03:00:00,135,0.13723471760749817,0.0,0.04637499898672104,0.13723471760749817,0.0,0.13723471760749817,0.0,0.0,0.0,0.0063642598899906755,2,
2018-06-25 04:00:00,135,0.1494738906621933,0.0,0.04605000093579292,0.1494738906621933,0.0,0.1494738906621933,0.0,0.0,0.0,0.0068832728048706104,2,
2018-06-25 05:00:00,135,0.12303916364908218,0.0,0.04653500020503998,0.12303916364908218,0.0,0.12303916364908218,0.0,0.0,0.0,0.005725627505637987,2,
2018-06-25 06:00:00,135,0.14498916268348694,0.0,0.04763999953866005,0.14498916268348694,0.0,0.14498916268348694,0.0,0.0,0.0,0.006907283643352025,2,
2018-06-25 07:00:00,135,0.23068666458129883,0.049985215067863464,0.051362499594688416,0.18070144951343536,0.0,0.18070144951343536,0.0,0.0,0.0,0.009281278127393433,2,
2018-06-25 08:00:00,135,0.18179139494895935,0.18849310278892517,0.05208500102162361,-0.00670170783996582,0.0,0.0,0.00670170783996582,0.00670170783996582,0.0,0.0,2,
2018-06-25 09:00:00,135,0.11465777456760406,0.35320255160331726,0.0502374991774559,-0.2385447770357132,0.0,0.0,0.2385447770357132,0.2385447770357132,0.0,0.0,2,
2018-06-25 10:00:00,135,0.13862472772598267,0.4766499698162079,0.04934750124812126,-0.3380252420902252,0.0,0.0,0.3380252420902252,0.3380252420902252,0.0,0.0,2,
2018-06-25 11:00:00,135,0.11462721973657608,0.531217098236084,0.04907499998807907,-0.4165898784995079,0.0,0.0,0.4165898784995079,0.4165898784995079,0.0,0.0,2,
2018-06-25 12:00:00,135,0.13299527764320374,0.5203952193260193,0.0491349995136261,-0.38739994168281555,0.0,0.0,0.38739994168281555,0.38739994168281555,0.0,0.0,2,
2018-06-25 13:00:00,135,0.1224336102604866,0.5358197689056396,0.04885999858379364,-0.41338615864515305,0.0,0.0,0.41338615864515305,0.41338615864515305,0.0,0.0,2,
2018-06-25 14:00:00,135,0.1316969394683838,0.41609975695610046,0.048500001430511475,-0.2844028174877167,0.0,0.0,0.2844028174877167,0.2844028174877167,0.0,0.0,2,
2018-06-25 15:00:00,135,0.12696333229541779,0.32035118341445923,0.05316999927163124,-0.19338785111904144,0.0,0.0,0.19338785111904144,0.19338785111904144,0.0,0.0,2,
2018-06-25 16:00:00,135,0.35562416911125183,0.21341776847839355,0.0579025000333786,0.14220640063285828,0.0,0.14220640063285828,0.0,0.0,0.0,0.008234106117390727,2,
2018-06-25 17:00:00,135,0.12988610565662384,0.11622635275125504,0.06270000338554382,0.013659752905368805,0.0,0.013659752905368805,0.0,0.0,0.0,0.0008564665534123161,2,
2018-06-25 18:00:00,135,0.11830083280801773,4.492179017014588e-17,0.06382250040769577,0.11830083280801769,0.0,0.11830083280801769,0.0,0.0,0.0,0.007550254950120458,2,
2018-06-25 19:00:00,135,0.2077755630016327,0.0,0.061969999223947525,0.2077755630016327,0.0,0.2077755630016327,0.0,0.0,0.0,0.012875851477966438,2,
2018-06-25 20:00:00,135,0.2588602900505066,0.0,0.057782500982284546,0.2588602900505066,0.0,0.2588602900505066,0.0,0.0,0.0,0.01495759496411786,2,
2018-06-25 21:00:00,135,0.25107693672180176,-0.0,0.054157499223947525,0.25107693672180176,0.0,0.25107693672180176,0.0,0.0,0.0,0.0135976990056621,2,
2018-06-25 22:00:00,135,0.11343389004468918,-0.0,0.05112500116229057,0.11343389004468918,0.0,0.11343389004468918,0.0,0.0,0.0,0.005799307760377875,2,
2018-06-25 23:00:00,135,0.1403736174106598,-0.0,0.05045749992132187,0.1403736174106598,0.0,0.1403736174106598,0.0,0.0,0.0,0.0070829017894540325,2,
2018-06-26 00:00:00,135,0.11274277418851852,-0.0,0.05174750089645386,0.11274277418851852,0.0,0.11274277418851852,0.0,0.0,0.0,0.005834156808389057,2,
2018-06-26 01:00:00,135,0.13460999727249146,-0.0,0.05092500150203705,0.13460999727249146,0.0,0.13460999727249146,0.0,0.0,0.0,0.00685501431329083,2,
2018-06-26 02:00:00,135,0.118118055164814,-0.0,0.05207499861717224,0.118118055164814,0.0,0.118118055164814,0.0,0.0,0.0,0.006150997559370763,2,
2018-06-26 03:00:00,135,0.1266622245311737,-0.0,0.05067500099539757,0.1266622245311737,0.0,0.1266622245311737,0.0,0.0,0.0,0.006418608354196498,2,
2018-06-26 04:00:00,135,0.12646806240081787,-0.0,0.050257500261068344,0.12646806240081787,0.0,0.12646806240081787,0.0,0.0,0.0,0.006355968679125912,2,
2018-06-26 05:00:00,135,0.11845500022172928,-0.0,0.051317501813173294,0.11845500022172928,0.0,0.11845500022172928,0.0,0.0,0.0,0.006078814688658035,2,
2018-06-26 06:00:00,135,0.13874833285808563,-0.0,0.0524275004863739,0.13874833285808563,0.0,0.13874833285808563,0.0,0.0,0.0,0.0072742282884008524,2,
2018-06-26 07:00:00,135,0.16022388637065887,0.0,0.05459250137209892,0.16022388637065887,0.0,0.16022388637065887,0.0,0.0,0.0,0.008747022736533216,2,
2018-06-26 08:00:00,135,0.22283583879470825,0.0,0.060169998556375504,0.22283583879470825,0.0,0.22283583879470825,0.0,0.0,0.0,0.01340803209858632,2,
2018-06-26 09:00:00,135,0.11295527964830399,0.0,0.058570001274347305,0.11295527964830399,0.0,0.11295527964830399,0.0,0.0,0.0,0.006615790872945421,2,
2018-06-26 10:00:00,135,0.1352425068616867,0.0,0.054557498544454575,0.1352425068616867,0.0,0.1352425068616867,0.0,0.0,0.0,0.00737849287125486,2,
2018-06-26 11:00:00,135,0.11785055696964264,0.0,0.05112500116229057,0.11785055696964264,0.0,0.11785055696964264,0.0,0.0,0.0,0.006025109862049571,2,
2018-06-26 12:00:00,135,0.12986166775226593,0.04823680222034454,0.05209999904036522,0.08162486553192139,0.0,0.08162486553192139,0.0,0.0,0.0,0.004252655415883044,2,
2018-06-26 13:00:00,135,0.12585528194904327,0.056811392307281494,0.05243000015616417,0.06904388964176178,0.0,0.06904388964176178,0.0,0.0,0.0,0.003619971144699752,2,
2018-06-26 14:00:00,135,0.1250172257423401,0.0,0.052149999886751175,0.1250172257423401,0.0,0.1250172257423401,0.0,0.0,0.0,0.006519648308304982,2,
2018-06-26 15:00:00,135,0.1336788833141327,0.0,0.05781000107526779,0.1336788833141327,0.0,0.1336788833141327,0.0,0.0,0.0,0.0077279763881306085,2,
2018-06-26 16:00:00,135,0.11502694338560104,0.0,0.06407249718904495,0.11502694338560104,0.0,0.11502694338560104,0.0,0.0,0.0,0.007370063506738356,2,
2018-06-26 17:00:00,135,0.13929861783981323,0.0,0.06570249795913696,0.13929861783981323,0.0,0.13929861783981323,0.0,0.0,0.0,0.009152267154330929,2,
2018-06-26 18:00:00,135,0.22786666452884674,0.0,0.06784500181674957,0.22786666452884674,0.0,0.22786666452884674,0.0,0.0,0.0,0.015459614268936273,2,
2018-06-26 19:00:00,135,0.6686025261878967,-0.0,0.06260249763727188,0.6686025261878967,0.0,0.6686025261878967,0.0,0.0,0.0,0.041856188065951816,2,
2018-06-26 20:00:00,135,0.3273213803768158,-0.0,0.06120250001549721,0.3273213803768158,0.0,0.3273213803768158,0.0,0.0,0.0,0.020032886787584636,2,
2018-06-26 21:00:00,135,0.23341694474220276,-0.0,0.053062498569488525,0.23341694474220276,0.0,0.23341694474220276,0.0,0.0,0.0,0.012385686296477516,2,
2018-06-26 22:00:00,135,0.11513694375753403,-0.0,0.051739998161792755,0.11513694375753403,0.0,0.11513694375753403,0.0,0.0,0.0,0.005957185258369246,2,
2018-06-26 23:00:00,135,0.13789333403110504,-0.0,0.05396749824285507,0.13789333403110504,0.0,0.13789333403110504,0.0,0.0,0.0,0.007441758262025089,2,
2018-06-27 00:00:00,135,0.11450527608394623,-0.0,0.04949750006198883,0.11450527608394623,0.0,0.11450527608394623,0.0,0.0,0.0,0.005667724910063177,2,
2018-06-27 01:00:00,135,0.13256749510765076,-0.0,0.04852500185370445,0.13256749510765076,0.0,0.13256749510765076,0.0,0.0,0.0,0.006432837945839709,2,
2018-06-27 02:00:00,135,0.11870110780000687,-0.0,0.04829249903559685,0.11870110780000687,0.0,0.11870110780000687,0.0,0.0,0.0,0.005732373133956109,2,
2018-06-27 03:00:00,135,0.12768499553203583,-0.0,0.048432499170303345,0.12768499553203583,0.0,0.12768499553203583,0.0,0.0,0.0,0.0061841034401655115,2,
2018-06-27 04:00:00,135,0.12580028176307678,-0.0,0.047805000096559525,0.12580028176307678,0.0,0.12580028176307678,0.0,0.0,0.0,0.006013882481831101,2,
2018-06-27 05:00:00,135,0.12016777694225311,-0.0,0.04815249890089035,0.12016777694225311,0.0,0.12016777694225311,0.0,0.0,0.0,0.00578637874713428,2,
2018-06-27 06:00:00,135,0.18659250438213348,-0.0,0.048637498170137405,0.18659250438213348,0.0,0.18659250438213348,0.0,0.0,0.0,0.009075392590447373,2,
2018-06-27 07:00:00,135,0.11254250258207321,0.0,0.04886249825358391,0.11254250258207321,0.0,0.11254250258207321,0.0,0.0,0.0,0.005499107835870515,2,
2018-06-27 08:00:00,135,0.14087778329849243,0.0,0.04931750148534775,0.14087778329849243,0.0,0.14087778329849243,0.0,0.0,0.0,0.006947740287075899,2,
2018-06-27 09:00:00,135,0.11347555369138718,0.0,0.051454998552799225,0.11347555369138718,0.0,0.11347555369138718,0.0,0.0,0.0,0.005838884450968418,2,
2018-06-27 10:00:00,135,0.13935278356075287,0.0,0.050472501665353775,0.13935278356075287,0.0,0.13935278356075287,0.0,0.0,0.0,0.007033483600341783,2,
2018-06-27 11:00:00,135,0.11629389226436615,0.0,0.05035249888896942,0.11629389226436615,0.0,0.11629389226436615,0.0,0.0,0.0,0.005855688081035426,2,
2018-06-27 12:00:00,135,0.12993110716342926,0.0,0.050415001809597015,0.12993110716342926,0.0,0.12993110716342926,0.0,0.0,0.0,0.00655047700276723,2,
2018-06-27 13:00:00,135,0.2545822262763977,0.0004960497026331723,0.04983250051736832,0.25408617657376453,0.0,0.25408617657376453,0.0,0.0,0.0,0.012661749525568259,2,
2018-06-27 14:00:00,135,0.17843778431415558,0.0,0.057429999113082886,0.17843778431415558,0.0,0.17843778431415558,0.0,0.0,0.0,0.01024768179490243,2,
2018-06-27 15:00:00,135,0.16788195073604584,0.0,0.05269499868154526,0.16788195073604584,0.0,0.16788195073604584,0.0,0.0,0.0,0.008846539172691181,2,
2018-06-27 16:00:00,135,0.20672056078910828,0.0,0.05466499924659729,0.20672056078910828,0.0,0.20672056078910828,0.0,0.0,0.0,0.011300379299792773,2,
2018-06-27 17:00:00,135,0.13644249737262726,0.0,0.058959998190402985,0.13644249737262726,0.0,0.13644249737262726,0.0,0.0,0.0,0.008044649398184167,2,
2018-06-27 18:00:00,135,1.078753113746643,0.0,0.059187501668930054,1.078753113746643,0.0,1.078753113746643,0.0,0.0,0.0,0.06384870172024293,2,
2018-06-27 19:00:00,135,0.26554083824157715,-0.0,0.05554249882698059,0.26554083824157715,0.0,0.26554083824157715,0.0,0.0,0.0,0.014748801696548242,2,
2018-06-27 20:00:00,135,0.19696778059005737,-0.0,0.05064750090241432,0.19696778059005737,0.0,0.19696778059005737,0.0,0.0,0.0,0.009975925845181477,2,
2018-06-27 21:00:00,135,0.24199417233467102,-0.0,0.05077749863266945,0.24199417233467102,0.0,0.24199417233467102,0.0,0.0,0.0,0.012287858754837733,2,
2018-06-27 22:00:00,135,0.11535999923944473,-0.0,0.0501675009727478,0.11535999923944473,0.0,0.11535999923944473,0.0,0.0,0.0,0.005787322874061029,2,
2018-06-27 23:00:00,135,0.1397986114025116,-0.0,0.05158500000834465,0.1397986114025116,0.0,0.1397986114025116,0.0,0.0,0.0,0.007211511370365131,2,
2018-06-28 00:00:00,135,0.11283194273710251,-0.0,0.0492824986577034,0.11283194273710251,0.0,0.11283194273710251,0.0,0.0,0.0,0.005560640066487321,2,
2018-06-28 01:00:00,135,0.13584472239017487,-0.0,0.0402766652405262,0.13584472239017487,0.0,0.13584472239017487,0.0,0.0,0.0,0.005471372408401287,2,
2018-06-28 02:00:00,135,0.11612055450677872,-0.0,0.0403333343565464,0.11612055450677872,0.0,0.11612055450677872,0.0,0.0,0.0,0.004683529150589477,2,
2018-06-28 03:00:00,135,0.13140110671520233,-0.0,0.04622749984264374,0.13140110671520233,0.0,0.13140110671520233,0.0,0.0,0.0,0.006074344640000229,2,
2018-06-28 04:00:00,135,0.12161833047866821,-0.0,0.04757000133395195,0.12161833047866821,0.0,0.12161833047866821,0.0,0.0,0.0,0.005785384143103256,2,
2018-06-28 05:00:00,135,0.12363055348396301,-0.0,0.047325000166893005,0.12363055348396301,0.0,0.12363055348396301,0.0,0.0,0.0,0.005850815964261624,2,
2018-06-28 06:00:00,135,0.13090333342552185,-0.0,0.04881500080227852,0.13090333342552185,0.0,0.13090333342552185,0.0,0.0,0.0,0.006390046326187782,2,
2018-06-28 07:00:00,135,0.1679736077785492,0.0,0.049217499792575836,0.1679736077785492,0.0,0.1679736077785492,0.0,0.0,0.0,0.00826724100599896,2,
2018-06-28 08:00:00,135,0.2445986121892929,0.060693349689245224,0.046720001846551895,0.18390526250004768,0.0,0.18390526250004768,0.0,0.0,0.0,0.008592054203592839,2,
2018-06-28 09:00:00,135,0.11178389191627502,0.033400170505046844,0.02500000037252903,0.07838372141122818,0.0,0.07838372141122818,0.0,0.0,0.0,0.001959593064480916,2,
2018-06-28 10:00:00,135,0.14339832961559296,0.03923316299915314,0.05324250087141991,0.10416516661643982,0.0,0.10416516661643982,0.0,0.0,0.0,0.005546013974347397,2,
2018-06-28 11:00:00,135,0.1126108318567276,0.084023617208004,0.049594998359680176,0.028587214648723602,0.0,0.028587214648723602,0.0,0.0,0.0,0.0014177828636112721,2,
2018-06-28 12:00:00,135,0.13719028234481812,0.10337555408477783,0.0493599995970726,0.03381472826004028,0.0,0.03381472826004028,0.0,0.0,0.0,0.0016690949732907079,2,
2018-06-28 13:00:00,135,0.12144555896520615,0.11021251976490021,0.05025250092148781,0.011233039200305939,0.0,0.011233039200305939,0.0,0.0,0.0,0.0005644883127644829,2,
2018-06-28 14:00:00,135,0.13019777834415436,0.1421671062707901,0.04970749840140343,-0.011969327926635742,0.0,0.0,0.011969327926635742,0.011969327926635742,0.0,0.0,2,
2018-06-28 15:00:00,135,0.13210277259349823,0.16747230291366577,0.052012499421834946,-0.03536953032016754,0.0,0.0,0.03536953032016754,0.03536953032016754,0.0,0.0,2,
2018-06-28 16:00:00,135,0.11840944737195969,0.13358737528324127,0.05146250128746033,-0.015177927911281586,0.0,0.0,0.015177927911281586,0.015177927911281586,0.0,0.0,2,
2018-06-28 17:00:00,135,0.14210611581802368,0.078760527074337,0.05319000035524368,0.06334558874368668,0.0,0.06334558874368668,0.0,0.0,0.0,0.0033693518877798145,2,
2018-06-28 18:00:00,135,0.15865445137023926,3.750769423921674e-17,0.05431250110268593,0.15865445137023923,0.0,0.15865445137023923,0.0,0.0,0.0,0.008616920064992149,2,
2018-06-28 19:00:00,135,0.23524443805217743,0.0,0.05385249853134155,0.23524443805217743,0.0,0.23524443805217743,0.0,0.0,0.0,0.012668500754711154,2,
2018-06-28 20:00:00,135,0.2032611072063446,0.0,0.051569998264312744,0.2032611072063446,0.0,0.2032611072063446,0.0,0.0,0.0,0.010482174945833478,2,
2018-06-28 21:00:00,135,0.22948667407035828,0.0,0.05005250126123428,0.22948667407035828,0.0,0.22948667407035828,0.0,0.0,0.0,0.011486382043343069,2,
2018-06-28 22:00:00,135,0.15803666412830353,0.0,0.050132498145103455,0.15803666412830353,0.0,0.15803666412830353,0.0,0.0,0.0,0.007922772771270514,2,
2018-06-28 23:00:00,135,0.1304030567407608,-0.0,0.050497498363256454,0.1304030567407608,0.0,0.1304030567407608,0.0,0.0,0.0,0.006585028144330207,2,
2018-06-29 00:00:00,135,0.1264411062002182,-0.0,0.051032498478889465,0.1264411062002182,0.0,0.1264411062002182,0.0,0.0,0.0,0.006452605559831737,2,
2018-06-29 01:00:00,135,0.12394999712705612,-0.0,0.04983000084757805,0.12394999712705612,0.0,0.12394999712705612,0.0,0.0,0.0,0.006176428461898503,2,
2018-06-29 02:00:00,135,0.12938110530376434,-0.0,0.04946500062942505,0.12938110530376434,0.0,0.12938110530376434,0.0,0.0,0.0,0.006399836455286412,2,
2018-06-29 03:00:00,135,0.11851249635219574,-0.0,0.04726250097155571,0.11851249635219574,0.0,0.11851249635219574,0.0,0.0,0.0,0.005601196973987144,2,
2018-06-29 04:00:00,135,0.1376594454050064,-0.0,0.046982500702142715,0.1376594454050064,0.0,0.1376594454050064,0.0,0.0,0.0,0.00646758499039729,2,
2018-06-29 05:00:00,135,0.11164221912622452,-0.0,0.047564998269081116,0.11164221912622452,0.0,0.11164221912622452,0.0,0.0,0.0,0.005310261959495244,2,
2018-06-29 06:00:00,135,0.15016639232635498,-0.0,0.04944249987602234,0.15016639232635498,0.0,0.15016639232635498,0.0,0.0,0.0,0.007424601833978528,2,
2018-06-29 07:00:00,135,0.13053222000598907,0.0,0.05091249942779541,0.13053222000598907,0.0,0.13053222000598907,0.0,0.0,0.0,0.006645721576363783,2,
2018-06-29 08:00:00,135,0.2362888902425766,0.0,0.053027499467134476,0.2362888902425766,0.0,0.2362888902425766,0.0,0.0,0.0,0.012529809001428027,2,
2018-06-29 09:00:00,135,0.11525639146566391,0.0,0.052252501249313354,0.11525639146566391,0.0,0.11525639146566391,0.0,0.0,0.0,0.0060224347390509525,2,
2018-06-29 10:00:00,135,0.13397888839244843,0.0,0.049959998577833176,0.13397888839244843,0.0,0.13397888839244843,0.0,0.0,0.0,0.006693585073546393,2,
2018-06-29 11:00:00,135,0.12121527642011642,0.0,0.04818499833345413,0.12121527642011642,0.0,0.12121527642011642,0.0,0.0,0.0,0.005840757892292492,2,
2018-06-29 12:00:00,135,0.12811554968357086,0.0,0.048695001751184464,0.12811554968357086,0.0,0.12811554968357086,0.0,0.0,0.0,0.006238586916195443,2,
2018-06-29 13:00:00,135,0.17782694101333618,0.0,0.04763749986886978,0.17782694101333618,0.0,0.17782694101333618,0.0,0.0,0.0,0.008471230879204317,2,
2018-06-29 14:00:00,135,0.21134333312511444,0.0,0.047605000436306,0.21134333312511444,0.0,0.21134333312511444,0.0,0.0,0.0,0.010060999465631437,2,
2018-06-29 15:00:00,135,0.13755083084106445,0.0,0.050222501158714294,0.13755083084106445,0.0,0.13755083084106445,0.0,0.0,0.0,0.006908146761297473,2,
2018-06-29 16:00:00,135,0.11330805718898773,0.0,0.050255000591278076,0.11330805718898773,0.0,0.11330805718898773,0.0,0.0,0.0,0.0056942964810291485,2,
2018-06-29 17:00:00,135,0.3739672303199768,0.0,0.05328749865293503,0.3739672303199768,0.0,0.3739672303199768,0.0,0.0,0.0,0.019927778281917607,2,
2018-06-29 18:00:00,135,0.20775888860225677,0.0,0.05460000038146973,0.20775888860225677,0.0,0.20775888860225677,0.0,0.0,0.0,0.011343635396936946,2,
2018-06-29 19:00:00,135,0.23500944674015045,-0.0,0.05335500091314316,0.23500944674015045,0.0,0.23500944674015045,0.0,0.0,0.0,0.012538929245417996,2,
2018-06-29 20:00:00,135,0.21404416859149933,-0.0,0.05114249885082245,0.21404416859149933,0.0,0.21404416859149933,0.0,0.0,0.0,0.010946753646216001,2,
2018-06-29 21:00:00,135,0.21383056044578552,-0.0,0.050895001739263535,0.21383056044578552,0.0,0.21383056044578552,0.0,0.0,0.0,0.01088290674579595,2,
2018-06-29 22:00:00,135,0.1347511112689972,-0.0,0.050905000418424606,0.1347511112689972,0.0,0.1347511112689972,0.0,0.0,0.0,0.006859505375531483,2,
2018-06-29 23:00:00,135,0.1262861043214798,-0.0,0.050964999943971634,0.1262861043214798,0.0,0.1262861043214798,0.0,0.0,0.0,0.006436171299668614,2,
2018-06-30 00:00:00,135,0.1328294426202774,-0.0,0.04900500178337097,0.1328294426202774,0.0,0.1328294426202774,0.0,0.0,0.0,0.006509307072490866,2,
2018-06-30 01:00:00,135,0.11557861417531967,-0.0,0.04703750088810921,0.11557861417531967,0.0,0.11557861417531967,0.0,0.0,0.0,0.0054365291669180305,2,
2018-06-30 02:00:00,135,0.1412677764892578,-0.0,0.046424999833106995,0.1412677764892578,0.0,0.1412677764892578,0.0,0.0,0.0,0.00655835649993719,2,
2018-06-30 03:00:00,135,0.11541333049535751,-0.0,0.04562750086188316,0.11541333049535751,0.0,0.11541333049535751,0.0,0.0,0.0,0.005266021836649731,2,
2018-06-30 04:00:00,135,0.13906943798065186,-0.0,0.04553249850869179,0.13906943798065186,0.0,0.13906943798065186,0.0,0.0,0.0,0.006332178977458636,2,
2018-06-30 05:00:00,135,0.11769222468137741,-0.0,0.04580000042915344,0.11769222468137741,0.0,0.11769222468137741,0.0,0.0,0.0,0.005390303940915109,2,
2018-06-30 06:00:00,135,0.1405022293329239,-0.0,0.044107500463724136,0.1405022293329239,0.0,0.1405022293329239,0.0,0.0,0.0,0.006197202145456215,2,
2018-06-30 07:00:00,135,0.1460188925266266,0.0,0.04839250072836876,0.1460188925266266,0.0,0.1460188925266266,0.0,0.0,0.0,0.007066219362950377,2,
2018-06-30 08:00:00,135,0.26346415281295776,0.0,0.052365001291036606,0.26346415281295776,0.0,0.26346415281295776,0.0,0.0,0.0,0.013796300702192399,2,
2018-06-30 09:00:00,135,0.1453019380569458,0.0,0.054409999400377274,0.1453019380569458,0.0,0.1453019380569458,0.0,0.0,0.0,0.007905878362552077,2,
2018-06-30 10:00:00,135,0.11343500018119812,0.0,0.053747501224279404,0.11343500018119812,0.0,0.11343500018119812,0.0,0.0,0.0,0.00609684781111508,2,
2018-06-30 11:00:00,135,0.14266888797283173,0.0,0.049447499215602875,0.14266888797283173,0.0,0.14266888797283173,0.0,0.0,0.0,0.007054619726127531,2,
2018-06-30 12:00:00,135,0.11263500154018402,0.0,0.04923750087618828,0.11263500154018402,0.0,0.11263500154018402,0.0,0.0,0.0,0.005545865987024279,2,
2018-06-30 13:00:00,135,0.14104610681533813,0.0,0.04777250066399574,0.14104610681533813,0.0,0.14104610681533813,0.0,0.0,0.0,0.0067381252314897555,2,
2018-06-30 14:00:00,135,0.11801639199256897,0.0,0.047987498342990875,0.11801639199256897,0.0,0.11801639199256897,0.0,0.0,0.0,0.005663311415189165,2,
2018-06-30 15:00:00,135,0.1331830620765686,0.0,0.05079749971628189,0.1331830620765686,0.0,0.1331830620765686,0.0,0.0,0.0,0.006765366558048047,2,
2018-06-30 16:00:00,135,0.1268419474363327,0.0,0.05177000164985657,0.1268419474363327,0.0,0.1268419474363327,0.0,0.0,0.0,0.006566607828049964,2,
2018-06-30 17:00:00,135,1.0215438604354858,0.0,0.05460749939084053,1.0215438604354858,0.0,1.0215438604354858,0.0,0.0,0.0,0.05578395573644768,2,
2018-06-30 18:00:00,135,0.2953338921070099,3.3865700720207012e-18,0.05747250095009804,0.2953338921070099,0.0,0.2953338921070099,0.0,0.0,0.0,0.016973577394716277,2,
2018-06-30 19:00:00,135,0.23055721819400787,-0.0,0.057887498289346695,0.23055721819400787,0.0,0.23055721819400787,0.0,0.0,0.0,0.013346380573802163,2,
2018-06-30 20:00:00,135,0.219442218542099,-0.0,0.05838499963283539,0.219442218542099,0.0,0.219442218542099,0.0,0.0,0.0,0.012812133849009033,2,
2018-06-30 21:00:00,135,0.2150280624628067,-0.0,0.05532250180840492,0.2150280624628067,0.0,0.2150280624628067,0.0,0.0,0.0,0.01189589037445643,2,
2018-06-30 22:00:00,135,0.1526905596256256,-0.0,0.05423999950289726,0.1526905596256256,0.0,0.1526905596256256,0.0,0.0,0.0,0.008281935878191038,2,
2018-06-30 23:00:00,135,0.11946333199739456,-0.0,0.05415999889373779,0.11946333199739456,0.0,0.11946333199739456,0.0,0.0,0.0,0.00647013392882112,2,"{'r': -2.554773, 'l': 400, 't': 1.571264}"
2018-06-10 16:00:00,136,0.2666438817977905,0.040057871490716934,0.04996750131249428,0.2265860103070736,1.2614884102030803,0.0,-0.0,-0.0,0.2265860103070736,0.0002265860103070736,2,
2018-06-10 17:00:00,136,0.21943582594394684,0.021410806104540825,0.05191250145435333,0.198025019839406,1.0530410208984424,0.0,-0.0,-0.0,0.198025019839406,0.00019802501983940603,2,
2018-06-10 18:00:00,136,0.9824838638305664,0.0,0.05397750064730644,0.9824838638305664,0.018847480024162033,0.0,-0.0,-0.0,0.9824838638305664,0.0009824838638305665,2,
2018-06-10 19:00:00,136,0.4518413841724396,-0.0,0.05631500110030174,0.4518413841724396,0.0,0.43393627814948565,0.0,0.0,0.01790510602295393,0.02445502708747208,2,
2018-06-10 20:00:00,136,0.6005755662918091,-0.0,0.05537499859929085,0.6005755662918091,0.0,0.6005755662918091,0.0,0.0,0.0,0.033256871142177236,2,
2018-06-10 21:00:00,136,0.6906294226646423,-0.0,0.05392250046133995,0.6906294226646423,0.0,0.6906294226646423,0.0,0.0,0.0,0.03724046536224912,2,
2018-06-10 22:00:00,136,0.3364313840866089,-0.0,0.05289499834179878,0.3364313840866089,0.0,0.3364313840866089,0.0,0.0,0.0,0.017795537503390246,2,
2018-06-10 23:00:00,136,0.21432583034038544,-0.0,0.05108249932527542,0.21432583034038544,0.0,0.21432583034038544,0.0,0.0,0.0,0.010948299083751833,2,
2018-06-11 00:00:00,136,0.23595194518566132,-0.0,0.04919249936938286,0.23595194518566132,0.0,0.23595194518566132,0.0,0.0,0.0,0.011607065914750303,2,
2018-06-11 01:00:00,136,0.34064388275146484,-0.0,0.04834999889135361,0.34064388275146484,0.0,0.34064388275146484,0.0,0.0,0.0,0.016470131353379713,2,
2018-06-11 02:00:00,136,0.23902277648448944,-0.0,0.04836750030517578,0.23902277648448944,0.0,0.23902277648448944,0.0,0.0,0.0,0.011560934214557506,2,
2018-06-11 03:00:00,136,0.25812527537345886,-0.0,0.04758499935269356,0.25812527537345886,0.0,0.25812527537345886,0.0,0.0,0.0,0.012282891061559886,2,
2018-06-11 04:00:00,136,0.2583119571208954,-0.0,0.04718250036239624,0.2583119571208954,0.0,0.2583119571208954,0.0,0.0,0.0,0.012187804010467929,2,
2018-06-11 05:00:00,136,0.2514691650867462,-0.0,0.04874499887228012,0.2514691650867462,0.0,0.2514691650867462,0.0,0.0,0.0,0.012257864168566668,2,
2018-06-11 06:00:00,136,0.41912248730659485,-0.0,0.04896000027656555,0.41912248730659485,0.0,0.41912248730659485,0.0,0.0,0.0,0.020520237094445726,2,
2018-06-11 07:00:00,136,0.4591938853263855,0.0,0.051364999264478683,0.4591938853263855,0.0,0.4591938853263855,0.0,0.0,0.0,0.0235864935820429,2,
2018-06-11 08:00:00,136,0.44217610359191895,0.0,0.05313500016927719,0.44217610359191895,0.0,0.44217610359191895,0.0,0.0,0.0,0.023495027339206942,2,
2018-06-11 09:00:00,136,0.3033924996852875,0.0,0.055605001747608185,0.3033924996852875,0.0,0.3033924996852875,0.0,0.0,0.0,0.016870140475211626,2,
2018-06-11 10:00:00,136,0.290411114692688,0.0,0.05209499970078468,0.290411114692688,0.0,0.290411114692688,0.0,0.0,0.0,0.015128966933020127,2,
2018-06-11 11:00:00,136,0.28020668029785156,0.0,0.05002500116825104,0.28020668029785156,0.0,0.28020668029785156,0.0,0.0,0.0,0.01401733950925177,2,
2018-06-11 12:00:00,136,0.5232927799224854,0.0,0.05043499916791916,0.5232927799224854,0.0,0.5232927799224854,0.0,0.0,0.0,0.026392270919968652,2,
2018-06-11 13:00:00,136,0.4780641794204712,0.0,0.04995749890804291,0.4780641794204712,0.0,0.4780641794204712,0.0,0.0,0.0,0.023882890721372618,2,
2018-06-11 14:00:00,136,0.35418084263801575,0.0,0.04941749945282936,0.35418084263801575,0.0,0.35418084263801575,0.0,0.0,0.0,0.017502731597266785,2,
2018-06-11 15:00:00,136,0.30660387873649597,0.0,0.05126750096678734,0.30660387873649597,0.0,0.30660387873649597,0.0,0.0,0.0,0.015718814649544055,2,
2018-06-11 16:00:00,136,0.26594194769859314,0.00018030178034678102,0.05119000002741814,0.26576164591824636,0.0,0.26576164591824636,0.0,0.0,0.0,0.01360433866184172,2,
2018-06-11 17:00:00,136,0.2528899908065796,0.0,0.0532350018620491,0.2528899908065796,0.0,0.2528899908065796,0.0,0.0,0.0,0.013462599131481845,2,
2018-06-11 18:00:00,136,0.41552111506462097,0.0,0.05353749915957451,0.41552111506462097,0.0,0.41552111506462097,0.0,0.0,0.0,0.022245961348557608,2,
2018-06-11 19:00:00,136,0.6178372502326965,-0.0,0.051897499710321426,0.6178372502326965,0.0,0.6178372502326965,0.0,0.0,0.0,0.032064208514977155,2,
2018-06-11 20:00:00,136,0.641610860824585,-0.0,0.05132000148296356,0.641610860824585,0.0,0.641610860824585,0.0,0.0,0.0,0.03292747032900323,2,
2018-06-11 21:00:00,136,0.7308700084686279,-0.0,0.05107500031590462,0.7308700084686279,0.0,0.7308700084686279,0.0,0.0,0.0,0.03732918591342038,2,
2018-06-11 22:00:00,136,0.45534804463386536,-0.0,0.0507499985396862,0.45534804463386536,0.0,0.45534804463386536,0.0,0.0,0.0,0.023108912600217635,2,
2018-06-11 23:00:00,136,0.25429776310920715,-0.0,0.050962500274181366,0.25429776310920715,0.0,0.25429776310920715,0.0,0.0,0.0,0.012959649822176678,2,
2018-06-12 00:00:00,136,0.2451813817024231,-0.0,0.04816000163555145,0.2451813817024231,0.0,0.2451813817024231,0.0,0.0,0.0,0.011807935743795461,2,
2018-06-12 01:00:00,136,0.3292880654335022,-0.0,0.0482649989426136,0.3292880654335022,0.0,0.3292880654335022,0.0,0.0,0.0,0.015893088129963262,2,
2018-06-12 02:00:00,136,0.2349880486726761,-0.0,0.0488400012254715,0.2349880486726761,0.0,0.2349880486726761,0.0,0.0,0.0,0.011476816585144656,2,
2018-06-12 03:00:00,136,0.26737111806869507,-0.0,0.047052498906850815,0.26737111806869507,0.0,0.26737111806869507,0.0,0.0,0.0,0.012580479240650755,2,
2018-06-12 04:00:00,136,0.30901554226875305,-0.0,0.04679499939084053,0.30901554226875305,0.0,0.30901554226875305,0.0,0.0,0.0,0.014460382112226555,2,
2018-06-12 05:00:00,136,0.38441500067710876,-0.0,0.048055000603199005,0.38441500067710876,0.0,0.38441500067710876,0.0,0.0,0.0,0.018473063089417208,2,
2018-06-12 06:00:00,136,0.3836786150932312,-0.0,0.049400001764297485,0.3836786150932312,0.0,0.3836786150932312,0.0,0.0,0.0,0.018953724262528837,2,
2018-06-12 07:00:00,136,0.3407599925994873,0.0,0.055047500878572464,0.3407599925994873,0.0,0.3407599925994873,0.0,0.0,0.0,0.018757985992002624,2,
2018-06-12 08:00:00,136,0.270550012588501,0.0,0.057989999651908875,0.270550012588501,0.0,0.270550012588501,0.0,0.0,0.0,0.015689195135831113,2,
2018-06-12 09:00:00,136,0.2923052906990051,0.0,0.06538666784763336,0.2923052906990051,0.0,0.2923052906990051,0.0,0.0,0.0,0.01911286895304176,2,
2018-06-12 10:00:00,136,0.47341498732566833,0.0,0.08413500338792801,0.47341498732566833,0.0,0.47341498732566833,0.0,0.0,0.0,0.039830771562541,2,
2018-06-12 11:00:00,136,0.602638304233551,0.0,0.07698000222444534,0.602638304233551,0.0,0.602638304233551,0.0,0.0,0.0,0.04639109800043473,2,
2018-06-12 12:00:00,136,0.6495541930198669,0.0,0.05933666601777077,0.6495541930198669,0.0,0.6495541930198669,0.0,0.0,0.0,0.03854238021166245,2,
2018-06-12 13:00:00,136,0.7319016456604004,0.08718673139810562,0.05047500133514404,0.6447149142622948,0.0,0.6447149142622948,0.0,0.0,0.0,0.032541986158176606,2,
2018-06-12 14:00:00,136,0.4497077763080597,0.14548054337501526,0.0511775016784668,0.30422723293304443,0.0,0.30422723293304443,0.0,0.0,0.0,0.01556958972406619,2,
2018-06-12 15:00:00,136,0.6296038627624512,0.13232770562171936,0.0524200014770031,0.4972761571407318,0.0,0.4972761571407318,0.0,0.0,0.0,0.026067216891795586,2,
2018-06-12 16:00:00,136,0.31309637427330017,0.09526095539331436,0.04414999857544899,0.2178354188799858,0.0,0.2178354188799858,0.0,0.0,0.0,0.009617433433233707,2,
2018-06-12 17:00:00,136,0.243267223238945,0.04908740893006325,0.08594000339508057,0.19417981430888176,0.0,0.19417981430888176,0.0,0.0,0.0,0.016687813900961412,2,
2018-06-12 18:00:00,136,0.26367834210395813,9.35898201231791e-18,0.0849900022149086,0.26367834210395813,0.0,0.26367834210395813,0.0,0.0,0.0,0.02241002287943883,2,
2018-06-12 19:00:00,136,0.40807250142097473,0.0,0.0643099993467331,0.40807250142097473,0.0,0.40807250142097473,0.0,0.0,0.0,0.026243142299802624,2,
2018-06-12 20:00:00,136,0.2586805522441864,0.0,0.05037999898195267,0.2586805522441864,0.0,0.2586805522441864,0.0,0.0,0.0,0.013032325958713065,2,
2018-06-12 21:00:00,136,0.6047247052192688,-0.0,0.05130999907851219,0.6047247052192688,0.0,0.6047247052192688,0.0,0.0,0.0,0.03102842406755424,2,
2018-06-12 22:00:00,136,0.4955763816833496,-0.0,0.06190750002861023,0.4955763816833496,0.0,0.4955763816833496,0.0,0.0,0.0,0.03067989486324052,2,
2018-06-12 23:00:00,136,0.2506047189235687,-0.0,0.05063749849796295,0.2506047189235687,0.0,0.2506047189235687,0.0,0.0,0.0,0.012689996078074639,2,
2018-06-13 00:00:00,136,0.28002694249153137,-0.0,0.04799250140786171,0.28002694249153137,0.0,0.28002694249153137,0.0,0.0,0.0,0.01343919343176403,2,
2018-06-13 01:00:00,136,0.24817778170108795,-0.0,0.047359999269247055,0.24817778170108795,0.0,0.24817778170108795,0.0,0.0,0.0,0.01175369956000688,2,
2018-06-13 02:00:00,136,0.31085750460624695,-0.0,0.04746000096201897,0.31085750460624695,0.0,0.31085750460624695,0.0,0.0,0.0,0.014753297467663296,2,
2018-06-13 03:00:00,136,0.25776973366737366,-0.0,0.04702499881386757,0.25776973366737366,0.0,0.25776973366737366,0.0,0.0,0.0,0.012121621419959205,2,
2018-06-13 04:00:00,136,0.31288138031959534,-0.0,0.04777999967336655,0.31288138031959534,0.0,0.31288138031959534,0.0,0.0,0.0,0.01494947224947274,2,
2018-06-13 05:00:00,136,0.3030230700969696,0.0,0.04666249826550484,0.3030230700969696,0.0,0.3030230700969696,0.0,0.0,0.0,0.014139813482807795,2,
2018-06-13 06:00:00,136,0.4447077810764313,0.0,0.051157500594854355,0.4447077810764313,0.0,0.4447077810764313,0.0,0.0,0.0,0.022750138574953893,2,
2018-06-13 07:00:00,136,0.4181269407272339,0.2631773352622986,0.05411500111222267,0.1549496054649353,0.0,0.1549496054649353,0.0,0.0,0.0,0.008385098072073438,2,
2018-06-13 08:00:00,136,0.3975916802883148,1.9726227521896362,0.05296500027179718,-1.5750310719013214,1.4249999999999998,0.0,0.07503107190132141,0.07503107190132141,1.5,0.0015,0,
2018-06-13 09:00:00,136,0.4095277786254883,1.4623388051986694,0.05343250185251236,-1.0528110265731812,2.8499999999999996,0.44718897342681885,0.0,0.0,1.5,0.0253944256510516,0,
2018-06-13 10:00:00,136,0.42254000902175903,0.1259181797504425,0.05178000032901764,0.29662182927131653,2.537766495503877,0.0,-0.0,-0.0,0.29662182927131653,0.00029662182927131655,2,
2018-06-13 11:00:00,136,0.41190388798713684,0.10932767391204834,0.050577498972415924,0.3025762140750885,2.2192652175300998,0.0,-0.0,-0.0,0.3025762140750885,0.00030257621407508853,2,
2018-06-13 12:00:00,136,0.36326804757118225,0.1315210461616516,0.050677500665187836,0.23174700140953064,1.9753210055200674,0.0,-0.0,-0.0,0.23174700140953064,0.00023174700140953064,2,
2018-06-13 13:00:00,136,0.3028588891029358,0.07529344409704208,0.051784999668598175,0.2275654450058937,1.735778431829653,0.0,-0.0,-0.0,0.2275654450058937,0.0002275654450058937,2,
2018-06-13 14:00:00,136,0.5165888667106628,0.0,0.05117499828338623,0.5165888667106628,1.1920006773973761,0.0,-0.0,-0.0,0.5165888667106628,0.0005165888667106629,2,
2018-06-13 15:00:00,136,0.41617417335510254,0.0,0.05057999864220619,0.41617417335510254,0.7539226001814787,0.0,-0.0,-0.0,0.41617417335510254,0.0004161741733551026,2,
2018-06-13 16:00:00,136,0.28825584053993225,0.0,0.05072249844670296,0.28825584053993225,0.45049539961312896,0.0,-0.0,-0.0,0.28825584053993225,0.00028825584053993226,2,
2018-06-13 17:00:00,136,0.3243330419063568,0.0,0.051327500492334366,0.3243330419063568,0.10909219760643757,0.0,-0.0,-0.0,0.3243330419063568,0.0003243330419063568,2,
2018-06-13 18:00:00,136,0.23681584000587463,0.0,0.05135750025510788,0.23681584000587463,0.0,0.13317825227975894,0.0,0.0,0.10363758772611568,0.006943339713158656,2,
2018-06-13 19:00:00,136,0.43167415261268616,-0.0,0.050884999334812164,0.43167415261268616,0.0,0.43167415261268616,0.0,0.0,0.0,0.02196573896855214,2,
2018-06-13 20:00:00,136,0.6219644546508789,-0.0,0.05019250139594078,0.6219644546508789,0.0,0.6219644546508789,0.0,0.0,0.0,0.031217951758289786,2,
2018-06-13 21:00:00,136,0.707450807094574,-0.0,0.050097499042749405,0.707450807094574,0.0,0.707450807094574,0.0,0.0,0.0,0.035441516131212714,2,
2018-06-13 22:00:00,136,0.37748944759368896,-0.0,0.04966749995946884,0.37748944759368896,0.0,0.37748944759368896,0.0,0.0,0.0,0.018748957123059462,2,
2018-06-13 23:00:00,136,0.2551872134208679,-0.0,0.04526999965310097,0.2551872134208679,0.0,0.2551872134208679,0.0,0.0,0.0,0.011552325063038493,2,
2018-06-14 00:00:00,136,0.24659360945224762,-0.0,0.04327499866485596,0.24659360945224762,0.0,0.24659360945224762,0.0,0.0,0.0,0.010671338119808027,2,
2018-06-14 01:00:00,136,0.25556862354278564,-0.0,0.03905000165104866,0.25556862354278564,0.0,0.25556862354278564,0.0,0.0,0.0,0.009979955171302013,2,
2018-06-14 02:00:00,136,0.24620777368545532,-0.0,0.03593749925494194,0.24620777368545532,0.0,0.24620777368545532,0.0,0.0,0.0,0.008848091683381965,2,
2018-06-14 03:00:00,136,0.2596774995326996,-0.0,0.029862500727176666,0.2596774995326996,0.0,0.2596774995326996,0.0,0.0,0.0,0.00775461951862666,2,
2018-06-14 04:00:00,136,0.31217777729034424,-0.0,0.02822750061750412,0.31217777729034424,0.0,0.31217777729034424,0.0,0.0,0.0,0.008811998401234256,2,
2018-06-14 05:00:00,136,0.3101097345352173,-0.0,0.03515499830245972,0.3101097345352173,0.0,0.3101097345352173,0.0,0.0,0.0,0.010901907191161797,2,
2018-06-14 06:00:00,136,0.5281736254692078,-0.0,0.046152498573064804,0.5281736254692078,0.0,0.5281736254692078,0.0,0.0,0.0,0.024376532495798076,2,
2018-06-14 07:00:00,136,0.4191816747188568,0.0,0.05166250094771385,0.4191816747188568,0.0,0.4191816747188568,0.0,0.0,0.0,0.02165597366742722,2,
2018-06-14 08:00:00,136,0.3562450110912323,0.0,0.05043499916791916,0.3562450110912323,0.0,0.3562450110912323,0.0,0.0,0.0,0.017967216837961653,2,
2018-06-14 09:00:00,136,0.26393499970436096,0.0,0.05138750001788139,0.26393499970436096,0.0,0.26393499970436096,0.0,0.0,0.0,0.013562959802027375,2,
2018-06-14 10:00:00,136,0.2751147150993347,0.0,0.05255749821662903,0.2751147150993347,0.0,0.2751147150993347,0.0,0.0,0.0,0.014459341148201688,2,
2018-06-14 11:00:00,136,0.2774886190891266,0.0,0.051762498915195465,0.2774886190891266,0.0,0.2774886190891266,0.0,0.0,0.0,0.014363504344580003,2,
2018-06-14 12:00:00,136,0.2622016668319702,0.0,0.0510375015437603,0.2622016668319702,0.0,0.2622016668319702,0.0,0.0,0.0,0.013382117975713204,2,
2018-06-14 13:00:00,136,0.2121122181415558,0.0,0.046185001730918884,0.2121122181415558,0.0,0.2121122181415558,0.0,0.0,0.0,0.009796403162016798,2,
2018-06-14 14:00:00,136,0.5448002815246582,0.007821036502718925,0.04372499883174896,0.5369792450219393,0.0,0.5369792450219393,0.0,0.0,0.0,0.023479416861257735,2,
2018-06-14 15:00:00,136,0.4369702637195587,0.01488757785409689,0.04684000089764595,0.4220826858654618,0.0,0.4220826858654618,0.0,0.0,0.0,0.019770353384819046,2,
2018-06-14 16:00:00,136,0.4474255442619324,0.012294330634176731,0.04934750124812126,0.43513121362775564,0.0,0.43513121362775564,0.0,0.0,0.0,0.02147263810759219,2,
2018-06-14 17:00:00,136,0.44140806794166565,0.02469179965555668,0.05361500009894371,0.41671626828610897,0.0,0.41671626828610897,0.0,0.0,0.0,0.022342242765391186,2,
2018-06-14 18:00:00,136,0.8308291435241699,5.455184588664232e-18,0.053075000643730164,0.8308291435241699,0.0,0.8308291435241699,0.0,0.0,0.0,0.0440962573273751,2,
2018-06-14 19:00:00,136,1.4099397659301758,-0.0,0.0536700002849102,1.4099397659301758,0.0,1.4099397659301758,0.0,0.0,0.0,0.07567146763917876,2,
2018-06-14 20:00:00,136,0.7325466871261597,0.0,0.054464999586343765,0.7325466871261597,0.0,0.7325466871261597,0.0,0.0,0.0,0.03989815501130378,2,
2018-06-14 21:00:00,136,0.6155571937561035,-0.0,0.05682000145316124,0.6155571937561035,0.0,0.6155571937561035,0.0,0.0,0.0,0.034975960643725656,2,
2018-06-14 22:00:00,136,0.42606526613235474,-0.0,0.05617750063538551,0.42606526613235474,0.0,0.42606526613235474,0.0,0.0,0.0,0.023935281758866056,2,
2018-06-14 23:00:00,136,0.2272791713476181,-0.0,0.054090000689029694,0.2272791713476181,0.0,0.2272791713476181,0.0,0.0,0.0,0.012293530534794761,2,
2018-06-15 00:00:00,136,0.24632416665554047,-0.0,0.05346250161528587,0.24632416665554047,0.0,0.24632416665554047,0.0,0.0,0.0,0.013169106157705779,2,
2018-06-15 01:00:00,136,0.2378208339214325,-0.0,0.05254749953746796,0.2378208339214325,0.0,0.2378208339214325,0.0,0.0,0.0,0.012496890160486718,2,
2018-06-15 02:00:00,136,0.22519639134407043,-0.0,0.05115250125527382,0.22519639134407043,0.0,0.22519639134407043,0.0,0.0,0.0,0.011519358690910697,2,
2018-06-15 03:00:00,136,0.25049111247062683,-0.0,0.048032499849796295,0.25049111247062683,0.0,0.25049111247062683,0.0,0.0,0.0,0.01203171432212069,2,
2018-06-15 04:00:00,136,0.28254416584968567,-0.0,0.04812749847769737,0.28254416584968567,0.0,0.28254416584968567,0.0,0.0,0.0,0.013598143911813021,2,
2018-06-15 05:00:00,136,0.39382582902908325,-0.0,0.04946250095963478,0.39382582902908325,0.0,0.39382582902908325,0.0,0.0,0.0,0.019479610446279993,2,
2018-06-15 06:00:00,136,0.2807336151599884,-0.0,0.050930000841617584,0.2807336151599884,0.0,0.2807336151599884,0.0,0.0,0.0,0.014297763256368556,2,
2018-06-15 07:00:00,136,0.4969608187675476,0.0,0.05540499836206436,0.4969608187675476,0.0,0.4969608187675476,0.0,0.0,0.0,0.02753411334982614,2,
2018-06-15 08:00:00,136,0.3764427900314331,0.0,0.05852749943733215,0.3764427900314331,0.0,0.3764427900314331,0.0,0.0,0.0,0.022032255181752447,2,
2018-06-15 09:00:00,136,0.39811500906944275,0.0,0.057714998722076416,0.39811500906944275,0.0,0.39811500906944275,0.0,0.0,0.0,0.02297720723968233,2,
2018-06-15 10:00:00,136,0.2590252757072449,0.0,0.05613499879837036,0.2590252757072449,0.0,0.2590252757072449,0.0,0.0,0.0,0.014540383540573742,2,
2018-06-15 11:00:00,136,0.2962922155857086,0.007356082089245319,0.05146250128746033,0.2889361334964633,0.0,0.2889361334964633,0.0,0.0,0.0,0.014869376142055551,2,
2018-06-15 12:00:00,136,0.49930471181869507,0.011225635185837746,0.05209999904036522,0.4880790766328573,0.0,0.4880790766328573,0.0,0.0,0.0,0.02542891942419421,2,
2018-06-15 13:00:00,136,0.36069416999816895,0.0627296194434166,0.05252499878406525,0.29796455055475235,0.0,0.29796455055475235,0.0,0.0,0.0,0.015650587655582915,2,
2018-06-15 14:00:00,136,0.573675811290741,0.11751903593540192,0.05179249867796898,0.45615677535533905,0.0,0.45615677535533905,0.0,0.0,0.0,0.02362549918453799,2,
2018-06-15 15:00:00,136,0.43423110246658325,0.05597560480237007,0.052025001496076584,0.3782554976642132,0.0,0.3782554976642132,0.0,0.0,0.0,0.019678742831879883,2,
2018-06-15 16:00:00,136,0.40790945291519165,0.03752468153834343,0.05334249883890152,0.3703847713768482,0.0,0.3703847713768482,0.0,0.0,0.0,0.01975724923711633,2,
2018-06-15 17:00:00,136,0.4153922200202942,0.01196300983428955,0.058855000883340836,0.40342921018600464,0.0,0.40342921018600464,0.0,0.0,0.0,0.0237438265218628,2,
2018-06-15 18:00:00,136,0.3758400082588196,1.2168154374177608e-17,0.05953750014305115,0.3758400082588196,0.0,0.3758400082588196,0.0,0.0,0.0,0.022376574545473815,2,
2018-06-15 19:00:00,136,0.35563528537750244,0.0,0.056290000677108765,0.35563528537750244,0.0,0.35563528537750244,0.0,0.0,0.0,0.02001871045470338,2,
2018-06-15 20:00:00,136,0.5499183535575867,0.0,0.0508200004696846,0.5499183535575867,0.0,0.5499183535575867,0.0,0.0,0.0,0.027946850986084737,2,
2018-06-15 21:00:00,136,0.617039144039154,-0.0,0.05141500011086464,0.617039144039154,0.0,0.617039144039154,0.0,0.0,0.0,0.03172506765918093,2,
2018-06-15 22:00:00,136,0.2967805564403534,-0.0,0.050324998795986176,0.2967805564403534,0.0,0.2967805564403534,0.0,0.0,0.0,0.014935481145532892,2,
2018-06-15 23:00:00,136,0.19845806062221527,-0.0,0.05392000079154968,0.19845806062221527,0.0,0.19845806062221527,0.0,0.0,0.0,0.010700858785839262,2,
2018-06-16 00:00:00,136,0.23561528325080872,-0.0,0.0533674992620945,0.23561528325080872,0.0,0.23561528325080872,0.0,0.0,0.0,0.01257419845502572,2,
2018-06-16 01:00:00,136,0.24569332599639893,-0.0,0.053289998322725296,0.24569332599639893,0.0,0.24569332599639893,0.0,0.0,0.0,0.013092996930252898,2,
2018-06-16 02:00:00,136,0.2211255580186844,-0.0,0.05099250003695488,0.2211255580186844,0.0,0.2211255580186844,0.0,0.0,0.0,0.011275745025439432,2,
2018-06-16 03:00:00,136,0.26078084111213684,-0.0,0.05127999931573868,0.26078084111213684,0.0,0.26078084111213684,0.0,0.0,0.0,0.013372841353788134,2,
2018-06-16 04:00:00,136,0.2197616696357727,0.0,0.049582500010728836,0.2197616696357727,0.0,0.2197616696357727,0.0,0.0,0.0,0.010896332987073487,2,
2018-06-16 05:00:00,136,0.3752758204936981,-0.0,0.04856250062584877,0.3752758204936981,0.0,0.3752758204936981,0.0,0.0,0.0,0.018224332267591126,2,
2018-06-16 06:00:00,136,0.38812971115112305,0.0,0.04915250092744827,0.38812971115112305,0.0,0.38812971115112305,0.0,0.0,0.0,0.019077545987325806,2,
2018-06-16 07:00:00,136,0.3451155424118042,0.4951288104057312,0.047439999878406525,-0.150013267993927,1.4249999999999998,1.349986732006073,0.0,0.0,1.5,0.06554337040221853,0,
2018-06-16 08:00:00,136,0.28910723328590393,0.0,0.04690000042319298,0.28910723328590393,1.1206765965411536,0.0,-0.0,-0.0,0.28910723328590393,0.0002891072332859039,2,
2018-06-16 09:00:00,136,0.28995832800865173,0.0,0.05140500143170357,0.28995832800865173,0.8154573039004676,0.0,-0.0,-0.0,0.28995832800865173,0.00028995832800865175,2,
2018-06-16 10:00:00,136,0.26512277126312256,0.0,0.05048749968409538,0.26512277126312256,0.5363807025708649,0.0,-0.0,-0.0,0.26512277126312256,0.00026512277126312255,2,
2018-06-16 11:00:00,136,0.31071555614471436,0.0,0.04706500098109245,0.31071555614471436,0.20931169610274453,0.0,-0.0,-0.0,0.31071555614471436,0.00031071555614471436,2,
2018-06-16 12:00:00,136,0.5017544627189636,0.0,0.04636000096797943,0.5017544627189636,0.0,0.3029083514213563,0.0,0.0,0.1988461112976073,0.014241677576400739,2,
2018-06-16 13:00:00,136,0.4534238874912262,0.0,0.046094998717308044,0.4534238874912262,0.0,0.4534238874912262,0.0,0.0,0.0,0.0209005735123049,2,
2018-06-16 14:00:00,136,0.41506943106651306,0.0,0.04602999985218048,0.41506943106651306,0.0,0.41506943106651306,0.0,0.0,0.0,0.019105645850636233,2,
2018-06-16 15:00:00,136,0.3089366555213928,0.0,0.046322498470544815,0.3089366555213928,0.0,0.3089366555213928,0.0,0.0,0.0,0.01431071775288495,2,
2018-06-16 16:00:00,136,0.2869633436203003,0.0,0.04612499848008156,0.2869633436203003,0.0,0.2869633436203003,0.0,0.0,0.0,0.013236183788325473,2,
2018-06-16 17:00:00,136,0.34519776701927185,0.0,0.04668499901890755,0.34519776701927185,0.0,0.34519776701927185,0.0,0.0,0.0,0.016115557414623782,2,
2018-06-16 18:00:00,136,0.4350152909755707,0.0,0.04633000120520592,0.4350152909755707,0.0,0.4350152909755707,0.0,0.0,0.0,0.020154258955181192,2,
2018-06-16 19:00:00,136,0.47838860750198364,-0.0,0.04812749847769737,0.47838860750198364,0.0,0.47838860750198364,0.0,0.0,0.0,0.023023646979299484,2,
2018-06-16 20:00:00,136,0.5681055784225464,-0.0,0.048282500356435776,0.5681055784225464,0.0,0.5681055784225464,0.0,0.0,0.0,0.02742955779267975,2,
2018-06-16 21:00:00,136,0.6268972158432007,-0.0,0.04887999966740608,0.6268972158432007,0.0,0.6268972158432007,0.0,0.0,0.0,0.03064273570191345,2,
2018-06-16 22:00:00,136,0.3716908395290375,-0.0,0.048920001834630966,0.3716908395290375,0.0,0.3716908395290375,0.0,0.0,0.0,0.018183116551676037,2,
2018-06-16 23:00:00,136,0.22175583243370056,-0.0,0.05235249921679497,0.22175583243370056,0.0,0.22175583243370056,0.0,0.0,0.0,0.011609472043805025,2,
2018-06-17 00:00:00,136,0.2410302758216858,-0.0,0.04961000010371208,0.2410302758216858,0.0,0.2410302758216858,0.0,0.0,0.0,0.011957512008511584,2,
2018-06-17 01:00:00,136,0.23615805804729462,-0.0,0.04815249890089035,0.23615805804729462,0.0,0.23615805804729462,0.0,0.0,0.0,0.011371600630558754,2,
2018-06-17 02:00:00,136,0.22368638217449188,-0.0,0.04539500176906586,0.22368638217449188,0.0,0.22368638217449188,0.0,0.0,0.0,0.010154243714527,2,
2018-06-17 03:00:00,136,0.2600308358669281,0.0,0.04128750041127205,0.2600308358669281,0.0,0.2600308358669281,0.0,0.0,0.0,0.010736023242799209,2,
2018-06-17 04:00:00,136,0.23250916600227356,-0.0,0.040860000997781754,0.23250916600227356,0.0,0.23250916600227356,0.0,0.0,0.0,0.009500324754846301,2,
2018-06-17 05:00:00,136,0.2501152753829956,-0.0,0.04116249829530716,0.2501152753829956,0.0,0.2501152753829956,0.0,0.0,0.0,0.010295369596582837,2,
2018-06-17 06:00:00,136,0.29862305521965027,-0.0,0.04323999956250191,0.29862305521965027,0.0,0.29862305521965027,0.0,0.0,0.0,0.01291246077705066,2,
2018-06-17 07:00:00,136,0.4634533226490021,0.0,0.04397499933838844,0.4634533226490021,0.0,0.4634533226490021,0.0,0.0,0.0,0.020380359556863792,2,
2018-06-17 08:00:00,136,0.39413416385650635,1.2318438291549683,0.046217501163482666,-0.8377096652984619,1.4249999999999998,0.6622903347015381,0.0,0.0,1.5,0.03210940431463166,0,
2018-06-17 09:00:00,136,0.22770972549915314,0.5761799216270447,0.05204499885439873,-0.34847019612789154,1.4249999999999998,0.0,0.34847019612789154,0.34847019612789154,0.0,0.0,2,
2018-06-17 10:00:00,136,0.3058883249759674,0.0,0.05245000123977661,0.3058883249759674,1.1030122894989816,0.0,-0.0,-0.0,0.3058883249759674,0.0003058883249759674,2,
2018-06-17 11:00:00,136,0.27015528082847595,0.8493103384971619,0.05355000123381615,-0.5791550576686859,1.1030122894989816,0.0,0.5791550576686859,0.5791550576686859,0.0,0.0,2,
2018-06-17 12:00:00,136,0.2304661124944687,1.0259010791778564,0.05441249907016754,-0.7954349666833878,1.1030122894989816,0.0,0.7954349666833878,0.7954349666833878,0.0,0.0,2,
2018-06-17 13:00:00,136,0.4551483392715454,0.05136256664991379,0.051762498915195465,0.4037857726216316,0.6779746341077904,0.0,-0.0,-0.0,0.4037857726216316,0.00040378577262163164,2,
2018-06-17 14:00:00,136,0.2906230688095093,0.035071637481451035,0.05068250000476837,0.25555143132805824,0.4089731274466764,0.0,-0.0,-0.0,0.25555143132805824,0.00025555143132805825,2,
2018-06-17 15:00:00,136,0.2676919400691986,0.0,0.05158749967813492,0.2676919400691986,0.12719213790015155,0.0,-0.0,-0.0,0.2676919400691986,0.0002676919400691986,2,
2018-06-17 16:00:00,136,0.24204333126544952,0.0,0.05339999869465828,0.24204333126544952,0.0,0.12121080026030556,0.0,0.0,0.12083253100514396,0.0065934891066839465,2,
2018-06-17 17:00:00,136,0.2293880581855774,0.0,0.05517499893903732,0.2293880581855774,0.0,0.2293880581855774,0.0,0.0,0.0,0.012656485867017064,2,
2018-06-17 18:00:00,136,0.20717944204807281,0.0,0.054910000413656235,0.20717944204807281,0.0,0.20717944204807281,0.0,0.0,0.0,0.011376223248560746,2,
2018-06-17 19:00:00,136,0.23244166374206543,-0.0,0.051247499883174896,0.23244166374206543,0.0,0.23244166374206543,0.0,0.0,0.0,0.011912054135466477,2,
2018-06-17 20:00:00,136,0.21778500080108643,-0.0,0.0508975014090538,0.21778500080108643,0.0,0.21778500080108643,0.0,0.0,0.0,0.01108471238514408,2,
2018-06-17 21:00:00,136,0.2436836063861847,-0.0,0.050404999405145645,0.2436836063861847,0.0,0.2436836063861847,0.0,0.0,0.0,0.012282872034939385,2,
2018-06-17 22:00:00,136,0.29309332370758057,-0.0,0.05011500045657158,0.29309332370758057,0.0,0.29309332370758057,0.0,0.0,0.0,0.014688372051423482,2,
2018-06-17 23:00:00,136,0.44443055987358093,-0.0,0.0504550002515316,0.44443055987358093,0.0,0.44443055987358093,0.0,0.0,0.0,0.022423744010209856,2,
2018-06-18 00:00:00,136,0.0,-0.0,0.05061250180006027,0.0,0.0,0.0,-0.0,-0.0,0.0,0.0,2,
2018-06-18 01:00:00,136,0.0,-0.0,0.04258250072598457,0.0,0.0,0.0,-0.0,-0.0,0.0,0.0,2,
2018-06-18 02:00:00,136,0.0,-0.0,0.04159500077366829,0.0,0.0,0.0,-0.0,-0.0,0.0,0.0,2,
2018-06-18 03:00:00,136,0.0,-0.0,0.0359174981713295,0.0,0.0,0.0,-0.0,-0.0,0.0,0.0,2,
2018-06-18 04:00:00,136,0.0,-0.0,0.037085000425577164,0.0,0.0,0.0,-0.0,-0.0,0.0,0.0,2,
2018-06-18 05:00:00,136,0.0,-0.0,0.04442249983549118,0.0,0.0,0.0,-0.0,-0.0,0.0,0.0,2,
2018-06-18 06:00:00,136,0.0,-0.0,0.05052750185132027,0.0,0.0,0.0,-0.0,-0.0,0.0,0.0,2,
2018-06-18 07:00:00,136,0.0,0.0,0.052615001797676086,0.0,0.0,0.0,-0.0,-0.0,0.0,0.0,2,
2018-06-18 08:00:00,136,0.0,0.0,0.054999999701976776,0.0,0.0,0.0,-0.0,-0.0,0.0,0.0,2,
2018-06-18 09:00:00,136,0.0,0.0,0.0516275018453598,0.0,0.0,0.0,-0.0,-0.0,0.0,0.0,2,
2018-06-18 10:00:00,136,0.0,0.0,0.048739999532699585,0.0,0.0,0.0,-0.0,-0.0,0.0,0.0,2,
2018-06-18 11:00:00,136,0.0,0.06446992605924606,0.047635000199079514,-0.06446992605924606,0.0,0.0,0.06446992605924606,0.06446992605924606,0.0,0.0,2,
2018-06-18 12:00:00,136,0.0,0.051355570554733276,0.047587499022483826,-0.051355570554733276,0.0,0.0,0.051355570554733276,0.051355570554733276,0.0,0.0,2,
2018-06-18 13:00:00,136,0.0,1.028584599494934,0.04826999828219414,-1.028584599494934,0.0,0.0,1.028584599494934,1.028584599494934,0.0,0.0,2,
2018-06-18 14:00:00,136,0.0,0.07845919579267502,0.04805999994277954,-0.07845919579267502,0.0,0.0,0.07845919579267502,0.07845919579267502,0.0,0.0,2,
2018-06-18 15:00:00,136,0.0,0.05516631901264191,0.04946250095963478,-0.05516631901264191,0.0,0.0,0.05516631901264191,0.05516631901264191,0.0,0.0,2,
2018-06-18 16:00:00,136,0.0,0.011393198743462563,0.0528700016438961,-0.011393198743462563,0.0,0.0,0.011393198743462563,0.011393198743462563,0.0,0.0,2,
2018-06-18 17:00:00,136,0.0,0.0,0.05662250146269798,0.0,0.0,0.0,-0.0,-0.0,0.0,0.0,2,
2018-06-18 18:00:00,136,0.0,0.0,0.056437499821186066,0.0,0.0,0.0,-0.0,-0.0,0.0,0.0,2,
2018-06-18 19:00:00,136,0.0,0.0,0.05443749949336052,0.0,0.0,0.0,-0.0,-0.0,0.0,0.0,2,
2018-06-18 20:00:00,136,0.0,0.0,0.051477499306201935,0.0,0.0,0.0,-0.0,-0.0,0.0,0.0,2,
2018-06-18 21:00:00,136,0.0,0.0,0.05019500106573105,0.0,0.0,0.0,-0.0,-0.0,0.0,0.0,2,
2018-06-18 22:00:00,136,0.0,0.0,0.04966749995946884,0.0,0.0,0.0,-0.0,-0.0,0.0,0.0,2,
2018-06-18 23:00:00,136,0.0,0.0,0.04732999950647354,0.0,0.0,0.0,-0.0,-0.0,0.0,0.0,2,
2018-06-19 00:00:00,136,0.0,0.0,0.04192499816417694,0.0,0.0,0.0,-0.0,-0.0,0.0,0.0,2,
2018-06-19 01:00:00,136,0.0,0.0,0.04428499937057495,0.0,0.0,0.0,-0.0,-0.0,0.0,0.0,2,
2018-06-19 02:00:00,136,0.0,0.0,0.04573750123381615,0.0,0.0,0.0,-0.0,-0.0,0.0,0.0,2,
2018-06-19 03:00:00,136,0.0,0.0,0.046275001019239426,0.0,0.0,0.0,-0.0,-0.0,0.0,0.0,2,
2018-06-19 04:00:00,136,0.0,0.0,0.04686500132083893,0.0,0.0,0.0,-0.0,-0.0,0.0,0.0,2,
2018-06-19 05:00:00,136,0.0,0.0,0.04967749863862991,0.0,0.0,0.0,-0.0,-0.0,0.0,0.0,2,
2018-06-19 06:00:00,136,0.0,0.0,0.051282498985528946,0.0,0.0,0.0,-0.0,-0.0,0.0,0.0,2,
2018-06-19 07:00:00,136,0.0,0.4028696119785309,0.05234000086784363,-0.4028696119785309,0.0,0.0,0.4028696119785309,0.4028696119785309,0.0,0.0,2,
2018-06-19 08:00:00,136,0.057820554822683334,0.6838774681091309,0.055319998413324356,-0.6260569132864475,0.0,0.0,0.6260569132864475,0.6260569132864475,0.0,0.0,2,
2018-06-19 09:00:00,136,0.23664222657680511,0.04155251011252403,0.06030000001192093,0.19508971646428108,0.0,0.19508971646428108,0.0,0.0,0.0,0.0117639099051218,2,
2018-06-19 10:00:00,136,0.3938552737236023,0.07781144231557846,0.060704998672008514,0.31604383140802383,0.0,0.31604383140802383,0.0,0.0,0.0,0.01918544036592057,2,
2018-06-19 11:00:00,136,0.28115445375442505,1.263866662979126,0.061012499034404755,-0.9827122092247009,0.0,0.0,0.9827122092247009,0.9827122092247009,0.0,0.0,2,
2018-06-19 12:00:00,136,0.3546580672264099,1.3261812925338745,0.060417499393224716,-0.9715232253074646,0.0,0.0,0.9715232253074646,0.9715232253074646,0.0,0.0,2,
2018-06-19 13:00:00,136,0.6679502725601196,0.14917893707752228,0.055217500776052475,0.5187713354825974,0.0,0.5187713354825974,0.0,0.0,0.0,0.028645256619604098,2,
2018-06-19 14:00:00,136,0.7680441737174988,0.2490323930978775,0.054294999688863754,0.5190117806196213,0.0,0.5190117806196213,0.0,0.0,0.0,0.02817974446725896,2,
2018-06-19 15:00:00,136,0.5136286020278931,0.256897509098053,0.06003250181674957,0.2567310929298401,0.0,0.2567310929298401,0.0,0.0,0.0,0.015412209802726728,2,
2018-06-19 16:00:00,136,0.6048339009284973,0.13259734213352203,0.06661249697208405,0.4722365587949753,0.0,0.4722365587949753,0.0,0.0,0.0,0.03145685634283768,2,
2018-06-19 17:00:00,136,0.9368194341659546,0.06153205782175064,0.06947500258684158,0.875287376344204,0.0,0.875287376344204,0.0,0.0,0.0,0.06081059273574335,2,
2018-06-19 18:00:00,136,0.7763513922691345,1.2909472811967019e-17,0.06649249792098999,0.7763513922691345,0.0,0.7763513922691345,0.0,0.0,0.0,0.05162154333641311,2,
2018-06-19 19:00:00,136,0.5921530723571777,0.0,0.05508749932050705,0.5921530723571777,0.0,0.5921530723571777,0.0,0.0,0.0,0.03262023197111219,2,
2018-06-19 20:00:00,136,0.5320605635643005,-0.0,0.052367500960826874,0.5320605635643005,0.0,0.5320605635643005,0.0,0.0,0.0,0.027862682073671596,2,
2018-06-19 21:00:00,136,0.5741811394691467,-0.0,0.05077249929308891,0.5741811394691467,0.0,0.5741811394691467,0.0,0.0,0.0,0.02915261149780224,2,
2018-06-19 22:00:00,136,0.31941473484039307,-0.0,0.051007501780986786,0.31941473484039307,0.0,0.31941473484039307,0.0,0.0,0.0,0.01629254765624477,2,
2018-06-19 23:00:00,136,0.23467221856117249,-0.0,0.055262498557567596,0.23467221856117249,0.0,0.23467221856117249,0.0,0.0,0.0,0.012968573139737982,2,
2018-06-20 00:00:00,136,0.21252389252185822,-0.0,0.05455499887466431,0.21252389252185822,0.0,0.21252389252185822,0.0,0.0,0.0,0.011594240717369253,2,
2018-06-20 01:00:00,136,0.23231777548789978,-0.0,0.055287498980760574,0.23231777548789978,0.0,0.23231777548789978,0.0,0.0,0.0,0.012844268775499823,2,
2018-06-20 02:00:00,136,0.20174889266490936,-0.0,0.05241499841213226,0.20174889266490936,0.0,0.20174889266490936,0.0,0.0,0.0,0.010574667888680667,2,
2018-06-20 03:00:00,136,0.22408916056156158,-0.0,0.047905001789331436,0.22408916056156158,0.0,0.22408916056156158,0.0,0.0,0.0,0.010734991637671387,2,
2018-06-20 04:00:00,136,0.24617443978786469,-0.0,0.047839999198913574,0.24617443978786469,0.0,0.24617443978786469,0.0,0.0,0.0,0.011776985002244444,2,
2018-06-20 05:00:00,136,0.38895222544670105,-0.0,0.0496474988758564,0.38895222544670105,0.0,0.38895222544670105,0.0,0.0,0.0,0.019310505175626935,2,
2018-06-20 06:00:00,136,0.4400697350502014,-0.0,0.050987500697374344,0.4400697350502014,0.0,0.4400697350502014,0.0,0.0,0.0,0.022438055922765487,2,
2018-06-20 07:00:00,136,0.28542360663414,0.0,0.05380500108003616,0.28542360663414,0.0,0.28542360663414,0.0,0.0,0.0,0.01535721746321772,2,
2018-06-20 08:00:00,136,0.25758472084999084,0.0,0.055799998342990875,0.25758472084999084,0.0,0.25758472084999084,0.0,0.0,0.0,0.014373226996609256,2,
2018-06-20 09:00:00,136,0.2722230553627014,0.0,0.054864998906850815,0.2722230553627014,0.0,0.2722230553627014,0.0,0.0,0.0,0.014935517634894202,2,
2018-06-20 10:00:00,136,0.3959488868713379,0.0,0.05340249836444855,0.3959488868713379,0.0,0.3959488868713379,0.0,0.0,0.0,0.021144659783551845,2,
2018-06-20 11:00:00,136,0.9717110991477966,0.0,0.05012499913573265,0.9717110991477966,0.0,0.9717110991477966,0.0,0.0,0.0,0.04870701800496513,2,
2018-06-20 12:00:00,136,0.9697375297546387,2.738091468811035,0.05015749856829643,-1.7683539390563965,1.4249999999999998,0.0,0.2683539390563965,0.2683539390563965,1.5,0.0015,0,
2018-06-20 13:00:00,136,0.8114583492279053,0.9762219786643982,0.049962498247623444,-0.16476362943649292,1.4249999999999998,0.0,0.16476362943649292,0.16476362943649292,0.0,0.0,2,
2018-06-20 14:00:00,136,0.8267422318458557,1.7062309980392456,0.04996500164270401,-0.8794887661933899,2.8499999999999996,0.6205112338066101,0.0,0.0,1.5,0.03250384481646357,0,
2018-06-20 15:00:00,136,0.7617197036743164,0.015884997323155403,0.05196249857544899,0.745834706351161,2.06491083541983,0.0,-0.0,-0.0,0.745834706351161,0.0007458347063511611,2,
2018-06-20 16:00:00,136,0.7586588859558105,0.06295590102672577,0.051512498408555984,0.6957029849290848,1.3325919039155303,0.0,-0.0,-0.0,0.6957029849290848,0.0006957029849290848,2,
2018-06-20 17:00:00,136,0.8463252782821655,0.04616231471300125,0.05077999830245972,0.8001629635691643,0.4903151001585152,0.0,-0.0,-0.0,0.8001629635691643,0.0008001629635691643,2,
2018-06-20 18:00:00,136,0.23554694652557373,1.9187458505431116e-17,0.05372999981045723,0.2355469465255737,0.2423709459210692,0.0,-0.0,-0.0,0.2355469465255737,0.0002355469465255737,2,
2018-06-20 19:00:00,136,0.29919999837875366,0.0,0.054749999195337296,0.29919999837875366,0.0,0.06894759975373793,0.0,0.0,0.23025239862501573,0.004005133429662605,2,
2018-06-20 20:00:00,136,0.2690155506134033,0.0,0.05435749888420105,0.2690155506134033,0.0,0.2690155506134033,0.0,0.0,0.0,0.014623012492300802,2,
2018-06-20 21:00:00,136,0.6108269691467285,0.0,0.05340249836444855,0.6108269691467285,1.4249999999999998,2.1108269691467285,0.0,0.0,1.5,0.11422343376749206,0,
2018-06-20 22:00:00,136,0.6348222494125366,0.0,0.05243249982595444,0.6348222494125366,0.7567660532499613,0.0,-0.0,-0.0,0.6348222494125366,0.0006348222494125367,2,
2018-06-20 23:00:00,136,0.22400055825710297,0.0,0.0525050014257431,0.22400055825710297,2.181766053249961,1.724000558257103,0.0,0.0,1.5,0.0920186517692711,0,
2018-06-21 00:00:00,136,0.21452416479587555,0.0,0.05015749856829643,0.21452416479587555,1.955951142938513,0.0,-0.0,-0.0,0.21452416479587555,0.00021452416479587555,2,
2018-06-21 01:00:00,136,0.2212561070919037,0.0,0.048852499574422836,0.2212561070919037,3.0,1.3202549039987321,0.0,0.0,1.0989987969068284,0.06559675093263455,0,
2018-06-21 02:00:00,136,0.2489597201347351,0.0,0.04522499814629555,0.2489597201347351,3.0,0.2489597201347351,0.0,0.0,0.0,0.011259202881595654,0,
2018-06-21 03:00:00,136,0.20996500551700592,0.0,0.03772500157356262,0.20996500551700592,2.7789842047189413,0.0,-0.0,-0.0,0.20996500551700592,0.00020996500551700593,2,
2018-06-21 04:00:00,136,0.37438610196113586,0.0,0.037927500903606415,0.37438610196113586,2.3848935710756405,0.0,-0.0,-0.0,0.37438610196113586,0.00037438610196113587,2,
2018-06-21 05:00:00,136,0.3020341694355011,0.0,0.04111750051379204,0.3020341694355011,2.066962866406692,0.0,-0.0,-0.0,0.3020341694355011,0.0003020341694355011,2,
2018-06-21 06:00:00,136,0.340060830116272,0.0,0.04758000001311302,0.340060830116272,1.7090040978632477,0.0,-0.0,-0.0,0.340060830116272,0.000340060830116272,2,
2018-06-21 07:00:00,136,0.4054666757583618,0.5440220236778259,0.04751500114798546,-0.1385553479194641,3.0,1.2203877069613278,0.0,0.0,1.358943054880792,0.05934566635213562,0,
2018-06-21 08:00:00,136,0.6060305833816528,2.0365469455718994,0.04613250121474266,-1.4305163621902466,3.0,0.0,1.4305163621902466,1.4305163621902466,0.0,0.0,0,
2018-06-21 09:00:00,136,0.7603088617324829,1.4878257513046265,0.046937499195337296,-0.7275168895721436,3.0,0.0,0.7275168895721436,0.7275168895721436,0.0,0.0,0,
2018-06-21 10:00:00,136,0.6087439060211182,0.1817793846130371,0.04672250151634216,0.42696452140808105,2.550563661675704,0.0,-0.0,-0.0,0.42696452140808105,0.00042696452140808105,2,
2018-06-21 11:00:00,136,0.2864297330379486,0.2535856366157532,0.04618750140070915,0.032844096422195435,2.5159909285997086,0.0,-0.0,-0.0,0.032844096422195435,3.2844096422195436e-05,2,
2018-06-21 12:00:00,136,0.3160083293914795,0.3150918781757355,0.04629499837756157,0.0009164512157440186,2.515026243109452,0.0,-0.0,-0.0,0.0009164512157440186,9.164512157440186e-07,2,
2018-06-21 13:00:00,136,0.3564583361148834,0.34309035539627075,0.04631999880075455,0.013367980718612671,2.500954684458281,0.0,-0.0,-0.0,0.013367980718612671,1.3367980718612671e-05,2,
2018-06-21 14:00:00,136,0.29704055190086365,0.27610427141189575,0.046277500689029694,0.020936280488967896,2.4789164944698934,0.0,-0.0,-0.0,0.020936280488967896,2.0936280488967895e-05,2,
2018-06-21 15:00:00,136,0.3105422258377075,0.2825196087360382,0.04816250130534172,0.02802261710166931,2.4494190027839258,0.0,-0.0,-0.0,0.02802261710166931,2.8022617101669312e-05,2,
2018-06-21 16:00:00,136,0.28839361667633057,0.1741671860218048,0.048889998346567154,0.11422643065452576,2.3291806547265304,0.0,-0.0,-0.0,0.11422643065452576,0.00011422643065452575,2,
2018-06-21 17:00:00,136,0.3343985974788666,0.09217716008424759,0.051317501813173294,0.242221437394619,2.0742107206269313,0.0,-0.0,-0.0,0.242221437394619,0.000242221437394619,2,
2018-06-21 18:00:00,136,0.27975693345069885,5.042982374173643e-17,0.05155999958515167,0.2797569334506988,1.7797297380472483,0.0,-0.0,-0.0,0.2797569334506988,0.0002797569334506988,2,
2018-06-21 19:00:00,136,0.43714526295661926,0.0,0.05448500066995621,0.43714526295661926,1.3195768296718597,0.0,-0.0,-0.0,0.43714526295661926,0.00043714526295661926,2,
2018-06-21 20:00:00,136,0.6215619444847107,0.0,0.0545400008559227,0.6215619444847107,0.6653010986353222,0.0,-0.0,-0.0,0.6215619444847107,0.0006215619444847107,2,
2018-06-21 21:00:00,136,0.5731719732284546,0.0,0.05446749925613403,0.5731719732284546,0.061962179447475174,0.0,-0.0,-0.0,0.5731719732284546,0.0005731719732284546,2,
2018-06-21 22:00:00,136,0.420229434967041,0.0,0.05256250128149986,0.420229434967041,0.0,0.3613653644919396,0.0,0.0,0.058864070475101414,0.019053131504672343,2,
2018-06-21 23:00:00,136,0.21392805874347687,0.0,0.05197500064969063,0.21392805874347687,0.0,0.21392805874347687,0.0,0.0,0.0,0.011118910992179265,2,
2018-06-22 00:00:00,136,0.24274861812591553,0.0,0.050927501171827316,0.24274861812591553,0.0,0.24274861812591553,0.0,0.0,0.0,0.012362580534067025,2,
2018-06-22 01:00:00,136,0.22069722414016724,0.0,0.045522499829530716,0.22069722414016724,0.0,0.22069722414016724,0.0,0.0,0.0,0.010046689348298665,2,
2018-06-22 02:00:00,136,0.2147063910961151,0.0,0.04596250131726265,0.2147063910961151,0.0,0.2147063910961151,0.0,0.0,0.0,0.0098684427835799,2,
2018-06-22 03:00:00,136,0.24377694725990295,0.0,0.04634999856352806,0.24377694725990295,0.0,0.24377694725990295,0.0,0.0,0.0,0.011299061155317758,2,
2018-06-22 04:00:00,136,0.2333063930273056,-0.0,0.04611000046133995,0.2333063930273056,0.0,0.2333063930273056,0.0,0.0,0.0,0.010757757890122621,2,
2018-06-22 05:00:00,136,0.21379610896110535,0.0,0.047542501240968704,0.21379610896110535,1.4249999999999998,1.7137961089611053,0.0,0.0,1.5,0.08297815363705069,0,
2018-06-22 06:00:00,136,0.37089359760284424,0.0,0.04822999984025955,0.37089359760284424,1.0345856867338479,0.0,-0.0,-0.0,0.37089359760284424,0.00037089359760284423,2,
2018-06-22 07:00:00,136,0.3931083381175995,0.05465812608599663,0.048739999532699585,0.33845021203160286,0.6783223056479502,0.0,-0.0,-0.0,0.33845021203160286,0.00033845021203160285,2,
2018-06-22 08:00:00,136,0.4096355438232422,2.03459095954895,0.04956499859690666,-1.624955415725708,2.10332230564795,0.0,0.12495541572570801,0.12495541572570801,1.5,0.0015,0,
2018-06-22 09:00:00,136,0.3223230540752411,0.25947898626327515,0.04901750013232231,0.06284406781196594,2.037170655319565,0.0,-0.0,-0.0,0.06284406781196594,6.284406781196595e-05,2,
2018-06-22 10:00:00,136,0.3480089008808136,2.7583606243133545,0.04836999997496605,-2.410351723432541,3.0,0.0,1.3968471500847146,1.3968471500847146,1.0135045733478263,0.0010135045733478264,0,
2018-06-22 11:00:00,136,0.28941473364830017,2.123553514480591,0.047655001282691956,-1.8341387808322906,3.0,0.0,1.8341387808322906,1.8341387808322906,0.0,0.0,0,
2018-06-22 12:00:00,136,0.5268961191177368,3.1995372772216797,0.047872498631477356,-2.672641158103943,3.0,0.0,2.672641158103943,2.672641158103943,0.0,0.0,0,
2018-06-22 13:00:00,136,0.27537277340888977,0.45051223039627075,0.04845999926328659,-0.17513945698738098,3.0,0.0,0.17513945698738098,0.17513945698738098,0.0,0.0,2,
2018-06-22 14:00:00,136,0.2498013824224472,0.37122929096221924,0.04775749891996384,-0.12142790853977203,3.0,0.0,0.12142790853977203,0.12142790853977203,0.0,0.0,2,
2018-06-22 15:00:00,136,0.4497552812099457,0.21247555315494537,0.047724999487400055,0.2372797280550003,2.750231865205263,0.0,-0.0,-0.0,0.2372797280550003,0.0002372797280550003,2,
2018-06-22 16:00:00,136,0.321197509765625,0.11509408056735992,0.04859749972820282,0.20610342919826508,2.5332808871018258,0.0,-0.0,-0.0,0.20610342919826508,0.00020610342919826508,2,
2018-06-22 17:00:00,136,0.21149249374866486,0.07300320267677307,0.052685000002384186,0.13848929107189178,2.3875026859735184,0.0,-0.0,-0.0,0.13848929107189178,0.0001384892910718918,2,
2018-06-22 18:00:00,136,0.27190250158309937,3.226998990925342e-17,0.054032500833272934,0.2719025015830993,2.101289526412361,0.0,-0.0,-0.0,0.2719025015830993,0.0002719025015830993,2,
2018-06-22 19:00:00,136,0.5463991761207581,0.0,0.05706999823451042,0.5463991761207581,1.5261324989168263,0.0,-0.0,-0.0,0.5463991761207581,0.0005463991761207581,2,
2018-06-22 20:00:00,136,0.6018338799476624,0.0,0.05554249882698059,0.6018338799476624,0.8926231516034975,0.0,-0.0,-0.0,0.6018338799476624,0.0006018338799476623,2,
2018-06-22 21:00:00,136,0.6199416518211365,0.0,0.0509674996137619,0.6199416518211365,0.24005299179177486,0.0,-0.0,-0.0,0.6199416518211365,0.0006199416518211365,2,
2018-06-22 22:00:00,136,0.3044397234916687,0.0,0.05012249946594238,0.3044397234916687,0.0,0.07638938128948258,0.0,0.0,0.22805034220218612,0.004056877065087946,2,
2018-06-22 23:00:00,136,0.2116824984550476,-0.0,0.053564999252557755,0.2116824984550476,0.0,0.2116824984550476,0.0,0.0,0.0,0.011338772871524183,2,
2018-06-23 00:00:00,136,0.24714778363704681,-0.0,0.05045250058174133,0.24714778363704681,0.0,0.24714778363704681,0.0,0.0,0.0,0.012469223697724185,2,
2018-06-23 01:00:00,136,0.2104494422674179,0.0,0.049504999071359634,0.2104494422674179,0.0,0.2104494422674179,0.0,0.0,0.0,0.010418299444016677,2,
2018-06-23 02:00:00,136,0.22643443942070007,-0.0,0.047532498836517334,0.22643443942070007,0.0,0.22643443942070007,0.0,0.0,0.0,0.010762994728311881,2,
2018-06-23 03:00:00,136,0.24625305831432343,-0.0,0.04589749872684479,0.24625305831432343,0.0,0.24625305831432343,0.0,0.0,0.0,0.011302399430463295,2,
2018-06-23 04:00:00,136,0.23450332880020142,-0.0,0.038883332163095474,0.23450332880020142,0.0,0.23450332880020142,0.0,0.0,0.0,0.009118270827089825,2,
2018-06-23 05:00:00,136,0.3441169559955597,-0.0,0.03886333480477333,0.3441169559955597,0.0,0.3441169559955597,0.0,0.0,0.0,0.013373532472854888,2,
2018-06-23 06:00:00,136,0.36756500601768494,-0.0,0.04583999887108803,0.36756500601768494,0.0,0.36756500601768494,0.0,0.0,0.0,0.01684917946090214,2,
2018-06-23 07:00:00,136,0.37001416087150574,0.0,0.045910000801086426,0.37001416087150574,0.0,0.37001416087150574,0.0,0.0,0.0,0.01698735042202415,2,
2018-06-23 08:00:00,136,0.23190444707870483,0.0,0.048272501677274704,0.23190444707870483,0.0,0.23190444707870483,0.0,0.0,0.0,0.011194607810574242,2,
2018-06-23 09:00:00,136,0.24855999648571014,0.044651005417108536,0.05100249871611595,0.2039089910686016,0.0,0.2039089910686016,0.0,0.0,0.0,0.010399868055180853,2,
2018-06-23 10:00:00,136,0.2828083336353302,0.032597608864307404,0.05060749873518944,0.2502107247710228,0.0,0.2502107247710228,0.0,0.0,0.0,0.012662538937380369,2,
2018-06-23 11:00:00,136,0.3112852871417999,0.10383090376853943,0.04857249930500984,0.2074543833732605,0.0,0.2074543833732605,0.0,0.0,0.0,0.01007657789221894,2,
2018-06-23 12:00:00,136,0.27428749203681946,0.10431427508592606,0.04824500158429146,0.1699732169508934,0.0,0.1699732169508934,0.0,0.0,0.0,0.008200358121082968,2,
2018-06-23 13:00:00,136,0.46921470761299133,0.1231556162238121,0.04634249955415726,0.34605909138917923,0.0,0.34605909138917923,0.0,0.0,0.0,0.016037243288415104,2,
2018-06-23 14:00:00,136,0.3340994417667389,0.1532442271709442,0.04602750018239021,0.18085521459579468,0.0,0.18085521459579468,0.0,0.0,0.0,0.00832431342279416,2,
2018-06-23 15:00:00,136,0.29257139563560486,0.1408872902393341,0.045214999467134476,0.15168410539627075,0.0,0.15168410539627075,0.0,0.0,0.0,0.006858396744665152,2,
2018-06-23 16:00:00,136,0.2561863958835602,0.1087656244635582,0.047612499445676804,0.14742077142000198,0.0,0.14742077142000198,0.0,0.0,0.0,0.007019071397516091,2,
2018-06-23 17:00:00,136,0.2628336250782013,0.03822329640388489,0.057132501155138016,0.2246103286743164,0.0,0.2246103286743164,0.0,0.0,0.0,0.012832549862441311,2,
2018-06-23 18:00:00,136,0.23536667227745056,2.1455048423292134e-17,0.05756999924778938,0.23536667227745053,0.0,0.23536667227745053,0.0,0.0,0.0,0.013550059145967517,2,
2018-06-23 19:00:00,136,0.4330958425998688,0.0,0.059300001710653305,0.4330958425998688,0.0,0.4330958425998688,0.0,0.0,0.0,0.025682584207049053,2,
2018-06-23 20:00:00,136,0.5562939047813416,0.0,0.05895499885082245,0.5562939047813416,0.0,0.5562939047813416,0.0,0.0,0.0,0.032796306517103524,2,
2018-06-23 21:00:00,136,0.6178133487701416,0.0,0.058742500841617584,0.6178133487701416,0.0,0.6178133487701416,0.0,0.0,0.0,0.03629190116009262,2,
2018-06-23 22:00:00,136,0.4034580588340759,-0.0,0.0578325018286705,0.4034580588340759,0.0,0.4034580588340759,0.0,0.0,0.0,0.023332988925313547,2,
2018-06-23 23:00:00,136,0.21657833456993103,-0.0,0.05685500055551529,0.21657833456993103,0.0,0.21657833456993103,0.0,0.0,0.0,0.012313561332286005,2,
2018-06-24 00:00:00,136,0.23554804921150208,-0.0,0.05087750032544136,0.23554804921150208,0.0,0.23554804921150208,0.0,0.0,0.0,0.011984095950415274,2,
2018-06-24 01:00:00,136,0.22475777566432953,-0.0,0.0516900010406971,0.22475777566432953,0.0,0.22475777566432953,0.0,0.0,0.0,0.011617729657993958,2,
2018-06-24 02:00:00,136,0.24827416241168976,-0.0,0.05157250165939331,0.24827416241168976,0.0,0.24827416241168976,0.0,0.0,0.0,0.012804119652961354,2,
2018-06-24 03:00:00,136,0.2166586071252823,-0.0,0.0501599982380867,0.2166586071252823,0.0,0.2166586071252823,0.0,0.0,0.0,0.010867595351670478,2,
2018-06-24 04:00:00,136,0.22246167063713074,-0.0,0.05028250068426132,0.22246167063713074,0.0,0.22246167063713074,0.0,0.0,0.0,0.011185929106033443,2,
2018-06-24 05:00:00,136,0.27973055839538574,-0.0,0.048567499965429306,0.27973055839538574,0.0,0.27973055839538574,0.0,0.0,0.0,0.013585813885197418,2,
2018-06-24 06:00:00,136,0.4096935987472534,-0.0,0.04804249852895737,0.4096935987472534,0.0,0.4096935987472534,0.0,0.0,0.0,0.019682704115138172,2,
2018-06-24 07:00:00,136,0.3617819547653198,0.012803420424461365,0.0474650003015995,0.34897853434085846,0.0,0.34897853434085846,0.0,0.0,0.0,0.0165642662377406,2,
2018-06-24 08:00:00,136,0.3972497284412384,0.08179067820310593,0.044987499713897705,0.3154590502381325,0.0,0.3154590502381325,0.0,0.0,0.0,0.014191713932334427,2,
2018-06-24 09:00:00,136,0.3405272364616394,0.2337539941072464,0.046537499874830246,0.106773242354393,0.0,0.106773242354393,0.0,0.0,0.0,0.004968959752702784,2,
2018-06-24 10:00:00,136,0.26495832204818726,0.30862122774124146,0.04832249879837036,-0.0436629056930542,0.0,0.0,0.0436629056930542,0.0436629056930542,0.0,0.0,2,
2018-06-24 11:00:00,136,0.2881277799606323,0.3265236020088196,0.04892750084400177,-0.038395822048187256,0.0,0.0,0.038395822048187256,0.038395822048187256,0.0,0.0,2,
2018-06-24 12:00:00,136,0.2632855474948883,0.35761144757270813,0.048579998314380646,-0.09432590007781982,0.0,0.0,0.09432590007781982,0.09432590007781982,0.0,0.0,2,
2018-06-24 13:00:00,136,0.2671419382095337,0.438410222530365,0.047587499022483826,-0.1712682843208313,0.0,0.0,0.1712682843208313,0.1712682843208313,0.0,0.0,2,
2018-06-24 14:00:00,136,0.25561749935150146,0.3422183394432068,0.047052498906850815,-0.08660084009170532,0.0,0.0,0.08660084009170532,0.08660084009170532,0.0,0.0,2,
2018-06-24 15:00:00,136,0.42206111550331116,0.3012637794017792,0.045842498540878296,0.12079733610153198,0.0,0.12079733610153198,0.0,0.0,0.0,0.005537651703976465,2,
2018-06-24 16:00:00,136,0.3880814015865326,0.22825635969638824,0.04743750020861626,0.15982504189014435,0.0,0.15982504189014435,0.0,0.0,0.0,0.0075817004580058245,2,
2018-06-24 17:00:00,136,0.22386834025382996,0.12944740056991577,0.050027500838041306,0.09442093968391418,0.0,0.09442093968391418,0.0,0.0,0.0,0.004723643639165664,2,
2018-06-24 18:00:00,136,0.2758055627346039,5.557397725314245e-17,0.05270000174641609,0.2758055627346038,0.0,0.2758055627346038,0.0,0.0,0.0,0.014534953637784894,2,
2018-06-24 19:00:00,136,0.23886916041374207,0.0,0.060122501105070114,0.23886916041374207,0.0,0.23886916041374207,0.0,0.0,0.0,0.014361411360942378,2,
2018-06-24 20:00:00,136,0.32114139199256897,0.0,0.06025249883532524,0.32114139199256897,0.0,0.32114139199256897,0.0,0.0,0.0,0.01934957134700699,2,
2018-06-24 21:00:00,136,0.5048052668571472,0.0,0.06052500009536743,0.5048052668571472,0.0,0.5048052668571472,0.0,0.0,0.0,0.030553338824670817,2,
2018-06-24 22:00:00,136,0.22569888830184937,-0.0,0.05669249966740608,0.22569888830184937,0.0,0.22569888830184937,0.0,0.0,0.0,0.012795434149986518,2,
2018-06-24 23:00:00,136,0.24186250567436218,0.0,0.052639998495578766,0.24186250567436218,0.0,0.24186250567436218,0.0,0.0,0.0,0.012731641934835336,2,
2018-06-25 00:00:00,136,0.20011527836322784,0.0,0.051717501133680344,0.20011527836322784,0.0,0.20011527836322784,0.0,0.0,0.0,0.010349462135616994,2,
2018-06-25 01:00:00,136,0.26538944244384766,0.0,0.04995499923825264,0.26538944244384766,0.0,0.26538944244384766,0.0,0.0,0.0,0.013257529395122702,2,
2018-06-25 02:00:00,136,0.21355028450489044,0.0,0.04582500085234642,0.21355028450489044,0.0,0.21355028450489044,0.0,0.0,0.0,0.009785941969455425,2,
2018-06-25 03:00:00,136,0.23764222860336304,0.0,0.04637499898672104,0.23764222860336304,0.0,0.23764222860336304,0.0,0.0,0.0,0.01102065811068309,2,
2018-06-25 04:00:00,136,0.21809054911136627,0.0,0.04605000093579292,0.21809054911136627,0.0,0.21809054911136627,0.0,0.0,0.0,0.01004306999066601,2,
2018-06-25 05:00:00,136,0.42776528000831604,0.0,0.04653500020503998,0.42776528000831604,0.0,0.42776528000831604,0.0,0.0,0.0,0.01990605739289597,2,
2018-06-25 06:00:00,136,0.7562627792358398,0.0,0.04763999953866005,0.7562627792358398,0.0,0.7562627792358398,0.0,0.0,0.0,0.03602835845390118,2,
2018-06-25 07:00:00,136,0.9023305773735046,0.049985215067863464,0.051362499594688416,0.8523453623056412,0.0,0.8523453623056412,0.0,0.0,0.0,0.043778588325958046,2,
2018-06-25 08:00:00,136,0.3257875144481659,0.18849310278892517,0.05208500102162361,0.13729441165924072,0.0,0.13729441165924072,0.0,0.0,0.0,0.007150979571534766,2,
2018-06-25 09:00:00,136,0.267555832862854,0.35320255160331726,0.0502374991774559,-0.08564671874046326,0.0,0.0,0.08564671874046326,0.08564671874046326,0.0,0.0,2,
2018-06-25 10:00:00,136,0.3477780520915985,0.4766499698162079,0.04934750124812126,-0.12887191772460938,0.0,0.0,0.12887191772460938,0.12887191772460938,0.0,0.0,2,
2018-06-25 11:00:00,136,0.27601832151412964,0.531217098236084,0.04907499998807907,-0.25519877672195435,0.0,0.0,0.25519877672195435,0.25519877672195435,0.0,0.0,2,
2018-06-25 12:00:00,136,0.25879138708114624,0.5203952193260193,0.0491349995136261,-0.26160383224487305,0.0,0.0,0.26160383224487305,0.26160383224487305,0.0,0.0,2,
2018-06-25 13:00:00,136,0.2933569550514221,0.5358197689056396,0.04885999858379364,-0.24246281385421753,0.0,0.0,0.24246281385421753,0.24246281385421753,0.0,0.0,2,
2018-06-25 14:00:00,136,0.35057389736175537,0.41609975695610046,0.048500001430511475,-0.06552585959434509,0.0,0.0,0.06552585959434509,0.06552585959434509,0.0,0.0,2,
2018-06-25 15:00:00,136,0.3248763978481293,0.32035118341445923,0.05316999927163124,0.004525214433670044,0.0,0.004525214433670044,0.0,0.0,0.0,0.00024060564814221141,2,
2018-06-25 16:00:00,136,0.270710289478302,0.21341776847839355,0.0579025000333786,0.05729252099990845,0.0,0.05729252099990845,0.0,0.0,0.0,0.003317380199109543,2,
2018-06-25 17:00:00,136,0.23784416913986206,0.11622635275125504,0.06270000338554382,0.12161781638860703,0.0,0.12161781638860703,0.0,0.0,0.0,0.0076254374993081075,2,
2018-06-25 18:00:00,136,0.25701889395713806,4.492179017014588e-17,0.06382250040769577,0.257018893957138,0.0,0.257018893957138,0.0,0.0,0.0,0.016403588464364956,2,
2018-06-25 19:00:00,136,0.4830150008201599,0.0,0.061969999223947525,0.4830150008201599,0.0,0.4830150008201599,0.0,0.0,0.0,0.029932439225980323,2,
2018-06-25 20:00:00,136,0.5907400250434875,0.0,0.057782500982284546,0.5907400250434875,0.0,0.5907400250434875,0.0,0.0,0.0,0.03413443607735012,2,
2018-06-25 21:00:00,136,0.7884188890457153,-0.0,0.054157499223947525,0.7884188890457153,0.0,0.7884188890457153,0.0,0.0,0.0,0.0426987953716389,2,
2018-06-25 22:00:00,136,0.3366658389568329,-0.0,0.05112500116229057,0.3366658389568329,0.0,0.3366658389568329,0.0,0.0,0.0,0.017212041407971612,2,
2018-06-25 23:00:00,136,0.2771966755390167,-0.0,0.05045749992132187,0.2771966755390167,0.0,0.2771966755390167,0.0,0.0,0.0,0.01398665123420062,2,
2018-06-26 00:00:00,136,0.20507167279720306,-0.0,0.05174750089645386,0.20507167279720306,0.0,0.20507167279720306,0.0,0.0,0.0,0.010611946571910558,2,
2018-06-26 01:00:00,136,0.25526973605155945,-0.0,0.05092500150203705,0.25526973605155945,0.0,0.25526973605155945,0.0,0.0,0.0,0.012999611691850266,2,
2018-06-26 02:00:00,136,0.2597391605377197,-0.0,0.05207499861717224,0.2597391605377197,0.0,0.2597391605377197,0.0,0.0,0.0,0.013525916425827234,2,
2018-06-26 03:00:00,136,0.23720833659172058,-0.0,0.05067500099539757,0.23720833659172058,0.0,0.23720833659172058,0.0,0.0,0.0,0.012020532692902042,2,
2018-06-26 04:00:00,136,0.28479915857315063,-0.0,0.050257500261068344,0.28479915857315063,0.0,0.28479915857315063,0.0,0.0,0.0,0.014313293786342163,2,
2018-06-26 05:00:00,136,0.3465774953365326,-0.0,0.051317501813173294,0.3465774953365326,0.0,0.3465774953365326,0.0,0.0,0.0,0.01778549124533757,2,
2018-06-26 06:00:00,136,0.45937609672546387,-0.0,0.0524275004863739,0.45937609672546387,0.0,0.45937609672546387,0.0,0.0,0.0,0.0240839405345028,2,
2018-06-26 07:00:00,136,0.36276862025260925,0.0,0.05459250137209892,0.36276862025260925,0.0,0.36276862025260925,0.0,0.0,0.0,0.019804446398895004,2,
2018-06-26 08:00:00,136,0.24896833300590515,0.0,0.060169998556375504,0.24896833300590515,0.0,0.24896833300590515,0.0,0.0,0.0,0.014980424237548529,2,
2018-06-26 09:00:00,136,0.23844638466835022,0.0,0.058570001274347305,0.23844638466835022,0.0,0.23844638466835022,0.0,0.0,0.0,0.01396580505388878,2,
2018-06-26 10:00:00,136,0.33903276920318604,0.0,0.054557498544454575,0.33903276920318604,0.0,0.33903276920318604,0.0,0.0,0.0,0.018496779812325226,2,"{'r': -5.227829, 'l': 379, 't': 1.721531}"
2018-06-14 07:00:00,145,0.05283777788281441,0.0,0.05166250094771385,0.05283777788281441,1.4443812864391428,0.0,-0.0,-0.0,0.05283777788281441,5.2837777882814405e-05,2,
2018-06-14 08:00:00,145,0.15094110369682312,0.0,0.05043499916791916,0.15094110369682312,1.2854959141266973,0.0,-0.0,-0.0,0.15094110369682312,0.00015094110369682313,2,
2018-06-14 09:00:00,145,0.1014433354139328,0.0,0.05138750001788139,0.1014433354139328,1.1787134557962418,0.0,-0.0,-0.0,0.1014433354139328,0.0001014433354139328,2,
2018-06-14 10:00:00,145,0.09169360995292664,0.0,0.05255749821662903,0.09169360995292664,1.0821938663721085,0.0,-0.0,-0.0,0.09169360995292664,9.169360995292663e-05,2,
2018-06-14 11:00:00,145,0.09856944531202316,0.0,0.051762498915195465,0.09856944531202316,0.9784365555173472,0.0,-0.0,-0.0,0.09856944531202316,9.856944531202316e-05,2,
2018-06-14 12:00:00,145,0.09694638848304749,0.0,0.0510375015437603,0.09694638848304749,0.876387725535192,0.0,-0.0,-0.0,0.09694638848304749,9.694638848304749e-05,2,
2018-06-14 13:00:00,145,0.07571444660425186,0.0,0.046185001730918884,0.07571444660425186,0.7966883080570321,0.0,-0.0,-0.0,0.07571444660425186,7.571444660425186e-05,2,
2018-06-14 14:00:00,145,0.07229611277580261,0.007821036502718925,0.04372499883174896,0.06447507627308369,0.728819806716944,0.0,-0.0,-0.0,0.06447507627308369,6.447507627308368e-05,2,
2018-06-14 15:00:00,145,0.09378249943256378,0.01488757785409689,0.04684000089764595,0.07889492157846689,0.6457725208448736,0.0,-0.0,-0.0,0.07889492157846689,7.88949215784669e-05,2,
2018-06-14 16:00:00,145,0.05539194494485855,0.012294330634176731,0.04934750124812126,0.04309761431068182,0.6004066110441558,0.0,-0.0,-0.0,0.04309761431068182,4.309761431068182e-05,2,
2018-06-14 17:00:00,145,1.285224199295044,0.02469179965555668,0.05361500009894371,1.2605323996394873,0.0,0.6901461191475392,0.0,0.0,0.5703862804919481,0.03757257052687288,2,
2018-06-14 18:00:00,145,1.1940386295318604,5.455184588664232e-18,0.053075000643730164,1.1940386295318604,0.0,1.1940386295318604,0.0,0.0,0.0,0.06337360103104217,2,
2018-06-14 19:00:00,145,0.8145627975463867,-0.0,0.0536700002849102,0.8145627975463867,0.0,0.8145627975463867,0.0,0.0,0.0,0.043717585576391826,2,
2018-06-14 20:00:00,145,0.09046055376529694,0.0,0.054464999586343765,0.09046055376529694,0.0,0.09046055376529694,0.0,0.0,0.0,0.0049269340234073256,2,
2018-06-14 21:00:00,145,0.06092861294746399,-0.0,0.05682000145316124,0.06092861294746399,0.0,0.06092861294746399,0.0,0.0,0.0,0.0034619638762140026,2,
2018-06-14 22:00:00,145,0.060915831476449966,-0.0,0.05617750063538551,0.060915831476449966,0.0,0.060915831476449966,0.0,0.0,0.0,0.003422099161473305,2,
2018-06-14 23:00:00,145,0.06425472348928452,-0.0,0.054090000689029694,0.06425472348928452,0.0,0.06425472348928452,0.0,0.0,0.0,0.003475538037808812,2,
2018-06-15 00:00:00,145,0.05599583312869072,-0.0,0.05346250161528587,0.05599583312869072,0.0,0.05599583312869072,0.0,0.0,0.0,0.002993677319091906,2,
2018-06-15 01:00:00,145,0.057728610932826996,-0.0,0.05254749953746796,0.057728610932826996,0.0,0.057728610932826996,0.0,0.0,0.0,0.003033494156291394,2,
2018-06-15 02:00:00,145,0.06964805722236633,-0.0,0.05115250125527382,0.06964805722236633,0.0,0.06964805722236633,0.0,0.0,0.0,0.0035626723344944766,2,
2018-06-15 03:00:00,145,0.04397805407643318,-0.0,0.048032499849796295,0.04397805407643318,0.0,0.04397805407643318,0.0,0.0,0.0,0.00211237587582061,2,
2018-06-15 04:00:00,145,0.06688500195741653,-0.0,0.04812749847769737,0.06688500195741653,0.0,0.06688500195741653,0.0,0.0,0.0,0.00321900782988635,2,
2018-06-15 05:00:00,145,0.05428639054298401,-0.0,0.04946250095963478,0.05428639054298401,0.0,0.05428639054298401,0.0,0.0,0.0,0.002685140644327455,2,
2018-06-15 06:00:00,145,0.09799361228942871,-0.0,0.050930000841617584,0.09799361228942871,0.0,0.09799361228942871,0.0,0.0,0.0,0.0049908147563737515,2,
2018-06-15 07:00:00,145,0.3153333365917206,0.0,0.05540499836206436,0.3153333365917206,0.0,0.3153333365917206,0.0,0.0,0.0,0.01747104299736857,2,
2018-06-15 08:00:00,145,0.09418860822916031,0.0,0.05852749943733215,0.09418860822916031,0.0,0.09418860822916031,0.0,0.0,0.0,0.005512623715135279,2,
2018-06-15 09:00:00,145,3.346604347229004,0.0,0.057714998722076416,3.346604347229004,0.0,3.346604347229004,0.0,0.0,0.0,0.19314926562361734,2,
2018-06-15 10:00:00,145,0.28905749320983887,0.0,0.05613499879837036,0.28905749320983887,0.0,0.28905749320983887,0.0,0.0,0.0,0.016226242033994254,2,
2018-06-15 11:00:00,145,0.05374611169099808,0.007356082089245319,0.05146250128746033,0.04639002960175276,0.0,0.04639002960175276,0.0,0.0,0.0,0.002387346958105524,2,
2018-06-15 12:00:00,145,0.09188972413539886,0.011225635185837746,0.05209999904036522,0.08066408894956112,0.0,0.08066408894956112,0.0,0.0,0.0,0.004202598956864069,2,
2018-06-15 13:00:00,145,0.0883202776312828,0.0627296194434166,0.05252499878406525,0.02559065818786621,0.0,0.02559065818786621,0.0,0.0,0.0,0.001344149290201102,2,
2018-06-15 14:00:00,145,0.0636063888669014,0.11751903593540192,0.05179249867796898,-0.05391264706850052,0.0,0.0,0.05391264706850052,0.05391264706850052,0.0,0.0,2,
2018-06-15 15:00:00,145,0.05252416804432869,0.05597560480237007,0.052025001496076584,-0.003451436758041382,0.0,0.0,0.003451436758041382,0.003451436758041382,0.0,0.0,2,
2018-06-15 16:00:00,145,0.05383666604757309,0.03752468153834343,0.05334249883890152,0.01631198450922966,0.0,0.01631198450922966,0.0,0.0,0.0,0.0008701220147437627,2,
2018-06-15 17:00:00,145,0.8865205645561218,0.01196300983428955,0.058855000883340836,0.8745575547218323,0.0,0.8745575547218323,0.0,0.0,0.0,0.05147208565568584,2,
2018-06-15 18:00:00,145,0.4849663972854614,1.2168154374177608e-17,0.05953750014305115,0.4849663972854614,0.0,0.4849663972854614,0.0,0.0,0.0,0.02887368694775816,2,
2018-06-15 19:00:00,145,0.12588472664356232,0.0,0.056290000677108765,0.12588472664356232,0.0,0.12588472664356232,0.0,0.0,0.0,0.0070860513480037746,2,
2018-06-15 20:00:00,145,0.10918055474758148,0.0,0.0508200004696846,0.10918055474758148,0.0,0.10918055474758148,0.0,0.0,0.0,0.005548555843552516,2,
2018-06-15 21:00:00,145,0.06826639175415039,-0.0,0.05141500011086464,0.06826639175415039,0.0,0.06826639175415039,0.0,0.0,0.0,0.0035099165396079712,2,
2018-06-15 22:00:00,145,0.06265860795974731,-0.0,0.050324998795986176,0.06265860795974731,0.0,0.06265860795974731,0.0,0.0,0.0,0.0031532943701324534,2,
2018-06-15 23:00:00,145,0.05299388989806175,-0.0,0.05392000079154968,0.05299388989806175,0.0,0.05299388989806175,0.0,0.0,0.0,0.0028574305852507864,2,
2018-06-16 00:00:00,145,0.11199444532394409,-0.0,0.0533674992620945,0.11199444532394409,0.0,0.11199444532394409,0.0,0.0,0.0,0.005976863478184269,2,
2018-06-16 01:00:00,145,0.05808388814330101,-0.0,0.053289998322725296,0.05808388814330101,0.0,0.05808388814330101,0.0,0.0,0.0,0.0030952903017338745,2,
2018-06-16 02:00:00,145,0.07255250215530396,-0.0,0.05099250003695488,0.07255250215530396,0.0,0.07255250215530396,0.0,0.0,0.0,0.003699633468835506,2,
2018-06-16 03:00:00,145,0.0529930554330349,-0.0,0.05127999931573868,0.0529930554330349,0.0,0.0529930554330349,0.0,0.0,0.0,0.0027174838463449313,2,
2018-06-16 04:00:00,145,0.06867388635873795,0.0,0.049582500010728836,0.06867388635873795,0.0,0.06867388635873795,0.0,0.0,0.0,0.003405022971118915,2,
2018-06-16 05:00:00,145,0.7075597047805786,-0.0,0.04856250062584877,0.7075597047805786,0.0,0.7075597047805786,0.0,0.0,0.0,0.03436086860623222,2,
2018-06-16 06:00:00,145,1.136839747428894,0.0,0.04915250092744827,1.136839747428894,0.0,1.136839747428894,0.0,0.0,0.0,0.055878516739858775,2,
2018-06-16 07:00:00,145,0.09625694155693054,0.4951288104057312,0.047439999878406525,-0.39887186884880066,1.4249999999999998,1.1011281311511993,0.0,0.0,1.5,0.0537375184079229,0,
2018-06-16 08:00:00,145,0.09552944451570511,0.0,0.04690000042319298,0.09552944451570511,1.324442689983468,0.0,-0.0,-0.0,0.09552944451570511,9.552944451570511e-05,2,
2018-06-16 09:00:00,145,0.04897388815879822,0.0,0.05140500143170357,0.04897388815879822,1.2728912287636804,0.0,-0.0,-0.0,0.04897388815879822,4.8973888158798216e-05,2,
2018-06-16 10:00:00,145,0.11088500171899796,0.0,0.05048749968409538,0.11088500171899796,1.15617017432263,0.0,-0.0,-0.0,0.11088500171899796,0.00011088500171899796,2,
2018-06-16 11:00:00,145,0.18308167159557343,0.0,0.04706500098109245,0.18308167159557343,0.963452625274658,0.0,-0.0,-0.0,0.18308167159557343,0.00018308167159557343,2,
2018-06-16 12:00:00,145,0.7210052609443665,0.0,0.04636000096797943,0.7210052609443665,0.20449971901743014,0.0,-0.0,-0.0,0.7210052609443665,0.0007210052609443665,2,
2018-06-16 13:00:00,145,0.6777938604354858,0.0,0.046094998717308044,0.6777938604354858,0.0,0.4835191273689272,0.0,0.0,0.19427473306655862,0.022482088288931164,2,
2018-06-16 14:00:00,145,0.18353000283241272,0.0,0.04602999985218048,0.18353000283241272,0.0,0.18353000283241272,0.0,0.0,0.0,0.00844788600324664,2,
2018-06-16 15:00:00,145,0.19435139000415802,0.0,0.046322498470544815,0.19435139000415802,0.0,0.19435139000415802,0.0,0.0,0.0,0.009002841966215869,2,
2018-06-16 16:00:00,145,0.08796833455562592,0.0,0.04612499848008156,0.08796833455562592,0.0,0.08796833455562592,0.0,0.0,0.0,0.004057539297673551,2,
2018-06-16 17:00:00,145,0.7008922100067139,0.0,0.04668499901890755,0.7008922100067139,0.0,0.7008922100067139,0.0,0.0,0.0,0.03272115213652338,2,
2018-06-16 18:00:00,145,0.8370197415351868,0.0,0.04633000120520592,0.8370197415351868,0.0,0.8370197415351868,0.0,0.0,0.0,0.03877912563410635,2,
2018-06-16 19:00:00,145,0.1501908302307129,-0.0,0.04812749847769737,0.1501908302307129,0.0,0.1501908302307129,0.0,0.0,0.0,0.007228308953292739,2,
2018-06-16 20:00:00,145,0.1778475046157837,-0.0,0.048282500356435776,0.1778475046157837,0.0,0.1778475046157837,0.0,0.0,0.0,0.00858692220500279,2,
2018-06-16 21:00:00,145,0.25657832622528076,-0.0,0.04887999966740608,0.25657832622528076,0.0,0.25657832622528076,0.0,0.0,0.0,0.012541548500555333,2,
2018-06-16 22:00:00,145,0.2170252799987793,-0.0,0.048920001834630966,0.2170252799987793,0.0,0.2170252799987793,0.0,0.0,0.0,0.010616877095701582,2,
2018-06-16 23:00:00,145,0.1358177810907364,-0.0,0.05235249921679497,0.1358177810907364,0.0,0.1358177810907364,0.0,0.0,0.0,0.007110400278179607,2,
2018-06-17 00:00:00,145,0.08792027831077576,-0.0,0.04961000010371208,0.08792027831077576,0.0,0.08792027831077576,0.0,0.0,0.0,0.00436172501611598,2,
2018-06-17 01:00:00,145,0.08942250162363052,-0.0,0.04815249890089035,0.08942250162363052,0.0,0.08942250162363052,0.0,0.0,0.0,0.004305916911146734,2,
2018-06-17 02:00:00,145,0.07775305211544037,-0.0,0.04539500176906586,0.07775305211544037,0.0,0.07775305211544037,0.0,0.0,0.0,0.0035295999383306853,2,
2018-06-17 03:00:00,145,0.07614694535732269,0.0,0.04128750041127205,0.07614694535732269,0.0,0.07614694535732269,0.0,0.0,0.0,0.003143917037757571,2,
2018-06-17 04:00:00,145,0.07402139157056808,-0.0,0.040860000997781754,0.07402139157056808,0.0,0.07402139157056808,0.0,0.0,0.0,0.003024514133430606,2,
2018-06-17 05:00:00,145,1.323093056678772,-0.0,0.04116249829530716,1.323093056678772,0.0,1.323093056678772,0.0,0.0,0.0,0.05446181569007269,2,
2018-06-17 06:00:00,145,0.0715019479393959,-0.0,0.04323999956250191,0.0715019479393959,0.0,0.0715019479393959,0.0,0.0,0.0,0.003091744197617513,2,
2018-06-17 07:00:00,145,0.06952749937772751,0.0,0.04397499933838844,0.06952749937772751,0.0,0.06952749937772751,0.0,0.0,0.0,0.00305747173913537,2,
2018-06-17 08:00:00,145,0.06058499962091446,1.2318438291549683,0.046217501163482666,-1.1712588295340538,1.4249999999999998,0.3287411704659462,0.0,0.0,1.5,0.016693595428494523,0,
2018-06-17 09:00:00,145,0.06127777695655823,0.5761799216270447,0.05204499885439873,-0.5149021446704865,1.4249999999999998,0.0,0.5149021446704865,0.5149021446704865,0.0,0.0,2,
2018-06-17 10:00:00,145,0.04428277909755707,0.0,0.05245000123977661,0.04428277909755707,1.3783865483183608,0.0,-0.0,-0.0,0.04428277909755707,4.428277909755707e-05,2,
2018-06-17 11:00:00,145,0.06124027818441391,0.8493103384971619,0.05355000123381615,-0.788070060312748,1.3783865483183608,0.0,0.788070060312748,0.788070060312748,0.0,0.0,2,
2018-06-17 12:00:00,145,0.06952333450317383,1.0259010791778564,0.05441249907016754,-0.9563777446746826,1.3783865483183608,0.0,0.9563777446746826,0.9563777446746826,0.0,0.0,2,
2018-06-17 13:00:00,145,0.11431222409009933,0.05136256664991379,0.051762498915195465,0.06294965744018555,1.3121237510129022,0.0,-0.0,-0.0,0.06294965744018555,6.294965744018555e-05,2,
2018-06-17 14:00:00,145,0.1265622228384018,0.035071637481451035,0.05068250000476837,0.09149058535695076,1.2158178716897963,0.0,-0.0,-0.0,0.09149058535695076,9.149058535695076e-05,2,
2018-06-17 15:00:00,145,2.589010715484619,0.0,0.05158749967813492,2.589010715484619,0.0,1.4339837373793127,0.0,0.0,1.1550269781053064,0.07513066256861131,2,
2018-06-17 16:00:00,145,0.052113890647888184,0.0,0.05339999869465828,0.052113890647888184,0.0,0.052113890647888184,0.0,0.0,0.0,0.0027828816925707933,2,
2018-06-17 17:00:00,145,0.0634550005197525,0.0,0.05517499893903732,0.0634550005197525,0.0,0.0634550005197525,0.0,0.0,0.0,0.003501129586353957,2,
2018-06-17 18:00:00,145,0.06153777614235878,0.0,0.054910000413656235,0.06153777614235878,0.0,0.06153777614235878,0.0,0.0,0.0,0.0033790393134324054,2,
2018-06-17 19:00:00,145,0.05170944333076477,-0.0,0.051247499883174896,0.05170944333076477,0.0,0.05170944333076477,0.0,0.0,0.0,0.0026499796910524065,2,
2018-06-17 20:00:00,145,0.07574138790369034,-0.0,0.0508975014090538,0.07574138790369034,0.0,0.07574138790369034,0.0,0.0,0.0,0.0038550473975517696,2,
2018-06-17 21:00:00,145,0.12423444539308548,-0.0,0.050404999405145645,0.12423444539308548,0.0,0.12423444539308548,0.0,0.0,0.0,0.006262037146137073,2,
2018-06-17 22:00:00,145,0.04953833296895027,-0.0,0.05011500045657158,0.04953833296895027,0.0,0.04953833296895027,0.0,0.0,0.0,0.0024826135793567378,2,
2018-06-17 23:00:00,145,0.20489749312400818,-0.0,0.0504550002515316,0.20489749312400818,0.0,0.20489749312400818,0.0,0.0,0.0,0.010338103067110027,2,
2018-06-18 00:00:00,145,0.0,-0.0,0.05061250180006027,0.0,0.0,0.0,-0.0,-0.0,0.0,0.0,2,
2018-06-18 01:00:00,145,0.0,-0.0,0.04258250072598457,0.0,0.0,0.0,-0.0,-0.0,0.0,0.0,2,
2018-06-18 02:00:00,145,0.0,-0.0,0.04159500077366829,0.0,0.0,0.0,-0.0,-0.0,0.0,0.0,2,
2018-06-18 03:00:00,145,0.0,-0.0,0.0359174981713295,0.0,0.0,0.0,-0.0,-0.0,0.0,0.0,2,
2018-06-18 04:00:00,145,0.0,-0.0,0.037085000425577164,0.0,0.0,0.0,-0.0,-0.0,0.0,0.0,2,
2018-06-18 05:00:00,145,0.0,-0.0,0.04442249983549118,0.0,0.0,0.0,-0.0,-0.0,0.0,0.0,2,
2018-06-18 06:00:00,145,0.0,-0.0,0.05052750185132027,0.0,0.0,0.0,-0.0,-0.0,0.0,0.0,2,
2018-06-18 07:00:00,145,0.0,0.0,0.052615001797676086,0.0,0.0,0.0,-0.0,-0.0,0.0,0.0,2,
2018-06-18 08:00:00,145,0.0,0.0,0.054999999701976776,0.0,0.0,0.0,-0.0,-0.0,0.0,0.0,2,
2018-06-18 09:00:00,145,0.0,0.0,0.0516275018453598,0.0,0.0,0.0,-0.0,-0.0,0.0,0.0,2,
2018-06-18 10:00:00,145,0.0,0.0,0.048739999532699585,0.0,0.0,0.0,-0.0,-0.0,0.0,0.0,2,
2018-06-18 11:00:00,145,0.0,0.06446992605924606,0.047635000199079514,-0.06446992605924606,0.0,0.0,0.06446992605924606,0.06446992605924606,0.0,0.0,2,
2018-06-18 12:00:00,145,0.0,0.051355570554733276,0.047587499022483826,-0.051355570554733276,0.0,0.0,0.051355570554733276,0.051355570554733276,0.0,0.0,2,
2018-06-18 13:00:00,145,0.0,1.028584599494934,0.04826999828219414,-1.028584599494934,0.0,0.0,1.028584599494934,1.028584599494934,0.0,0.0,2,
2018-06-18 14:00:00,145,0.0,0.07845919579267502,0.04805999994277954,-0.07845919579267502,0.0,0.0,0.07845919579267502,0.07845919579267502,0.0,0.0,2,
2018-06-18 15:00:00,145,0.0,0.05516631901264191,0.04946250095963478,-0.05516631901264191,0.0,0.0,0.05516631901264191,0.05516631901264191,0.0,0.0,2,
2018-06-18 16:00:00,145,0.0,0.011393198743462563,0.0528700016438961,-0.011393198743462563,0.0,0.0,0.011393198743462563,0.011393198743462563,0.0,0.0,2,
2018-06-18 17:00:00,145,0.0,0.0,0.05662250146269798,0.0,0.0,0.0,-0.0,-0.0,0.0,0.0,2,
2018-06-18 18:00:00,145,0.0,0.0,0.056437499821186066,0.0,0.0,0.0,-0.0,-0.0,0.0,0.0,2,
2018-06-18 19:00:00,145,0.0,0.0,0.05443749949336052,0.0,0.0,0.0,-0.0,-0.0,0.0,0.0,2,
2018-06-18 20:00:00,145,0.0,0.0,0.051477499306201935,0.0,0.0,0.0,-0.0,-0.0,0.0,0.0,2,
2018-06-18 21:00:00,145,0.0,0.0,0.05019500106573105,0.0,0.0,0.0,-0.0,-0.0,0.0,0.0,2,
2018-06-18 22:00:00,145,0.0,0.0,0.04966749995946884,0.0,0.0,0.0,-0.0,-0.0,0.0,0.0,2,
2018-06-18 23:00:00,145,0.0,0.0,0.04732999950647354,0.0,0.0,0.0,-0.0,-0.0,0.0,0.0,2,
2018-06-19 00:00:00,145,0.0,0.0,0.04192499816417694,0.0,0.0,0.0,-0.0,-0.0,0.0,0.0,2,
2018-06-19 01:00:00,145,0.0,0.0,0.04428499937057495,0.0,0.0,0.0,-0.0,-0.0,0.0,0.0,2,
2018-06-19 02:00:00,145,0.0,0.0,0.04573750123381615,0.0,0.0,0.0,-0.0,-0.0,0.0,0.0,2,
2018-06-19 03:00:00,145,0.0,0.0,0.046275001019239426,0.0,0.0,0.0,-0.0,-0.0,0.0,0.0,2,
2018-06-19 04:00:00,145,0.0,0.0,0.04686500132083893,0.0,0.0,0.0,-0.0,-0.0,0.0,0.0,2,
2018-06-19 05:00:00,145,0.0,0.0,0.04967749863862991,0.0,0.0,0.0,-0.0,-0.0,0.0,0.0,2,
2018-06-19 06:00:00,145,0.0,0.0,0.051282498985528946,0.0,0.0,0.0,-0.0,-0.0,0.0,0.0,2,
2018-06-19 07:00:00,145,0.0,0.4028696119785309,0.05234000086784363,-0.4028696119785309,0.0,0.0,0.4028696119785309,0.4028696119785309,0.0,0.0,2,
2018-06-19 08:00:00,145,0.985188901424408,0.6838774681091309,0.055319998413324356,0.3013114333152771,0.0,0.3013114333152771,0.0,0.0,0.0,0.016668548012917617,2,
2018-06-19 09:00:00,145,2.0327439308166504,0.04155251011252403,0.06030000001192093,1.9911914207041264,0.0,1.9911914207041264,0.0,0.0,0.0,0.12006884269219567,2,
2018-06-19 10:00:00,145,0.05732916668057442,0.07781144231557846,0.060704998672008514,-0.020482275635004044,0.0,0.0,0.020482275635004044,0.020482275635004044,0.0,0.0,2,
2018-06-19 11:00:00,145,0.08350888639688492,1.263866662979126,0.061012499034404755,-1.180357776582241,0.0,0.0,1.180357776582241,1.180357776582241,0.0,0.0,2,
2018-06-19 12:00:00,145,0.057221390306949615,1.3261812925338745,0.060417499393224716,-1.268959902226925,0.0,0.0,1.268959902226925,1.268959902226925,0.0,0.0,2,
2018-06-19 13:00:00,145,0.08093667030334473,0.14917893707752228,0.055217500776052475,-0.06824226677417755,0.0,0.0,0.06824226677417755,0.06824226677417755,0.0,0.0,2,
2018-06-19 14:00:00,145,0.05590694397687912,0.2490323930978775,0.054294999688863754,-0.19312544912099838,0.0,0.0,0.19312544912099838,0.19312544912099838,0.0,0.0,2,
2018-06-19 15:00:00,145,0.08054527640342712,0.256897509098053,0.06003250181674957,-0.17635223269462585,0.0,0.0,0.17635223269462585,0.17635223269462585,0.0,0.0,2,
2018-06-19 16:00:00,145,0.05675360932946205,0.13259734213352203,0.06661249697208405,-0.07584373280405998,0.0,0.0,0.07584373280405998,0.07584373280405998,0.0,0.0,2,
2018-06-19 17:00:00,145,0.08056444674730301,0.06153205782175064,0.06947500258684158,0.019032388925552368,0.0,0.019032388925552368,0.0,0.0,0.0,0.0013222752698365259,2,
2018-06-19 18:00:00,145,0.11114194244146347,1.2909472811967019e-17,0.06649249792098999,0.11114194244146346,0.0,0.11114194244146346,0.0,0.0,0.0,0.007390105376723798,2,
2018-06-19 19:00:00,145,0.1320977807044983,0.0,0.05508749932050705,0.1320977807044983,0.0,0.1320977807044983,0.0,0.0,0.0,0.007276936404799539,2,
2018-06-19 20:00:00,145,0.13676555454730988,-0.0,0.052367500960826874,0.13676555454730988,0.0,0.13676555454730988,0.0,0.0,0.0,0.00716207030916427,2,
2018-06-19 21:00:00,145,0.12428166717290878,-0.0,0.05077249929308891,0.12428166717290878,0.0,0.12428166717290878,0.0,0.0,0.0,0.006310090858680423,2,
2018-06-19 22:00:00,145,0.11475999653339386,-0.0,0.051007501780986786,0.11475999653339386,0.0,0.11475999653339386,0.0,0.0,0.0,0.005853620727563125,2,
2018-06-19 23:00:00,145,0.05987111106514931,-0.0,0.055262498557567596,0.05987111106514931,0.0,0.05987111106514931,0.0,0.0,0.0,0.003308627188877783,2,
2018-06-20 00:00:00,145,0.08178527653217316,-0.0,0.05455499887466431,0.08178527653217316,0.0,0.08178527653217316,0.0,0.0,0.0,0.004461795669176816,2,
2018-06-20 01:00:00,145,0.06207999959588051,-0.0,0.055287498980760574,0.06207999959588051,0.0,0.06207999959588051,0.0,0.0,0.0,0.0034322479143828605,2,
2018-06-20 02:00:00,145,0.11200638860464096,-0.0,0.05241499841213226,0.11200638860464096,0.0,0.11200638860464096,0.0,0.0,0.0,0.005870814680860925,2,
2018-06-20 03:00:00,145,0.06413638591766357,-0.0,0.047905001789331436,0.06413638591766357,0.0,0.06413638591766357,0.0,0.0,0.0,0.003072453682146925,2,
2018-06-20 04:00:00,145,0.07713388651609421,-0.0,0.047839999198913574,0.07713388651609421,0.0,0.07713388651609421,0.0,0.0,0.0,0.0036900850691390374,2,
2018-06-20 05:00:00,145,0.06523972004652023,-0.0,0.0496474988758564,0.06523972004652023,0.0,0.06523972004652023,0.0,0.0,0.0,0.0032389889276707995,2,
2018-06-20 06:00:00,145,0.07272166758775711,-0.0,0.050987500697374344,0.07272166758775711,0.0,0.07272166758775711,0.0,0.0,0.0,0.003707896076844991,2,
2018-06-20 07:00:00,145,0.07364388555288315,0.0,0.05380500108003616,0.07364388555288315,0.0,0.07364388555288315,0.0,0.0,0.0,0.003962409341710937,2,
2018-06-20 08:00:00,145,0.10709860920906067,0.0,0.055799998342990875,0.10709860920906067,0.0,0.10709860920906067,0.0,0.0,0.0,0.005976102216402213,2,
2018-06-20 09:00:00,145,0.09555888921022415,0.0,0.054864998906850815,0.09555888921022415,0.0,0.09555888921022415,0.0,0.0,0.0,0.005242838352058826,2,
2018-06-20 10:00:00,145,5.654390335083008,0.0,0.05340249836444855,5.654390335083008,0.0,5.654390335083008,0.0,0.0,0.0,0.301958570621224,2,
2018-06-20 11:00:00,145,0.1057533323764801,0.0,0.05012499913573265,0.1057533323764801,0.0,0.1057533323764801,0.0,0.0,0.0,0.005300885693971913,2,
2018-06-20 12:00:00,145,0.06767471879720688,2.738091468811035,0.05015749856829643,-2.6704167500138283,1.4249999999999998,0.0,1.1704167500138283,1.1704167500138283,1.5,0.0015,0,
2018-06-20 13:00:00,145,0.07880444079637527,0.9762219786643982,0.049962498247623444,-0.8974175378680229,1.4249999999999998,0.0,0.8974175378680229,0.8974175378680229,0.0,0.0,2,
2018-06-20 14:00:00,145,0.06015611067414284,1.7062309980392456,0.04996500164270401,-1.6460748873651028,2.8499999999999996,0.0,0.14607488736510277,0.14607488736510277,1.5,0.0015,0,
2018-06-20 15:00:00,145,0.0760483369231224,0.015884997323155403,0.05196249857544899,0.060163339599967,2.78667016884214,0.0,-0.0,-0.0,0.060163339599967,6.0163339599967e-05,2,
2018-06-20 16:00:00,145,0.05871500074863434,0.06295590102672577,0.051512498408555984,-0.004240900278091431,2.78667016884214,0.0,0.004240900278091431,0.004240900278091431,0.0,0.0,2,
2018-06-20 17:00:00,145,0.07372472435235977,0.04616231471300125,0.05077999830245972,0.02756240963935852,2.7576571060638675,0.0,-0.0,-0.0,0.02756240963935852,2.756240963935852e-05,2,
2018-06-20 18:00:00,145,0.06058555468916893,1.9187458505431116e-17,0.05372999981045723,0.06058555468916891,2.6938828379700053,0.0,-0.0,-0.0,0.06058555468916891,6.058555468916891e-05,2,
2018-06-20 19:00:00,145,0.09071332961320877,0.0,0.054749999195337296,0.09071332961320877,2.5983951225876805,0.0,-0.0,-0.0,0.09071332961320877,9.071332961320877e-05,2,
2018-06-20 20:00:00,145,0.09453611075878143,0.0,0.05435749888420105,0.09453611075878143,2.498883427052121,0.0,-0.0,-0.0,0.09453611075878143,9.453611075878144e-05,2,
2018-06-20 21:00:00,145,0.06385000050067902,0.0,0.05340249836444855,0.06385000050067902,3.0,0.591341129919499,0.0,0.0,0.52749112941882,0.032106584852776024,0,
2018-06-20 22:00:00,145,0.15178166329860687,0.0,0.05243249982595444,0.15178166329860687,2.8402298281067297,0.0,-0.0,-0.0,0.15178166329860687,0.00015178166329860688,2,
2018-06-20 23:00:00,145,0.12247999757528305,0.0,0.0525050014257431,0.12247999757528305,3.0,0.29065912588398857,0.0,0.0,0.16817912830870554,0.015429236947252768,0,
2018-06-21 00:00:00,145,0.08399638533592224,0.0,0.05015749856829643,0.08399638533592224,2.9115827522779765,0.0,-0.0,-0.0,0.08399638533592224,8.399638533592224e-05,2,
2018-06-21 01:00:00,145,0.05785583332180977,0.0,0.048852499574422836,0.05785583332180977,3.0,0.150926620397624,0.0,0.0,0.09307078707581425,0.007466213445819818,0,
2018-06-21 02:00:00,145,0.10275611281394958,0.0,0.04522499814629555,0.10275611281394958,3.0,0.10275611281394958,0.0,0.0,0.0,0.004647145011531406,0,
2018-06-21 03:00:00,145,0.05793388932943344,0.0,0.03772500157356262,0.05793388932943344,2.9390169586005963,0.0,-0.0,-0.0,0.05793388932943344,5.793388932943344e-05,2,
2018-06-21 04:00:00,145,0.08398472517728806,0.0,0.037927500903606415,0.08398472517728806,2.850611984729767,0.0,-0.0,-0.0,0.08398472517728806,8.398472517728805e-05,2,
2018-06-21 05:00:00,145,0.058545831590890884,0.0,0.04111750051379204,0.058545831590890884,2.7889847935814607,0.0,-0.0,-0.0,0.058545831590890884,5.8545831590890885e-05,2,
2018-06-21 06:00:00,145,0.10311722010374069,0.0,0.04758000001311302,0.10311722010374069,2.6804403513669968,0.0,-0.0,-0.0,0.10311722010374069,0.00010311722010374069,2,
2018-06-21 07:00:00,145,0.08672083169221878,0.5440220236778259,0.04751500114798546,-0.45730119198560715,3.0,0.0,0.12092261447718267,0.12092261447718267,0.3363785775084245,0.00033637857750842446,0,
2018-06-21 08:00:00,145,2.5218536853790283,2.0365469455718994,0.04613250121474266,0.4853067398071289,3.0,0.4853067398071289,0.0,0.0,0.0,0.022388413763675175,0,
2018-06-21 09:00:00,145,0.0748286098241806,1.4878257513046265,0.046937499195337296,-1.4129971414804459,3.0,0.0,1.4129971414804459,1.4129971414804459,0.0,0.0,0,
2018-06-21 10:00:00,145,0.08344221860170364,0.1817793846130371,0.04672250151634216,-0.09833716601133347,3.0,0.0,0.09833716601133347,0.09833716601133347,0.0,0.0,2,
2018-06-21 11:00:00,145,0.06295222043991089,0.2535856366157532,0.04618750140070915,-0.19063341617584229,3.0,0.0,0.19063341617584229,0.19063341617584229,0.0,0.0,2,
2018-06-21 12:00:00,145,0.08525361120700836,0.3150918781757355,0.04629499837756157,-0.2298382669687271,3.0,0.0,0.2298382669687271,0.2298382669687271,0.0,0.0,2,
2018-06-21 13:00:00,145,0.10004860907793045,0.34309035539627075,0.04631999880075455,-0.2430417463183403,3.0,0.0,0.2430417463183403,0.2430417463183403,0.0,0.0,2,
2018-06-21 14:00:00,145,0.1573863923549652,0.27610427141189575,0.046277500689029694,-0.11871787905693054,3.0,0.0,0.11871787905693054,0.11871787905693054,0.0,0.0,2,
2018-06-21 15:00:00,145,0.0959644466638565,0.2825196087360382,0.04816250130534172,-0.1865551620721817,3.0,0.0,0.1865551620721817,0.1865551620721817,0.0,0.0,2,
2018-06-21 16:00:00,145,0.08367472141981125,0.1741671860218048,0.048889998346567154,-0.09049246460199356,3.0,0.0,0.09049246460199356,0.09049246460199356,0.0,0.0,2,
2018-06-21 17:00:00,145,0.7697730660438538,0.09217716008424759,0.051317501813173294,0.6775959059596062,2.286741151621467,0.0,-0.0,-0.0,0.6775959059596062,0.0006775959059596062,2,
2018-06-21 18:00:00,145,1.3785361051559448,5.042982374173643e-17,0.05155999958515167,1.3785361051559448,0.8356505146152093,0.0,-0.0,-0.0,1.3785361051559448,0.0013785361051559448,2,
2018-06-21 19:00:00,145,0.73203444480896,0.0,0.05448500066995621,0.73203444480896,0.0650879411320936,0.0,-0.0,-0.0,0.73203444480896,0.00073203444480896,2,
2018-06-21 20:00:00,145,0.10373805463314056,0.0,0.0545400008559227,0.10373805463314056,0.0,0.04190451055765165,0.0,0.0,0.06183354407548891,0.002347305585756832,2,
2018-06-21 21:00:00,145,0.11963638663291931,0.0,0.05446749925613403,0.11963638663291931,0.0,0.11963638663291931,0.0,0.0,0.0,0.006516294799935096,2,
2018-06-21 22:00:00,145,0.16399139165878296,0.0,0.05256250128149986,0.16399139165878296,0.0,0.16399139165878296,0.0,0.0,0.0,0.008619797734219725,2,
2018-06-21 23:00:00,145,0.15079888701438904,0.0,0.05197500064969063,0.15079888701438904,0.0,0.15079888701438904,0.0,0.0,0.0,0.007837772250545494,2,
2018-06-22 00:00:00,145,0.0744769424200058,0.0,0.050927501171827316,0.0744769424200058,0.0,0.0744769424200058,0.0,0.0,0.0,0.003792924572368961,2,
2018-06-22 01:00:00,145,0.08455638587474823,0.0,0.045522499829530716,0.08455638587474823,0.0,0.08455638587474823,0.0,0.0,0.0,0.0038492180615689597,2,
2018-06-22 02:00:00,145,0.06658528000116348,0.0,0.04596250131726265,0.06658528000116348,0.0,0.06658528000116348,0.0,0.0,0.0,0.003060426019763779,2,
2018-06-22 03:00:00,145,0.17562277615070343,0.0,0.04634999856352806,0.17562277615070343,0.0,0.17562277615070343,0.0,0.0,0.0,0.008140115422307914,2,
2018-06-22 04:00:00,145,0.10295083373785019,-0.0,0.04611000046133995,0.10295083373785019,0.0,0.10295083373785019,0.0,0.0,0.0,0.004747062991147605,2,
2018-06-22 05:00:00,145,0.08287444710731506,0.0,0.047542501240968704,0.08287444710731506,1.4249999999999998,1.582874447107315,0.0,0.0,1.5,0.07675381036589718,0,
2018-06-22 06:00:00,145,0.09608139097690582,0.0,0.04822999984025955,0.09608139097690582,1.32386169370852,0.0,-0.0,-0.0,0.09608139097690582,9.608139097690583e-05,2,
2018-06-22 07:00:00,145,0.08638416975736618,0.05465812608599663,0.048739999532699585,0.03172604367136955,1.290465858264973,0.0,-0.0,-0.0,0.03172604367136955,3.1726043671369554e-05,2,
2018-06-22 08:00:00,145,0.1000702753663063,2.03459095954895,0.04956499859690666,-1.934520684182644,2.715465858264973,0.0,0.4345206841826439,0.4345206841826439,1.5,0.0015,0,
2018-06-22 09:00:00,145,0.09433555603027344,0.25947898626327515,0.04901750013232231,-0.1651434302330017,2.715465858264973,0.0,0.1651434302330017,0.1651434302330017,0.0,0.0,2,
2018-06-22 10:00:00,145,0.10036361217498779,2.7583606243133545,0.04836999997496605,-2.6579970121383667,3.0,0.0,2.3584873892593907,2.3584873892593907,0.2995096228789759,0.00029950962287897593,0,
2018-06-22 11:00:00,145,0.10362416505813599,2.123553514480591,0.047655001282691956,-2.019929349422455,3.0,0.0,2.019929349422455,2.019929349422455,0.0,0.0,0,
2018-06-22 12:00:00,145,2.738572835922241,3.1995372772216797,0.047872498631477356,-0.4609644412994385,3.0,0.0,0.4609644412994385,0.4609644412994385,0.0,0.0,0,
2018-06-22 13:00:00,145,1.8212897777557373,0.45051223039627075,0.04845999926328659,1.3707775473594666,1.5570762659374036,0.0,-0.0,-0.0,1.3707775473594666,0.0013707775473594667,2,
2018-06-22 14:00:00,145,0.0839972198009491,0.37122929096221924,0.04775749891996384,-0.28723207116127014,1.5570762659374036,0.0,0.28723207116127014,0.28723207116127014,0.0,0.0,2,
2018-06-22 15:00:00,145,0.11632250249385834,0.21247555315494537,0.047724999487400055,-0.09615305066108704,1.5570762659374036,0.0,0.09615305066108704,0.09615305066108704,0.0,0.0,2,
2018-06-22 16:00:00,145,0.09738944470882416,0.11509408056735992,0.04859749972820282,-0.017704635858535767,1.5570762659374036,0.0,0.017704635858535767,0.017704635858535767,0.0,0.0,2,
2018-06-22 17:00:00,145,0.10246583074331284,0.07300320267677307,0.052685000002384186,0.029462628066539764,1.5260629732357827,0.0,-0.0,-0.0,0.029462628066539764,2.9462628066539766e-05,2,
2018-06-22 18:00:00,145,0.08252555876970291,3.226998990925342e-17,0.054032500833272934,0.08252555876970288,1.4391939640045164,0.0,-0.0,-0.0,0.08252555876970288,8.252555876970288e-05,2,
2018-06-22 19:00:00,145,0.06335694342851639,0.0,0.05706999823451042,0.06335694342851639,1.372502444606078,0.0,-0.0,-0.0,0.06335694342851639,6.335694342851639e-05,2,
2018-06-22 20:00:00,145,0.08165222406387329,0.0,0.05554249882698059,0.08165222406387329,1.2865527350651589,0.0,-0.0,-0.0,0.08165222406387329,8.165222406387329e-05,2,
2018-06-22 21:00:00,145,0.06883944571018219,0.0,0.0509674996137619,0.06883944571018219,1.214090160633388,0.0,-0.0,-0.0,0.06883944571018219,6.883944571018219e-05,2,
2018-06-22 22:00:00,145,0.08319472521543503,0.0,0.05012249946594238,0.08319472521543503,1.126516765669772,0.0,-0.0,-0.0,0.08319472521543503,8.319472521543503e-05,2,
2018-06-22 23:00:00,145,0.07122916728258133,-0.0,0.053564999252557755,0.07122916728258133,1.0515386948460024,0.0,-0.0,-0.0,0.07122916728258133,7.122916728258133e-05,2,
2018-06-23 00:00:00,145,0.08298805356025696,-0.0,0.05045250058174133,0.08298805356025696,0.9641828489931004,0.0,-0.0,-0.0,0.08298805356025696,8.298805356025696e-05,2,
2018-06-23 01:00:00,145,0.06883333623409271,0.0,0.049504999071359634,0.06883333623409271,0.8917267055887923,0.0,-0.0,-0.0,0.06883333623409271,6.883333623409272e-05,2,
2018-06-23 02:00:00,145,0.08326361328363419,-0.0,0.047532498836517334,0.08326361328363419,0.8040807968691773,0.0,-0.0,-0.0,0.08326361328363419,8.326361328363418e-05,2,
2018-06-23 03:00:00,145,0.06773972511291504,-0.0,0.04589749872684479,0.06773972511291504,0.7327758230661089,0.0,-0.0,-0.0,0.06773972511291504,6.773972511291503e-05,2,
2018-06-23 04:00:00,145,0.08498555421829224,-0.0,0.038883332163095474,0.08498555421829224,0.6433173449415908,0.0,-0.0,-0.0,0.08498555421829224,8.498555421829224e-05,2,
2018-06-23 05:00:00,145,0.06396111100912094,-0.0,0.03886333480477333,0.06396111100912094,0.5759898596688319,0.0,-0.0,-0.0,0.06396111100912094,6.396111100912094e-05,2,
2018-06-23 06:00:00,145,0.08466055244207382,-0.0,0.04583999887108803,0.08466055244207382,0.4868734886771752,0.0,-0.0,-0.0,0.08466055244207382,8.466055244207382e-05,2,
2018-06-23 07:00:00,145,0.0629008337855339,0.0,0.045910000801086426,0.0629008337855339,0.4206620846924027,0.0,-0.0,-0.0,0.0629008337855339,6.290083378553391e-05,2,
2018-06-23 08:00:00,145,0.08181055635213852,0.0,0.048272501677274704,0.08181055635213852,0.33454570958488844,0.0,-0.0,-0.0,0.08181055635213852,8.181055635213852e-05,2,
2018-06-23 09:00:00,145,0.060275834053754807,0.044651005417108536,0.05100249871611595,0.01562482863664627,0.3180985215463134,0.0,-0.0,-0.0,0.01562482863664627,1.562482863664627e-05,2,
2018-06-23 10:00:00,145,0.08230666816234589,0.032597608864307404,0.05060749873518944,0.04970905929803848,0.2657731959694308,0.0,-0.0,-0.0,0.04970905929803848,4.9709059298038486e-05,2,
2018-06-23 11:00:00,145,0.06190972402691841,0.10383090376853943,0.04857249930500984,-0.04192117974162102,0.2657731959694308,0.0,0.04192117974162102,0.04192117974162102,0.0,0.0,2,
2018-06-23 12:00:00,145,0.08218138664960861,0.10431427508592606,0.04824500158429146,-0.022132888436317444,0.2657731959694308,0.0,0.022132888436317444,0.022132888436317444,0.0,0.0,2,
2018-06-23 13:00:00,145,0.06285139173269272,0.1231556162238121,0.04634249955415726,-0.060304224491119385,0.2657731959694308,0.0,0.060304224491119385,0.060304224491119385,0.0,0.0,2,
2018-06-23 14:00:00,145,0.10847388952970505,0.1532442271709442,0.04602750018239021,-0.044770337641239166,0.2657731959694308,0.0,0.044770337641239166,0.044770337641239166,0.0,0.0,2,
2018-06-23 15:00:00,145,0.09131889045238495,0.1408872902393341,0.045214999467134476,-0.04956839978694916,0.2657731959694308,0.0,0.04956839978694916,0.04956839978694916,0.0,0.0,2,
2018-06-23 16:00:00,145,0.062029168009757996,0.1087656244635582,0.047612499445676804,-0.0467364564538002,0.2657731959694308,0.0,0.0467364564538002,0.0467364564538002,0.0,0.0,2,
2018-06-23 17:00:00,145,0.08538222312927246,0.03822329640388489,0.057132501155138016,0.04715892672538757,0.2161322204690228,0.0,-0.0,-0.0,0.04715892672538757,4.7158926725387576e-05,2,
2018-06-23 18:00:00,145,0.06332471966743469,2.1455048423292134e-17,0.05756999924778938,0.06332471966743466,0.14947462081909157,0.0,-0.0,-0.0,0.06332471966743466,6.332471966743466e-05,2,
2018-06-23 19:00:00,145,0.07921833544969559,0.0,0.059300001710653305,0.07921833544969559,0.06608689929309622,0.0,-0.0,-0.0,0.07921833544969559,7.92183354496956e-05,2,
2018-06-23 20:00:00,145,0.06797750294208527,0.0,0.05895499885082245,0.06797750294208527,0.0,0.005194948613643863,0.0,0.0,0.0627825543284414,0.00036905074387589697,2,
2018-06-23 21:00:00,145,0.076543889939785,0.0,0.058742500841617584,0.076543889939785,0.0,0.076543889939785,0.0,0.0,0.0,0.004496379519208504,2,
2018-06-23 22:00:00,145,0.07359249889850616,-0.0,0.0578325018286705,0.07359249889850616,0.0,0.07359249889850616,0.0,0.0,0.0,0.00425603832712429,2,
2018-06-23 23:00:00,145,0.07221666723489761,-0.0,0.05685500055551529,0.07221666723489761,0.0,0.07221666723489761,0.0,0.0,0.0,0.004105878655757567,2,
2018-06-24 00:00:00,145,0.07902055233716965,-0.0,0.05087750032544136,0.07902055233716965,0.0,0.07902055233716965,0.0,0.0,0.0,0.004020368177250905,2,
2018-06-24 01:00:00,145,0.06988055258989334,-0.0,0.0516900010406971,0.06988055258989334,0.0,0.06988055258989334,0.0,0.0,0.0,0.003612125836096075,2,
2018-06-24 02:00:00,145,0.08370416611433029,-0.0,0.05157250165939331,0.08370416611433029,0.0,0.08370416611433029,0.0,0.0,0.0,0.004316833245829432,2,
2018-06-24 03:00:00,145,0.06525305658578873,-0.0,0.0501599982380867,0.06525305658578873,0.0,0.06525305658578873,0.0,0.0,0.0,0.0032730932033729343,2,
2018-06-24 04:00:00,145,0.08761555701494217,-0.0,0.05028250068426132,0.08761555701494217,0.0,0.08761555701494217,0.0,0.0,0.0,0.0044055293055557665,2,
2018-06-24 05:00:00,145,0.06389360874891281,-0.0,0.048567499965429306,0.06389360874891281,0.0,0.06389360874891281,0.0,0.0,0.0,0.0031031528407039766,2,
2018-06-24 06:00:00,145,0.08673860877752304,-0.0,0.04804249852895737,0.08673860877752304,0.0,0.08673860877752304,0.0,0.0,0.0,0.004167139484597959,2,
2018-06-24 07:00:00,145,0.06249444559216499,0.012803420424461365,0.0474650003015995,0.04969102516770363,0.0,0.04969102516770363,0.0,0.0,0.0,0.002358584524571841,2,
2018-06-24 08:00:00,145,0.08128027617931366,0.08179067820310593,0.044987499713897705,-0.0005104020237922668,0.0,0.0,0.0005104020237922668,0.0005104020237922668,0.0,0.0,2,
2018-06-24 09:00:00,145,0.0689811110496521,0.2337539941072464,0.046537499874830246,-0.1647728830575943,0.0,0.0,0.1647728830575943,0.1647728830575943,0.0,0.0,2,
2018-06-24 10:00:00,145,0.1094222217798233,0.30862122774124146,0.04832249879837036,-0.19919900596141815,0.0,0.0,0.19919900596141815,0.19919900596141815,0.0,0.0,2,
2018-06-24 11:00:00,145,0.08467750251293182,0.3265236020088196,0.04892750084400177,-0.24184609949588776,0.0,0.0,0.24184609949588776,0.24184609949588776,0.0,0.0,2,
2018-06-24 12:00:00,145,0.08486028015613556,0.35761144757270813,0.048579998314380646,-0.27275116741657257,0.0,0.0,0.27275116741657257,0.27275116741657257,0.0,0.0,2,
2018-06-24 13:00:00,145,0.09584583342075348,0.438410222530365,0.047587499022483826,-0.3425643891096115,0.0,0.0,0.3425643891096115,0.3425643891096115,0.0,0.0,2,
2018-06-24 14:00:00,145,0.09253444522619247,0.3422183394432068,0.047052498906850815,-0.2496838942170143,0.0,0.0,0.2496838942170143,0.2496838942170143,0.0,0.0,2,
2018-06-24 15:00:00,145,0.10518500208854675,0.3012637794017792,0.045842498540878296,-0.19607877731323242,0.0,0.0,0.19607877731323242,0.19607877731323242,0.0,0.0,2,
2018-06-24 16:00:00,145,0.0913613885641098,0.22825635969638824,0.04743750020861626,-0.13689497113227844,0.0,0.0,0.13689497113227844,0.13689497113227844,0.0,0.0,2,
2018-06-24 17:00:00,145,0.10965444147586823,0.12944740056991577,0.050027500838041306,-0.019792959094047546,0.0,0.0,0.019792959094047546,0.019792959094047546,0.0,0.0,2,
2018-06-24 18:00:00,145,0.09117055684328079,5.557397725314245e-17,0.05270000174641609,0.09117055684328074,0.0,0.09117055684328074,0.0,0.0,0.0,0.004804688504862623,2,
2018-06-24 19:00:00,145,0.11134444177150726,0.0,0.060122501105070114,0.11134444177150726,0.0,0.11134444177150726,0.0,0.0,0.0,0.00669430632345086,2,
2018-06-24 20:00:00,145,0.5000580549240112,0.0,0.06025249883532524,0.5000580549240112,0.0,0.5000580549240112,0.0,0.0,0.0,0.030129747371903992,2,
2018-06-24 21:00:00,145,0.26134055852890015,0.0,0.06052500009536743,0.26134055852890015,0.0,0.26134055852890015,0.0,0.0,0.0,0.01581763732988506,2,
2018-06-24 22:00:00,145,0.12902916967868805,-0.0,0.05669249966740608,0.12902916967868805,0.0,0.12902916967868805,0.0,0.0,0.0,0.007314986159094705,2,
2018-06-24 23:00:00,145,0.12041444331407547,0.0,0.052639998495578766,0.12041444331407547,0.0,0.12041444331407547,0.0,0.0,0.0,0.006338616114898887,2,
2018-06-25 00:00:00,145,0.07587610930204391,0.0,0.051717501133680344,0.07587610930204391,0.0,0.07587610930204391,0.0,0.0,0.0,0.00392412276884771,2,
2018-06-25 01:00:00,145,0.1277875006198883,0.0,0.04995499923825264,0.1277875006198883,0.0,0.1277875006198883,0.0,0.0,0.0,0.006383624496124729,2,
2018-06-25 02:00:00,145,0.07475528120994568,0.0,0.04582500085234642,0.07475528120994568,0.0,0.07475528120994568,0.0,0.0,0.0,0.003425660825163157,2,
2018-06-25 03:00:00,145,0.0798308327794075,0.0,0.04637499898672104,0.0798308327794075,0.0,0.0798308327794075,0.0,0.0,0.0,0.0037021547892541196,2,
2018-06-25 04:00:00,145,0.07499111443758011,0.0,0.04605000093579292,0.07499111443758011,0.0,0.07499111443758011,0.0,0.0,0.0,0.003453340890026718,2,
2018-06-25 05:00:00,145,0.07546527683734894,0.0,0.04653500020503998,0.07546527683734894,0.0,0.07546527683734894,0.0,0.0,0.0,0.0035117766730994315,2,
2018-06-25 06:00:00,145,0.08255888521671295,0.0,0.04763999953866005,0.08255888521671295,0.0,0.08255888521671295,0.0,0.0,0.0,0.003933105253636493,2,
2018-06-25 07:00:00,145,0.10269249975681305,0.049985215067863464,0.051362499594688416,0.052707284688949585,0.0,0.052707284688949585,0.0,0.0,0.0,0.0027071778884733,2,
2018-06-25 08:00:00,145,0.09390111267566681,0.18849310278892517,0.05208500102162361,-0.09459199011325836,0.0,0.0,0.09459199011325836,0.09459199011325836,0.0,0.0,2,
2018-06-25 09:00:00,145,0.10715444386005402,0.35320255160331726,0.0502374991774559,-0.24604810774326324,0.0,0.0,0.24604810774326324,0.24604810774326324,0.0,0.0,2,
2018-06-25 10:00:00,145,2.505991220474243,0.4766499698162079,0.04934750124812126,2.0293412506580353,0.0,2.0293412506580353,0.0,0.0,0.0,0.10014291989971136,2,
2018-06-25 11:00:00,145,0.09957305341959,0.531217098236084,0.04907499998807907,-0.431644044816494,0.0,0.0,0.431644044816494,0.431644044816494,0.0,0.0,2,
2018-06-25 12:00:00,145,0.06765194237232208,0.5203952193260193,0.0491349995136261,-0.4527432769536972,0.0,0.0,0.4527432769536972,0.4527432769536972,0.0,0.0,2,
2018-06-25 13:00:00,145,0.08461721986532211,0.5358197689056396,0.04885999858379364,-0.45120254904031754,0.0,0.0,0.45120254904031754,0.45120254904031754,0.0,0.0,2,
2018-06-25 14:00:00,145,0.06525138765573502,0.41609975695610046,0.048500001430511475,-0.35084836930036545,0.0,0.0,0.35084836930036545,0.35084836930036545,0.0,0.0,2,
2018-06-25 15:00:00,145,0.08220083266496658,0.32035118341445923,0.05316999927163124,-0.23815035074949265,0.0,0.0,0.23815035074949265,0.23815035074949265,0.0,0.0,2,
2018-06-25 16:00:00,145,0.0719408318400383,0.21341776847839355,0.0579025000333786,-0.14147693663835526,0.0,0.0,0.14147693663835526,0.14147693663835526,0.0,0.0,2,
2018-06-25 17:00:00,145,0.07284166663885117,0.11622635275125504,0.06270000338554382,-0.04338468611240387,0.0,0.0,0.04338468611240387,0.04338468611240387,0.0,0.0,2,
2018-06-25 18:00:00,145,0.07656916975975037,4.492179017014588e-17,0.06382250040769577,0.07656916975975032,0.0,0.07656916975975032,0.0,0.0,0.0,0.004886835868208592,2,
2018-06-25 19:00:00,145,0.0825294479727745,0.0,0.061969999223947525,0.0825294479727745,0.0,0.0825294479727745,0.0,0.0,0.0,0.005114349826825654,2,
2018-06-25 20:00:00,145,0.1361011117696762,0.0,0.057782500982284546,0.1361011117696762,0.0,0.1361011117696762,0.0,0.0,0.0,0.007864262624521334,2,
2018-06-25 21:00:00,145,0.1401238888502121,-0.0,0.054157499223947525,0.1401238888502121,0.0,0.1401238888502121,0.0,0.0,0.0,0.007588759401661871,2,
2018-06-25 22:00:00,145,0.1215352788567543,-0.0,0.05112500116229057,0.1215352788567543,0.0,0.1215352788567543,0.0,0.0,0.0,0.006213491272810873,2,
2018-06-25 23:00:00,145,0.08547333627939224,-0.0,0.05045749992132187,0.08547333627939224,0.0,0.08547333627939224,0.0,0.0,0.0,0.004312770858592552,2,
2018-06-26 00:00:00,145,0.06908583641052246,-0.0,0.05174750089645386,0.06908583641052246,0.0,0.06908583641052246,0.0,0.0,0.0,0.0035750193815857756,2,
2018-06-26 01:00:00,145,0.08319583535194397,-0.0,0.05092500150203705,0.08319583535194397,0.0,0.08319583535194397,0.0,0.0,0.0,0.004236748040260974,2,
2018-06-26 02:00:00,145,0.07451194524765015,-0.0,0.05207499861717224,0.07451194524765015,0.0,0.07451194524765015,0.0,0.0,0.0,0.003880209445734195,2,
2018-06-26 03:00:00,145,0.07637583464384079,-0.0,0.05067500099539757,0.07637583464384079,0.0,0.07637583464384079,0.0,0.0,0.0,0.003870345496600952,2,
2018-06-26 04:00:00,145,0.08415749669075012,-0.0,0.050257500261068344,0.08415749669075012,0.0,0.08415749669075012,0.0,0.0,0.0,0.0042295454119062326,2,
2018-06-26 05:00:00,145,0.0815783366560936,-0.0,0.051317501813173294,0.0815783366560936,0.0,0.0815783366560936,0.0,0.0,0.0,0.004186396439264745,2,
2018-06-26 06:00:00,145,0.1025458350777626,-0.0,0.0524275004863739,0.1025458350777626,0.0,0.1025458350777626,0.0,0.0,0.0,0.005376221818415017,2,
2018-06-26 07:00:00,145,0.12730056047439575,0.0,0.05459250137209892,0.12730056047439575,0.0,0.12730056047439575,0.0,0.0,0.0,0.006949656022367412,2,
2018-06-26 08:00:00,145,0.14569583535194397,0.0,0.060169998556375504,0.14569583535194397,0.0,0.14569583535194397,0.0,0.0,0.0,0.008766518202796392,2,
2018-06-26 09:00:00,145,0.10459110885858536,0.0,0.058570001274347305,0.10459110885858536,0.0,0.10459110885858536,0.0,0.0,0.0,0.006125901379132742,2,
2018-06-26 10:00:00,145,2.1807570457458496,0.0,0.054557498544454575,2.1807570457458496,0.0,2.1807570457458496,0.0,0.0,0.0,0.11897664934908825,2,
2018-06-26 11:00:00,145,0.0917094424366951,0.0,0.05112500116229057,0.0917094424366951,0.0,0.0917094424366951,0.0,0.0,0.0,0.004688645351169057,2,
2018-06-26 12:00:00,145,0.06992194801568985,0.04823680222034454,0.05209999904036522,0.021685145795345306,0.0,0.021685145795345306,0.0,0.0,0.0,0.0011297960751276703,2,
2018-06-26 13:00:00,145,0.08023722469806671,0.056811392307281494,0.05243000015616417,0.023425832390785217,0.0,0.023425832390785217,0.0,0.0,0.0,0.0012282163959071446,2,
2018-06-26 14:00:00,145,0.07538777589797974,0.0,0.052149999886751175,0.07538777589797974,0.0,0.07538777589797974,0.0,0.0,0.0,0.003931472504542066,2,
2018-06-26 15:00:00,145,0.0738283321261406,0.0,0.05781000107526779,0.0738283321261406,0.0,0.0738283321261406,0.0,0.0,0.0,0.004268015959597415,2,
2018-06-26 16:00:00,145,0.0805286094546318,0.0,0.06407249718904495,0.0805286094546318,0.0,0.0805286094546318,0.0,0.0,0.0,0.005159669102919595,2,
2018-06-26 17:00:00,145,0.06591805815696716,0.0,0.06570249795913696,0.06591805815696716,0.0,0.06591805815696716,0.0,0.0,0.0,0.004330981081528407,2,
2018-06-26 18:00:00,145,0.08444222062826157,0.0,0.06784500181674957,0.08444222062826157,0.0,0.08444222062826157,0.0,0.0,0.0,0.005728982611934774,2,
2018-06-26 19:00:00,145,0.06170138716697693,-0.0,0.06260249763727188,0.06170138716697693,0.0,0.06170138716697693,0.0,0.0,0.0,0.0038626609443370707,2,
2018-06-26 20:00:00,145,0.08472000062465668,-0.0,0.06120250001549721,0.08472000062465668,0.0,0.08472000062465668,0.0,0.0,0.0,0.005185075839543474,2,
2018-06-26 21:00:00,145,0.1033269464969635,-0.0,0.053062498569488525,0.1033269464969635,0.0,0.1033269464969635,0.0,0.0,0.0,0.005482785950684743,2,
2018-06-26 22:00:00,145,0.1351691633462906,-0.0,0.051739998161792755,0.1351691633462906,0.0,0.1351691633462906,0.0,0.0,0.0,0.00699365226306814,2,
2018-06-26 23:00:00,145,0.14252471923828125,-0.0,0.05396749824285507,0.14252471923828125,0.0,0.14252471923828125,0.0,0.0,0.0,0.007691702535055356,2,
2018-06-27 00:00:00,145,0.12410110980272293,-0.0,0.04949750006198883,0.12410110980272293,0.0,0.12410110980272293,0.0,0.0,0.0,0.006142694690153161,2,
2018-06-27 01:00:00,145,0.08210749924182892,-0.0,0.04852500185370445,0.08210749924182892,0.0,0.08210749924182892,0.0,0.0,0.0,0.003984266552912785,2,
2018-06-27 02:00:00,145,0.08033139258623123,-0.0,0.04829249903559685,0.08033139258623123,0.0,0.08033139258623123,0.0,0.0,0.0,0.0038794036989987235,2,
2018-06-27 03:00:00,145,0.07699833065271378,-0.0,0.048432499170303345,0.07699833065271378,0.0,0.07699833065271378,0.0,0.0,0.0,0.0037292215854523025,2,
2018-06-27 04:00:00,145,0.08636361360549927,-0.0,0.047805000096559525,0.08636361360549927,0.0,0.08636361360549927,0.0,0.0,0.0,0.004128612556750122,2,
2018-06-27 05:00:00,145,0.06288333237171173,-0.0,0.04815249890089035,0.06288333237171173,0.0,0.06288333237171173,0.0,0.0,0.0,0.0030279895929131717,2,
2018-06-27 06:00:00,145,0.09832194447517395,-0.0,0.048637498170137405,0.09832194447517395,0.0,0.09832194447517395,0.0,0.0,0.0,0.004782133394495625,2,
2018-06-27 07:00:00,145,0.1228119432926178,0.0,0.04886249825358391,0.1228119432926178,0.0,0.1228119432926178,0.0,0.0,0.0,0.006000898364654783,2,
2018-06-27 08:00:00,145,0.15561750531196594,0.0,0.04931750148534775,0.15561750531196594,0.0,0.15561750531196594,0.0,0.0,0.0,0.007674666549368991,2,
2018-06-27 09:00:00,145,1.8688178062438965,0.0,0.051454998552799225,1.8688178062438965,0.0,1.8688178062438965,0.0,0.0,0.0,0.09616001751572512,2,
2018-06-27 10:00:00,145,0.10691944509744644,0.0,0.050472501665353775,0.10691944509744644,0.0,0.10691944509744644,0.0,0.0,0.0,0.005396491870739567,2,
2018-06-27 11:00:00,145,0.082107774913311,0.0,0.05035249888896942,0.082107774913311,0.0,0.082107774913311,0.0,0.0,0.0,0.004134331645098244,2,
2018-06-27 12:00:00,145,0.06491166353225708,0.0,0.050415001809597015,0.06491166353225708,0.0,0.06491166353225708,0.0,0.0,0.0,0.0032725216344426933,2,
2018-06-27 13:00:00,145,0.09245777875185013,0.0004960497026331723,0.04983250051736832,0.09196172904921696,0.0,0.09196172904921696,0.0,0.0,0.0,0.004582682910423189,2,
2018-06-27 14:00:00,145,0.10813416540622711,0.0,0.057429999113082886,0.10813416540622711,0.0,0.10813416540622711,0.0,0.0,0.0,0.006210145023373581,2,
2018-06-27 15:00:00,145,0.10778389126062393,0.0,0.05269499868154526,0.10778389126062393,0.0,0.10778389126062393,0.0,0.0,0.0,0.0056796720078703955,2,
2018-06-27 16:00:00,145,0.11203444749116898,0.0,0.05466499924659729,0.11203444749116898,0.0,0.11203444749116898,0.0,0.0,0.0,0.006124362987697696,2,
2018-06-27 17:00:00,145,0.6204983592033386,0.0,0.058959998190402985,0.6204983592033386,0.0,0.6204983592033386,0.0,0.0,0.0,0.036584582135776866,2,
2018-06-27 18:00:00,145,0.08749138563871384,0.0,0.059187501668930054,0.08749138563871384,0.0,0.08749138563871384,0.0,0.0,0.0,0.005178396533508378,2,
2018-06-27 19:00:00,145,0.06335972249507904,-0.0,0.05554249882698059,0.06335972249507904,0.0,0.06335972249507904,0.0,0.0,0.0,0.0035191573123607434,2,
2018-06-27 20:00:00,145,0.08170444518327713,-0.0,0.05064750090241432,0.08170444518327713,0.0,0.08170444518327713,0.0,0.0,0.0,0.00413812596115129,2,
2018-06-27 21:00:00,145,0.14460721611976624,-0.0,0.05077749863266945,0.14460721611976624,0.0,0.14460721611976624,0.0,0.0,0.0,0.0073427927187955655,2,
2018-06-27 22:00:00,145,0.12818889319896698,-0.0,0.0501675009727478,0.12818889319896698,0.0,0.12818889319896698,0.0,0.0,0.0,0.00643091642425464,2,
2018-06-27 23:00:00,145,0.08731694519519806,-0.0,0.05158500000834465,0.08731694519519806,0.0,0.08731694519519806,0.0,0.0,0.0,0.004504244618622921,2,
2018-06-28 00:00:00,145,0.08271277695894241,-0.0,0.0492824986577034,0.08271277695894241,0.0,0.08271277695894241,0.0,0.0,0.0,0.004076292319454,2,
2018-06-28 01:00:00,145,0.05814416706562042,-0.0,0.0402766652405262,0.05814416706562042,0.0,0.05814416706562042,0.0,0.0,0.0,0.0023418531525912223,2,
2018-06-28 02:00:00,145,0.08415638655424118,-0.0,0.0403333343565464,0.08415638655424118,0.0,0.08415638655424118,0.0,0.0,0.0,0.0033943076771309755,2,
2018-06-28 03:00:00,145,0.07265888899564743,-0.0,0.04622749984264374,0.07265888899564743,0.0,0.07265888899564743,0.0,0.0,0.0,0.0033588387796129604,2,
2018-06-28 04:00:00,145,0.14369332790374756,-0.0,0.04757000133395195,0.14369332790374756,0.0,0.14369332790374756,0.0,0.0,0.0,0.006835491800061266,2,
2018-06-28 05:00:00,145,2.418747663497925,-0.0,0.047325000166893005,2.418747663497925,0.0,2.418747663497925,0.0,0.0,0.0,0.11446723357871136,2,
2018-06-28 06:00:00,145,0.06516444683074951,-0.0,0.04881500080227852,0.06516444683074951,0.0,0.06516444683074951,0.0,0.0,0.0,0.0031810025243230733,2,
2018-06-28 07:00:00,145,0.08320805430412292,0.0,0.049217499792575836,0.08320805430412292,0.0,0.08320805430412292,0.0,0.0,0.0,0.004095292395453809,2,
2018-06-28 08:00:00,145,0.06684277951717377,0.060693349689245224,0.046720001846551895,0.006149429827928543,0.0,0.006149429827928543,0.0,0.0,0.0,0.00028730137291606284,2,
2018-06-28 09:00:00,145,0.08071944117546082,0.033400170505046844,0.02500000037252903,0.04731927067041397,0.0,0.04731927067041397,0.0,0.0,0.0,0.0011829817843881513,2,
2018-06-28 10:00:00,145,0.07364444434642792,0.03923316299915314,0.05324250087141991,0.03441128134727478,0.0,0.03441128134727478,0.0,0.0,0.0,0.001832142677118953,2,
2018-06-28 11:00:00,145,0.07362277805805206,0.084023617208004,0.049594998359680176,-0.010400839149951935,0.0,0.0,0.010400839149951935,0.010400839149951935,0.0,0.0,2,
2018-06-28 12:00:00,145,0.08079110831022263,0.10337555408477783,0.0493599995970726,-0.022584445774555206,0.0,0.0,0.022584445774555206,0.022584445774555206,0.0,0.0,2,
2018-06-28 13:00:00,145,0.06597333401441574,0.11021251976490021,0.05025250092148781,-0.04423918575048447,0.0,0.0,0.04423918575048447,0.04423918575048447,0.0,0.0,2,
2018-06-28 14:00:00,145,0.11608611047267914,0.1421671062707901,0.04970749840140343,-0.026080995798110962,0.0,0.0,0.026080995798110962,0.026080995798110962,0.0,0.0,2,
2018-06-28 15:00:00,145,0.11145000159740448,0.16747230291366577,0.052012499421834946,-0.05602230131626129,0.0,0.0,0.05602230131626129,0.05602230131626129,0.0,0.0,2,
2018-06-28 16:00:00,145,0.098309725522995,0.13358737528324127,0.05146250128746033,-0.03527764976024628,0.0,0.0,0.03527764976024628,0.03527764976024628,0.0,0.0,2,
2018-06-28 17:00:00,145,1.4896349906921387,0.078760527074337,0.05319000035524368,1.4108744636178017,0.0,1.4108744636178017,0.0,0.0,0.0,0.07504441322103511,2,
2018-06-28 18:00:00,145,0.21646805107593536,3.750769423921674e-17,0.05431250110268593,0.21646805107593534,0.0,0.21646805107593534,0.0,0.0,0.0,0.011756921262758012,2,
2018-06-28 19:00:00,145,0.10723944753408432,0.0,0.05385249853134155,0.10723944753408432,0.0,0.10723944753408432,0.0,0.0,0.0,0.005775112190831155,2,
2018-06-28 20:00:00,145,0.10572416335344315,0.0,0.051569998264312744,0.10572416335344315,0.0,0.10572416335344315,0.0,0.0,0.0,0.00545219492063298,2,
2018-06-28 21:00:00,145,0.1271425038576126,0.0,0.05005250126123428,0.1271425038576126,0.0,0.1271425038576126,0.0,0.0,0.0,0.00636380033468964,2,
2018-06-28 22:00:00,145,0.1359897255897522,0.0,0.050132498145103455,0.1359897255897522,0.0,0.1359897255897522,0.0,0.0,0.0,0.00681750466588138,2,
2018-06-28 23:00:00,145,0.15090084075927734,-0.0,0.050497498363256454,0.15090084075927734,0.0,0.15090084075927734,0.0,0.0,0.0,0.0076201149592556305,2,
2018-06-29 00:00:00,145,0.08892083168029785,-0.0,0.051032498478889465,0.08892083168029785,0.0,0.08892083168029785,0.0,0.0,0.0,0.004537852207466386,2,
2018-06-29 01:00:00,145,0.08183694630861282,-0.0,0.04983000084757805,0.08183694630861282,0.0,0.08183694630861282,0.0,0.0,0.0,0.004077935103921376,2,
2018-06-29 02:00:00,145,0.06947777420282364,-0.0,0.04946500062942505,0.06947777420282364,0.0,0.06947777420282364,0.0,0.0,0.0,0.0034367181446737227,2,
2018-06-29 03:00:00,145,0.1198408305644989,-0.0,0.04726250097155571,0.1198408305644989,0.0,0.1198408305644989,0.0,0.0,0.0,0.0056639773709866725,2,
2018-06-29 04:00:00,145,0.09822110831737518,-0.0,0.046982500702142715,0.09822110831737518,0.0,0.09822110831737518,0.0,0.0,0.0,0.004614673290486315,2,
2018-06-29 05:00:00,145,0.08004555851221085,-0.0,0.047564998269081116,0.08004555851221085,0.0,0.08004555851221085,0.0,0.0,0.0,0.00380736685208094,2,
2018-06-29 06:00:00,145,0.08945555239915848,-0.0,0.04944249987602234,0.08945555239915848,0.0,0.08945555239915848,0.0,0.0,0.0,0.004422906138404903,2,
2018-06-29 07:00:00,145,0.09626194089651108,0.0,0.05091249942779541,0.09626194089651108,0.0,0.09626194089651108,0.0,0.0,0.0,0.004900936010812096,2,
2018-06-29 08:00:00,145,0.1080380529165268,0.0,0.053027499467134476,0.1080380529165268,0.0,0.1080380529165268,0.0,0.0,0.0,0.005728987793461371,2,
2018-06-29 09:00:00,145,1.3496932983398438,0.0,0.052252501249313354,1.3496932983398438,0.0,1.3496932983398438,0.0,0.0,0.0,0.07052485075769255,2,
2018-06-29 10:00:00,145,1.415861964225769,0.0,0.049959998577833176,1.415861964225769,0.0,1.415861964225769,0.0,0.0,0.0,0.07073646171912751,2,
2018-06-29 11:00:00,145,0.11083333194255829,0.0,0.04818499833345413,0.11083333194255829,0.0,0.11083333194255829,0.0,0.0,0.0,0.00534050391494334,2,
2018-06-29 12:00:00,145,0.09701027721166611,0.0,0.048695001751184464,0.09701027721166611,0.0,0.09701027721166611,0.0,0.0,0.0,0.004723915618704971,2,
2018-06-29 13:00:00,145,0.061760831624269485,0.0,0.04763749986886978,0.061760831624269485,0.0,0.061760831624269485,0.0,0.0,0.0,0.0029421316084024263,2,
2018-06-29 14:00:00,145,0.07521388679742813,0.0,0.047605000436306,0.07521388679742813,0.0,0.07521388679742813,0.0,0.0,0.0,0.0035805571138078363,2,
2018-06-29 15:00:00,145,0.06953611224889755,0.0,0.050222501158714294,0.06953611224889755,0.0,0.06953611224889755,0.0,0.0,0.0,0.0034922774779927446,2,
2018-06-29 16:00:00,145,0.0664544478058815,0.0,0.050255000591278076,0.0664544478058815,0.0,0.0664544478058815,0.0,0.0,0.0,0.003339668313777633,2,
2018-06-29 17:00:00,145,0.07271444797515869,0.0,0.05328749865293503,0.07271444797515869,0.0,0.07271444797515869,0.0,0.0,0.0,0.003874771048525183,2,
2018-06-29 18:00:00,145,0.061216942965984344,0.0,0.05460000038146973,0.061216942965984344,0.0,0.061216942965984344,0.0,0.0,0.0,0.0033424451092951557,2,
2018-06-29 19:00:00,145,0.0849824994802475,-0.0,0.05335500091314316,0.0849824994802475,0.0,0.0849824994802475,0.0,0.0,0.0,0.004534241337369793,2,
2018-06-29 20:00:00,145,1.3500680923461914,-0.0,0.05114249885082245,1.3500680923461914,0.0,1.3500680923461914,0.0,0.0,0.0,0.06904585586134715,2,
2018-06-29 21:00:00,145,0.07598333060741425,-0.0,0.050895001739263535,0.07598333060741425,0.0,0.07598333060741425,0.0,0.0,0.0,0.003867171743419384,2,
2018-06-29 22:00:00,145,0.07121694087982178,-0.0,0.050905000418424606,0.07121694087982178,0.0,0.07121694087982178,0.0,0.0,0.0,0.003625298405286248,2,
2018-06-29 23:00:00,145,0.06449639052152634,-0.0,0.050964999943971634,0.06449639052152634,0.0,0.06449639052152634,0.0,0.0,0.0,0.0032870585393159624,2,
2018-06-30 00:00:00,145,0.0798516646027565,-0.0,0.04900500178337097,0.0798516646027565,0.0,0.0798516646027565,0.0,0.0,0.0,0.003913130966263223,2,
2018-06-30 01:00:00,145,0.0716250017285347,-0.0,0.04703750088810921,0.0716250017285347,0.0,0.0716250017285347,0.0,0.0,0.0,0.0033690610824167744,2,
2018-06-30 02:00:00,145,0.06652110815048218,-0.0,0.046424999833106995,0.06652110815048218,0.0,0.06652110815048218,0.0,0.0,0.0,0.0030882424347842274,2,
2018-06-30 03:00:00,145,0.08077111095190048,-0.0,0.04562750086188316,0.08077111095190048,0.0,0.08077111095190048,0.0,0.0,0.0,0.0036853839345731,2,
2018-06-30 04:00:00,145,0.06342333555221558,-0.0,0.04553249850869179,0.06342333555221558,0.0,0.06342333555221558,0.0,0.0,0.0,0.0028878229314475146,2,
2018-06-30 05:00:00,145,0.07345110923051834,-0.0,0.04580000042915344,0.07345110923051834,0.0,0.07345110923051834,0.0,0.0,0.0,0.0033640608342795364,2,
2018-06-30 06:00:00,145,0.09779389202594757,-0.0,0.044107500463724136,0.09779389202594757,0.0,0.09779389202594757,0.0,0.0,0.0,0.004313444137883871,2,
2018-06-30 07:00:00,145,0.09493999928236008,0.0,0.04839250072836876,0.09493999928236008,0.0,0.09493999928236008,0.0,0.0,0.0,0.0045943839844229395,2,
2018-06-30 08:00:00,145,0.07668805867433548,0.0,0.052365001291036606,0.07668805867433548,0.0,0.07668805867433548,0.0,0.0,0.0,0.004015770291488668,2,
2018-06-30 09:00:00,145,0.06923528015613556,0.0,0.054409999400377274,0.06923528015613556,0.0,0.06923528015613556,0.0,0.0,0.0,0.0037670915517802883,2,
2018-06-30 10:00:00,145,0.055421944707632065,0.0,0.053747501224279404,0.055421944707632065,0.0,0.055421944707632065,0.0,0.0,0.0,0.0029787910410254,2,
2018-06-30 11:00:00,145,0.054753612726926804,0.0,0.049447499215602875,0.054753612726926804,0.0,0.054753612726926804,0.0,0.0,0.0,0.0027074292223661367,2,
2018-06-30 12:00:00,145,0.06779500097036362,0.0,0.04923750087618828,0.06779500097036362,0.0,0.06779500097036362,0.0,0.0,0.0,0.0033380564196794638,2,
2018-06-30 13:00:00,145,0.040914446115493774,0.0,0.04777250066399574,0.040914446115493774,0.0,0.040914446115493774,0.0,0.0,0.0,0.0019545854042194444,2,
2018-06-30 14:00:00,145,0.0691341683268547,0.0,0.047987498342990875,0.0691341683268547,0.0,0.0691341683268547,0.0,0.0,0.0,0.0033175757880289924,2,
2018-06-30 15:00:00,145,0.04851916804909706,0.0,0.05079749971628189,0.04851916804909706,0.0,0.04851916804909706,0.0,0.0,0.0,0.0024646524252082413,2,
2018-06-30 16:00:00,145,0.07036333531141281,0.0,0.05177000164985657,0.07036333531141281,0.0,0.07036333531141281,0.0,0.0,0.0,0.003642709985161252,2,
2018-06-30 17:00:00,145,0.08944916725158691,0.0,0.05460749939084053,0.08944916725158691,0.0,0.08944916725158691,0.0,0.0,0.0,0.004884595346202225,2,
2018-06-30 18:00:00,145,0.06500833481550217,3.3865700720207012e-18,0.05747250095009804,0.06500833481550217,0.0,0.06500833481550217,0.0,0.0,0.0,0.0037361915844482396,2,
2018-06-30 19:00:00,145,0.05975694581866264,-0.0,0.057887498289346695,0.05975694581866264,0.0,0.05975694581866264,0.0,0.0,0.0,0.003459180098854417,2,
2018-06-30 20:00:00,145,0.06681722402572632,-0.0,0.05838499963283539,0.06681722402572632,0.0,0.06681722402572632,0.0,0.0,0.0,0.003901123600209111,2,
2018-06-30 21:00:00,145,0.04563139006495476,-0.0,0.05532250180840492,0.04563139006495476,0.0,0.04563139006495476,0.0,0.0,0.0,0.00252444265938849,2,
2018-06-30 22:00:00,145,0.14035555720329285,-0.0,0.05423999950289726,0.14035555720329285,0.0,0.14035555720329285,0.0,0.0,0.0,0.007612885352935472,2,
2018-06-30 23:00:00,145,0.1087413877248764,-0.0,0.05415999889373779,0.1087413877248764,0.0,0.1087413877248764,0.0,0.0,0.0,0.0058894334388828185,2,"{'r': -3.207566, 'l': 401, 't': 1.88301}"
2018-06-14 07:00:00,148,0.1235797256231308,0.0,0.05166250094771385,0.1235797256231308,1.3699160782914412,0.0,-0.0,-0.0,0.1235797256231308,0.0001235797256231308,2,
2018-06-14 08:00:00,148,0.4836975038051605,0.0,0.05043499916791916,0.4836975038051605,0.8607608111281143,0.0,-0.0,-0.0,0.4836975038051605,0.0004836975038051605,2,
2018-06-14 09:00:00,148,0.3947519361972809,0.0,0.05138750001788139,0.3947519361972809,0.44523245723623966,0.0,-0.0,-0.0,0.3947519361972809,0.0003947519361972809,2,
2018-06-14 10:00:00,148,0.14576028287410736,0.0,0.05255749821662903,0.14576028287410736,0.291800580526653,0.0,-0.0,-0.0,0.14576028287410736,0.00014576028287410737,2,
2018-06-14 11:00:00,148,0.8538633584976196,0.0,0.051762498915195465,0.8538633584976196,0.0,0.5766528069972994,0.0,0.0,0.2772105515003203,0.03012620084814245,2,
2018-06-14 12:00:00,148,0.8641988635063171,0.0,0.0510375015437603,0.8641988635063171,0.0,0.8641988635063171,0.0,0.0,0.0,0.04410655083031956,2,
2018-06-14 13:00:00,148,0.07954416424036026,0.0,0.046185001730918884,0.07954416424036026,0.0,0.07954416424036026,0.0,0.0,0.0,0.0036737473631255346,2,
2018-06-14 14:00:00,148,0.2501552700996399,0.007821036502718925,0.04372499883174896,0.24233423359692097,0.0,0.24233423359692097,0.0,0.0,0.0,0.01059606408091815,2,
2018-06-14 15:00:00,148,0.0977669432759285,0.01488757785409689,0.04684000089764595,0.08287936542183161,0.0,0.08287936542183161,0.0,0.0,0.0,0.0038820695507549192,2,
2018-06-14 16:00:00,148,0.17627888917922974,0.012294330634176731,0.04934750124812126,0.163984558545053,0.0,0.163984558545053,0.0,0.0,0.0,0.008092228207474617,2,
2018-06-14 17:00:00,148,0.9295644164085388,0.02469179965555668,0.05361500009894371,0.9048726167529821,0.0,0.9048726167529821,0.0,0.0,0.0,0.04851474543674259,2,
2018-06-14 18:00:00,148,0.21935610473155975,5.455184588664232e-18,0.053075000643730164,0.21935610473155975,0.0,0.21935610473155975,0.0,0.0,0.0,0.011642325399833675,2,
2018-06-14 19:00:00,148,0.22416360676288605,-0.0,0.0536700002849102,0.22416360676288605,0.0,0.22416360676288605,0.0,0.0,0.0,0.012030860838830593,2,
2018-06-14 20:00:00,148,0.40808528661727905,0.0,0.054464999586343765,0.40808528661727905,0.0,0.40808528661727905,0.0,0.0,0.0,0.02222636496680308,2,
2018-06-14 21:00:00,148,0.14147500693798065,-0.0,0.05682000145316124,0.14147500693798065,0.0,0.14147500693798065,0.0,0.0,0.0,0.008038610099802057,2,
2018-06-14 22:00:00,148,0.15458805859088898,-0.0,0.05617750063538551,0.15458805859088898,0.0,0.15458805859088898,0.0,0.0,0.0,0.008684370759712678,2,
2018-06-14 23:00:00,148,0.1406438946723938,-0.0,0.054090000689029694,0.1406438946723938,0.0,0.1406438946723938,0.0,0.0,0.0,0.0076074283597376,2,
2018-06-15 00:00:00,148,0.11325527727603912,-0.0,0.05346250161528587,0.11325527727603912,0.0,0.11325527727603912,0.0,0.0,0.0,0.006054910444309891,2,
2018-06-15 01:00:00,148,0.10729861259460449,-0.0,0.05254749953746796,0.10729861259460449,0.0,0.10729861259460449,0.0,0.0,0.0,0.005638273795685933,2,
2018-06-15 02:00:00,148,0.1286369413137436,-0.0,0.05115250125527382,0.1286369413137436,0.0,0.1286369413137436,0.0,0.0,0.0,0.006580101302025854,2,
2018-06-15 03:00:00,148,0.10400444269180298,-0.0,0.048032499849796295,0.10400444269180298,0.0,0.10400444269180298,0.0,0.0,0.0,0.004995593377972174,2,
2018-06-15 04:00:00,148,0.28060221672058105,-0.0,0.04812749847769737,0.28060221672058105,0.0,0.28060221672058105,0.0,0.0,0.0,0.013504682758058273,2,
2018-06-15 05:00:00,148,0.7904752492904663,-0.0,0.04946250095963478,0.7904752492904663,0.0,0.7904752492904663,0.0,0.0,0.0,0.03909888277659723,2,
2018-06-15 06:00:00,148,0.7836097478866577,-0.0,0.050930000841617584,0.7836097478866577,0.0,0.7836097478866577,0.0,0.0,0.0,0.03990924511936722,2,
2018-06-15 07:00:00,148,1.3806039094924927,0.0,0.05540499836206436,1.3806039094924927,0.0,1.3806039094924927,0.0,0.0,0.0,0.07649235734409121,2,
2018-06-15 08:00:00,148,0.6904160976409912,0.0,0.05852749943733215,0.6904160976409912,0.0,0.6904160976409912,0.0,0.0,0.0,0.040408327766208174,2,
2018-06-15 09:00:00,148,0.3246211111545563,0.0,0.057714998722076416,0.3246211111545563,0.0,0.3246211111545563,0.0,0.0,0.0,0.01873550701544424,2,
2018-06-15 10:00:00,148,0.11620388925075531,0.0,0.05613499879837036,0.11620388925075531,0.0,0.11620388925075531,0.0,0.0,0.0,0.006523105183457112,2,
2018-06-15 11:00:00,148,0.1383594423532486,0.007356082089245319,0.05146250128746033,0.13100336026400328,0.0,0.13100336026400328,0.0,0.0,0.0,0.006741760596247898,2,
2018-06-15 12:00:00,148,0.15662972629070282,0.011225635185837746,0.05209999904036522,0.14540409110486507,0.0,0.14540409110486507,0.0,0.0,0.0,0.007575553007028647,2,
2018-06-15 13:00:00,148,0.13463056087493896,0.0627296194434166,0.05252499878406525,0.07190094143152237,0.0,0.07190094143152237,0.0,0.0,0.0,0.003776596861263859,2,
2018-06-15 14:00:00,148,0.38140279054641724,0.11751903593540192,0.05179249867796898,0.2638837546110153,0.0,0.2638837546110153,0.0,0.0,0.0,0.013667199011828501,2,
2018-06-15 15:00:00,148,0.4250999987125397,0.05597560480237007,0.052025001496076584,0.3691243939101696,0.0,0.3691243939101696,0.0,0.0,0.0,0.019203697145414936,2,
2018-06-15 16:00:00,148,0.33938276767730713,0.03752468153834343,0.05334249883890152,0.3018580861389637,0.0,0.3018580861389637,0.0,0.0,0.0,0.016101864609380706,2,
2018-06-15 17:00:00,148,0.2185516655445099,0.01196300983428955,0.058855000883340836,0.20658865571022034,0.0,0.20658865571022034,0.0,0.0,0.0,0.012158775514313214,2,
2018-06-15 18:00:00,148,0.8282827734947205,1.2168154374177608e-17,0.05953750014305115,0.8282827734947205,0.0,0.8282827734947205,0.0,0.0,0.0,0.04931388574542872,2,
2018-06-15 19:00:00,148,0.9077152609825134,0.0,0.056290000677108765,0.9077152609825134,0.0,0.9077152609825134,0.0,0.0,0.0,0.05109529265532764,2,
2018-06-15 20:00:00,148,0.20274639129638672,0.0,0.0508200004696846,0.20274639129638672,0.0,0.20274639129638672,0.0,0.0,0.0,0.010303571700909231,2,
2018-06-15 21:00:00,148,0.20664332807064056,-0.0,0.05141500011086464,0.20664332807064056,0.0,0.20664332807064056,0.0,0.0,0.0,0.010624566735661423,2,
2018-06-15 22:00:00,148,0.17193832993507385,-0.0,0.050324998795986176,0.17193832993507385,0.0,0.17193832993507385,0.0,0.0,0.0,0.008652796246966465,2,
2018-06-15 23:00:00,148,0.16190555691719055,-0.0,0.05392000079154968,0.16190555691719055,0.0,0.16190555691719055,0.0,0.0,0.0,0.008729947757131207,2,
2018-06-16 00:00:00,148,0.12913361191749573,-0.0,0.0533674992620945,0.12913361191749573,0.0,0.12913361191749573,0.0,0.0,0.0,0.0068915379387185505,2,
2018-06-16 01:00:00,148,0.11469361186027527,-0.0,0.053289998322725296,0.11469361186027527,0.0,0.11469361186027527,0.0,0.0,0.0,0.006112022383661375,2,
2018-06-16 02:00:00,148,0.8165908455848694,-0.0,0.05099250003695488,0.8165908455848694,0.0,0.8165908455848694,0.0,0.0,0.0,0.04164000872366347,2,
2018-06-16 03:00:00,148,0.7235633134841919,-0.0,0.05127999931573868,0.7235633134841919,0.0,0.7235633134841919,0.0,0.0,0.0,0.03710432622036297,2,
2018-06-16 04:00:00,148,0.10795333236455917,0.0,0.049582500010728836,0.10795333236455917,0.0,0.10795333236455917,0.0,0.0,0.0,0.005352596103123969,2,
2018-06-16 05:00:00,148,0.08052083104848862,-0.0,0.04856250062584877,0.08052083104848862,0.0,0.08052083104848862,0.0,0.0,0.0,0.0039102929081860915,2,
2018-06-16 06:00:00,148,0.3897725045681,0.0,0.04915250092744827,0.3897725045681,0.0,0.3897725045681,0.0,0.0,0.0,0.01915829339227737,2,
2018-06-16 07:00:00,148,0.3233252763748169,0.4951288104057312,0.047439999878406525,-0.1718035340309143,1.4249999999999998,1.3281964659690857,0.0,0.0,1.5,0.0645096401840734,0,
2018-06-16 08:00:00,148,0.6260494589805603,0.0,0.04690000042319298,0.6260494589805603,0.7660005694941469,0.0,-0.0,-0.0,0.6260494589805603,0.0006260494589805603,2,
2018-06-16 09:00:00,148,0.3049388825893402,0.0,0.05140500143170357,0.3049388825893402,0.4450122720316835,0.0,-0.0,-0.0,0.3049388825893402,0.0003049388825893402,2,
2018-06-16 10:00:00,148,0.3522494435310364,0.0,0.05048749968409538,0.3522494435310364,0.07422338410427676,0.0,-0.0,-0.0,0.3522494435310364,0.0003522494435310364,2,
2018-06-16 11:00:00,148,0.29271945357322693,0.0,0.04706500098109245,0.29271945357322693,0.0,0.22220723867416403,0.0,0.0,0.07051221489906291,0.010528696121104438,2,
2018-06-16 12:00:00,148,0.1347697228193283,0.0,0.04636000096797943,0.1347697228193283,0.0,0.1347697228193283,0.0,0.0,0.0,0.00624792448035838,2,
2018-06-16 13:00:00,148,0.1294099986553192,0.0,0.046094998717308044,0.1294099986553192,0.0,0.1294099986553192,0.0,0.0,0.0,0.005965153722023775,2,
2018-06-16 14:00:00,148,0.12482583522796631,0.0,0.04602999985218048,0.12482583522796631,0.0,0.12482583522796631,0.0,0.0,0.0,0.005745733177091594,2,
2018-06-16 15:00:00,148,0.12748582661151886,0.0,0.046322498470544815,0.12748582661151886,0.0,0.12748582661151886,0.0,0.0,0.0,0.005905462008228224,2,
2018-06-16 16:00:00,148,1.2774533033370972,0.0,0.04612499848008156,1.2774533033370972,0.0,1.2774533033370972,0.0,0.0,0.0,0.05892253167479877,2,
2018-06-16 17:00:00,148,0.3728705644607544,0.0,0.04668499901890755,0.3728705644607544,0.0,0.3728705644607544,0.0,0.0,0.0,0.017407461936029822,2,
2018-06-16 18:00:00,148,0.33518415689468384,0.0,0.04633000120520592,0.33518415689468384,0.0,0.33518415689468384,0.0,0.0,0.0,0.015529082392896632,2,
2018-06-16 19:00:00,148,1.1102105379104614,-0.0,0.04812749847769737,1.1102105379104614,0.0,1.1102105379104614,0.0,0.0,0.0,0.05343165597320931,2,
2018-06-16 20:00:00,148,0.29947251081466675,-0.0,0.048282500356435776,0.29947251081466675,0.0,0.29947251081466675,0.0,0.0,0.0,0.014459281610151864,2,
2018-06-16 21:00:00,148,0.1671733260154724,-0.0,0.04887999966740608,0.1671733260154724,0.0,0.1671733260154724,0.0,0.0,0.0,0.00817143212003546,2,
2018-06-16 22:00:00,148,0.1386413872241974,-0.0,0.048920001834630966,0.1386413872241974,0.0,0.1386413872241974,0.0,0.0,0.0,0.006782336917363518,2,
2018-06-16 23:00:00,148,0.13271860778331757,-0.0,0.05235249921679497,0.13271860778331757,0.0,0.13271860778331757,0.0,0.0,0.0,0.006948150810030251,2,
2018-06-17 00:00:00,148,0.12026916444301605,-0.0,0.04961000010371208,0.12026916444301605,0.0,0.12026916444301605,0.0,0.0,0.0,0.005966553260491392,2,
2018-06-17 01:00:00,148,0.1012144461274147,-0.0,0.04815249890089035,0.1012144461274147,0.0,0.1012144461274147,0.0,0.0,0.0,0.004873728505904562,2,
2018-06-17 02:00:00,148,0.1371091604232788,-0.0,0.04539500176906586,0.1371091604232788,0.0,0.1371091604232788,0.0,0.0,0.0,0.006224070579969876,2,
2018-06-17 03:00:00,148,0.12633833289146423,0.0,0.04128750041127205,0.12633833289146423,0.0,0.12633833289146423,0.0,0.0,0.0,0.0052161939712157546,2,
2018-06-17 04:00:00,148,0.12559722363948822,-0.0,0.040860000997781754,0.12559722363948822,0.0,0.12559722363948822,0.0,0.0,0.0,0.005131902683228107,2,
2018-06-17 05:00:00,148,0.2549000084400177,-0.0,0.04116249829530716,0.2549000084400177,0.0,0.2549000084400177,0.0,0.0,0.0,0.01049232116288601,2,
2018-06-17 06:00:00,148,0.7976205348968506,-0.0,0.04323999956250191,0.7976205348968506,0.0,0.7976205348968506,0.0,0.0,0.0,0.03448911157998236,2,
2018-06-17 07:00:00,148,0.51519775390625,0.0,0.04397499933838844,0.51519775390625,0.0,0.51519775390625,0.0,0.0,0.0,0.022655820887166556,2,
2018-06-17 08:00:00,148,1.350791096687317,1.2318438291549683,0.046217501163482666,0.11894726753234863,1.4249999999999998,1.6189472675323486,0.0,0.0,1.5,0.07632369722079341,0,
2018-06-17 09:00:00,148,1.231375813484192,0.5761799216270447,0.05204499885439873,0.6551958918571472,0.7353201138345816,0.0,-0.0,-0.0,0.6551958918571472,0.0006551958918571472,2,
2018-06-17 10:00:00,148,0.3021966814994812,0.0,0.05245000123977661,0.3021966814994812,0.41721834383512774,0.0,-0.0,-0.0,0.3021966814994812,0.0003021966814994812,2,
2018-06-17 11:00:00,148,0.09931166470050812,0.8493103384971619,0.05355000123381615,-0.7499986737966537,0.41721834383512774,0.0,0.7499986737966537,0.7499986737966537,0.0,0.0,2,
2018-06-17 12:00:00,148,0.4194050133228302,1.0259010791778564,0.05441249907016754,-0.6064960658550262,0.41721834383512774,0.0,0.6064960658550262,0.6064960658550262,0.0,0.0,2,
2018-06-17 13:00:00,148,0.48703277111053467,0.05136256664991379,0.051762498915195465,0.4356702044606209,0.0,0.03931277781724957,0.0,0.0,0.3963574266433713,0.002431285045762072,2,
2018-06-17 14:00:00,148,0.2369661182165146,0.035071637481451035,0.05068250000476837,0.20189448073506355,0.0,0.20189448073506355,0.0,0.0,0.0,0.010232517020817566,2,
2018-06-17 15:00:00,148,0.1358533352613449,0.0,0.05158749967813492,0.1358533352613449,0.0,0.1358533352613449,0.0,0.0,0.0,0.007008333889068186,2,
2018-06-17 16:00:00,148,0.1006999984383583,0.0,0.05339999869465828,0.1006999984383583,0.0,0.1006999984383583,0.0,0.0,0.0,0.005377379785160424,2,
2018-06-17 17:00:00,148,0.7384058237075806,0.0,0.05517499893903732,0.7384058237075806,0.0,0.7384058237075806,0.0,0.0,0.0,0.04074154053964474,2,
2018-06-17 18:00:00,148,1.2156263589859009,0.0,0.054910000413656235,1.2156263589859009,0.0,1.2156263589859009,0.0,0.0,0.0,0.06675004387476724,2,
2018-06-17 19:00:00,148,1.1313722133636475,-0.0,0.051247499883174896,1.1313722133636475,0.0,1.1313722133636475,0.0,0.0,0.0,0.05797999737218085,2,
2018-06-17 20:00:00,148,0.7501561045646667,-0.0,0.0508975014090538,0.7501561045646667,0.0,0.7501561045646667,0.0,0.0,0.0,0.03818107138909044,2,
2018-06-17 21:00:00,148,0.24100221693515778,-0.0,0.050404999405145645,0.24100221693515778,0.0,0.24100221693515778,0.0,0.0,0.0,0.01214771660125541,2,
2018-06-17 22:00:00,148,0.22533249855041504,-0.0,0.05011500045657158,0.22533249855041504,0.0,0.22533249855041504,0.0,0.0,0.0,0.011292538267734464,2,
2018-06-17 23:00:00,148,0.3560536205768585,-0.0,0.0504550002515316,0.3560536205768585,0.0,0.3560536205768585,0.0,0.0,0.0,0.017964685515764134,2,
2018-06-18 00:00:00,148,0.0,-0.0,0.05061250180006027,0.0,0.0,0.0,-0.0,-0.0,0.0,0.0,2,
2018-06-18 01:00:00,148,0.0,-0.0,0.04258250072598457,0.0,0.0,0.0,-0.0,-0.0,0.0,0.0,2,
2018-06-18 02:00:00,148,0.0,-0.0,0.04159500077366829,0.0,0.0,0.0,-0.0,-0.0,0.0,0.0,2,
2018-06-18 03:00:00,148,0.0,-0.0,0.0359174981713295,0.0,0.0,0.0,-0.0,-0.0,0.0,0.0,2,
2018-06-18 04:00:00,148,0.0,-0.0,0.037085000425577164,0.0,0.0,0.0,-0.0,-0.0,0.0,0.0,2,
2018-06-18 05:00:00,148,0.0,-0.0,0.04442249983549118,0.0,0.0,0.0,-0.0,-0.0,0.0,0.0,2,
2018-06-18 06:00:00,148,0.0,-0.0,0.05052750185132027,0.0,0.0,0.0,-0.0,-0.0,0.0,0.0,2,
2018-06-18 07:00:00,148,0.0,0.0,0.052615001797676086,0.0,0.0,0.0,-0.0,-0.0,0.0,0.0,2,
2018-06-18 08:00:00,148,0.0,0.0,0.054999999701976776,0.0,0.0,0.0,-0.0,-0.0,0.0,0.0,2,
2018-06-18 09:00:00,148,0.0,0.0,0.0516275018453598,0.0,0.0,0.0,-0.0,-0.0,0.0,0.0,2,
2018-06-18 10:00:00,148,0.0,0.0,0.048739999532699585,0.0,0.0,0.0,-0.0,-0.0,0.0,0.0,2,
2018-06-18 11:00:00,148,0.0,0.06446992605924606,0.047635000199079514,-0.06446992605924606,0.0,0.0,0.06446992605924606,0.06446992605924606,0.0,0.0,2,
2018-06-18 12:00:00,148,0.0,0.051355570554733276,0.047587499022483826,-0.051355570554733276,0.0,0.0,0.051355570554733276,0.051355570554733276,0.0,0.0,2,
2018-06-18 13:00:00,148,0.0,1.028584599494934,0.04826999828219414,-1.028584599494934,0.0,0.0,1.028584599494934,1.028584599494934,0.0,0.0,2,
2018-06-18 14:00:00,148,0.0,0.07845919579267502,0.04805999994277954,-0.07845919579267502,0.0,0.0,0.07845919579267502,0.07845919579267502,0.0,0.0,2,
2018-06-18 15:00:00,148,0.0,0.05516631901264191,0.04946250095963478,-0.05516631901264191,0.0,0.0,0.05516631901264191,0.05516631901264191,0.0,0.0,2,
2018-06-18 16:00:00,148,0.0,0.011393198743462563,0.0528700016438961,-0.011393198743462563,0.0,0.0,0.011393198743462563,0.011393198743462563,0.0,0.0,2,
2018-06-18 17:00:00,148,0.0,0.0,0.05662250146269798,0.0,0.0,0.0,-0.0,-0.0,0.0,0.0,2,
2018-06-18 18:00:00,148,0.0,0.0,0.056437499821186066,0.0,0.0,0.0,-0.0,-0.0,0.0,0.0,2,
2018-06-18 19:00:00,148,0.0,0.0,0.05443749949336052,0.0,0.0,0.0,-0.0,-0.0,0.0,0.0,2,
2018-06-18 20:00:00,148,0.0,0.0,0.051477499306201935,0.0,0.0,0.0,-0.0,-0.0,0.0,0.0,2,
2018-06-18 21:00:00,148,0.0,0.0,0.05019500106573105,0.0,0.0,0.0,-0.0,-0.0,0.0,0.0,2,
2018-06-18 22:00:00,148,0.0,0.0,0.04966749995946884,0.0,0.0,0.0,-0.0,-0.0,0.0,0.0,2,
2018-06-18 23:00:00,148,0.0,0.0,0.04732999950647354,0.0,0.0,0.0,-0.0,-0.0,0.0,0.0,2,
2018-06-19 00:00:00,148,0.0,0.0,0.04192499816417694,0.0,0.0,0.0,-0.0,-0.0,0.0,0.0,2,
2018-06-19 01:00:00,148,0.0,0.0,0.04428499937057495,0.0,0.0,0.0,-0.0,-0.0,0.0,0.0,2,
2018-06-19 02:00:00,148,0.0,0.0,0.04573750123381615,0.0,0.0,0.0,-0.0,-0.0,0.0,0.0,2,
2018-06-19 03:00:00,148,0.0,0.0,0.046275001019239426,0.0,0.0,0.0,-0.0,-0.0,0.0,0.0,2,
2018-06-19 04:00:00,148,0.0,0.0,0.04686500132083893,0.0,0.0,0.0,-0.0,-0.0,0.0,0.0,2,
2018-06-19 05:00:00,148,0.0,0.0,0.04967749863862991,0.0,0.0,0.0,-0.0,-0.0,0.0,0.0,2,
2018-06-19 06:00:00,148,0.0,0.0,0.051282498985528946,0.0,0.0,0.0,-0.0,-0.0,0.0,0.0,2,
2018-06-19 07:00:00,148,0.0,0.4028696119785309,0.05234000086784363,-0.4028696119785309,0.0,0.0,0.4028696119785309,0.4028696119785309,0.0,0.0,2,
2018-06-19 08:00:00,148,0.19997943937778473,0.6838774681091309,0.055319998413324356,-0.48389802873134613,0.0,0.0,0.48389802873134613,0.48389802873134613,0.0,0.0,2,
2018-06-19 09:00:00,148,0.1361788958311081,0.04155251011252403,0.06030000001192093,0.09462638571858406,0.0,0.09462638571858406,0.0,0.0,0.0,0.005705971059958653,2,
2018-06-19 10:00:00,148,0.07635777443647385,0.07781144231557846,0.060704998672008514,-0.0014536678791046143,0.0,0.0,0.0014536678791046143,0.0014536678791046143,0.0,0.0,2,
2018-06-19 11:00:00,148,0.11106777936220169,1.263866662979126,0.061012499034404755,-1.1527988836169243,0.0,0.0,1.1527988836169243,1.1527988836169243,0.0,0.0,2,
2018-06-19 12:00:00,148,0.10545527935028076,1.3261812925338745,0.060417499393224716,-1.2207260131835938,0.0,0.0,1.2207260131835938,1.2207260131835938,0.0,0.0,2,
2018-06-19 13:00:00,148,0.1347227841615677,0.14917893707752228,0.055217500776052475,-0.01445615291595459,0.0,0.0,0.01445615291595459,0.01445615291595459,0.0,0.0,2,
2018-06-19 14:00:00,148,0.11970499902963638,0.2490323930978775,0.054294999688863754,-0.12932739406824112,0.0,0.0,0.12932739406824112,0.12932739406824112,0.0,0.0,2,
2018-06-19 15:00:00,148,0.11798027902841568,0.256897509098053,0.06003250181674957,-0.1389172300696373,0.0,0.0,0.1389172300696373,0.1389172300696373,0.0,0.0,2,
2018-06-19 16:00:00,148,0.7391741871833801,0.13259734213352203,0.06661249697208405,0.6065768450498581,0.0,0.6065768450498581,0.0,0.0,0.0,0.040405598254219965,2,
2018-06-19 17:00:00,148,0.41815778613090515,0.06153205782175064,0.06947500258684158,0.3566257283091545,0.0,0.3566257283091545,0.0,0.0,0.0,0.024776573396812773,2,
2018-06-19 18:00:00,148,0.3318661153316498,1.2909472811967019e-17,0.06649249792098999,0.3318661153316498,0.0,0.3318661153316498,0.0,0.0,0.0,0.022066606983736747,2,
2018-06-19 19:00:00,148,0.32255637645721436,0.0,0.05508749932050705,0.32255637645721436,0.0,0.32255637645721436,0.0,0.0,0.0,0.017768824168912012,2,
2018-06-19 20:00:00,148,0.1643558293581009,-0.0,0.052367500960826874,0.1643558293581009,0.0,0.1643558293581009,0.0,0.0,0.0,0.008606904051827846,2,
2018-06-19 21:00:00,148,0.14093416929244995,-0.0,0.05077249929308891,0.14093416929244995,0.0,0.14093416929244995,0.0,0.0,0.0,0.007155580010772988,2,
2018-06-19 22:00:00,148,0.1363661140203476,-0.0,0.051007501780986786,0.1363661140203476,0.0,0.1363661140203476,0.0,0.0,0.0,0.006955694803759127,2,
2018-06-19 23:00:00,148,0.10741139203310013,-0.0,0.055262498557567596,0.10741139203310013,0.0,0.10741139203310013,0.0,0.0,0.0,0.0059358218972955235,2,
2018-06-20 00:00:00,148,0.09989916533231735,-0.0,0.05455499887466431,0.09989916533231735,0.0,0.09989916533231735,0.0,0.0,0.0,0.005449998852284477,2,
2018-06-20 01:00:00,148,0.113004170358181,-0.0,0.055287498980760574,0.113004170358181,0.0,0.113004170358181,0.0,0.0,0.0,0.006247717953499626,2,
2018-06-20 02:00:00,148,0.090359166264534,-0.0,0.05241499841213226,0.090359166264534,0.0,0.090359166264534,0.0,0.0,0.0,0.004736175556277145,2,
2018-06-20 03:00:00,148,0.7674039006233215,-0.0,0.047905001789331436,0.7674039006233215,0.0,0.7674039006233215,0.0,0.0,0.0,0.03676248523250014,2,
2018-06-20 04:00:00,148,0.7199791669845581,-0.0,0.047839999198913574,0.7199791669845581,0.0,0.7199791669845581,0.0,0.0,0.0,0.03444380277177572,2,
2018-06-20 05:00:00,148,0.3831961154937744,-0.0,0.0496474988758564,0.3831961154937744,0.0,0.3831961154937744,0.0,0.0,0.0,0.019024728713209704,2,
2018-06-20 06:00:00,148,0.2549374997615814,-0.0,0.050987500697374344,0.2549374997615814,0.0,0.2549374997615814,0.0,0.0,0.0,0.012998625946880504,2,
2018-06-20 07:00:00,148,0.1307380497455597,0.0,0.05380500108003616,0.1307380497455597,0.0,0.1307380497455597,0.0,0.0,0.0,0.007034360907761661,2,
2018-06-20 08:00:00,148,0.1286086142063141,0.0,0.055799998342990875,0.1286086142063141,0.0,0.1286086142063141,0.0,0.0,0.0,0.007176360459606679,2,
2018-06-20 09:00:00,148,0.10302388668060303,0.0,0.054864998906850815,0.10302388668060303,0.0,0.10302388668060303,0.0,0.0,0.0,0.005652405430110807,2,
2018-06-20 10:00:00,148,0.09338527917861938,0.0,0.05340249836444855,0.09338527917861938,0.0,0.09338527917861938,0.0,0.0,0.0,0.004987007218599793,2,
2018-06-20 11:00:00,148,0.10881555825471878,0.0,0.05012499913573265,0.10881555825471878,0.0,0.10881555825471878,0.0,0.0,0.0,0.005454379763472045,2,
2018-06-20 12:00:00,148,0.12289249897003174,2.738091468811035,0.05015749856829643,-2.6151989698410034,1.4249999999999998,0.0,1.1151989698410034,1.1151989698410034,1.5,0.0015,0,
2018-06-20 13:00:00,148,0.10887861251831055,0.9762219786643982,0.049962498247623444,-0.8673433661460876,1.4249999999999998,0.0,0.8673433661460876,0.8673433661460876,0.0,0.0,2,
2018-06-20 14:00:00,148,1.0352191925048828,1.7062309980392456,0.04996500164270401,-0.6710118055343628,2.8499999999999996,0.8289881944656372,0.0,0.0,1.5,0.042920396498257796,0,
2018-06-20 15:00:00,148,0.9792077541351318,0.015884997323155403,0.05196249857544899,0.9633227568119764,1.835976045461077,0.0,-0.0,-0.0,0.9633227568119764,0.0009633227568119764,2,
2018-06-20 16:00:00,148,0.5801100134849548,0.06295590102672577,0.051512498408555984,0.5171541124582291,1.2916032955050465,0.0,-0.0,-0.0,0.5171541124582291,0.0005171541124582291,2,
2018-06-20 17:00:00,148,0.28379499912261963,0.04616231471300125,0.05077999830245972,0.23763268440961838,1.0414636277054483,0.0,-0.0,-0.0,0.23763268440961838,0.00023763268440961838,2,
2018-06-20 18:00:00,148,0.16042722761631012,1.9187458505431116e-17,0.05372999981045723,0.1604272276163101,0.872592861793543,0.0,-0.0,-0.0,0.1604272276163101,0.0001604272276163101,2,
2018-06-20 19:00:00,148,0.6054725050926208,0.0,0.054749999195337296,0.6054725050926208,0.2352533827486789,0.0,-0.0,-0.0,0.6054725050926208,0.0006054725050926209,2,
2018-06-20 20:00:00,148,0.36231082677841187,0.0,0.05435749888420105,0.36231082677841187,0.0,0.13882011316716691,0.0,0.0,0.22349071361124495,0.007769404860200183,2,
2018-06-20 21:00:00,148,0.18452110886573792,0.0,0.05340249836444855,0.18452110886573792,1.4249999999999998,1.684521108865738,0.0,0.0,1.5,0.09145763576108162,0,
2018-06-20 22:00:00,148,0.14369139075279236,0.0,0.05243249982595444,0.14369139075279236,1.2737459044707446,0.0,-0.0,-0.0,0.14369139075279236,0.00014369139075279236,2,
2018-06-20 23:00:00,148,0.12221666425466537,0.0,0.0525050014257431,0.12221666425466537,2.6987459044707443,1.6222166642546654,0.0,0.0,1.5,0.08667448826955543,0,
2018-06-21 00:00:00,148,0.09127194434404373,0.0,0.05015749856829643,0.09127194434404373,2.6026701735822773,0.0,-0.0,-0.0,0.09127194434404373,9.127194434404373e-05,2,
2018-06-21 01:00:00,148,0.12815417349338531,0.0,0.048852499574422836,0.12815417349338531,3.0,0.5463960960383567,0.0,0.0,0.41824192254497133,0.02711105697172509,0,
2018-06-21 02:00:00,148,0.10346388816833496,0.0,0.04522499814629555,0.10346388816833496,3.0,0.10346388816833496,0.0,0.0,0.0,0.0046791541506214784,0,
2018-06-21 03:00:00,148,0.6325344443321228,0.0,0.03772500157356262,0.6325344443321228,2.334174269124081,0.0,-0.0,-0.0,0.6325344443321228,0.0006325344443321228,2,
2018-06-21 04:00:00,148,0.5289847254753113,0.0,0.037927500903606415,0.5289847254753113,1.777348242307964,0.0,-0.0,-0.0,0.5289847254753113,0.0005289847254753113,2,
2018-06-21 05:00:00,148,0.5456072092056274,0.0,0.04111750051379204,0.5456072092056274,1.2030248641967773,0.0,-0.0,-0.0,0.5456072092056274,0.0005456072092056275,2,
2018-06-21 06:00:00,148,0.3643805682659149,0.0,0.04758000001311302,0.3643805682659149,0.8194663712852879,0.0,-0.0,-0.0,0.3643805682659149,0.00036438056826591493,2,
2018-06-21 07:00:00,148,0.09344694763422012,0.5440220236778259,0.04751500114798546,-0.4505750760436058,2.244466371285288,1.0494249239563942,0.0,0.0,1.5,0.051363426466512624,0,
2018-06-21 08:00:00,148,0.12138749659061432,2.0365469455718994,0.04613250121474266,-1.915159448981285,3.0,0.0,1.1198608924394828,1.1198608924394828,0.7952985565418023,0.0007952985565418023,0,
2018-06-21 09:00:00,148,0.12540917098522186,1.4878257513046265,0.046937499195337296,-1.3624165803194046,3.0,0.0,1.3624165803194046,1.3624165803194046,0.0,0.0,0,
2018-06-21 10:00:00,148,0.109253890812397,0.1817793846130371,0.04672250151634216,-0.0725254938006401,3.0,0.0,0.0725254938006401,0.0725254938006401,0.0,0.0,2,
2018-06-21 11:00:00,148,0.9766499996185303,0.2535856366157532,0.04618750140070915,0.7230643630027771,2.2388796178918136,0.0,-0.0,-0.0,0.7230643630027771,0.0007230643630027771,2,
2018-06-21 12:00:00,148,0.6083477735519409,0.3150918781757355,0.04629499837756157,0.29325589537620544,1.9301892017063342,0.0,-0.0,-0.0,0.29325589537620544,0.00029325589537620544,2,
2018-06-21 13:00:00,148,0.22986777126789093,0.34309035539627075,0.04631999880075455,-0.11322258412837982,1.9301892017063342,0.0,0.11322258412837982,0.11322258412837982,0.0,0.0,2,
2018-06-21 14:00:00,148,0.08025749772787094,0.27610427141189575,0.046277500689029694,-0.1958467736840248,1.9301892017063342,0.0,0.1958467736840248,0.1958467736840248,0.0,0.0,2,
2018-06-21 15:00:00,148,0.1090686097741127,0.2825196087360382,0.04816250130534172,-0.1734509989619255,1.9301892017063342,0.0,0.1734509989619255,0.1734509989619255,0.0,0.0,2,
2018-06-21 16:00:00,148,0.33075639605522156,0.1741671860218048,0.048889998346567154,0.15658921003341675,1.7653584543027376,0.0,-0.0,-0.0,0.15658921003341675,0.00015658921003341674,2,
2018-06-21 17:00:00,148,0.3431335985660553,0.09217716008424759,0.051317501813173294,0.2509564384818077,1.5011937822166241,0.0,-0.0,-0.0,0.2509564384818077,0.0002509564384818077,2,
2018-06-21 18:00:00,148,0.41352778673171997,5.042982374173643e-17,0.05155999958515167,0.4135277867317199,1.0659013751306032,0.0,-0.0,-0.0,0.4135277867317199,0.00041352778673171993,2,
2018-06-21 19:00:00,148,0.3714102804660797,0.0,0.05448500066995621,0.3714102804660797,0.6749431851663088,0.0,-0.0,-0.0,0.3714102804660797,0.00037141028046607975,2,
2018-06-21 20:00:00,148,0.2320469468832016,0.0,0.0545400008559227,0.2320469468832016,0.43068324107872813,0.0,-0.0,-0.0,0.2320469468832016,0.00023204694688320161,2,
2018-06-21 21:00:00,148,0.18444694578647614,0.0,0.05446749925613403,0.18444694578647614,0.2365285613034901,0.0,-0.0,-0.0,0.18444694578647614,0.00018444694578647613,2,
2018-06-21 22:00:00,148,0.11680722236633301,0.0,0.05256250128149986,0.11680722236633301,0.1135735903915606,0.0,-0.0,-0.0,0.11680722236633301,0.00011680722236633301,2,
2018-06-21 23:00:00,148,0.13711388409137726,0.0,0.05197500064969063,0.13711388409137726,0.0,0.029218973219394692,0.0,0.0,0.10789491087198257,0.0016265510629333148,2,
2018-06-22 00:00:00,148,0.1356813907623291,0.0,0.050927501171827316,0.1356813907623291,0.0,0.1356813907623291,0.0,0.0,0.0,0.006909914187043675,2,
2018-06-22 01:00:00,148,0.14267084002494812,0.0,0.045522499829530716,0.14267084002494812,0.0,0.14267084002494812,0.0,0.0,0.0,0.006494733290714705,2,
2018-06-22 02:00:00,148,0.6407102942466736,0.0,0.04596250131726265,0.6407102942466736,0.0,0.6407102942466736,0.0,0.0,0.0,0.029448647743296474,2,
2018-06-22 03:00:00,148,0.5293266773223877,0.0,0.04634999856352806,0.5293266773223877,0.0,0.5293266773223877,0.0,0.0,0.0,0.02453429073352975,2,
2018-06-22 04:00:00,148,0.5038119554519653,-0.0,0.04611000046133995,0.5038119554519653,0.0,0.5038119554519653,0.0,0.0,0.0,0.023230769498318704,2,
2018-06-22 05:00:00,148,0.35144221782684326,0.0,0.047542501240968704,0.35144221782684326,1.4249999999999998,1.8514422178268433,0.0,0.0,1.5,0.08952219393861455,0,
2018-06-22 06:00:00,148,0.21570555865764618,0.0,0.04822999984025955,0.21570555865764618,1.1979415172024774,0.0,-0.0,-0.0,0.21570555865764618,0.0002157055586576462,2,
2018-06-22 07:00:00,148,0.13618305325508118,0.05465812608599663,0.048739999532699585,0.08152492716908455,1.1121258043929148,0.0,-0.0,-0.0,0.08152492716908455,8.152492716908455e-05,2,
2018-06-22 08:00:00,148,0.10309138894081116,2.03459095954895,0.04956499859690666,-1.931499570608139,2.5371258043929146,0.0,0.43149957060813904,0.43149957060813904,1.5,0.0015,0,
2018-06-22 09:00:00,148,0.08911778032779694,0.25947898626327515,0.04901750013232231,-0.1703612059354782,2.5371258043929146,0.0,0.1703612059354782,0.1703612059354782,0.0,0.0,2,
2018-06-22 10:00:00,148,0.13588611781597137,2.7583606243133545,0.04836999997496605,-2.622474506497383,3.0,0.0,2.1352385111215035,2.1352385111215035,0.4872359953758794,0.0004872359953758794,0,
2018-06-22 11:00:00,148,0.11969833076000214,2.123553514480591,0.047655001282691956,-2.0038551837205887,3.0,0.0,2.0038551837205887,2.0038551837205887,0.0,0.0,0,
2018-06-22 12:00:00,148,0.07808833569288254,3.1995372772216797,0.047872498631477356,-3.121448941528797,3.0,0.0,3.121448941528797,3.121448941528797,0.0,0.0,0,
2018-06-22 13:00:00,148,0.12863805890083313,0.45051223039627075,0.04845999926328659,-0.3218741714954376,3.0,0.0,0.3218741714954376,0.3218741714954376,0.0,0.0,2,
2018-06-22 14:00:00,148,0.10529416799545288,0.37122929096221924,0.04775749891996384,-0.26593512296676636,3.0,0.0,0.26593512296676636,0.26593512296676636,0.0,0.0,2,
2018-06-22 15:00:00,148,0.13986749947071075,0.21247555315494537,0.047724999487400055,-0.07260805368423462,3.0,0.0,0.07260805368423462,0.07260805368423462,0.0,0.0,2,
2018-06-22 16:00:00,148,0.4062438905239105,0.11509408056735992,0.04859749972820282,0.2911498099565506,2.69352651583521,0.0,-0.0,-0.0,0.2911498099565506,0.0002911498099565506,2,
2018-06-22 17:00:00,148,0.31238582730293274,0.07300320267677307,0.052685000002384186,0.23938262462615967,2.44154480570241,0.0,-0.0,-0.0,0.23938262462615967,0.00023938262462615967,2,
2018-06-22 18:00:00,148,0.6029596924781799,3.226998990925342e-17,0.054032500833272934,0.6029596924781799,1.8068503925674837,0.0,-0.0,-0.0,0.6029596924781799,0.00060295969247818,2,
2018-06-22 19:00:00,148,0.9815760850906372,0.0,0.05706999823451042,0.9815760850906372,0.7736124082615496,0.0,-0.0,-0.0,0.9815760850906372,0.0009815760850906373,2,
2018-06-22 20:00:00,148,0.42977389693260193,0.0,0.05554249882698059,0.42977389693260193,0.3212188325430213,0.0,-0.0,-0.0,0.42977389693260193,0.0004297738969326019,2,
2018-06-22 21:00:00,148,0.18813306093215942,0.0,0.0509674996137619,0.18813306093215942,0.12318403156180086,0.0,-0.0,-0.0,0.18813306093215942,0.00018813306093215943,2,
2018-06-22 22:00:00,148,0.08608721941709518,0.0,0.05012249946594238,0.08608721941709518,0.03256590585959539,0.0,-0.0,-0.0,0.08608721941709518,8.608721941709519e-05,2,
2018-06-22 23:00:00,148,0.13278944790363312,-0.0,0.053564999252557755,0.13278944790363312,0.0,0.1018518373370175,0.0,0.0,0.030937610566615616,0.005486631201395592,2,
2018-06-23 00:00:00,148,0.10586555302143097,-0.0,0.05045250058174133,0.10586555302143097,0.0,0.10586555302143097,0.0,0.0,0.0,0.005341181875400114,2,
2018-06-23 01:00:00,148,0.1091972216963768,0.0,0.049504999071359634,0.1091972216963768,0.0,0.1091972216963768,0.0,0.0,0.0,0.005405808358674186,2,
2018-06-23 02:00:00,148,0.12027110904455185,-0.0,0.047532498836517334,0.12027110904455185,0.0,0.12027110904455185,0.0,0.0,0.0,0.00571678635072681,2,
2018-06-23 03:00:00,148,0.8142308592796326,-0.0,0.04589749872684479,0.8142308592796326,0.0,0.8142308592796326,0.0,0.0,0.0,0.03737115982714467,2,
2018-06-23 04:00:00,148,0.6739886403083801,-0.0,0.038883332163095474,0.6739886403083801,0.0,0.6739886403083801,0.0,0.0,0.0,0.026206924175263824,2,
2018-06-23 05:00:00,148,0.09084111452102661,-0.0,0.03886333480477333,0.09084111452102661,0.0,0.09084111452102661,0.0,0.0,0.0,0.0035303886476694135,2,
2018-06-23 06:00:00,148,0.815316379070282,-0.0,0.04583999887108803,0.815316379070282,0.0,0.815316379070282,0.0,0.0,0.0,0.037374101896161305,2,
2018-06-23 07:00:00,148,1.2620521783828735,0.0,0.045910000801086426,1.2620521783828735,0.0,1.2620521783828735,0.0,0.0,0.0,0.05794081652057059,2,
2018-06-23 08:00:00,148,0.5154814124107361,0.0,0.048272501677274704,0.5154814124107361,0.0,0.5154814124107361,0.0,0.0,0.0,0.02488357734520119,2,
2018-06-23 09:00:00,148,0.2596127688884735,0.044651005417108536,0.05100249871611595,0.21496176347136497,0.0,0.21496176347136497,0.0,0.0,0.0,0.010963587065462313,2,
2018-06-23 10:00:00,148,0.5000333189964294,0.032597608864307404,0.05060749873518944,0.46743571013212204,0.0,0.46743571013212204,0.0,0.0,0.0,0.023655752109293743,2,
2018-06-23 11:00:00,148,0.567698061466217,0.10383090376853943,0.04857249930500984,0.4638671576976776,0.0,0.4638671576976776,0.0,0.0,0.0,0.022531187194887337,2,
2018-06-23 12:00:00,148,0.14762111008167267,0.10431427508592606,0.04824500158429146,0.04330683499574661,0.0,0.04330683499574661,0.0,0.0,0.0,0.002089338322980444,2,
2018-06-23 13:00:00,148,0.0981886088848114,0.1231556162238121,0.04634249955415726,-0.024967007339000702,0.0,0.0,0.024967007339000702,0.024967007339000702,0.0,0.0,2,
2018-06-23 14:00:00,148,0.12811721861362457,0.1532442271709442,0.04602750018239021,-0.02512700855731964,0.0,0.0,0.02512700855731964,0.02512700855731964,0.0,0.0,2,
2018-06-23 15:00:00,148,0.180767223238945,0.1408872902393341,0.045214999467134476,0.0398799329996109,0.0,0.0398799329996109,0.0,0.0,0.0,0.0018031711493267655,2,
2018-06-23 16:00:00,148,0.2864427864551544,0.1087656244635582,0.047612499445676804,0.17767716199159622,0.0,0.17767716199159622,0.0,0.0,0.0,0.008459653776834303,2,
2018-06-23 17:00:00,148,0.15334443747997284,0.03822329640388489,0.057132501155138016,0.11512114107608795,0.0,0.11512114107608795,0.0,0.0,0.0,0.006577158725510401,2,
2018-06-23 18:00:00,148,0.7750277519226074,2.1455048423292134e-17,0.05756999924778938,0.7750277519226074,0.0,0.7750277519226074,0.0,0.0,0.0,0.044618347095200406,2,
2018-06-23 19:00:00,148,0.3105772137641907,0.0,0.059300001710653305,0.3105772137641907,0.0,0.3105772137641907,0.0,0.0,0.0,0.018417229307506444,2,
2018-06-23 20:00:00,148,0.17721250653266907,0.0,0.05895499885082245,0.17721250653266907,0.0,0.17721250653266907,0.0,0.0,0.0,0.01044756311898487,2,
2018-06-23 21:00:00,148,0.151468887925148,0.0,0.058742500841617584,0.151468887925148,0.0,0.151468887925148,0.0,0.0,0.0,0.008897661276421887,2,
2018-06-23 22:00:00,148,0.15761111676692963,-0.0,0.0578325018286705,0.15761111676692963,0.0,0.15761111676692963,0.0,0.0,0.0,0.009115045198642258,2,
2018-06-23 23:00:00,148,0.15808777511119843,-0.0,0.05685500055551529,0.15808777511119843,0.0,0.15808777511119843,0.0,0.0,0.0,0.008988080541767363,2,
2018-06-24 00:00:00,148,0.1340869516134262,-0.0,0.05087750032544136,0.1340869516134262,0.0,0.1340869516134262,0.0,0.0,0.0,0.006822008924349532,2,
2018-06-24 01:00:00,148,0.1292758285999298,-0.0,0.0516900010406971,0.1292758285999298,0.0,0.1292758285999298,0.0,0.0,0.0,0.0066822677148673515,2,
2018-06-24 02:00:00,148,0.5842158198356628,-0.0,0.05157250165939331,0.5842158198356628,0.0,0.5842158198356628,0.0,0.0,0.0,0.030129471337918545,2,
2018-06-24 03:00:00,148,0.5604338645935059,-0.0,0.0501599982380867,0.5604338645935059,0.0,0.5604338645935059,0.0,0.0,0.0,0.028111361660574374,2,
2018-06-24 04:00:00,148,0.08853194117546082,-0.0,0.05028250068426132,0.08853194117546082,0.0,0.08853194117546082,0.0,0.0,0.0,0.0044516073927340916,2,
2018-06-24 05:00:00,148,0.4051055610179901,-0.0,0.048567499965429306,0.4051055610179901,0.0,0.4051055610179901,0.0,0.0,0.0,0.019674964320736454,2,
2018-06-24 06:00:00,148,0.3224113881587982,-0.0,0.04804249852895737,0.3224113881587982,0.0,0.3224113881587982,0.0,0.0,0.0,0.015489448641338166,2,
2018-06-24 07:00:00,148,0.17981582880020142,0.012803420424461365,0.0474650003015995,0.16701240837574005,0.0,0.16701240837574005,0.0,0.0,0.0,0.00792724401392536,2,
2018-06-24 08:00:00,148,0.1225169450044632,0.08179067820310593,0.044987499713897705,0.04072626680135727,0.0,0.04072626680135727,0.0,0.0,0.0,0.0018321729160741818,2,
2018-06-24 09:00:00,148,0.100420281291008,0.2337539941072464,0.046537499874830246,-0.1333337128162384,0.0,0.0,0.1333337128162384,0.1333337128162384,0.0,0.0,2,
2018-06-24 10:00:00,148,0.7134897112846375,0.30862122774124146,0.04832249879837036,0.404868483543396,0.0,0.404868483543396,0.0,0.0,0.0,0.019564256809523783,2,
2018-06-24 11:00:00,148,0.2881655693054199,0.3265236020088196,0.04892750084400177,-0.03835803270339966,0.0,0.0,0.03835803270339966,0.03835803270339966,0.0,0.0,2,
2018-06-24 12:00:00,148,0.6920285820960999,0.35761144757270813,0.048579998314380646,0.3344171345233917,0.0,0.3344171345233917,0.0,0.0,0.0,0.016245983831446376,2,
2018-06-24 13:00:00,148,1.6505485773086548,0.438410222530365,0.047587499022483826,1.2121383547782898,0.0,1.2121383547782898,0.0,0.0,0.0,0.05768263277312702,2,
2018-06-24 14:00:00,148,0.8980855345726013,0.3422183394432068,0.047052498906850815,0.5558671951293945,0.0,0.5558671951293945,0.0,0.0,0.0,0.026154940591180065,2,
2018-06-24 15:00:00,148,0.7989341616630554,0.3012637794017792,0.045842498540878296,0.49767038226127625,0.0,0.49767038226127625,0.0,0.0,0.0,0.0228144537726509,2,
2018-06-24 16:00:00,148,0.8088491559028625,0.22825635969638824,0.04743750020861626,0.5805927962064743,0.0,0.5805927962064743,0.0,0.0,0.0,0.02754187089116572,2,
2018-06-24 17:00:00,148,0.5957061052322388,0.12944740056991577,0.050027500838041306,0.466258704662323,0.0,0.466258704662323,0.0,0.0,0.0,0.023325757738238417,2,
2018-06-24 18:00:00,148,0.8914372324943542,5.557397725314245e-17,0.05270000174641609,0.8914372324943541,0.0,0.8914372324943541,0.0,0.0,0.0,0.04697874370927279,2,
2018-06-24 19:00:00,148,0.682384192943573,0.0,0.060122501105070114,0.682384192943573,0.0,0.682384192943573,0.0,0.0,0.0,0.041026644394332346,2,
2018-06-24 20:00:00,148,0.2761586010456085,0.0,0.06025249883532524,0.2761586010456085,0.0,0.2761586010456085,0.0,0.0,0.0,0.016639245787865575,2,
2018-06-24 21:00:00,148,0.22128082811832428,0.0,0.06052500009536743,0.22128082811832428,0.0,0.22128082811832428,0.0,0.0,0.0,0.013393022142964561,2,
2018-06-24 22:00:00,148,0.1362186074256897,-0.0,0.05669249966740608,0.1362186074256897,0.0,0.1362186074256897,0.0,0.0,0.0,0.007722573356175433,2,
2018-06-24 23:00:00,148,0.13040804862976074,0.0,0.052639998495578766,0.13040804862976074,0.0,0.13040804862976074,0.0,0.0,0.0,0.006864679483681968,2,
2018-06-25 00:00:00,148,0.14099666476249695,0.0,0.051717501133680344,0.14099666476249695,0.0,0.14099666476249695,0.0,0.0,0.0,0.007291995169699583,2,
2018-06-25 01:00:00,148,0.10622972249984741,0.0,0.04995499923825264,0.10622972249984741,0.0,0.10622972249984741,0.0,0.0,0.0,0.005306705706559667,2,
2018-06-25 02:00:00,148,0.2158602774143219,0.0,0.04582500085234642,0.2158602774143219,0.0,0.2158602774143219,0.0,0.0,0.0,0.009891797396499036,2,
2018-06-25 03:00:00,148,0.7443247437477112,0.0,0.04637499898672104,0.7443247437477112,0.0,0.7443247437477112,0.0,0.0,0.0,0.0345180592370915,2,
2018-06-25 04:00:00,148,0.885241687297821,0.0,0.04605000093579292,0.885241687297821,0.0,0.885241687297821,0.0,0.0,0.0,0.040765380528467565,2,
2018-06-25 05:00:00,148,0.31165167689323425,0.0,0.04653500020503998,0.31165167689323425,0.0,0.31165167689323425,0.0,0.0,0.0,0.014502710848127709,2,
2018-06-25 06:00:00,148,0.49349749088287354,0.0,0.04763999953866005,0.49349749088287354,0.0,0.49349749088287354,0.0,0.0,0.0,0.023510220237989987,2,
2018-06-25 07:00:00,148,1.2313027381896973,0.049985215067863464,0.051362499594688416,1.1813175231218338,0.0,1.1813175231218338,0.0,0.0,0.0,0.06067542080254351,2,
2018-06-25 08:00:00,148,0.4409158229827881,0.18849310278892517,0.05208500102162361,0.2524227201938629,0.0,0.2524227201938629,0.0,0.0,0.0,0.013147437639178361,2,
2018-06-25 09:00:00,148,0.38759416341781616,0.35320255160331726,0.0502374991774559,0.0343916118144989,0.0,0.0343916118144989,0.0,0.0,0.0,0.0017277485702422712,2,
2018-06-25 10:00:00,148,0.1457763910293579,0.4766499698162079,0.04934750124812126,-0.33087357878685,0.0,0.0,0.33087357878685,0.33087357878685,0.0,0.0,2,
2018-06-25 11:00:00,148,0.30716028809547424,0.531217098236084,0.04907499998807907,-0.22405681014060974,0.0,0.0,0.22405681014060974,0.22405681014060974,0.0,0.0,2,
2018-06-25 12:00:00,148,0.3032313883304596,0.5203952193260193,0.0491349995136261,-0.2171638309955597,0.0,0.0,0.2171638309955597,0.2171638309955597,0.0,0.0,2,
2018-06-25 13:00:00,148,0.13776805996894836,0.5358197689056396,0.04885999858379364,-0.3980517089366913,0.0,0.0,0.3980517089366913,0.3980517089366913,0.0,0.0,2,
2018-06-25 14:00:00,148,0.10909777879714966,0.41609975695610046,0.048500001430511475,-0.3070019781589508,0.0,0.0,0.3070019781589508,0.3070019781589508,0.0,0.0,2,
2018-06-25 15:00:00,148,0.17725417017936707,0.32035118341445923,0.05316999927163124,-0.14309701323509216,0.0,0.0,0.14309701323509216,0.14309701323509216,0.0,0.0,2,
2018-06-25 16:00:00,148,0.775422215461731,0.21341776847839355,0.0579025000333786,0.5620044469833374,0.0,0.5620044469833374,0.0,0.0,0.0,0.032541462510211616,2,
2018-06-25 17:00:00,148,0.25815168023109436,0.11622635275125504,0.06270000338554382,0.14192532747983932,0.0,0.14192532747983932,0.0,0.0,0.0,0.008898718513480341,2,
2018-06-25 18:00:00,148,0.5194638967514038,4.492179017014588e-17,0.06382250040769577,0.5194638967514038,0.0,0.5194638967514038,0.0,0.0,0.0,0.0331534847621997,2,
2018-06-25 19:00:00,148,0.932949423789978,0.0,0.061969999223947525,0.932949423789978,0.0,0.932949423789978,0.0,0.0,0.0,0.05781487506824723,2,
2018-06-25 20:00:00,148,0.1997230499982834,0.0,0.057782500982284546,0.1997230499982834,0.0,0.1997230499982834,0.0,0.0,0.0,0.011540497332710675,2,
2018-06-25 21:00:00,148,0.25243639945983887,-0.0,0.054157499223947525,0.25243639945983887,0.0,0.25243639945983887,0.0,0.0,0.0,0.013671324107842331,2,
2018-06-25 22:00:00,148,0.21118028461933136,-0.0,0.05112500116229057,0.21118028461933136,0.0,0.21118028461933136,0.0,0.0,0.0,0.01079659229661617,2,
2018-06-25 23:00:00,148,0.17905250191688538,-0.0,0.05045749992132187,0.17905250191688538,0.0,0.17905250191688538,0.0,0.0,0.0,0.009034541601383728,2,
2018-06-26 00:00:00,148,0.14250777661800385,-0.0,0.05174750089645386,0.14250777661800385,0.0,0.14250777661800385,0.0,0.0,0.0,0.0073744212982918,2,
2018-06-26 01:00:00,148,0.1273336112499237,-0.0,0.05092500150203705,0.1273336112499237,0.0,0.1273336112499237,0.0,0.0,0.0,0.006484464344162166,2,
2018-06-26 02:00:00,148,0.13167999684810638,-0.0,0.05207499861717224,0.13167999684810638,0.0,0.13167999684810638,0.0,0.0,0.0,0.006857235653774385,2,
2018-06-26 03:00:00,148,0.14499278366565704,-0.0,0.05067500099539757,0.14499278366565704,0.0,0.14499278366565704,0.0,0.0,0.0,0.007347509456582635,2,
2018-06-26 04:00:00,148,0.579782247543335,-0.0,0.050257500261068344,0.579782247543335,0.0,0.579782247543335,0.0,0.0,0.0,0.029138406457271948,2,
2018-06-26 05:00:00,148,0.7260450124740601,-0.0,0.051317501813173294,0.7260450124740601,0.0,0.7260450124740601,0.0,0.0,0.0,0.037258816244083004,2,
2018-06-26 06:00:00,148,0.39210501313209534,-0.0,0.0524275004863739,0.39210501313209534,0.0,0.39210501313209534,0.0,0.0,0.0,0.020557085766692573,2,
2018-06-26 07:00:00,148,0.11035861074924469,0.0,0.05459250137209892,0.11035861074924469,0.0,0.11035861074924469,0.0,0.0,0.0,0.006024752608751072,2,
2018-06-26 08:00:00,148,0.14154694974422455,0.0,0.060169998556375504,0.14154694974422455,0.0,0.14154694974422455,0.0,0.0,0.0,0.008516879761769347,2,
2018-06-26 09:00:00,148,0.10967055708169937,0.0,0.058570001274347305,0.10967055708169937,0.0,0.10967055708169937,0.0,0.0,0.0,0.006423404668033511,2,
2018-06-26 10:00:00,148,0.10498277842998505,0.0,0.054557498544454575,0.10498277842998505,0.0,0.10498277842998505,0.0,0.0,0.0,0.005727597781386706,2,
2018-06-26 11:00:00,148,0.15181110799312592,0.0,0.05112500116229057,0.15181110799312592,0.0,0.15181110799312592,0.0,0.0,0.0,0.007761343072597182,2,
2018-06-26 12:00:00,148,0.11719222366809845,0.04823680222034454,0.05209999904036522,0.0689554214477539,0.0,0.0689554214477539,0.0,0.0,0.0,0.0035925773912559578,2,
2018-06-26 13:00:00,148,0.1405188888311386,0.056811392307281494,0.05243000015616417,0.08370749652385712,0.0,0.08370749652385712,0.0,0.0,0.0,0.00438878405581794,2,
2018-06-26 14:00:00,148,0.1377730518579483,0.0,0.052149999886751175,0.1377730518579483,0.0,0.1377730518579483,0.0,0.0,0.0,0.007184864638789368,2,
2018-06-26 15:00:00,148,0.13180221617221832,0.0,0.05781000107526779,0.13180221617221832,0.0,0.13180221617221832,0.0,0.0,0.0,0.007619486258638619,2,
2018-06-26 16:00:00,148,0.531463623046875,0.0,0.06407249718904495,0.531463623046875,0.0,0.531463623046875,0.0,0.0,0.0,0.034052201493750545,2,
2018-06-26 17:00:00,148,0.6772238612174988,0.0,0.06570249795913696,0.6772238612174988,0.0,0.6772238612174988,0.0,0.0,0.0,0.04449529935952157,2,
2018-06-26 18:00:00,148,0.4358372092247009,0.0,0.06784500181674957,0.4358372092247009,0.0,0.4358372092247009,0.0,0.0,0.0,0.029569376251656898,2,
2018-06-26 19:00:00,148,0.44032081961631775,-0.0,0.06260249763727188,0.44032081961631775,0.0,0.44032081961631775,0.0,0.0,0.0,0.02756518306967215,2,
2018-06-26 20:00:00,148,2.076066017150879,-0.0,0.06120250001549721,2.076066017150879,0.0,2.076066017150879,0.0,0.0,0.0,0.1270604304468499,2,
2018-06-26 21:00:00,148,0.21119722723960876,-0.0,0.053062498569488525,0.21119722723960876,0.0,0.21119722723960876,0.0,0.0,0.0,0.011206652568281683,2,
2018-06-26 22:00:00,148,0.15629111230373383,-0.0,0.051739998161792755,0.15629111230373383,0.0,0.15629111230373383,0.0,0.0,0.0,0.008086501863299733,2,
2018-06-26 23:00:00,148,0.1325744390487671,-0.0,0.05396749824285507,0.1325744390487671,0.0,0.1325744390487671,0.0,0.0,0.0,0.007154710806411835,2,
2018-06-27 00:00:00,148,0.08544860780239105,-0.0,0.04949750006198883,0.08544860780239105,0.0,0.08544860780239105,0.0,0.0,0.0,0.00422949246999571,2,
2018-06-27 01:00:00,148,0.13041193783283234,-0.0,0.04852500185370445,0.13041193783283234,0.0,0.13041193783283234,0.0,0.0,0.0,0.006328239525083379,2,
2018-06-27 02:00:00,148,0.10626360774040222,-0.0,0.04829249903559685,0.10626360774040222,0.0,0.10626360774040222,0.0,0.0,0.0,0.005131735174322416,2,
2018-06-27 03:00:00,148,0.10883305221796036,-0.0,0.048432499170303345,0.10883305221796036,0.0,0.10883305221796036,0.0,0.0,0.0,0.005271056711247946,2,
2018-06-27 04:00:00,148,0.165058895945549,-0.0,0.047805000096559525,0.165058895945549,0.0,0.165058895945549,0.0,0.0,0.0,0.007890640536614979,2,
2018-06-27 05:00:00,148,0.3485780656337738,-0.0,0.04815249890089035,0.3485780656337738,0.0,0.3485780656337738,0.0,0.0,0.0,0.016784904922304777,2,
2018-06-27 06:00:00,148,0.4673125147819519,-0.0,0.048637498170137405,0.4673125147819519,0.0,0.4673125147819519,0.0,0.0,0.0,0.022728911582589495,2,
2018-06-27 07:00:00,148,1.6850330829620361,0.0,0.04886249825358391,1.6850330829620361,0.0,1.6850330829620361,0.0,0.0,0.0,0.0823349260734636,2,
2018-06-27 08:00:00,148,0.9033836126327515,0.0,0.04931750148534775,0.9033836126327515,0.0,0.9033836126327515,0.0,0.0,0.0,0.044552622657854535,2,
2018-06-27 09:00:00,148,0.3477613925933838,0.0,0.051454998552799225,0.3477613925933838,0.0,0.3477613925933838,0.0,0.0,0.0,0.017894061952612006,2,
2018-06-27 10:00:00,148,0.14427778124809265,0.0,0.050472501665353775,0.14427778124809265,0.0,0.14427778124809265,0.0,0.0,0.0,0.007282060554317904,2,
2018-06-27 11:00:00,148,0.289748877286911,0.0,0.05035249888896942,0.289748877286911,0.0,0.289748877286911,0.0,0.0,0.0,0.014589580021669324,2,
2018-06-27 12:00:00,148,0.20297639071941376,0.0,0.050415001809597015,0.20297639071941376,0.0,0.20297639071941376,0.0,0.0,0.0,0.010233055105424715,2,
2018-06-27 13:00:00,148,0.2137363851070404,0.0004960497026331723,0.04983250051736832,0.21324033540440723,0.0,0.21324033540440723,0.0,0.0,0.0,0.010626299124363917,2,
2018-06-27 14:00:00,148,0.22494305670261383,0.0,0.057429999113082886,0.22494305670261383,0.0,0.22494305670261383,0.0,0.0,0.0,0.012918479546925266,2,
2018-06-27 15:00:00,148,0.14803749322891235,0.0,0.05269499868154526,0.14803749322891235,0.0,0.14803749322891235,0.0,0.0,0.0,0.0078008355105168015,2,
2018-06-27 16:00:00,148,0.09960000216960907,0.0,0.05466499924659729,0.09960000216960907,0.0,0.09960000216960907,0.0,0.0,0.0,0.005444634043562768,2,
2018-06-27 17:00:00,148,0.2761536240577698,0.0,0.058959998190402985,0.2761536240577698,0.0,0.2761536240577698,0.0,0.0,0.0,0.016282017174719332,2,
2018-06-27 18:00:00,148,0.30414193868637085,0.0,0.059187501668930054,0.30414193868637085,0.0,0.30414193868637085,0.0,0.0,0.0,0.018001401503591197,2,
2018-06-27 19:00:00,148,0.9978772401809692,-0.0,0.05554249882698059,0.9978772401809692,0.0,0.9978772401809692,0.0,0.0,0.0,0.05542459544222211,2,
2018-06-27 20:00:00,148,0.34844833612442017,-0.0,0.05064750090241432,0.34844833612442017,0.0,0.34844833612442017,0.0,0.0,0.0,0.01764803741830634,2,
2018-06-27 21:00:00,148,0.22712861001491547,-0.0,0.05077749863266945,0.22712861001491547,0.0,0.22712861001491547,0.0,0.0,0.0,0.011533022684472483,2,
2018-06-27 22:00:00,148,0.15137527883052826,-0.0,0.0501675009727478,0.15137527883052826,0.0,0.15137527883052826,0.0,0.0,0.0,0.007594119447980496,2,
2018-06-27 23:00:00,148,0.12911555171012878,-0.0,0.05158500000834465,0.12911555171012878,0.0,0.12911555171012878,0.0,0.0,0.0,0.0066604257360444175,2,
2018-06-28 00:00:00,148,0.10912833362817764,-0.0,0.0492824986577034,0.10912833362817764,0.0,0.10912833362817764,0.0,0.0,0.0,0.0053781169555480735,2,
2018-06-28 01:00:00,148,0.09896555542945862,-0.0,0.0402766652405262,0.09896555542945862,0.0,0.09896555542945862,0.0,0.0,0.0,0.003986002546375045,2,
2018-06-28 02:00:00,148,0.09823388606309891,-0.0,0.0403333343565464,0.09823388606309891,0.0,0.09823388606309891,0.0,0.0,0.0,0.003962100171725852,2,
2018-06-28 03:00:00,148,0.11823222041130066,-0.0,0.04622749984264374,0.11823222041130066,0.0,0.11823222041130066,0.0,0.0,0.0,0.005465579950458821,2,
2018-06-28 04:00:00,148,0.11266666650772095,-0.0,0.04757000133395195,0.11266666650772095,0.0,0.11266666650772095,0.0,0.0,0.0,0.005359553476064205,2,
2018-06-28 05:00:00,148,0.3856586217880249,-0.0,0.047325000166893005,0.3856586217880249,0.0,0.3856586217880249,0.0,0.0,0.0,0.018251294340482005,2,
2018-06-28 06:00:00,148,0.3677455484867096,-0.0,0.04881500080227852,0.3677455484867096,0.0,0.3677455484867096,0.0,0.0,0.0,0.017951499244413083,2,
2018-06-28 07:00:00,148,0.5679316520690918,0.0,0.049217499792575836,0.5679316520690918,0.0,0.5679316520690918,0.0,0.0,0.0,0.027952175967907777,2,
2018-06-28 08:00:00,148,0.5390310883522034,0.060693349689245224,0.046720001846551895,0.47833773866295815,0.0,0.47833773866295815,0.0,0.0,0.0,0.022347940033608862,2,
2018-06-28 09:00:00,148,0.14571666717529297,0.033400170505046844,0.02500000037252903,0.11231649667024612,0.0,0.11231649667024612,0.0,0.0,0.0,0.0028079124585973086,2,
2018-06-28 10:00:00,148,0.2792505621910095,0.03923316299915314,0.05324250087141991,0.24001739919185638,0.0,0.24001739919185638,0.0,0.0,0.0,0.012779126585628353,2,
2018-06-28 11:00:00,148,0.1376594454050064,0.084023617208004,0.049594998359680176,0.05363582819700241,0.0,0.05363582819700241,0.0,0.0,0.0,0.0026600688114504223,2,
2018-06-28 12:00:00,148,0.1411869376897812,0.10337555408477783,0.0493599995970726,0.03781138360500336,0.0,0.03781138360500336,0.0,0.0,0.0,0.0018663698795077233,2,
2018-06-28 13:00:00,148,0.13228055834770203,0.11021251976490021,0.05025250092148781,0.02206803858280182,0.0,0.02206803858280182,0.0,0.0,0.0,0.001108974129217677,2,
2018-06-28 14:00:00,148,0.1685519516468048,0.1421671062707901,0.04970749840140343,0.02638484537601471,0.0,0.02638484537601471,0.0,0.0,0.0,0.0013115246593495278,2,
2018-06-28 15:00:00,148,0.13795416057109833,0.16747230291366577,0.052012499421834946,-0.029518142342567444,0.0,0.0,0.029518142342567444,0.029518142342567444,0.0,0.0,2,
2018-06-28 16:00:00,148,0.1585497260093689,0.13358737528324127,0.05146250128746033,0.024962350726127625,0.0,0.024962350726127625,0.0,0.0,0.0,0.0012846250063813791,2,
2018-06-28 17:00:00,148,0.27472221851348877,0.078760527074337,0.05319000035524368,0.19596169143915176,0.0,0.19596169143915176,0.0,0.0,0.0,0.010423202437262635,2,
2018-06-28 18:00:00,148,0.9576666951179504,3.750769423921674e-17,0.05431250110268593,0.9576666951179504,0.0,0.9576666951179504,0.0,0.0,0.0,0.05201327343459927,2,
2018-06-28 19:00:00,148,0.7153549790382385,0.0,0.05385249853134155,0.7153549790382385,0.0,0.7153549790382385,0.0,0.0,0.0,0.03852365295804461,2,
2018-06-28 20:00:00,148,0.21993444859981537,0.0,0.051569998264312744,0.21993444859981537,0.0,0.21993444859981537,0.0,0.0,0.0,0.011342019132555059,2,
2018-06-28 21:00:00,148,0.1791883260011673,0.0,0.05005250126123428,0.1791883260011673,0.0,0.1791883260011673,0.0,0.0,0.0,0.008968823913171886,2,
2018-06-28 22:00:00,148,0.1868305504322052,0.0,0.050132498145103455,0.1868305504322052,0.0,0.1868305504322052,0.0,0.0,0.0,0.009366282222991185,2,
2018-06-28 23:00:00,148,0.10584722459316254,-0.0,0.050497498363256454,0.10584722459316254,0.0,0.10584722459316254,0.0,0.0,0.0,0.0053450200506484635,2,
2018-06-29 00:00:00,148,0.1705380529165268,-0.0,0.051032498478889465,0.1705380529165268,0.0,0.1705380529165268,0.0,0.0,0.0,0.008702982926055425,2,
2018-06-29 01:00:00,148,0.12895610928535461,-0.0,0.04983000084757805,0.12895610928535461,0.0,0.12895610928535461,0.0,0.0,0.0,0.006425883034989588,2,
2018-06-29 02:00:00,148,0.17732194066047668,-0.0,0.04946500062942505,0.17732194066047668,0.0,0.17732194066047668,0.0,0.0,0.0,0.00877122990638135,2,
2018-06-29 03:00:00,148,0.732937753200531,-0.0,0.04726250097155571,0.732937753200531,0.0,0.732937753200531,0.0,0.0,0.0,0.034640471272729956,2,
2018-06-29 04:00:00,148,0.49506887793540955,-0.0,0.046982500702142715,0.49506887793540955,0.0,0.49506887793540955,0.0,0.0,0.0,0.023259573905209385,2,
2018-06-29 05:00:00,148,0.6743916869163513,-0.0,0.047564998269081116,0.6743916869163513,0.0,0.6743916869163513,0.0,0.0,0.0,0.032077439420858944,2,
2018-06-29 06:00:00,148,0.37320637702941895,-0.0,0.04944249987602234,0.37320637702941895,0.0,0.37320637702941895,0.0,0.0,0.0,0.018452256250007792,2,
2018-06-29 07:00:00,148,1.2837141752243042,0.0,0.05091249942779541,1.2837141752243042,0.0,1.2837141752243042,0.0,0.0,0.0,0.06535709721156024,2,
2018-06-29 08:00:00,148,0.6380858421325684,0.0,0.053027499467134476,0.6380858421325684,0.0,0.6380858421325684,0.0,0.0,0.0,0.03383609665367082,2,
2018-06-29 09:00:00,148,0.5843233466148376,0.0,0.052252501249313354,0.5843233466148376,0.0,0.5843233466148376,0.0,0.0,0.0,0.030532356398994764,2,
2018-06-29 10:00:00,148,0.2895788848400116,0.0,0.049959998577833176,0.2895788848400116,0.0,0.2895788848400116,0.0,0.0,0.0,0.014467360674777496,2,
2018-06-29 11:00:00,148,0.12979722023010254,0.0,0.04818499833345413,0.12979722023010254,0.0,0.12979722023010254,0.0,0.0,0.0,0.00625427884047447,2,
2018-06-29 12:00:00,148,0.2609750032424927,0.0,0.048695001751184464,0.2609750032424927,0.0,0.2609750032424927,0.0,0.0,0.0,0.012708178239908552,2,
2018-06-29 13:00:00,148,0.18711444735527039,0.0,0.04763749986886978,0.18711444735527039,0.0,0.18711444735527039,0.0,0.0,0.0,0.008913664461350335,2,
2018-06-29 14:00:00,148,0.42533445358276367,0.0,0.047605000436306,0.42533445358276367,0.0,0.42533445358276367,0.0,0.0,0.0,0.02024804684838344,2,
2018-06-29 15:00:00,148,0.12591028213500977,0.0,0.050222501158714294,0.12591028213500977,0.0,0.12591028213500977,0.0,0.0,0.0,0.006323529290419572,2,
2018-06-29 16:00:00,148,0.391836941242218,0.0,0.050255000591278076,0.391836941242218,0.0,0.391836941242218,0.0,0.0,0.0,0.01969176571381226,2,
2018-06-29 17:00:00,148,0.7210975289344788,0.0,0.05328749865293503,0.7210975289344788,0.0,0.7210975289344788,0.0,0.0,0.0,0.038425483601730814,2,
2018-06-29 18:00:00,148,0.524554431438446,0.0,0.05460000038146973,0.524554431438446,0.0,0.524554431438446,0.0,0.0,0.0,0.02864067215664079,2,
2018-06-29 19:00:00,148,1.5127381086349487,-0.0,0.05335500091314316,1.5127381086349487,0.0,1.5127381086349487,0.0,0.0,0.0,0.08071214316756414,2,
2018-06-29 20:00:00,148,0.26148778200149536,-0.0,0.05114249885082245,0.26148778200149536,0.0,0.26148778200149536,0.0,0.0,0.0,0.013373138590515588,2,
2018-06-29 21:00:00,148,0.2168113887310028,-0.0,0.050895001739263535,0.2168113887310028,0.0,0.2168113887310028,0.0,0.0,0.0,0.01103461600655653,2,
2018-06-29 22:00:00,148,0.1893025040626526,-0.0,0.050905000418424606,0.1893025040626526,0.0,0.1893025040626526,0.0,0.0,0.0,0.009636444048518156,2,
2018-06-29 23:00:00,148,0.12481500208377838,-0.0,0.050964999943971634,0.12481500208377838,0.0,0.12481500208377838,0.0,0.0,0.0,0.006361196574206585,2,
2018-06-30 00:00:00,148,0.13988110423088074,-0.0,0.04900500178337097,0.13988110423088074,0.0,0.13988110423088074,0.0,0.0,0.0,0.006854873762294211,2,
2018-06-30 01:00:00,148,0.12364166975021362,-0.0,0.04703750088810921,0.12364166975021362,0.0,0.12364166975021362,0.0,0.0,0.0,0.005815795150682979,2,
2018-06-30 02:00:00,148,0.10367666929960251,-0.0,0.046424999833106995,0.10367666929960251,0.0,0.10367666929960251,0.0,0.0,0.0,0.0048131893549311355,2,
2018-06-30 03:00:00,148,0.10649361461400986,-0.0,0.04562750086188316,0.10649361461400986,0.0,0.10649361461400986,0.0,0.0,0.0,0.004859037492585788,2,
2018-06-30 04:00:00,148,0.18641333281993866,-0.0,0.04553249850869179,0.18641333281993866,0.0,0.18641333281993866,0.0,0.0,0.0,0.008487864798624123,2,
2018-06-30 05:00:00,148,0.24059554934501648,-0.0,0.04580000042915344,0.24059554934501648,0.0,0.24059554934501648,0.0,0.0,0.0,0.011019276263254163,2,
2018-06-30 06:00:00,148,0.32989972829818726,-0.0,0.044107500463724136,0.32989972829818726,0.0,0.32989972829818726,0.0,0.0,0.0,0.014551052418894761,2,
2018-06-30 07:00:00,148,0.17061083018779755,0.0,0.04839250072836876,0.17061083018779755,0.0,0.17061083018779755,0.0,0.0,0.0,0.008256284724130591,2,
2018-06-30 08:00:00,148,0.5552002787590027,0.0,0.052365001291036606,0.5552002787590027,0.0,0.5552002787590027,0.0,0.0,0.0,0.02907306331399906,2,
2018-06-30 09:00:00,148,0.30123889446258545,0.0,0.054409999400377274,0.30123889446258545,0.0,0.30123889446258545,0.0,0.0,0.0,0.016390408067079587,2,
2018-06-30 10:00:00,148,0.23063777387142181,0.0,0.053747501224279404,0.23063777387142181,0.0,0.23063777387142181,0.0,0.0,0.0,0.01239620403351932,2,
2018-06-30 11:00:00,148,0.2084961086511612,0.0,0.049447499215602875,0.2084961086511612,0.0,0.2084961086511612,0.0,0.0,0.0,0.010309611168984545,2,
2018-06-30 12:00:00,148,0.20239277184009552,0.0,0.04923750087618828,0.20239277184009552,0.0,0.20239277184009552,0.0,0.0,0.0,0.009965314280810877,2,
2018-06-30 13:00:00,148,0.7372066378593445,0.0,0.04777250066399574,0.7372066378593445,0.0,0.7372066378593445,0.0,0.0,0.0,0.0352182045966376,2,
2018-06-30 14:00:00,148,0.6678602695465088,0.0,0.047987498342990875,0.6678602695465088,0.0,0.6678602695465088,0.0,0.0,0.0,0.03204894357821253,2,
2018-06-30 15:00:00,148,0.12708055973052979,0.0,0.05079749971628189,0.12708055973052979,0.0,0.12708055973052979,0.0,0.0,0.0,0.006455374696856531,2,
2018-06-30 16:00:00,148,0.2136113941669464,0.0,0.05177000164985657,0.2136113941669464,0.0,0.2136113941669464,0.0,0.0,0.0,0.011058662228450977,2,
2018-06-30 17:00:00,148,0.19200722873210907,0.0,0.05460749939084053,0.19200722873210907,0.0,0.19200722873210907,0.0,0.0,0.0,0.010485034626025624,2,
2018-06-30 18:00:00,148,0.40884166955947876,3.3865700720207012e-18,0.05747250095009804,0.40884166955947876,0.0,0.40884166955947876,0.0,0.0,0.0,0.02349715324219681,2,
2018-06-30 19:00:00,148,0.5911769270896912,-0.0,0.057887498289346695,0.5911769270896912,0.0,0.5911769270896912,0.0,0.0,0.0,0.03422175335560573,2,
2018-06-30 20:00:00,148,0.11696583032608032,-0.0,0.05838499963283539,0.11696583032608032,0.0,0.11696583032608032,0.0,0.0,0.0,0.006829049960642486,2,
2018-06-30 21:00:00,148,0.29417943954467773,-0.0,0.05532250180840492,0.29417943954467773,0.0,0.29417943954467773,0.0,0.0,0.0,0.01627474257620598,2,
2018-06-30 22:00:00,148,0.12522555887699127,-0.0,0.05423999950289726,0.12522555887699127,0.0,0.12522555887699127,0.0,0.0,0.0,0.0067922342512380385,2,
2018-06-30 23:00:00,148,0.11605888605117798,-0.0,0.05415999889373779,0.11605888605117798,0.0,0.11605888605117798,0.0,0.0,0.0,0.00628574914014024,2,"{'r': -5.578299, 'l': 401, 't': 2.047473}"
2018-06-14 08:00:00,151,0.27365222573280334,0.0,0.05043499916791916,0.27365222573280334,1.2119450255444175,0.0,-0.0,-0.0,0.27365222573280334,0.00027365222573280337,2,
2018-06-14 09:00:00,151,0.2747083306312561,0.0,0.05138750001788139,0.2747083306312561,0.9227783617220426,0.0,-0.0,-0.0,0.2747083306312561,0.0002747083306312561,2,
2018-06-14 10:00:00,151,0.2773975133895874,0.0,0.05255749821662903,0.2773975133895874,0.6307809792066874,0.0,-0.0,-0.0,0.2773975133895874,0.00027739751338958743,2,
2018-06-14 11:00:00,151,0.297739714384079,0.0,0.051762498915195465,0.297739714384079,0.31737075353923583,0.0,-0.0,-0.0,0.297739714384079,0.000297739714384079,2,
2018-06-14 12:00:00,151,0.37552666664123535,0.0,0.0510375015437603,0.37552666664123535,0.0,0.0740244507789613,0.0,0.0,0.30150221586227405,0.004079525236769519,2,
2018-06-14 13:00:00,151,0.22017721831798553,0.0,0.046185001730918884,0.22017721831798553,0.0,0.22017721831798553,0.0,0.0,0.0,0.010168885209125067,2,
2018-06-14 14:00:00,151,0.2778780460357666,0.007821036502718925,0.04372499883174896,0.2700570095330477,0.0,0.2700570095330477,0.0,0.0,0.0,0.011808242426338128,2,
2018-06-14 15:00:00,151,0.2802347242832184,0.01488757785409689,0.04684000089764595,0.2653471464291215,0.0,0.2653471464291215,0.0,0.0,0.0,0.012428860576927842,2,
2018-06-14 16:00:00,151,0.27859556674957275,0.012294330634176731,0.04934750124812126,0.266301236115396,0.0,0.266301236115396,0.0,0.0,0.0,0.01314130058158074,2,
2018-06-14 17:00:00,151,0.5008344650268555,0.02469179965555668,0.05361500009894371,0.4761426653712988,0.0,0.4761426653712988,0.0,0.0,0.0,0.025528389050993507,2,
2018-06-14 18:00:00,151,0.4106922149658203,5.455184588664232e-18,0.053075000643730164,0.4106922149658203,0.0,0.4106922149658203,0.0,0.0,0.0,0.02179748957368588,2,
2018-06-14 19:00:00,151,0.4926430583000183,-0.0,0.0536700002849102,0.4926430583000183,0.0,0.4926430583000183,0.0,0.0,0.0,0.026440153079321016,2,
2018-06-14 20:00:00,151,0.4270269572734833,0.0,0.054464999586343765,0.4270269572734833,0.0,0.4270269572734833,0.0,0.0,0.0,0.023258023051257903,2,
2018-06-14 21:00:00,151,0.3910108208656311,-0.0,0.05682000145316124,0.3910108208656311,0.0,0.3910108208656311,0.0,0.0,0.0,0.02221723540978693,2,
2018-06-14 22:00:00,151,0.34920334815979004,-0.0,0.05617750063538551,0.34920334815979004,0.0,0.34920334815979004,0.0,0.0,0.0,0.019617371313125354,2,
2018-06-14 23:00:00,151,0.283436119556427,-0.0,0.054090000689029694,0.283436119556427,0.0,0.283436119556427,0.0,0.0,0.0,0.01533105990210304,2,
2018-06-15 00:00:00,151,0.27453500032424927,-0.0,0.05346250161528587,0.27453500032424927,0.0,0.27453500032424927,0.0,0.0,0.0,0.014677327898287684,2,
2018-06-15 01:00:00,151,0.2717544436454773,-0.0,0.05254749953746796,0.2717544436454773,0.0,0.2717544436454773,0.0,0.0,0.0,0.01428001650176558,2,
2018-06-15 02:00:00,151,0.27074751257896423,-0.0,0.05115250125527382,0.27074751257896423,0.0,0.27074751257896423,0.0,0.0,0.0,0.013849412477057732,2,
2018-06-15 03:00:00,151,0.28060832619667053,-0.0,0.048032499849796295,0.28060832619667053,0.0,0.28060832619667053,0.0,0.0,0.0,0.013478319385893167,2,
2018-06-15 04:00:00,151,0.2813672125339508,-0.0,0.04812749847769737,0.2813672125339508,0.0,0.2813672125339508,0.0,0.0,0.0,0.01354150009290167,2,
2018-06-15 05:00:00,151,0.2784374952316284,-0.0,0.04946250095963478,0.2784374952316284,0.0,0.2784374952316284,0.0,0.0,0.0,0.013772214875092725,2,
2018-06-15 06:00:00,151,0.4456344544887543,-0.0,0.050930000841617584,0.4456344544887543,0.0,0.4456344544887543,0.0,0.0,0.0,0.022696163142166048,2,
2018-06-15 07:00:00,151,0.4341830611228943,0.0,0.05540499836206436,0.4341830611228943,0.0,0.4341830611228943,0.0,0.0,0.0,0.02405591179035005,2,
2018-06-15 08:00:00,151,0.9634588956832886,0.0,0.05852749943733215,0.9634588956832886,0.0,0.9634588956832886,0.0,0.0,0.0,0.05638883997499633,2,
2018-06-15 09:00:00,151,0.3557888865470886,0.0,0.057714998722076416,0.3557888865470886,0.0,0.3557888865470886,0.0,0.0,0.0,0.02053435513239421,2,
2018-06-15 10:00:00,151,0.3921283185482025,0.0,0.05613499879837036,0.3921283185482025,0.0,0.3921283185482025,0.0,0.0,0.0,0.02201212269051034,2,
2018-06-15 11:00:00,151,0.4778763949871063,0.007356082089245319,0.05146250128746033,0.470520312897861,0.0,0.470520312897861,0.0,0.0,0.0,0.024214152208282408,2,
2018-06-15 12:00:00,151,0.3808158338069916,0.011225635185837746,0.05209999904036522,0.36959019862115383,0.0,0.36959019862115383,0.0,0.0,0.0,0.019255648993490505,2,
2018-06-15 13:00:00,151,0.39388805627822876,0.0627296194434166,0.05252499878406525,0.33115843683481216,0.0,0.33115843683481216,0.0,0.0,0.0,0.017394096492081457,2,
2018-06-15 14:00:00,151,0.3828033208847046,0.11751903593540192,0.05179249867796898,0.2652842849493027,0.0,0.2652842849493027,0.0,0.0,0.0,0.013739735977522705,2,
2018-06-15 15:00:00,151,0.5126299858093262,0.05597560480237007,0.052025001496076584,0.4566543810069561,0.0,0.4566543810069561,0.0,0.0,0.0,0.023757444855076817,2,
2018-06-15 16:00:00,151,1.361757516860962,0.03752468153834343,0.05334249883890152,1.3242328353226185,0.0,1.3242328353226185,0.0,0.0,0.0,0.07063788848063204,2,
2018-06-15 17:00:00,151,1.3701672554016113,0.01196300983428955,0.058855000883340836,1.3582042455673218,0.0,1.3582042455673218,0.0,0.0,0.0,0.079937112072622,2,
2018-06-15 18:00:00,151,0.36801278591156006,1.2168154374177608e-17,0.05953750014305115,0.36801278591156006,0.0,0.36801278591156006,0.0,0.0,0.0,0.02191056129385416,2,
2018-06-15 19:00:00,151,0.28591638803482056,0.0,0.056290000677108765,0.28591638803482056,0.0,0.28591638803482056,0.0,0.0,0.0,0.01609423367607654,2,
2018-06-15 20:00:00,151,0.4539527893066406,0.0,0.0508200004696846,0.4539527893066406,0.0,0.4539527893066406,0.0,0.0,0.0,0.02306988096577811,2,
2018-06-15 21:00:00,151,0.41742444038391113,-0.0,0.05141500011086464,0.41742444038391113,0.0,0.41742444038391113,0.0,0.0,0.0,0.0214618776486164,2,
2018-06-15 22:00:00,151,0.42777860164642334,-0.0,0.050324998795986176,0.42777860164642334,0.0,0.42777860164642334,0.0,0.0,0.0,0.021527957612804904,2,
2018-06-15 23:00:00,151,0.2847500145435333,-0.0,0.05392000079154968,0.2847500145435333,0.0,0.2847500145435333,0.0,0.0,0.0,0.0153537210095811,2,
2018-06-16 00:00:00,151,0.280483603477478,-0.0,0.0533674992620945,0.280483603477478,0.0,0.280483603477478,0.0,0.0,0.0,0.014968708501613914,2,
2018-06-16 01:00:00,151,0.2820197343826294,-0.0,0.053289998322725296,0.2820197343826294,0.0,0.2820197343826294,0.0,0.0,0.0,0.015028831172225754,2,
2018-06-16 02:00:00,151,0.27869945764541626,-0.0,0.05099250003695488,0.27869945764541626,0.0,0.27869945764541626,0.0,0.0,0.0,0.014211582104283194,2,
2018-06-16 03:00:00,151,0.28071916103363037,-0.0,0.05127999931573868,0.28071916103363037,0.0,0.28071916103363037,0.0,0.0,0.0,0.014395278385719301,2,
2018-06-16 04:00:00,151,0.28432750701904297,0.0,0.049582500010728836,0.28432750701904297,0.0,0.28432750701904297,0.0,0.0,0.0,0.014097668619822201,2,
2018-06-16 05:00:00,151,0.3185408413410187,-0.0,0.04856250062584877,0.3185408413410187,0.0,0.3185408413410187,0.0,0.0,0.0,0.015469139806981613,2,
2018-06-16 06:00:00,151,0.4759555459022522,0.0,0.04915250092744827,0.4759555459022522,0.0,0.4759555459022522,0.0,0.0,0.0,0.0233944054113846,2,
2018-06-16 07:00:00,151,0.5773038864135742,0.4951288104057312,0.047439999878406525,0.08217507600784302,1.4249999999999998,1.582175076007843,0.0,0.0,1.5,0.07655838541342991,0,
2018-06-16 08:00:00,151,0.4054524898529053,0.0,0.04690000042319298,0.4054524898529053,0.9982079054179942,0.0,-0.0,-0.0,0.4054524898529053,0.0004054524898529053,2,
2018-06-16 09:00:00,151,0.41169223189353943,0.0,0.05140500143170357,0.41169223189353943,0.5648476613195317,0.0,-0.0,-0.0,0.41169223189353943,0.00041169223189353943,2,
2018-06-16 10:00:00,151,0.8316669464111328,0.0,0.05048749968409538,0.8316669464111328,0.0,0.29506166815757773,0.0,0.0,0.5366052782535551,0.015433531156147916,2,
2018-06-16 11:00:00,151,0.8602461218833923,0.0,0.04706500098109245,0.8602461218833923,0.0,0.8602461218833923,0.0,0.0,0.0,0.04048748457042284,2,
2018-06-16 12:00:00,151,0.42787501215934753,0.0,0.04636000096797943,0.42787501215934753,0.0,0.42787501215934753,0.0,0.0,0.0,0.019836285977881563,2,
2018-06-16 13:00:00,151,0.42518943548202515,0.0,0.046094998717308044,0.42518943548202515,0.0,0.42518943548202515,0.0,0.0,0.0,0.01959910648315688,2,
2018-06-16 14:00:00,151,0.38737860321998596,0.0,0.04602999985218048,0.38737860321998596,0.0,0.38737860321998596,0.0,0.0,0.0,0.017831037048953835,2,
2018-06-16 15:00:00,151,0.6076138615608215,0.0,0.046322498470544815,0.6076138615608215,0.0,0.6076138615608215,0.0,0.0,0.0,0.028146192172832984,2,
2018-06-16 16:00:00,151,0.7632949948310852,0.0,0.04612499848008156,0.7632949948310852,0.0,0.7632949948310852,0.0,0.0,0.0,0.035206980476437666,2,
2018-06-16 17:00:00,151,0.3413316607475281,0.0,0.04668499901890755,0.3413316607475281,0.0,0.3413316607475281,0.0,0.0,0.0,0.015935068247120432,2,
2018-06-16 18:00:00,151,0.5092678070068359,0.0,0.04633000120520592,0.5092678070068359,0.0,0.5092678070068359,0.0,0.0,0.0,0.023594378112399284,2,
2018-06-16 19:00:00,151,0.30045026540756226,-0.0,0.04812749847769737,0.30045026540756226,0.0,0.30045026540756226,0.0,0.0,0.0,0.014459919691026224,2,
2018-06-16 20:00:00,151,0.2921208441257477,-0.0,0.048282500356435776,0.2921208441257477,0.0,0.2921208441257477,0.0,0.0,0.0,0.014104324760623732,2,
2018-06-16 21:00:00,151,0.4026572108268738,-0.0,0.04887999966740608,0.4026572108268738,0.0,0.4026572108268738,0.0,0.0,0.0,0.01968188433129625,2,
2018-06-16 22:00:00,151,0.43330416083335876,-0.0,0.048920001834630966,0.43330416083335876,0.0,0.43330416083335876,0.0,0.0,0.0,0.021197240342921142,2,
2018-06-16 23:00:00,151,0.29358139634132385,-0.0,0.05235249921679497,0.29358139634132385,0.0,0.29358139634132385,0.0,0.0,0.0,0.01536971982202473,2,
2018-06-17 00:00:00,151,0.28384554386138916,-0.0,0.04961000010371208,0.28384554386138916,0.0,0.28384554386138916,0.0,0.0,0.0,0.014081577460401729,2,
2018-06-17 01:00:00,151,0.27427390217781067,-0.0,0.04815249890089035,0.27427390217781067,0.0,0.27427390217781067,0.0,0.0,0.0,0.013206973773159936,2,
2018-06-17 02:00:00,151,0.27211806178092957,-0.0,0.04539500176906586,0.27211806178092957,0.0,0.27211806178092957,0.0,0.0,0.0,0.01235279989594007,2,
2018-06-17 03:00:00,151,0.27585527300834656,0.0,0.04128750041127205,0.27585527300834656,0.0,0.27585527300834656,0.0,0.0,0.0,0.011389374697783672,2,
2018-06-17 04:00:00,151,0.28571778535842896,-0.0,0.040860000997781754,0.28571778535842896,0.0,0.28571778535842896,0.0,0.0,0.0,0.0116744289948294,2,
2018-06-17 05:00:00,151,0.28078362345695496,-0.0,0.04116249829530716,0.28078362345695496,0.0,0.28078362345695496,0.0,0.0,0.0,0.011557755421897076,2,
2018-06-17 06:00:00,151,0.2766733467578888,-0.0,0.04323999956250191,0.2766733467578888,0.0,0.2766733467578888,0.0,0.0,0.0,0.01196335539276705,2,
2018-06-17 07:00:00,151,0.5043208599090576,0.0,0.04397499933838844,0.5043208599090576,0.0,0.5043208599090576,0.0,0.0,0.0,0.0221775094808363,2,
2018-06-17 08:00:00,151,0.48618000745773315,1.2318438291549683,0.046217501163482666,-0.7456638216972351,1.4249999999999998,0.7543361783027649,0.0,0.0,1.5,0.036363533198365106,0,
2018-06-17 09:00:00,151,0.5835238695144653,0.5761799216270447,0.05204499885439873,0.007343947887420654,1.4172695285395571,0.0,-0.0,-0.0,0.007343947887420654,7.343947887420654e-06,2,
2018-06-17 10:00:00,151,0.5396249890327454,0.0,0.05245000123977661,0.5396249890327454,0.849243224294562,0.0,-0.0,-0.0,0.5396249890327454,0.0005396249890327454,2,
2018-06-17 11:00:00,151,0.3228655457496643,0.8493103384971619,0.05355000123381615,-0.5264447927474976,0.849243224294562,0.0,0.5264447927474976,0.5264447927474976,0.0,0.0,2,
2018-06-17 12:00:00,151,0.27682945132255554,1.0259010791778564,0.05441249907016754,-0.7490716278553009,0.849243224294562,0.0,0.7490716278553009,0.7490716278553009,0.0,0.0,2,
2018-06-17 13:00:00,151,0.2767530679702759,0.05136256664991379,0.051762498915195465,0.2253905013203621,0.6119900650099703,0.0,-0.0,-0.0,0.2253905013203621,0.0002253905013203621,2,
2018-06-17 14:00:00,151,0.2793155610561371,0.035071637481451035,0.05068250000476837,0.24424392357468605,0.3548911980892482,0.0,-0.0,-0.0,0.24424392357468605,0.0002442439235746861,2,
2018-06-17 15:00:00,151,0.41801026463508606,0.0,0.05158749967813492,0.41801026463508606,0.0,0.08086362645030032,0.0,0.0,0.33714663818478574,0.004508698941662476,2,
2018-06-17 16:00:00,151,0.38092970848083496,0.0,0.05339999869465828,0.38092970848083496,0.0,0.38092970848083496,0.0,0.0,0.0,0.020341645935633146,2,
2018-06-17 17:00:00,151,0.3336130678653717,0.0,0.05517499893903732,0.3336130678653717,0.0,0.3336130678653717,0.0,0.0,0.0,0.01840710066552087,2,
2018-06-17 18:00:00,151,0.33066612482070923,0.0,0.054910000413656235,0.33066612482070923,0.0,0.33066612482070923,0.0,0.0,0.0,0.018156877050687248,2,
2018-06-17 19:00:00,151,0.3834627866744995,-0.0,0.051247499883174896,0.3834627866744995,0.0,0.3834627866744995,0.0,0.0,0.0,0.019651509115303334,2,
2018-06-17 20:00:00,151,0.37623417377471924,-0.0,0.0508975014090538,0.37623417377471924,0.0,0.37623417377471924,0.0,0.0,0.0,0.019149379389832966,2,
2018-06-17 21:00:00,151,0.37329360842704773,-0.0,0.050404999405145645,0.37329360842704773,0.0,0.37329360842704773,0.0,0.0,0.0,0.018815864110710012,2,
2018-06-17 22:00:00,151,0.3504297137260437,-0.0,0.05011500045657158,0.3504297137260437,0.0,0.3504297137260437,0.0,0.0,0.0,0.017561785263376928,2,
2018-06-17 23:00:00,151,0.6351022124290466,-0.0,0.0504550002515316,0.6351022124290466,0.0,0.6351022124290466,0.0,0.0,0.0,0.032044082287855824,2,
2018-06-18 00:00:00,151,0.0,-0.0,0.05061250180006027,0.0,0.0,0.0,-0.0,-0.0,0.0,0.0,2,
2018-06-18 01:00:00,151,0.0,-0.0,0.04258250072598457,0.0,0.0,0.0,-0.0,-0.0,0.0,0.0,2,
2018-06-18 02:00:00,151,0.0,-0.0,0.04159500077366829,0.0,0.0,0.0,-0.0,-0.0,0.0,0.0,2,
2018-06-18 03:00:00,151,0.0,-0.0,0.0359174981713295,0.0,0.0,0.0,-0.0,-0.0,0.0,0.0,2,
2018-06-18 04:00:00,151,0.0,-0.0,0.037085000425577164,0.0,0.0,0.0,-0.0,-0.0,0.0,0.0,2,
2018-06-18 05:00:00,151,0.0,-0.0,0.04442249983549118,0.0,0.0,0.0,-0.0,-0.0,0.0,0.0,2,
2018-06-18 06:00:00,151,0.0,-0.0,0.05052750185132027,0.0,0.0,0.0,-0.0,-0.0,0.0,0.0,2,
2018-06-18 07:00:00,151,0.0,0.0,0.052615001797676086,0.0,0.0,0.0,-0.0,-0.0,0.0,0.0,2,
2018-06-18 08:00:00,151,0.0,0.0,0.054999999701976776,0.0,0.0,0.0,-0.0,-0.0,0.0,0.0,2,
2018-06-18 09:00:00,151,0.0,0.0,0.0516275018453598,0.0,0.0,0.0,-0.0,-0.0,0.0,0.0,2,
2018-06-18 10:00:00,151,0.0,0.0,0.048739999532699585,0.0,0.0,0.0,-0.0,-0.0,0.0,0.0,2,
2018-06-18 11:00:00,151,0.0,0.06446992605924606,0.047635000199079514,-0.06446992605924606,0.0,0.0,0.06446992605924606,0.06446992605924606,0.0,0.0,2,
2018-06-18 12:00:00,151,0.0,0.051355570554733276,0.047587499022483826,-0.051355570554733276,0.0,0.0,0.051355570554733276,0.051355570554733276,0.0,0.0,2,
2018-06-18 13:00:00,151,0.0,1.028584599494934,0.04826999828219414,-1.028584599494934,0.0,0.0,1.028584599494934,1.028584599494934,0.0,0.0,2,
2018-06-18 14:00:00,151,0.0,0.07845919579267502,0.04805999994277954,-0.07845919579267502,0.0,0.0,0.07845919579267502,0.07845919579267502,0.0,0.0,2,
2018-06-18 15:00:00,151,0.0,0.05516631901264191,0.04946250095963478,-0.05516631901264191,0.0,0.0,0.05516631901264191,0.05516631901264191,0.0,0.0,2,
2018-06-18 16:00:00,151,0.0,0.011393198743462563,0.0528700016438961,-0.011393198743462563,0.0,0.0,0.011393198743462563,0.011393198743462563,0.0,0.0,2,
2018-06-18 17:00:00,151,0.0,0.0,0.05662250146269798,0.0,0.0,0.0,-0.0,-0.0,0.0,0.0,2,
2018-06-18 18:00:00,151,0.0,0.0,0.056437499821186066,0.0,0.0,0.0,-0.0,-0.0,0.0,0.0,2,
2018-06-18 19:00:00,151,0.0,0.0,0.05443749949336052,0.0,0.0,0.0,-0.0,-0.0,0.0,0.0,2,
2018-06-18 20:00:00,151,0.0,0.0,0.051477499306201935,0.0,0.0,0.0,-0.0,-0.0,0.0,0.0,2,
2018-06-18 21:00:00,151,0.0,0.0,0.05019500106573105,0.0,0.0,0.0,-0.0,-0.0,0.0,0.0,2,
2018-06-18 22:00:00,151,0.0,0.0,0.04966749995946884,0.0,0.0,0.0,-0.0,-0.0,0.0,0.0,2,
2018-06-18 23:00:00,151,0.0,0.0,0.04732999950647354,0.0,0.0,0.0,-0.0,-0.0,0.0,0.0,2,
2018-06-19 00:00:00,151,0.0,0.0,0.04192499816417694,0.0,0.0,0.0,-0.0,-0.0,0.0,0.0,2,
2018-06-19 01:00:00,151,0.0,0.0,0.04428499937057495,0.0,0.0,0.0,-0.0,-0.0,0.0,0.0,2,
2018-06-19 02:00:00,151,0.0,0.0,0.04573750123381615,0.0,0.0,0.0,-0.0,-0.0,0.0,0.0,2,
2018-06-19 03:00:00,151,0.0,0.0,0.046275001019239426,0.0,0.0,0.0,-0.0,-0.0,0.0,0.0,2,
2018-06-19 04:00:00,151,0.0,0.0,0.04686500132083893,0.0,0.0,0.0,-0.0,-0.0,0.0,0.0,2,
2018-06-19 05:00:00,151,0.0,0.0,0.04967749863862991,0.0,0.0,0.0,-0.0,-0.0,0.0,0.0,2,
2018-06-19 06:00:00,151,0.0,0.0,0.051282498985528946,0.0,0.0,0.0,-0.0,-0.0,0.0,0.0,2,
2018-06-19 07:00:00,151,0.0,0.4028696119785309,0.05234000086784363,-0.4028696119785309,0.0,0.0,0.4028696119785309,0.4028696119785309,0.0,0.0,2,
2018-06-19 08:00:00,151,0.18458417057991028,0.6838774681091309,0.055319998413324356,-0.4992932975292206,0.0,0.0,0.4992932975292206,0.4992932975292206,0.0,0.0,2,
2018-06-19 09:00:00,151,0.3347855508327484,0.04155251011252403,0.06030000001192093,0.2932330407202244,0.0,0.2932330407202244,0.0,0.0,0.0,0.01768195235892514,2,
2018-06-19 10:00:00,151,0.3791563808917999,0.07781144231557846,0.060704998672008514,0.30134493857622147,0.0,0.30134493857622147,0.0,0.0,0.0,0.01829314409608601,2,
2018-06-19 11:00:00,151,0.28270554542541504,1.263866662979126,0.061012499034404755,-0.9811611175537109,0.0,0.0,0.9811611175537109,0.9811611175537109,0.0,0.0,2,
2018-06-19 12:00:00,151,0.27633970975875854,1.3261812925338745,0.060417499393224716,-1.049841582775116,0.0,0.0,1.049841582775116,1.049841582775116,0.0,0.0,2,
2018-06-19 13:00:00,151,0.2779083251953125,0.14917893707752228,0.055217500776052475,0.12872938811779022,0.0,0.12872938811779022,0.0,0.0,0.0,0.007108115088294842,2,
2018-06-19 14:00:00,151,0.2814272344112396,0.2490323930978775,0.054294999688863754,0.03239484131336212,0.0,0.03239484131336212,0.0,0.0,0.0,0.001758877899029787,2,
2018-06-19 15:00:00,151,0.2800569534301758,0.256897509098053,0.06003250181674957,0.023159444332122803,0.0,0.023159444332122803,0.0,0.0,0.0,0.0013903193839430728,2,
2018-06-19 16:00:00,151,0.28883498907089233,0.13259734213352203,0.06661249697208405,0.1562376469373703,0.0,0.1562376469373703,0.0,0.0,0.0,0.010407379783541115,2,
2018-06-19 17:00:00,151,1.0508636236190796,0.06153205782175064,0.06947500258684158,0.989331565797329,0.0,0.989331565797329,0.0,0.0,0.0,0.06873381309301346,2,
2018-06-19 18:00:00,151,0.41216665506362915,1.2909472811967019e-17,0.06649249792098999,0.41216665506362915,0.0,0.41216665506362915,0.0,0.0,0.0,0.02740599045491976,2,
2018-06-19 19:00:00,151,0.4633980691432953,0.0,0.05508749932050705,0.4633980691432953,0.0,0.4633980691432953,0.0,0.0,0.0,0.025527440819055558,2,
2018-06-19 20:00:00,151,0.4128027856349945,-0.0,0.052367500960826874,0.4128027856349945,0.0,0.4128027856349945,0.0,0.0,0.0,0.021617450273372585,2,
2018-06-19 21:00:00,151,0.3770275115966797,-0.0,0.05077249929308891,0.3770275115966797,0.0,0.3770275115966797,0.0,0.0,0.0,0.01914262906601749,2,
2018-06-19 22:00:00,151,0.2809799909591675,-0.0,0.051007501780986786,0.2809799909591675,0.0,0.2809799909591675,0.0,0.0,0.0,0.014332087389271386,2,
2018-06-19 23:00:00,151,0.2817663848400116,-0.0,0.055262498557567596,0.2817663848400116,0.0,0.2817663848400116,0.0,0.0,0.0,0.015571114435792177,2,
2018-06-20 00:00:00,151,0.2736397087574005,-0.0,0.05455499887466431,0.2736397087574005,0.0,0.2736397087574005,0.0,0.0,0.0,0.014928414003323454,2,
2018-06-20 01:00:00,151,0.27439332008361816,-0.0,0.055287498980760574,0.27439332008361816,0.0,0.27439332008361816,0.0,0.0,0.0,0.01517052040445055,2,
2018-06-20 02:00:00,151,0.2722327709197998,-0.0,0.05241499841213226,0.2722327709197998,0.0,0.2722327709197998,0.0,0.0,0.0,0.014269080255491673,2,
2018-06-20 03:00:00,151,0.27620527148246765,-0.0,0.047905001789331436,0.27620527148246765,0.0,0.27620527148246765,0.0,0.0,0.0,0.013231614024590388,2,
2018-06-20 04:00:00,151,0.357657790184021,-0.0,0.047839999198913574,0.357657790184021,0.0,0.357657790184021,0.0,0.0,0.0,0.017110348395888764,2,
2018-06-20 05:00:00,151,0.3015988767147064,-0.0,0.0496474988758564,0.3015988767147064,0.0,0.3015988767147064,0.0,0.0,0.0,0.01497362989265294,2,
2018-06-20 06:00:00,151,0.4098977744579315,-0.0,0.050987500697374344,0.4098977744579315,0.0,0.4098977744579315,0.0,0.0,0.0,0.020899663061025975,2,
2018-06-20 07:00:00,151,0.30479806661605835,0.0,0.05380500108003616,0.30479806661605835,0.0,0.30479806661605835,0.0,0.0,0.0,0.016399660303469954,2,
2018-06-20 08:00:00,151,0.2768722176551819,0.0,0.055799998342990875,0.2768722176551819,0.0,0.2768722176551819,0.0,0.0,0.0,0.015449469286379358,2,
2018-06-20 09:00:00,151,0.27703583240509033,0.0,0.054864998906850815,0.27703583240509033,0.0,0.27703583240509033,0.0,0.0,0.0,0.015199570642063787,2,
2018-06-20 10:00:00,151,0.2752888798713684,0.0,0.05340249836444855,0.2752888798713684,0.0,0.2752888798713684,0.0,0.0,0.0,0.014701113957081624,2,
2018-06-20 11:00:00,151,0.27807778120040894,0.0,0.05012499913573265,0.27807778120040894,0.0,0.27807778120040894,0.0,0.0,0.0,0.013938648542336951,2,
2018-06-20 12:00:00,151,0.269361674785614,2.738091468811035,0.05015749856829643,-2.468729794025421,1.4249999999999998,0.0,0.9687297940254211,0.9687297940254211,1.5,0.0015,0,
2018-06-20 13:00:00,151,0.27425000071525574,0.9762219786643982,0.049962498247623444,-0.7019719779491425,1.4249999999999998,0.0,0.7019719779491425,0.7019719779491425,0.0,0.0,2,
2018-06-20 14:00:00,151,0.2777227759361267,1.7062309980392456,0.04996500164270401,-1.428508222103119,2.8499999999999996,0.0714917778968811,0.0,0.0,1.5,0.005072086800057494,0,
2018-06-20 15:00:00,151,0.2771613895893097,0.015884997323155403,0.05196249857544899,0.2612763922661543,2.5749722186672055,0.0,-0.0,-0.0,0.2612763922661543,0.0002612763922661543,2,
2018-06-20 16:00:00,151,0.3069005608558655,0.06295590102672577,0.051512498408555984,0.2439446598291397,2.3181883662154794,0.0,-0.0,-0.0,0.2439446598291397,0.0002439446598291397,2,
2018-06-20 17:00:00,151,1.0340263843536377,0.04616231471300125,0.05077999830245972,0.9878640696406364,1.2783314508042831,0.0,-0.0,-0.0,0.9878640696406364,0.0009878640696406365,2,
2018-06-20 18:00:00,151,0.7061477899551392,1.9187458505431116e-17,0.05372999981045723,0.7061477899551392,0.5350179876936103,0.0,-0.0,-0.0,0.7061477899551392,0.0007061477899551391,2,
2018-06-20 19:00:00,151,0.4166991710662842,0.0,0.054749999195337296,0.4166991710662842,0.09638728130804797,0.0,-0.0,-0.0,0.4166991710662842,0.0004166991710662842,2,
2018-06-20 20:00:00,151,0.3810041546821594,0.0,0.05435749888420105,0.3810041546821594,0.0,0.28943623743951385,0.0,0.0,0.09156791724264557,0.015824597870908372,2,
2018-06-20 21:00:00,151,0.3149983286857605,0.0,0.05340249836444855,0.3149983286857605,1.4249999999999998,1.8149983286857605,0.0,0.0,1.5,0.09842544527911817,0,
2018-06-20 22:00:00,151,0.27595028281211853,0.0,0.05243249982595444,0.27595028281211853,1.1345260180925067,0.0,-0.0,-0.0,0.27595028281211853,0.0002759502828121185,2,
2018-06-20 23:00:00,151,0.27638721466064453,0.0,0.0525050014257431,0.27638721466064453,2.5595260180925066,1.7763872146606445,0.0,0.0,1.5,0.09476921323842896,0,
2018-06-21 00:00:00,151,0.27061471343040466,0.0,0.05015749856829643,0.27061471343040466,2.27466842500787,0.0,-0.0,-0.0,0.27061471343040466,0.00027061471343040467,2,
2018-06-21 01:00:00,151,0.2729927897453308,0.0,0.048852499574422836,0.2729927897453308,3.0,1.0364997107896783,0.0,0.0,0.7635069210443475,0.0513991086012865,0,
2018-06-21 02:00:00,151,0.27105778455734253,0.0,0.04522499814629555,0.27105778455734253,3.0,0.27105778455734253,0.0,0.0,0.0,0.012258587804144794,0,
2018-06-21 03:00:00,151,0.2739711105823517,0.0,0.03772500157356262,0.2739711105823517,2.711609357281735,0.0,-0.0,-0.0,0.2739711105823517,0.0002739711105823517,2,
2018-06-21 04:00:00,151,0.3932286202907562,0.0,0.037927500903606415,0.3932286202907562,2.297684493817781,0.0,-0.0,-0.0,0.3932286202907562,0.00039322862029075623,2,
2018-06-21 05:00:00,151,0.30497804284095764,0.0,0.04111750051379204,0.30497804284095764,1.9766549750378257,0.0,-0.0,-0.0,0.30497804284095764,0.00030497804284095764,2,
2018-06-21 06:00:00,151,0.27849888801574707,0.0,0.04758000001311302,0.27849888801574707,1.6834982508107235,0.0,-0.0,-0.0,0.27849888801574707,0.00027849888801574705,2,
2018-06-21 07:00:00,151,0.2779838740825653,0.5440220236778259,0.04751500114798546,-0.2660381495952606,3.0,1.11975316534082,0.0,0.0,1.3857913149360805,0.054590864251565493,0,
2018-06-21 08:00:00,151,0.27752360701560974,2.0365469455718994,0.04613250121474266,-1.7590233385562897,3.0,0.0,1.7590233385562897,1.7590233385562897,0.0,0.0,0,
2018-06-21 09:00:00,151,0.416700541973114,1.4878257513046265,0.046937499195337296,-1.0711252093315125,3.0,0.0,1.0711252093315125,1.0711252093315125,0.0,0.0,0,
2018-06-21 10:00:00,151,0.9579044580459595,0.1817793846130371,0.04672250151634216,0.7761250734329224,2.1830262384916606,0.0,-0.0,-0.0,0.7761250734329224,0.0007761250734329224,2,
2018-06-21 11:00:00,151,0.2879880666732788,0.2535856366157532,0.04618750140070915,0.034402430057525635,2.146813154220581,0.0,-0.0,-0.0,0.034402430057525635,3.4402430057525636e-05,2,
2018-06-21 12:00:00,151,0.2782997190952301,0.3150918781757355,0.04629499837756157,-0.03679215908050537,2.146813154220581,0.0,0.03679215908050537,0.03679215908050537,0.0,0.0,2,
2018-06-21 13:00:00,151,0.2749688923358917,0.34309035539627075,0.04631999880075455,-0.06812146306037903,2.146813154220581,0.0,0.06812146306037903,0.06812146306037903,0.0,0.0,2,
2018-06-21 14:00:00,151,0.3162802755832672,0.27610427141189575,0.046277500689029694,0.04017600417137146,2.104522623513874,0.0,-0.0,-0.0,0.04017600417137146,4.017600417137146e-05,2,
2018-06-21 15:00:00,151,0.2737027704715729,0.2825196087360382,0.04816250130534172,-0.008816838264465332,2.104522623513874,0.0,0.008816838264465332,0.008816838264465332,0.0,0.0,2,
2018-06-21 16:00:00,151,0.3338155448436737,0.1741671860218048,0.048889998346567154,0.1596483588218689,1.9364717194908543,0.0,-0.0,-0.0,0.1596483588218689,0.0001596483588218689,2,
2018-06-21 17:00:00,151,0.9257975220680237,0.09217716008424759,0.051317501813173294,0.8336203619837761,1.0589766016131952,0.0,-0.0,-0.0,0.8336203619837761,0.0008336203619837762,2,
2018-06-21 18:00:00,151,0.419106125831604,5.042982374173643e-17,0.05155999958515167,0.41910612583160395,0.6178122586325594,0.0,-0.0,-0.0,0.41910612583160395,0.00041910612583160396,2,
2018-06-21 19:00:00,151,0.4928627908229828,0.0,0.05448500066995621,0.4928627908229828,0.09900932092415649,0.0,-0.0,-0.0,0.4928627908229828,0.0004928627908229828,2,
2018-06-21 20:00:00,151,0.4313191771507263,0.0,0.0545400008559227,0.4313191771507263,0.0,0.3372603222727777,0.0,0.0,0.09405885487794866,0.018488237120304007,2,
2018-06-21 21:00:00,151,0.3890822231769562,0.0,0.05446749925613403,0.3890822231769562,0.0,0.3890822231769562,0.0,0.0,0.0,0.021192335701465836,2,
2018-06-21 22:00:00,151,0.37949666380882263,0.0,0.05256250128149986,0.37949666380882263,0.0,0.37949666380882263,0.0,0.0,0.0,0.019947293877776162,2,
2018-06-21 23:00:00,151,0.3130772113800049,0.0,0.05197500064969063,0.3130772113800049,0.0,0.3130772113800049,0.0,0.0,0.0,0.016272188264879084,2,
2018-06-22 00:00:00,151,0.27444279193878174,0.0,0.050927501171827316,0.27444279193878174,0.0,0.27444279193878174,0.0,0.0,0.0,0.013976685608061867,2,
2018-06-22 01:00:00,151,0.2873266637325287,0.0,0.045522499829530716,0.2873266637325287,0.0,0.2873266637325287,0.0,0.0,0.0,0.013079828000783666,2,
2018-06-22 02:00:00,151,0.2723958194255829,0.0,0.04596250131726265,0.2723958194255829,0.0,0.2723958194255829,0.0,0.0,0.0,0.012519993209165192,2,
2018-06-22 03:00:00,151,0.27357250452041626,0.0,0.04634999856352806,0.27357250452041626,0.0,0.27357250452041626,0.0,0.0,0.0,0.012680085191542068,2,
2018-06-22 04:00:00,151,0.2765258252620697,-0.0,0.04611000046133995,0.2765258252620697,0.0,0.2765258252620697,0.0,0.0,0.0,0.012750605930406445,2,
2018-06-22 05:00:00,151,0.2774447202682495,0.0,0.047542501240968704,0.2774447202682495,1.4249999999999998,1.7774447202682495,0.0,0.0,1.5,0.08600416781910653,0,
2018-06-22 06:00:00,151,0.9727594256401062,0.0,0.04822999984025955,0.9727594256401062,0.40104270985251955,0.0,-0.0,-0.0,0.9727594256401062,0.0009727594256401062,2,
2018-06-22 07:00:00,151,0.6022330522537231,0.05465812608599663,0.048739999532699585,0.5475749261677265,5.551115123125783e-17,0.166584351807833,0.0,0.0,0.38099057435989353,0.008500311803628736,2,
2018-06-22 08:00:00,151,0.6394297480583191,2.03459095954895,0.04956499859690666,-1.395161211490631,1.4249999999999998,0.1048387885093689,0.0,0.0,1.5,0.006696334405368263,0,
2018-06-22 09:00:00,151,0.38023361563682556,0.25947898626327515,0.04901750013232231,0.12075462937355042,1.297889863817315,0.0,-0.0,-0.0,0.12075462937355042,0.00012075462937355042,2,
2018-06-22 10:00:00,151,0.28726527094841003,2.7583606243133545,0.04836999997496605,-2.4710953533649445,2.722889863817315,0.0,0.9710953533649445,0.9710953533649445,1.5,0.0015,0,
2018-06-22 11:00:00,151,0.3888224959373474,2.123553514480591,0.047655001282691956,-1.7347310185432434,3.0,0.0,1.4430361383509434,1.4430361383509434,0.2916948801923001,0.0002916948801923001,0,
2018-06-22 12:00:00,151,0.3777230679988861,3.1995372772216797,0.047872498631477356,-2.8218142092227936,3.0,0.0,2.8218142092227936,2.8218142092227936,0.0,0.0,0,
2018-06-22 13:00:00,151,0.33965471386909485,0.45051223039627075,0.04845999926328659,-0.1108575165271759,3.0,0.0,0.1108575165271759,0.1108575165271759,0.0,0.0,2,
2018-06-22 14:00:00,151,0.5419571995735168,0.37122929096221924,0.04775749891996384,0.1707279086112976,2.820286411988108,0.0,-0.0,-0.0,0.1707279086112976,0.0001707279086112976,2,
2018-06-22 15:00:00,151,0.7128769159317017,0.21247555315494537,0.047724999487400055,0.5004013627767563,2.293548135380996,0.0,-0.0,-0.0,0.5004013627767563,0.0005004013627767563,2,
2018-06-22 16:00:00,151,1.1063388586044312,0.11509408056735992,0.04859749972820282,0.9912447780370712,1.2501325795525,0.0,-0.0,-0.0,0.9912447780370712,0.0009912447780370713,2,
2018-06-22 17:00:00,151,0.45271721482276917,0.07300320267677307,0.052685000002384186,0.3797140121459961,0.8504336193988199,0.0,-0.0,-0.0,0.3797140121459961,0.0003797140121459961,2,
2018-06-22 18:00:00,151,0.2947755455970764,3.226998990925342e-17,0.054032500833272934,0.29477554559707636,0.5401435714018974,0.0,-0.0,-0.0,0.29477554559707636,0.00029477554559707636,2,
2018-06-22 19:00:00,151,0.32623639702796936,0.0,0.05706999823451042,0.32623639702796936,0.1967368376882454,0.0,-0.0,-0.0,0.32623639702796936,0.00032623639702796935,2,
2018-06-22 20:00:00,151,0.3130547106266022,0.0,0.05554249882698059,0.3130547106266022,0.0,0.12615471482276905,0.0,0.0,0.18689999580383312,0.007193848095865554,2,
2018-06-22 21:00:00,151,0.37856748700141907,0.0,0.0509674996137619,0.37856748700141907,0.0,0.37856748700141907,0.0,0.0,0.0,0.01929463824752764,2,
2018-06-22 22:00:00,151,0.3832074999809265,0.0,0.05012249946594238,0.3832074999809265,0.0,0.3832074999809265,0.0,0.0,0.0,0.019207317713139105,2,
2018-06-22 23:00:00,151,0.2815208435058594,-0.0,0.053564999252557755,0.2815208435058594,0.0,0.2815208435058594,0.0,0.0,0.0,0.015079663771970786,2,
2018-06-23 00:00:00,151,0.2823199927806854,-0.0,0.05045250058174133,0.2823199927806854,0.0,0.2823199927806854,0.0,0.0,0.0,0.01424374960000474,2,
2018-06-23 01:00:00,151,0.27211833000183105,0.0,0.049504999071359634,0.27211833000183105,0.0,0.27211833000183105,0.0,0.0,0.0,0.013471217674040581,2,
2018-06-23 02:00:00,151,0.2718963921070099,-0.0,0.047532498836517334,0.2718963921070099,0.0,0.2718963921070099,0.0,0.0,0.0,0.012923914941479708,2,
2018-06-23 03:00:00,151,0.2831638753414154,-0.0,0.04589749872684479,0.2831638753414154,0.0,0.2831638753414154,0.0,0.0,0.0,0.01299651360797105,2,
2018-06-23 04:00:00,151,0.2792430520057678,-0.0,0.038883332163095474,0.2792430520057678,0.0,0.2792430520057678,0.0,0.0,0.0,0.010857900345376814,2,
2018-06-23 05:00:00,151,0.2780072093009949,-0.0,0.03886333480477333,0.2780072093009949,0.0,0.2780072093009949,0.0,0.0,0.0,0.010804287253205258,2,
2018-06-23 06:00:00,151,0.2775052785873413,-0.0,0.04583999887108803,0.2775052785873413,0.0,0.2775052785873413,0.0,0.0,0.0,0.012720841657164694,2,
2018-06-23 07:00:00,151,0.47699055075645447,0.0,0.045910000801086426,0.47699055075645447,0.0,0.47699055075645447,0.0,0.0,0.0,0.02189863656733948,2,
2018-06-23 08:00:00,151,0.3472602665424347,0.0,0.048272501677274704,0.3472602665424347,0.0,0.3472602665424347,0.0,0.0,0.0,0.01676312179912054,2,
2018-06-23 09:00:00,151,0.3229983448982239,0.044651005417108536,0.05100249871611595,0.27834733948111534,0.0,0.27834733948111534,0.0,0.0,0.0,0.014196409824519876,2,
2018-06-23 10:00:00,151,0.2838980555534363,0.032597608864307404,0.05060749873518944,0.2513004466891289,0.0,0.2513004466891289,0.0,0.0,0.0,0.01271768703797263,2,
2018-06-23 11:00:00,151,0.2846125066280365,0.10383090376853943,0.04857249930500984,0.18078160285949707,0.0,0.18078160285949707,0.0,0.0,0.0,0.008781014279251487,2,
2018-06-23 12:00:00,151,0.27858999371528625,0.10431427508592606,0.04824500158429146,0.1742757186293602,0.0,0.1742757186293602,0.0,0.0,0.0,0.008407932321377015,2,
2018-06-23 13:00:00,151,0.2785800099372864,0.1231556162238121,0.04634249955415726,0.15542439371347427,0.0,0.15542439371347427,0.0,0.0,0.0,0.0072027548963718435,2,
2018-06-23 14:00:00,151,0.27685415744781494,0.1532442271709442,0.04602750018239021,0.12360993027687073,0.0,0.12360993027687073,0.0,0.0,0.0,0.005689456088363909,2,
2018-06-23 15:00:00,151,0.2790580689907074,0.1408872902393341,0.045214999467134476,0.1381707787513733,0.0,0.1381707787513733,0.0,0.0,0.0,0.006247391687616899,2,
2018-06-23 16:00:00,151,0.2816341519355774,0.1087656244635582,0.047612499445676804,0.1728685274720192,0.0,0.1728685274720192,0.0,0.0,0.0,0.00823070266843648,2,
2018-06-23 17:00:00,151,0.27962666749954224,0.03822329640388489,0.057132501155138016,0.24140337109565735,0.0,0.24140337109565735,0.0,0.0,0.0,0.013791978377976855,2,
2018-06-23 18:00:00,151,0.27755945920944214,2.1455048423292134e-17,0.05756999924778938,0.27755945920944214,0.0,0.27755945920944214,0.0,0.0,0.0,0.015979097857904412,2,
2018-06-23 19:00:00,151,0.2782333195209503,0.0,0.059300001710653305,0.2782333195209503,0.0,0.2782333195209503,0.0,0.0,0.0,0.0164992363235531,2,
2018-06-23 20:00:00,151,0.2775919437408447,0.0,0.05895499885082245,0.2775919437408447,0.0,0.2775919437408447,0.0,0.0,0.0,0.01636543272423907,2,
2018-06-23 21:00:00,151,0.2795766592025757,0.0,0.058742500841617584,0.2795766592025757,0.0,0.2795766592025757,0.0,0.0,0.0,0.016423032138503935,2,
2018-06-23 22:00:00,151,0.28279250860214233,-0.0,0.0578325018286705,0.28279250860214233,0.0,0.28279250860214233,0.0,0.0,0.0,0.016354598270867715,2,
2018-06-23 23:00:00,151,0.3357783257961273,-0.0,0.05685500055551529,0.3357783257961273,0.0,0.3357783257961273,0.0,0.0,0.0,0.019090676899668813,2,
2018-06-24 00:00:00,151,0.27552056312561035,-0.0,0.05087750032544136,0.27552056312561035,0.0,0.27552056312561035,0.0,0.0,0.0,0.014017797540089028,2,
2018-06-24 01:00:00,151,0.2731647193431854,-0.0,0.0516900010406971,0.2731647193431854,0.0,0.2731647193431854,0.0,0.0,0.0,0.014119884627130985,2,
2018-06-24 02:00:00,151,0.27537471055984497,-0.0,0.05157250165939331,0.27537471055984497,0.0,0.27537471055984497,0.0,0.0,0.0,0.014201762717302557,2,
2018-06-24 03:00:00,151,0.2835361063480377,-0.0,0.0501599982380867,0.2835361063480377,0.0,0.2835361063480377,0.0,0.0,0.0,0.014222170594851535,2,
2018-06-24 04:00:00,151,0.2820841670036316,-0.0,0.05028250068426132,0.2820841670036316,0.0,0.2820841670036316,0.0,0.0,0.0,0.01418389732037939,2,
2018-06-24 05:00:00,151,0.28104665875434875,-0.0,0.048567499965429306,0.28104665875434875,0.0,0.28104665875434875,0.0,0.0,0.0,0.013649733589335855,2,
2018-06-24 06:00:00,151,0.28023195266723633,-0.0,0.04804249852895737,0.28023195266723633,0.0,0.28023195266723633,0.0,0.0,0.0,0.013463043173782552,2,
2018-06-24 07:00:00,151,0.28628554940223694,0.012803420424461365,0.0474650003015995,0.2734821289777756,0.0,0.2734821289777756,0.0,0.0,0.0,0.012980829334412192,2,
2018-06-24 08:00:00,151,0.5170900225639343,0.08179067820310593,0.044987499713897705,0.4352993443608284,0.0,0.4352993443608284,0.0,0.0,0.0,0.019583029129892626,2,
2018-06-24 09:00:00,151,0.34273776412010193,0.2337539941072464,0.046537499874830246,0.10898377001285553,0.0,0.10898377001285553,0.0,0.0,0.0,0.0050718321833317925,2,
2018-06-24 10:00:00,151,0.41030582785606384,0.30862122774124146,0.04832249879837036,0.10168460011482239,0.0,0.10168460011482239,0.0,0.0,0.0,0.0049136539668612755,2,
2018-06-24 11:00:00,151,0.5670583248138428,0.3265236020088196,0.04892750084400177,0.2405347228050232,0.0,0.2405347228050232,0.0,0.0,0.0,0.011768762853054504,2,
2018-06-24 12:00:00,151,0.325716108083725,0.35761144757270813,0.048579998314380646,-0.031895339488983154,0.0,0.0,0.031895339488983154,0.031895339488983154,0.0,0.0,2,
2018-06-24 13:00:00,151,0.28115248680114746,0.438410222530365,0.047587499022483826,-0.15725773572921753,0.0,0.0,0.15725773572921753,0.15725773572921753,0.0,0.0,2,
2018-06-24 14:00:00,151,0.35219916701316833,0.3422183394432068,0.047052498906850815,0.009980827569961548,0.0,0.009980827569961548,0.0,0.0,0.0,0.0004696228783250822,2,
2018-06-24 15:00:00,151,0.30852195620536804,0.3012637794017792,0.045842498540878296,0.007258176803588867,0.0,0.007258176803588867,0.0,0.0,0.0,0.00033273295952795934,2,
2018-06-24 16:00:00,151,0.377257764339447,0.22825635969638824,0.04743750020861626,0.14900140464305878,0.0,0.14900140464305878,0.0,0.0,0.0,0.007068254163839216,2,
2018-06-24 17:00:00,151,0.27620139718055725,0.12944740056991577,0.050027500838041306,0.14675399661064148,0.0,0.14675399661064148,0.0,0.0,0.0,0.0073417356884247775,2,
2018-06-24 18:00:00,151,0.3998063802719116,5.557397725314245e-17,0.05270000174641609,0.39980638027191157,0.0,0.39980638027191157,0.0,0.0,0.0,0.021069796938558035,2,
2018-06-24 19:00:00,151,0.35470637679100037,0.0,0.060122501105070114,0.35470637679100037,0.0,0.35470637679100037,0.0,0.0,0.0,0.021325834530592336,2,
2018-06-24 20:00:00,151,1.1441717147827148,0.0,0.06025249883532524,1.1441717147827148,0.0,1.1441717147827148,0.0,0.0,0.0,0.06893920491235761,2,
2018-06-24 21:00:00,151,0.3870466649532318,0.0,0.06052500009536743,0.3870466649532318,0.0,0.3870466649532318,0.0,0.0,0.0,0.023425999433206002,2,
2018-06-24 22:00:00,151,0.27722084522247314,-0.0,0.05669249966740608,0.27722084522247314,0.0,0.27722084522247314,0.0,0.0,0.0,0.01571634267557309,2,
2018-06-24 23:00:00,151,0.28246861696243286,0.0,0.052639998495578766,0.28246861696243286,0.0,0.28246861696243286,0.0,0.0,0.0,0.01486914757195068,2,
2018-06-25 00:00:00,151,0.2770194411277771,0.0,0.051717501133680344,0.2770194411277771,0.0,0.2770194411277771,0.0,0.0,0.0,0.014326753260577307,2,
2018-06-25 01:00:00,151,0.2749827802181244,0.0,0.04995499923825264,0.2749827802181244,0.0,0.2749827802181244,0.0,0.0,0.0,0.013736764576328997,2,
2018-06-25 02:00:00,151,0.2729419469833374,0.0,0.04582500085234642,0.2729419469833374,0.0,0.2729419469833374,0.0,0.0,0.0,0.012507564953152528,2,
2018-06-25 03:00:00,151,0.2812216579914093,0.0,0.04637499898672104,0.2812216579914093,0.0,0.2812216579914093,0.0,0.0,0.0,0.013041654104395617,2,
2018-06-25 04:00:00,151,0.440155565738678,0.0,0.04605000093579292,0.440155565738678,0.0,0.440155565738678,0.0,0.0,0.0,0.020269164214160584,2,
2018-06-25 05:00:00,151,0.3103500008583069,0.0,0.04653500020503998,0.3103500008583069,0.0,0.3103500008583069,0.0,0.0,0.0,0.014442137353575468,2,
2018-06-25 06:00:00,151,0.445380836725235,0.0,0.04763999953866005,0.445380836725235,0.0,0.445380836725235,0.0,0.0,0.0,0.02121794285611822,2,
2018-06-25 07:00:00,151,0.3007911145687103,0.049985215067863464,0.051362499594688416,0.25080589950084686,0.0,0.25080589950084686,0.0,0.0,0.0,0.01288201791145771,2,
2018-06-25 08:00:00,151,0.2762669324874878,0.18849310278892517,0.05208500102162361,0.08777382969856262,0.0,0.08777382969856262,0.0,0.0,0.0,0.004571700009521451,2,
2018-06-25 09:00:00,151,0.28071027994155884,0.35320255160331726,0.0502374991774559,-0.07249227166175842,0.0,0.0,0.07249227166175842,0.07249227166175842,0.0,0.0,2,
2018-06-25 10:00:00,151,0.28230223059654236,0.4766499698162079,0.04934750124812126,-0.19434773921966553,0.0,0.0,0.19434773921966553,0.19434773921966553,0.0,0.0,2,
2018-06-25 11:00:00,151,0.27734139561653137,0.531217098236084,0.04907499998807907,-0.2538757026195526,0.0,0.0,0.2538757026195526,0.2538757026195526,0.0,0.0,2,
2018-06-25 12:00:00,151,0.2802508473396301,0.5203952193260193,0.0491349995136261,-0.24014437198638916,0.0,0.0,0.24014437198638916,0.24014437198638916,0.0,0.0,2,
2018-06-25 13:00:00,151,0.28353139758110046,0.5358197689056396,0.04885999858379364,-0.2522883713245392,0.0,0.0,0.2522883713245392,0.2522883713245392,0.0,0.0,2,
2018-06-25 14:00:00,151,0.27869027853012085,0.41609975695610046,0.048500001430511475,-0.13740947842597961,0.0,0.0,0.13740947842597961,0.13740947842597961,0.0,0.0,2,
2018-06-25 15:00:00,151,0.28026390075683594,0.32035118341445923,0.05316999927163124,-0.04008728265762329,0.0,0.0,0.04008728265762329,0.04008728265762329,0.0,0.0,2,
2018-06-25 16:00:00,151,0.2878880500793457,0.21341776847839355,0.0579025000333786,0.07447028160095215,0.0,0.07447028160095215,0.0,0.0,0.0,0.004312015482884846,2,
2018-06-25 17:00:00,151,0.47511473298072815,0.11622635275125504,0.06270000338554382,0.3588883802294731,0.0,0.3588883802294731,0.0,0.0,0.0,0.022502302655420303,2,
2018-06-25 18:00:00,151,0.3027980625629425,4.492179017014588e-17,0.06382250040769577,0.30279806256294245,0.0,0.30279806256294245,0.0,0.0,0.0,0.019325329471372884,2,
2018-06-25 19:00:00,151,0.39041584730148315,0.0,0.061969999223947525,0.39041584730148315,0.0,0.39041584730148315,0.0,0.0,0.0,0.024194069754289727,2,
2018-06-25 20:00:00,151,0.3794674873352051,0.0,0.057782500982284546,0.3794674873352051,0.0,0.3794674873352051,0.0,0.0,0.0,0.021926580459691536,2,
2018-06-25 21:00:00,151,0.35367944836616516,-0.0,0.054157499223947525,0.35367944836616516,0.0,0.35367944836616516,0.0,0.0,0.0,0.01915439445041678,2,
2018-06-25 22:00:00,151,0.2766355574131012,-0.0,0.05112500116229057,0.2766355574131012,0.0,0.2766355574131012,0.0,0.0,0.0,0.0141429931942757,2,
2018-06-25 23:00:00,151,0.286683052778244,-0.0,0.05045749992132187,0.286683052778244,0.0,0.286683052778244,0.0,0.0,0.0,0.01446531011300256,2,
2018-06-26 00:00:00,151,0.2725538909435272,-0.0,0.05174750089645386,0.2725538909435272,0.0,0.2725538909435272,0.0,0.0,0.0,0.014103982715932162,2,
2018-06-26 01:00:00,151,0.27239805459976196,-0.0,0.05092500150203705,0.27239805459976196,0.0,0.27239805459976196,0.0,0.0,0.0,0.013871871339644848,2,
2018-06-26 02:00:00,151,0.2809280455112457,-0.0,0.05207499861717224,0.2809280455112457,0.0,0.2809280455112457,0.0,0.0,0.0,0.014629327581523022,2,
2018-06-26 03:00:00,151,0.2751550078392029,-0.0,0.05067500099539757,0.2751550078392029,0.0,0.2751550078392029,0.0,0.0,0.0,0.013943480296140232,2,
2018-06-26 04:00:00,151,0.39840665459632874,-0.0,0.050257500261068344,0.39840665459632874,0.0,0.39840665459632874,0.0,0.0,0.0,0.020022922547386357,2,
2018-06-26 05:00:00,151,0.31369832158088684,-0.0,0.051317501813173294,0.31369832158088684,0.0,0.31369832158088684,0.0,0.0,0.0,0.01609821418651658,2,
2018-06-26 06:00:00,151,0.41211971640586853,-0.0,0.0524275004863739,0.41211971640586853,0.0,0.41211971640586853,0.0,0.0,0.0,0.021606406632312947,2,
2018-06-26 07:00:00,151,0.28800472617149353,0.0,0.05459250137209892,0.28800472617149353,0.0,0.28800472617149353,0.0,0.0,0.0,0.015722898408688235,2,
2018-06-26 08:00:00,151,0.2839547097682953,0.0,0.060169998556375504,0.2839547097682953,0.0,0.2839547097682953,0.0,0.0,0.0,0.017085554476834353,2,
2018-06-26 09:00:00,151,0.2780219316482544,0.0,0.058570001274347305,0.2780219316482544,0.0,0.2780219316482544,0.0,0.0,0.0,0.01628374489093476,2,
2018-06-26 10:00:00,151,0.27684277296066284,0.0,0.054557498544454575,0.27684277296066284,0.0,0.27684277296066284,0.0,0.0,0.0,0.015103849182844131,2,
2018-06-26 11:00:00,151,0.2846997082233429,0.0,0.05112500116229057,0.2846997082233429,0.0,0.2846997082233429,0.0,0.0,0.0,0.014555272913822193,2,
2018-06-26 12:00:00,151,0.27877333760261536,0.04823680222034454,0.05209999904036522,0.2305365353822708,0.0,0.2305365353822708,0.0,0.0,0.0,0.012010953272185432,2,
2018-06-26 13:00:00,151,0.27781111001968384,0.056811392307281494,0.05243000015616417,0.22099971771240234,0.0,0.22099971771240234,0.0,0.0,0.0,0.011587015234173492,2,
2018-06-26 14:00:00,151,0.28423306345939636,0.0,0.052149999886751175,0.28423306345939636,0.0,0.28423306345939636,0.0,0.0,0.0,0.01482275422721846,2,
2018-06-26 15:00:00,151,0.2784827649593353,0.0,0.05781000107526779,0.2784827649593353,0.0,0.2784827649593353,0.0,0.0,0.0,0.016099088941742723,2,
2018-06-26 16:00:00,151,0.2794819474220276,0.0,0.06407249718904495,0.2794819474220276,0.0,0.2794819474220276,0.0,0.0,0.0,0.017907106290586672,2,
2018-06-26 17:00:00,151,0.34651443362236023,0.0,0.06570249795913696,0.34651443362236023,0.0,0.34651443362236023,0.0,0.0,0.0,0.022766863867884624,2,
2018-06-26 18:00:00,151,0.29241833090782166,0.0,0.06784500181674957,0.29241833090782166,0.0,0.29241833090782166,0.0,0.0,0.0,0.019839122191692038,2,
2018-06-26 19:00:00,151,0.46041637659072876,-0.0,0.06260249763727188,0.46041637659072876,0.0,0.46041637659072876,0.0,0.0,0.0,0.028823215127682378,2,
2018-06-26 20:00:00,151,0.3780905604362488,-0.0,0.06120250001549721,0.3780905604362488,0.0,0.3780905604362488,0.0,0.0,0.0,0.023140087530958864,2,
2018-06-26 21:00:00,151,0.32393500208854675,-0.0,0.053062498569488525,0.32393500208854675,0.0,0.32393500208854675,0.0,0.0,0.0,0.017188800584930775,2,
2018-06-26 22:00:00,151,0.31287917494773865,-0.0,0.051739998161792755,0.31287917494773865,0.0,0.31287917494773865,0.0,0.0,0.0,0.01618836793665923,2,
2018-06-26 23:00:00,151,0.28780055046081543,-0.0,0.05396749824285507,0.28780055046081543,0.0,0.28780055046081543,0.0,0.0,0.0,0.01553187570128678,2,
2018-06-27 00:00:00,151,0.28392890095710754,-0.0,0.04949750006198883,0.28392890095710754,0.0,0.28392890095710754,0.0,0.0,0.0,0.014053770792724851,2,
2018-06-27 01:00:00,151,0.27639248967170715,-0.0,0.04852500185370445,0.27639248967170715,0.0,0.27639248967170715,0.0,0.0,0.0,0.013411946073669578,2,
2018-06-27 02:00:00,151,0.2741958200931549,-0.0,0.04829249903559685,0.2741958200931549,0.0,0.2741958200931549,0.0,0.0,0.0,0.01324160137741337,2,
2018-06-27 03:00:00,151,0.2790444493293762,-0.0,0.048432499170303345,0.2790444493293762,0.0,0.2790444493293762,0.0,0.0,0.0,0.013514820060622768,2,
2018-06-27 04:00:00,151,0.4204380512237549,-0.0,0.047805000096559525,0.4204380512237549,0.0,0.4204380512237549,0.0,0.0,0.0,0.0200990410793489,2,
2018-06-27 05:00:00,151,0.32038334012031555,-0.0,0.04815249890089035,0.32038334012031555,0.0,0.32038334012031555,0.0,0.0,0.0,0.015427258433007074,2,
2018-06-27 06:00:00,151,0.27813223004341125,-0.0,0.048637498170137405,0.27813223004341125,0.0,0.27813223004341125,0.0,0.0,0.0,0.01352765582979265,2,
2018-06-27 07:00:00,151,0.43926748633384705,0.0,0.04886249825358391,0.43926748633384705,0.0,0.43926748633384705,0.0,0.0,0.0,0.021463706783843794,2,
2018-06-27 08:00:00,151,0.28744277358055115,0.0,0.04931750148534775,0.28744277358055115,0.0,0.28744277358055115,0.0,0.0,0.0,0.014175959413011308,2,
2018-06-27 09:00:00,151,0.2836900055408478,0.0,0.051454998552799225,0.2836900055408478,0.0,0.2836900055408478,0.0,0.0,0.0,0.014597268824547927,2,
2018-06-27 10:00:00,151,0.27793583273887634,0.0,0.050472501665353775,0.27793583273887634,0.0,0.27793583273887634,0.0,0.0,0.0,0.014028116780774424,2,
2018-06-27 11:00:00,151,0.2791849970817566,0.0,0.05035249888896942,0.2791849970817566,0.0,0.2791849970817566,0.0,0.0,0.0,0.01405766225537608,2,
2018-06-27 12:00:00,151,0.2857827842235565,0.0,0.050415001809597015,0.2857827842235565,0.0,0.2857827842235565,0.0,0.0,0.0,0.014407739583782275,2,
2018-06-27 13:00:00,151,0.2789308428764343,0.0004960497026331723,0.04983250051736832,0.27843479317380115,0.0,0.27843479317380115,0.0,0.0,0.0,0.013875101974886787,2,
2018-06-27 14:00:00,151,0.28227943181991577,0.0,0.057429999113082886,0.28227943181991577,0.0,0.28227943181991577,0.0,0.0,0.0,0.016211307519059304,2,
2018-06-27 15:00:00,151,0.2830577790737152,0.0,0.05269499868154526,0.2830577790737152,0.0,0.2830577790737152,0.0,0.0,0.0,0.014915729295090552,2,
2018-06-27 16:00:00,151,0.27811527252197266,0.0,0.05466499924659729,0.27811527252197266,0.0,0.27811527252197266,0.0,0.0,0.0,0.015203171162880835,2,
2018-06-27 17:00:00,151,1.2318594455718994,0.0,0.058959998190402985,1.2318594455718994,0.0,1.2318594455718994,0.0,0.0,0.0,0.07263043068175001,2,
2018-06-27 18:00:00,151,0.6564744710922241,0.0,0.059187501668930054,0.6564744710922241,0.0,0.6564744710922241,0.0,0.0,0.0,0.03885508385338099,2,
2018-06-27 19:00:00,151,0.3494422137737274,-0.0,0.05554249882698059,0.3494422137737274,0.0,0.3494422137737274,0.0,0.0,0.0,0.019408893748624756,2,
2018-06-27 20:00:00,151,0.34935611486434937,-0.0,0.05064750090241432,0.34935611486434937,0.0,0.34935611486434937,0.0,0.0,0.0,0.017694014142856096,2,
2018-06-27 21:00:00,151,0.3537488877773285,-0.0,0.05077749863266945,0.3537488877773285,0.0,0.3537488877773285,0.0,0.0,0.0,0.017962483665421636,2,
2018-06-27 22:00:00,151,0.2798047363758087,-0.0,0.0501675009727478,0.2798047363758087,0.0,0.2798047363758087,0.0,0.0,0.0,0.014037104384312826,2,
2018-06-27 23:00:00,151,0.2837297320365906,-0.0,0.05158500000834465,0.2837297320365906,0.0,0.2837297320365906,0.0,0.0,0.0,0.01463619822947515,2,
2018-06-28 00:00:00,151,0.2728508412837982,-0.0,0.0492824986577034,0.2728508412837982,0.0,0.2728508412837982,0.0,0.0,0.0,0.013446771219322029,2,
2018-06-28 01:00:00,151,0.2815172076225281,-0.0,0.0402766652405262,0.2815172076225281,0.0,0.2815172076225281,0.0,0.0,0.0,0.011338574330860274,2,
2018-06-28 02:00:00,151,0.27241137623786926,-0.0,0.0403333343565464,0.27241137623786926,0.0,0.27241137623786926,0.0,0.0,0.0,0.01098725912032894,2,
2018-06-28 03:00:00,151,0.27833443880081177,-0.0,0.04622749984264374,0.27833443880081177,0.0,0.27833443880081177,0.0,0.0,0.0,0.012866705225866859,2,
2018-06-28 04:00:00,151,0.6826249957084656,-0.0,0.04757000133395195,0.6826249957084656,0.0,0.6826249957084656,0.0,0.0,0.0,0.03247247195644065,2,
2018-06-28 05:00:00,151,0.6978922486305237,-0.0,0.047325000166893005,0.6978922486305237,0.0,0.6978922486305237,0.0,0.0,0.0,0.03302775078291287,2,
2018-06-28 06:00:00,151,0.42106860876083374,-0.0,0.04881500080227852,0.42106860876083374,0.0,0.42106860876083374,0.0,0.0,0.0,0.0205544644744744,2,
2018-06-28 07:00:00,151,0.2991847097873688,0.0,0.049217499792575836,0.2991847097873688,0.0,0.2991847097873688,0.0,0.0,0.0,0.014725123391901684,2,
2018-06-28 08:00:00,151,0.2785641551017761,0.060693349689245224,0.046720001846551895,0.2178708054125309,0.0,0.2178708054125309,0.0,0.0,0.0,0.010178924431183192,2,
2018-06-28 09:00:00,151,0.2866886258125305,0.033400170505046844,0.02500000037252903,0.2532884553074837,0.0,0.2532884553074837,0.0,0.0,0.0,0.006332211477044394,2,
2018-06-28 10:00:00,151,0.2795891761779785,0.03923316299915314,0.05324250087141991,0.24035601317882538,0.0,0.24035601317882538,0.0,0.0,0.0,0.012797155241124625,2,
2018-06-28 11:00:00,151,0.2780750095844269,0.084023617208004,0.049594998359680176,0.19405139237642288,0.0,0.19405139237642288,0.0,0.0,0.0,0.009623978486602347,2,
2018-06-28 12:00:00,151,0.28546833992004395,0.10337555408477783,0.0493599995970726,0.1820927858352661,0.0,0.1820927858352661,0.0,0.0,0.0,0.008988099835458563,2,
2018-06-28 13:00:00,151,0.27691999077796936,0.11021251976490021,0.05025250092148781,0.16670747101306915,0.0,0.16670747101306915,0.0,0.0,0.0,0.00837746734070316,2,
2018-06-28 14:00:00,151,0.2857041656970978,0.1421671062707901,0.04970749840140343,0.14353705942630768,0.0,0.14353705942630768,0.0,0.0,0.0,0.007134868151975338,2,
2018-06-28 15:00:00,151,0.3129050135612488,0.16747230291366577,0.052012499421834946,0.145432710647583,0.0,0.145432710647583,0.0,0.0,0.0,0.0075643187784733,2,
2018-06-28 16:00:00,151,0.28650137782096863,0.13358737528324127,0.05146250128746033,0.15291400253772736,0.0,0.15291400253772736,0.0,0.0,0.0,0.007869337052468506,2,
2018-06-28 17:00:00,151,0.7425475120544434,0.078760527074337,0.05319000035524368,0.6637869849801064,0.0,0.6637869849801064,0.0,0.0,0.0,0.03530682996689799,2,
2018-06-28 18:00:00,151,0.4029880464076996,3.750769423921674e-17,0.05431250110268593,0.40298804640769953,0.0,0.40298804640769953,0.0,0.0,0.0,0.02188728871488743,2,
2018-06-28 19:00:00,151,0.39450082182884216,0.0,0.05385249853134155,0.39450082182884216,0.0,0.39450082182884216,0.0,0.0,0.0,0.021244854928150758,2,
2018-06-28 20:00:00,151,0.4193544387817383,0.0,0.051569998264312744,0.4193544387817383,0.0,0.4193544387817383,0.0,0.0,0.0,0.021626107680106088,2,
2018-06-28 21:00:00,151,0.44984278082847595,0.0,0.05005250126123428,0.44984278082847595,0.0,0.44984278082847595,0.0,0.0,0.0,0.02251575635477443,2,
2018-06-28 22:00:00,151,0.288578599691391,0.0,0.050132498145103455,0.288578599691391,0.0,0.288578599691391,0.0,0.0,0.0,0.014467166113745211,2,
2018-06-28 23:00:00,151,0.2769280672073364,-0.0,0.050497498363256454,0.2769280672073364,0.0,0.2769280672073364,0.0,0.0,0.0,0.013984174620542245,2,
2018-06-29 00:00:00,151,0.2810794413089752,-0.0,0.051032498478889465,0.2810794413089752,0.0,0.2810794413089752,0.0,0.0,0.0,0.014344186161047379,2,
2018-06-29 01:00:00,151,0.2707616686820984,-0.0,0.04983000084757805,0.2707616686820984,0.0,0.2707616686820984,0.0,0.0,0.0,0.01349205417992061,2,
2018-06-29 02:00:00,151,0.27555665373802185,-0.0,0.04946500062942505,0.27555665373802185,0.0,0.27555665373802185,0.0,0.0,0.0,0.013630410050593511,2,
2018-06-29 03:00:00,151,0.27865973114967346,-0.0,0.04726250097155571,0.27865973114967346,0.0,0.27865973114967346,0.0,0.0,0.0,0.013170155814194895,2,
2018-06-29 04:00:00,151,0.2806519567966461,-0.0,0.046982500702142715,0.2806519567966461,0.0,0.2806519567966461,0.0,0.0,0.0,0.013185730757256153,2,
2018-06-29 05:00:00,151,0.28657498955726624,-0.0,0.047564998269081116,0.28657498955726624,0.0,0.28657498955726624,0.0,0.0,0.0,0.013630938882253307,2,
2018-06-29 06:00:00,151,0.27674445509910583,-0.0,0.04944249987602234,0.27674445509910583,0.0,0.27674445509910583,0.0,0.0,0.0,0.01368293768692741,2,
2018-06-29 07:00:00,151,0.5953319668769836,0.0,0.05091249942779541,0.5953319668769836,0.0,0.5953319668769836,0.0,0.0,0.0,0.030309838422972746,2,
2018-06-29 08:00:00,151,0.5165274739265442,0.0,0.053027499467134476,0.5165274739265442,0.0,0.5165274739265442,0.0,0.0,0.0,0.02739016034840014,2,
2018-06-29 09:00:00,151,0.4642286002635956,0.0,0.052252501249313354,0.4642286002635956,0.0,0.4642286002635956,0.0,0.0,0.0,0.024257105515240518,2,
2018-06-29 10:00:00,151,0.2802455425262451,0.0,0.049959998577833176,0.2802455425262451,0.0,0.2802455425262451,0.0,0.0,0.0,0.014001066906055293,2,
2018-06-29 11:00:00,151,0.2801119387149811,0.0,0.04818499833345413,0.2801119387149811,0.0,0.2801119387149811,0.0,0.0,0.0,0.01349719330016197,2,
2018-06-29 12:00:00,151,0.28459611535072327,0.0,0.048695001751184464,0.28459611535072327,0.0,0.28459611535072327,0.0,0.0,0.0,0.013858408335383765,2,
2018-06-29 13:00:00,151,0.2784363925457001,0.0,0.04763749986886978,0.2784363925457001,0.0,0.2784363925457001,0.0,0.0,0.0,0.013264013613384362,2,
2018-06-29 14:00:00,151,0.28555360436439514,0.0,0.047605000436306,0.28555360436439514,0.0,0.28555360436439514,0.0,0.0,0.0,0.013593779460355782,2,
2018-06-29 15:00:00,151,0.27733832597732544,0.0,0.050222501158714294,0.27733832597732544,0.0,0.27733832597732544,0.0,0.0,0.0,0.01392862439775211,2,
2018-06-29 16:00:00,151,0.3051599860191345,0.0,0.050255000591278076,0.3051599860191345,0.0,0.3051599860191345,0.0,0.0,0.0,0.015335815277826015,2,
2018-06-29 17:00:00,151,0.3390577733516693,0.0,0.05328749865293503,0.3390577733516693,0.0,0.3390577733516693,0.0,0.0,0.0,0.01806754064074423,2,
2018-06-29 18:00:00,151,0.43802666664123535,0.0,0.05460000038146973,0.43802666664123535,0.0,0.43802666664123535,0.0,0.0,0.0,0.023916256165705363,2,
2018-06-29 19:00:00,151,0.3590102791786194,-0.0,0.05335500091314316,0.3590102791786194,0.0,0.3590102791786194,0.0,0.0,0.0,0.019154993773403017,2,
2018-06-29 20:00:00,151,0.29897361993789673,-0.0,0.05114249885082245,0.29897361993789673,0.0,0.29897361993789673,0.0,0.0,0.0,0.015290258014100111,2,
2018-06-29 21:00:00,151,0.30637112259864807,-0.0,0.050895001739263535,0.30637112259864807,0.0,0.30637112259864807,0.0,0.0,0.0,0.015592758817518315,2,
2018-06-29 22:00:00,151,0.38507166504859924,-0.0,0.050905000418424606,0.38507166504859924,0.0,0.38507166504859924,0.0,0.0,0.0,0.019602073270422404,2,
2018-06-29 23:00:00,151,0.36731860041618347,-0.0,0.050964999943971634,0.36731860041618347,0.0,0.36731860041618347,0.0,0.0,0.0,0.01872039244963053,2,
2018-06-30 00:00:00,151,0.27765583992004395,-0.0,0.04900500178337097,0.27765583992004395,0.0,0.27765583992004395,0.0,0.0,0.0,0.013606524930445119,2,
2018-06-30 01:00:00,151,0.27399778366088867,-0.0,0.04703750088810921,0.27399778366088867,0.0,0.27399778366088867,0.0,0.0,0.0,0.012888170992289005,2,
2018-06-30 02:00:00,151,0.28217417001724243,-0.0,0.046424999833106995,0.28217417001724243,0.0,0.28217417001724243,0.0,0.0,0.0,0.013099935795957585,2,
2018-06-30 03:00:00,151,0.2762888967990875,-0.0,0.04562750086188316,0.2762888967990875,0.0,0.2762888967990875,0.0,0.0,0.0,0.012606371876829114,2,
2018-06-30 04:00:00,151,0.28026193380355835,-0.0,0.04553249850869179,0.28026193380355835,0.0,0.28026193380355835,0.0,0.0,0.0,0.012761026082953597,2,
2018-06-30 05:00:00,151,0.28550416231155396,-0.0,0.04580000042915344,0.28550416231155396,0.0,0.28550416231155396,0.0,0.0,0.0,0.013076090756394265,2,
2018-06-30 06:00:00,151,0.28015804290771484,-0.0,0.044107500463724136,0.28015804290771484,0.0,0.28015804290771484,0.0,0.0,0.0,0.012357071007468079,2,
2018-06-30 07:00:00,151,0.4983222186565399,0.0,0.04839250072836876,0.4983222186565399,0.0,0.4983222186565399,0.0,0.0,0.0,0.024115058329298944,2,
2018-06-30 08:00:00,151,0.9890910983085632,0.0,0.052365001291036606,0.9890910983085632,0.0,0.9890910983085632,0.0,0.0,0.0,0.05179375663988073,2,
2018-06-30 09:00:00,151,1.0097838640213013,0.0,0.054409999400377274,1.0097838640213013,0.0,1.0097838640213013,0.0,0.0,0.0,0.05494233943590965,2,
2018-06-30 10:00:00,151,0.29341915249824524,0.0,0.053747501224279404,0.29341915249824524,0.0,0.29341915249824524,0.0,0.0,0.0,0.01577054625812646,2,
2018-06-30 11:00:00,151,0.29351499676704407,0.0,0.049447499215602875,0.29351499676704407,0.0,0.29351499676704407,0.0,0.0,0.0,0.014513582572406092,2,
2018-06-30 12:00:00,151,0.2924425005912781,0.0,0.04923750087618828,0.2924425005912781,0.0,0.2924425005912781,0.0,0.0,0.0,0.014399137879097745,2,
2018-06-30 13:00:00,151,0.27994999289512634,0.0,0.04777250066399574,0.27994999289512634,0.0,0.27994999289512634,0.0,0.0,0.0,0.013373911221468027,2,
2018-06-30 14:00:00,151,0.2805819511413574,0.0,0.047987498342990875,0.2805819511413574,0.0,0.2805819511413574,0.0,0.0,0.0,0.013464425915469036,2,
2018-06-30 15:00:00,151,0.28368306159973145,0.0,0.05079749971628189,0.28368306159973145,0.0,0.28368306159973145,0.0,0.0,0.0,0.014410390241126336,2,
2018-06-30 16:00:00,151,0.40153777599334717,0.0,0.05177000164985657,0.40153777599334717,0.0,0.40153777599334717,0.0,0.0,0.0,0.02078761132565532,2,
2018-06-30 17:00:00,151,0.36184361577033997,0.0,0.05460749939084053,0.36184361577033997,0.0,0.36184361577033997,0.0,0.0,0.0,0.019759375027758375,2,
2018-06-30 18:00:00,151,0.35101500153541565,3.3865700720207012e-18,0.05747250095009804,0.35101500153541565,0.0,0.35101500153541565,0.0,0.0,0.0,0.02017371000924284,2,
2018-06-30 19:00:00,151,0.2956288754940033,-0.0,0.057887498289346695,0.2956288754940033,0.0,0.2956288754940033,0.0,0.0,0.0,0.017113216024440603,2,
2018-06-30 20:00:00,151,0.2837311029434204,-0.0,0.05838499963283539,0.2837311029434204,0.0,0.2837311029434204,0.0,0.0,0.0,0.01656564034117558,2,
2018-06-30 21:00:00,151,0.2778302729129791,-0.0,0.05532250180840492,0.2778302729129791,0.0,0.2778302729129791,0.0,0.0,0.0,0.01537026577565792,2,
2018-06-30 22:00:00,151,0.28567832708358765,-0.0,0.05423999950289726,0.28567832708358765,0.0,0.28567832708358765,0.0,0.0,0.0,0.015495192319002316,2,
2018-06-30 23:00:00,151,0.3280886113643646,-0.0,0.05415999889373779,0.3280886113643646,0.0,0.3280886113643646,0.0,0.0,0.0,0.017769278828541957,2,"{'r': -5.700736, 'l': 400, 't': 2.207341}"
2018-05-26 09:00:00,153,0.09491916745901108,0.0,0.05284250155091286,0.09491916745901108,1.4000850868852515,0.0,-0.0,-0.0,0.09491916745901108,9.491916745901108e-05,2,
2018-05-26 10:00:00,153,0.09115944802761078,0.0,0.052515000104904175,0.09115944802761078,1.304127773171977,0.0,-0.0,-0.0,0.09115944802761078,9.115944802761078e-05,2,
2018-05-26 11:00:00,153,0.08749444782733917,0.0,0.047212500125169754,0.08749444782733917,1.2120283544063568,0.0,-0.0,-0.0,0.08749444782733917,8.749444782733918e-05,2,
2018-05-26 12:00:00,153,0.09872499853372574,0.0,0.04688749834895134,0.09872499853372574,1.1081073033182245,0.0,-0.0,-0.0,0.09872499853372574,9.872499853372574e-05,2,
2018-05-26 13:00:00,153,0.0789702758193016,0.0,0.04672500118613243,0.0789702758193016,1.0249806971926438,0.0,-0.0,-0.0,0.0789702758193016,7.89702758193016e-05,2,
2018-05-26 14:00:00,153,0.11434999853372574,0.0,0.04646249860525131,0.11434999853372574,0.9046122776834589,0.0,-0.0,-0.0,0.11434999853372574,0.00011434999853372574,2,
2018-05-26 15:00:00,153,0.06756166368722916,0.0,0.04686250165104866,0.06756166368722916,0.8334947369600597,0.0,-0.0,-0.0,0.06756166368722916,6.756166368722916e-05,2,
2018-05-26 16:00:00,153,0.11087000370025635,0.0,0.04692250117659569,0.11087000370025635,0.7167894699071583,0.0,-0.0,-0.0,0.11087000370025635,0.00011087000370025636,2,
2018-05-26 17:00:00,153,0.08254305273294449,0.0,0.051224999129772186,0.08254305273294449,0.629902045977743,0.0,-0.0,-0.0,0.08254305273294449,8.254305273294449e-05,2,
2018-05-26 18:00:00,153,0.09222638607025146,0.0,0.05246499925851822,0.09222638607025146,0.5328216395880047,0.0,-0.0,-0.0,0.09222638607025146,9.222638607025147e-05,2,
2018-05-26 19:00:00,153,0.09840361028909683,-0.0,0.05479750037193298,0.09840361028909683,0.42923889191527115,0.0,-0.0,-0.0,0.09840361028909683,9.840361028909683e-05,2,
2018-05-26 20:00:00,153,1.1597042083740234,-0.0,0.054395001381635666,1.1597042083740234,0.0,0.7519272610545158,0.0,0.0,0.4077769473195076,0.04130886135126941,2,
2018-05-26 21:00:00,153,0.36187222599983215,-0.0,0.05321250110864639,0.36187222599983215,0.0,0.36187222599983215,0.0,0.0,0.0,0.019256126227204406,2,
2018-05-26 22:00:00,153,0.9559208154678345,-0.0,0.052367500960826874,0.9559208154678345,0.0,0.9559208154678345,0.0,0.0,0.0,0.05005918422248623,2,
2018-05-26 23:00:00,153,0.09886471927165985,-0.0,0.04896249994635582,0.09886471927165985,0.0,0.09886471927165985,0.0,0.0,0.0,0.004840663812035129,2,
2018-05-27 00:00:00,153,0.11441055685281754,-0.0,0.04363499954342842,0.11441055685281754,0.0,0.11441055685281754,0.0,0.0,0.0,0.0049923045960360846,2,
2018-05-27 01:00:00,153,0.07154610753059387,-0.0,0.0365849994122982,0.07154610753059387,0.0,0.07154610753059387,0.0,0.0,0.0,0.002617514301959001,2,
2018-05-27 02:00:00,153,0.10828027874231339,-0.0,0.03501499816775322,0.10828027874231339,0.0,0.10828027874231339,0.0,0.0,0.0,0.003791433761765911,2,
2018-05-27 03:00:00,153,0.08830638974905014,-0.0,0.034847501665353775,0.08830638974905014,0.0,0.08830638974905014,0.0,0.0,0.0,0.0030772570638414043,2,
2018-05-27 04:00:00,153,0.08996416628360748,-0.0,0.034302499145269394,0.08996416628360748,0.0,0.08996416628360748,0.0,0.0,0.0,0.0030859957370483193,2,
2018-05-27 05:00:00,153,0.11457055807113647,-0.0,0.03504500165581703,0.11457055807113647,0.0,0.11457055807113647,0.0,0.0,0.0,0.004015125397310859,2,
2018-05-27 06:00:00,153,0.1056891679763794,-0.0,0.03405499830842018,0.1056891679763794,0.0,0.1056891679763794,0.0,0.0,0.0,0.0035992444366539367,2,
2018-05-27 07:00:00,153,1.0683971643447876,0.0,0.03591499850153923,1.0683971643447876,0.0,1.0683971643447876,0.0,0.0,0.0,0.03837148255649181,2,
2018-05-27 08:00:00,153,0.12711083889007568,0.0,0.0389925017952919,0.12711083889007568,0.0,0.12711083889007568,0.0,0.0,0.0,0.004956369613622336,2,
2018-05-27 09:00:00,153,0.09006471931934357,0.0,0.0468050017952919,0.09006471931934357,0.0,0.09006471931934357,0.0,0.0,0.0,0.004215479349434337,2,
2018-05-27 10:00:00,153,0.10756360739469528,0.0,0.048650000244379044,0.10756360739469528,0.0,0.10756360739469528,0.0,0.0,0.0,0.005232969526038217,2,
2018-05-27 11:00:00,153,0.06964749842882156,0.0,0.049959998577833176,0.06964749842882156,0.0,0.06964749842882156,0.0,0.0,0.0,0.0034795889224535637,2,
2018-05-27 12:00:00,153,0.11880027502775192,0.0,0.05060749873518944,0.11880027502775192,0.0,0.11880027502775192,0.0,0.0,0.0,0.006012184768207113,2,
2018-05-27 13:00:00,153,0.0781116634607315,0.0,0.05097249895334244,0.0781116634607315,0.0,0.0781116634607315,0.0,0.0,0.0,0.0039815466839959734,2,
2018-05-27 14:00:00,153,0.10276472568511963,0.0,0.050312500447034836,0.10276472568511963,0.0,0.10276472568511963,0.0,0.0,0.0,0.005170350306971994,2,
2018-05-27 15:00:00,153,0.1525149941444397,0.0,0.04913000017404556,0.1525149941444397,0.0,0.1525149941444397,0.0,0.0,0.0,0.00749306168886088,2,
2018-05-27 16:00:00,153,0.19545777142047882,0.0,0.04966000095009804,0.19545777142047882,0.0,0.19545777142047882,0.0,0.0,0.0,0.009706433114445023,2,
2018-05-27 17:00:00,153,0.22039249539375305,0.0,0.05012999847531319,0.22039249539375305,0.0,0.22039249539375305,0.0,0.0,0.0,0.011048275458059309,2,
2018-05-27 18:00:00,153,0.21282944083213806,0.0,0.0481950007379055,0.21282944083213806,0.0,0.21282944083213806,0.0,0.0,0.0,0.01025731505795291,2,
2018-05-27 19:00:00,153,0.2072702795267105,-0.0,0.055287498980760574,0.2072702795267105,0.0,0.2072702795267105,0.0,0.0,0.0,0.011459455368074967,2,
2018-05-27 20:00:00,153,0.25687554478645325,-0.0,0.057497501373291016,0.25687554478645325,0.0,0.25687554478645325,0.0,0.0,0.0,0.014769701989123973,2,
2018-05-27 21:00:00,153,0.16940778493881226,-0.0,0.0595724992454052,0.16940778493881226,0.0,0.16940778493881226,0.0,0.0,0.0,0.010092045140433159,2,
2018-05-27 22:00:00,153,0.11923083662986755,-0.0,0.05778750032186508,0.11923083662986755,0.0,0.11923083662986755,0.0,0.0,0.0,0.006890052010124714,2,
2018-05-27 23:00:00,153,0.11438194662332535,-0.0,0.05507750064134598,0.11438194662332535,0.0,0.11438194662332535,0.0,0.0,0.0,0.006299871738504603,2,
2018-05-28 00:00:00,153,0.07269583642482758,-0.0,0.049685001373291016,0.07269583642482758,0.0,0.07269583642482758,0.0,0.0,0.0,0.003611892732600097,2,
2018-05-28 01:00:00,153,0.10963194072246552,-0.0,0.05011000111699104,0.10963194072246552,0.0,0.10963194072246552,0.0,0.0,0.0,0.005493656672060643,2,
2018-05-28 02:00:00,153,0.07460666447877884,-0.0,0.04963250085711479,0.07460666447877884,0.0,0.07460666447877884,0.0,0.0,0.0,0.0037029153386894664,2,
2018-05-28 03:00:00,153,0.12098333239555359,-0.0,0.0500124990940094,0.12098333239555359,0.0,0.12098333239555359,0.0,0.0,0.0,0.006050678801822862,2,
2018-05-28 04:00:00,153,0.07018277794122696,-0.0,0.04972250014543533,0.07018277794122696,0.0,0.07018277794122696,0.0,0.0,0.0,0.003489663186389713,2,
2018-05-28 05:00:00,153,0.11524250358343124,-0.0,0.04956749826669693,0.11524250358343124,0.0,0.11524250358343124,0.0,0.0,0.0,0.005712282596621543,2,
2018-05-28 06:00:00,153,0.08093944191932678,-0.0,0.05420500040054321,0.08093944191932678,0.0,0.08093944191932678,0.0,0.0,0.0,0.004387322481656852,2,
2018-05-28 07:00:00,153,0.9528388977050781,0.0,0.055355001240968704,0.9528388977050781,0.0,0.9528388977050781,0.0,0.0,0.0,0.05274439836490785,2,
2018-05-28 08:00:00,153,0.19511528313159943,0.0,0.056802500039339066,0.19511528313159943,0.0,0.19511528313159943,0.0,0.0,0.0,0.01108303587775833,2,
2018-05-28 09:00:00,153,0.8335350155830383,0.0,0.05986500158905983,0.8335350155830383,0.0,0.8335350155830383,0.0,0.0,0.0,0.0498995750324156,2,
2018-05-28 10:00:00,153,0.3737122118473053,0.0,0.060315001755952835,0.3737122118473053,0.0,0.3737122118473053,0.0,0.0,0.0,0.022540452713791237,2,
2018-05-28 11:00:00,153,0.1657458394765854,0.0,0.05464499816298485,0.1657458394765854,0.0,0.1657458394765854,0.0,0.0,0.0,0.00905718109372039,2,
2018-05-28 12:00:00,153,0.4146111011505127,0.0,0.05363750085234642,0.4146111011505127,0.0,0.4146111011505127,0.0,0.0,0.0,0.022238703291352913,2,
2018-05-28 13:00:00,153,0.1449444442987442,0.0,0.05117249861359596,0.1449444442987442,0.0,0.1449444442987442,0.0,0.0,0.0,0.007417169374925925,2,
2018-05-28 14:00:00,153,0.19796167314052582,0.0,0.05060749873518944,0.19796167314052582,0.0,0.19796167314052582,0.0,0.0,0.0,0.010018345123075145,2,
2018-05-28 15:00:00,153,0.23980194330215454,0.019052982330322266,0.047987498342990875,0.22074896097183228,0.0,0.22074896097183228,0.0,0.0,0.0,0.010593190398852759,2,
2018-05-28 16:00:00,153,0.13135944306850433,0.015609769150614738,0.0497175008058548,0.1157496739178896,0.0,0.1157496739178896,0.0,0.0,0.0,0.005754784506290106,2,
2018-05-28 17:00:00,153,0.11475972086191177,0.0,0.057167500257492065,0.11475972086191177,0.0,0.11475972086191177,0.0,0.0,0.0,0.006560526371923059,2,
2018-05-28 18:00:00,153,0.13528944551944733,0.0,0.058889999985694885,0.13528944551944733,0.0,0.13528944551944733,0.0,0.0,0.0,0.007967195444704922,2,
2018-05-28 19:00:00,153,0.3157430589199066,-0.0,0.05996999889612198,0.3157430589199066,0.0,0.3157430589199066,0.0,0.0,0.0,0.018935110894884977,2,
2018-05-28 20:00:00,153,0.20133750140666962,-0.0,0.058364998549222946,0.20133750140666962,0.0,0.20133750140666962,0.0,0.0,0.0,0.011751062977504445,2,
2018-05-28 21:00:00,153,0.15189999341964722,-0.0,0.05386500060558319,0.15189999341964722,0.0,0.15189999341964722,0.0,0.0,0.0,0.00818209323753738,2,
2018-05-28 22:00:00,153,0.07930777966976166,-0.0,0.051989998668432236,0.07930777966976166,0.0,0.07930777966976166,0.0,0.0,0.0,0.004123211359427226,2,
2018-05-28 23:00:00,153,0.11490277945995331,-0.0,0.055992498993873596,0.11490277945995331,0.0,0.11490277945995331,0.0,0.0,0.0,0.006433693763304715,2,
2018-05-29 00:00:00,153,0.08885305374860764,-0.0,0.05314499884843826,0.08885305374860764,0.0,0.08885305374860764,0.0,0.0,0.0,0.004722095439149976,2,
2018-05-29 01:00:00,153,0.1506424993276596,-0.0,0.05224749818444252,0.1506424993276596,0.0,0.1506424993276596,0.0,0.0,0.0,0.007870693710121779,2,
2018-05-29 02:00:00,153,0.0,-0.0,0.05084500089287758,0.0,0.0,0.0,-0.0,-0.0,0.0,0.0,2,
2018-05-29 03:00:00,153,0.0,-0.0,0.046562500298023224,0.0,0.0,0.0,-0.0,-0.0,0.0,0.0,2,
2018-05-29 04:00:00,153,0.0761883333325386,-0.0,0.04592499881982803,0.0761883333325386,0.0,0.0761883333325386,0.0,0.0,0.0,0.0034989491183815002,2,
2018-05-29 05:00:00,153,0.09964583069086075,-0.0,0.04739249870181084,0.09964583069086075,0.0,0.09964583069086075,0.0,0.0,0.0,0.0047224649016574805,2,
2018-05-29 06:00:00,153,0.18559305369853973,-0.0,0.05173499882221222,0.18559305369853973,0.0,0.18559305369853973,0.0,0.0,0.0,0.009601656414504722,2,
2018-05-29 07:00:00,153,1.2047219276428223,0.0,0.054269999265670776,1.2047219276428223,0.0,1.2047219276428223,0.0,0.0,0.0,0.06538025812851345,2,
2018-05-29 08:00:00,153,0.18582972884178162,0.0,0.05587499961256981,0.18582972884178162,0.0,0.18582972884178162,0.0,0.0,0.0,0.0103832360270385,2,
2018-05-29 09:00:00,153,0.1098855584859848,0.0,0.058115001767873764,0.1098855584859848,0.0,0.1098855584859848,0.0,0.0,0.0,0.006385999425676803,2,
2018-05-29 10:00:00,153,0.09992833435535431,0.0,0.0589274987578392,0.09992833435535431,0.0,0.09992833435535431,0.0,0.0,0.0,0.005888526798598082,2,
2018-05-29 11:00:00,153,0.07613860815763474,0.0,0.0558600015938282,0.07613860815763474,0.0,0.07613860815763474,0.0,0.0,0.0,0.004253102773037337,2,
2018-05-29 12:00:00,153,0.11554139107465744,0.0,0.054965000599622726,0.11554139107465744,0.0,0.11554139107465744,0.0,0.0,0.0,0.00635073262969979,2,
2018-05-29 13:00:00,153,0.14443722367286682,0.0,0.05099250003695488,0.14443722367286682,0.0,0.14443722367286682,0.0,0.0,0.0,0.007365215133476322,2,
2018-05-29 14:00:00,153,0.2355888932943344,0.0,0.05174250155687332,0.2355888932943344,0.0,0.2355888932943344,0.0,0.0,0.0,0.012189958678064161,2,
2018-05-29 15:00:00,153,0.16798444092273712,0.0,0.057009998708963394,0.16798444092273712,0.0,0.16798444092273712,0.0,0.0,0.0,0.00957679276013118,2,
2018-05-29 16:00:00,153,0.1587561070919037,0.0,0.05737999826669693,0.1587561070919037,0.0,0.1587561070919037,0.0,0.0,0.0,0.009109425149760986,2,
2018-05-29 17:00:00,153,0.2273908406496048,0.0,0.057247500866651535,0.2273908406496048,0.0,0.2273908406496048,0.0,0.0,0.0,0.013017557347156872,2,
2018-05-29 18:00:00,153,0.26844945549964905,0.0,0.05763750150799751,0.26844945549964905,0.0,0.26844945549964905,0.0,0.0,0.0,0.015472755896182133,2,
2018-05-29 19:00:00,153,0.21547222137451172,-0.0,0.0552775003015995,0.21547222137451172,0.0,0.21547222137451172,0.0,0.0,0.0,0.011910765782015886,2,
2018-05-29 20:00:00,153,0.14879083633422852,-0.0,0.05468999966979027,0.14879083633422852,0.0,0.14879083633422852,0.0,0.0,0.0,0.008137370789986775,2,
2018-05-29 21:00:00,153,0.20102167129516602,-0.0,0.05419500172138214,0.20102167129516602,0.0,0.20102167129516602,0.0,0.0,0.0,0.010894369821876637,2,
2018-05-29 22:00:00,153,0.10360082983970642,-0.0,0.05279750004410744,0.10360082983970642,0.0,0.10360082983970642,0.0,0.0,0.0,0.005469864818031467,2,
2018-05-29 23:00:00,153,0.10354166477918625,-0.0,0.05235999822616577,0.10354166477918625,0.0,0.10354166477918625,0.0,0.0,0.0,0.005421441384172443,2,
2018-05-30 00:00:00,153,0.09972944110631943,-0.0,0.054294999688863754,0.09972944110631943,0.0,0.09972944110631943,0.0,0.0,0.0,0.005414809973838169,2,
2018-05-30 01:00:00,153,0.08052666485309601,-0.0,0.0530799999833107,0.08052666485309601,0.0,0.08052666485309601,0.0,0.0,0.0,0.004274355369058402,2,
2018-05-30 02:00:00,153,0.11244305223226547,-0.0,0.049937501549720764,0.11244305223226547,0.0,0.11244305223226547,0.0,0.0,0.0,0.00561512509510409,2,
2018-05-30 03:00:00,153,0.06849027425050735,-0.0,0.05022750049829483,0.06849027425050735,0.0,0.06849027425050735,0.0,0.0,0.0,0.0034400952840457077,2,
2018-05-30 04:00:00,153,0.11833444237709045,-0.0,0.05046749860048294,0.11833444237709045,0.0,0.11833444237709045,0.0,0.0,0.0,0.005972043305054742,2,
2018-05-30 05:00:00,153,0.08052611351013184,-0.0,0.05141500011086464,0.08052611351013184,0.0,0.08052611351013184,0.0,0.0,0.0,0.004140250135050927,2,
2018-05-30 06:00:00,153,0.1445338875055313,-0.0,0.05214250087738037,0.1445338875055313,0.0,0.1445338875055313,0.0,0.0,0.0,0.007536358356068362,2,
2018-05-30 07:00:00,153,0.7575411200523376,0.0,0.054795000702142715,0.7575411200523376,0.0,0.7575411200523376,0.0,0.0,0.0,0.04150946620516982,2,
2018-05-30 08:00:00,153,0.1756100058555603,0.0,0.0548349991440773,0.1756100058555603,0.0,0.1756100058555603,0.0,0.0,0.0,0.009629574520781059,2,
2018-05-30 09:00:00,153,0.09347499907016754,0.0,0.052037499845027924,0.09347499907016754,0.0,0.09347499907016754,0.0,0.0,0.0,0.004864205249627829,2,
2018-05-30 10:00:00,153,0.12420611083507538,0.0,0.05426250025629997,0.12420611083507538,0.0,0.12420611083507538,0.0,0.0,0.0,0.0067397341210223005,2,
2018-05-30 11:00:00,153,0.07001528143882751,0.0,0.057500001043081284,0.07001528143882751,0.0,0.07001528143882751,0.0,0.0,0.0,0.004025878755764212,2,
2018-05-30 12:00:00,153,0.09399416297674179,0.0,0.058240000158548355,0.09399416297674179,0.0,0.09399416297674179,0.0,0.0,0.0,0.005474220066668062,2,
2018-05-30 13:00:00,153,0.09609166532754898,0.0,0.056814998388290405,0.09609166532754898,0.0,0.09609166532754898,0.0,0.0,0.0,0.005459447810712836,2,
2018-05-30 14:00:00,153,0.24149000644683838,0.0,0.056312501430511475,0.24149000644683838,0.0,0.24149000644683838,0.0,0.0,0.0,0.013598906333491811,2,
2018-05-30 15:00:00,153,0.14286082983016968,0.0,0.062345001846551895,0.14286082983016968,0.0,0.14286082983016968,0.0,0.0,0.0,0.008906658699561865,2,
2018-05-30 16:00:00,153,0.42600250244140625,0.0,0.06623999774456024,0.42600250244140625,0.0,0.42600250244140625,0.0,0.0,0.0,0.02821840480089577,2,
2018-05-30 17:00:00,153,0.2899433374404907,0.0,0.07113000005483627,0.2899433374404907,0.0,0.2899433374404907,0.0,0.0,0.0,0.020623669608041517,2,
2018-05-30 18:00:00,153,0.25220805406570435,0.0,0.07277999818325043,0.25220805406570435,0.0,0.25220805406570435,0.0,0.0,0.0,0.018355701716703088,2,
2018-05-30 19:00:00,153,1.6285985708236694,-0.0,0.06618499755859375,1.6285985708236694,0.0,1.6285985708236694,0.0,0.0,0.0,0.10778879243389383,2,
2018-05-30 20:00:00,153,0.1551491618156433,-0.0,0.059369999915361404,0.1551491618156433,0.0,0.1551491618156433,0.0,0.0,0.0,0.009211205723863136,2,
2018-05-30 21:00:00,153,0.13097000122070312,-0.0,0.053667500615119934,0.13097000122070312,0.0,0.13097000122070312,0.0,0.0,0.0,0.0070288326210743435,2,
2018-05-30 22:00:00,153,0.1620466709136963,-0.0,0.05287250131368637,0.1620466709136963,0.0,0.1620466709136963,0.0,0.0,0.0,0.00856781282076291,2,
2018-05-30 23:00:00,153,0.13561195135116577,-0.0,0.06165250018239021,0.13561195135116577,0.0,0.13561195135116577,0.0,0.0,0.0,0.00836081585541204,2,
2018-05-31 00:00:00,153,0.1226605549454689,-0.0,0.057064998894929886,0.1226605549454689,0.0,0.1226605549454689,0.0,0.0,0.0,0.0069996244324146695,2,
2018-05-31 01:00:00,153,0.12969139218330383,-0.0,0.05167749896645546,0.12969139218330383,0.0,0.12969139218330383,0.0,0.0,0.0,0.0067021267855108535,2,
2018-05-31 02:00:00,153,0.0,-0.0,0.05100249871611595,0.0,0.0,0.0,-0.0,-0.0,0.0,0.0,2,
2018-05-31 03:00:00,153,0.03832083195447922,-0.0,0.050450000911951065,0.03832083195447922,0.0,0.03832083195447922,0.0,0.0,0.0,0.0019332860070502,2,
2018-05-31 04:00:00,153,0.13393278419971466,-0.0,0.05084250122308731,0.13393278419971466,0.0,0.13393278419971466,0.0,0.0,0.0,0.0068094777444854815,2,
2018-05-31 05:00:00,153,0.09922472387552261,-0.0,0.05236250162124634,0.09922472387552261,0.0,0.09922472387552261,0.0,0.0,0.0,0.005195654764799773,2,
2018-05-31 06:00:00,153,0.1879408359527588,-0.0,0.05353749915957451,0.1879408359527588,0.0,0.1879408359527588,0.0,0.0,0.0,0.010061882346870554,2,
2018-05-31 07:00:00,153,1.036271095275879,0.0,0.050234999507665634,1.036271095275879,0.0,1.036271095275879,0.0,0.0,0.0,0.052057077960991904,2,
2018-05-31 08:00:00,153,0.19455333054065704,0.0,0.05959999933838844,0.19455333054065704,0.0,0.19455333054065704,0.0,0.0,0.0,0.011595378371504428,2,
2018-05-31 09:00:00,153,0.09298388659954071,0.0,0.0686274990439415,0.09298388659954071,0.0,0.09298388659954071,0.0,0.0,0.0,0.006381251588711945,2,
2018-05-31 10:00:00,153,0.11290722340345383,0.0,0.06558500230312347,0.11290722340345383,0.0,0.11290722340345383,0.0,0.0,0.0,0.007405020506954796,2,
2018-05-31 11:00:00,153,0.08544722199440002,0.0,0.055867500603199005,0.08544722199440002,0.0,0.08544722199440002,0.0,0.0,0.0,0.004773722726313823,2,
2018-05-31 12:00:00,153,0.12145250290632248,0.0,0.059039998799562454,0.12145250290632248,0.0,0.12145250290632248,0.0,0.0,0.0,0.007170555625793135,2,
2018-05-31 13:00:00,153,0.15042416751384735,0.0,0.05596249923110008,0.15042416751384735,0.0,0.15042416751384735,0.0,0.0,0.0,0.008418112358832552,2,
2018-05-31 14:00:00,153,0.09707166999578476,0.0,0.05441749840974808,0.09707166999578476,0.0,0.09707166999578476,0.0,0.0,0.0,0.005282397447627207,2,
2018-05-31 15:00:00,153,0.14079777896404266,0.0,0.058432500809431076,0.14079777896404266,0.0,0.14079777896404266,0.0,0.0,0.0,0.00822716633328252,2,
2018-05-31 16:00:00,153,0.24198417365550995,0.0,0.060112498700618744,0.24198417365550995,0.0,0.24198417365550995,0.0,0.0,0.0,0.014546273324437142,2,
2018-05-31 17:00:00,153,0.16517861187458038,0.0,0.06428749859333038,0.16517861187458038,0.0,0.16517861187458038,0.0,0.0,0.0,0.010618919778535352,2,
2018-05-31 18:00:00,153,0.12116416543722153,0.0,0.0638900026679039,0.12116416543722153,0.0,0.12116416543722153,0.0,0.0,0.0,0.007741178853038433,2,
2018-05-31 19:00:00,153,0.3059905469417572,-0.0,0.05924500152468681,0.3059905469417572,0.0,0.3059905469417572,0.0,0.0,0.0,0.018128410420104157,2,
2018-05-31 20:00:00,153,0.17204861342906952,-0.0,0.05578000098466873,0.17204861342906952,0.0,0.17204861342906952,0.0,0.0,0.0,0.009596871826484388,2,
2018-05-31 21:00:00,153,0.17102444171905518,-0.0,0.05438999831676483,0.17102444171905518,0.0,0.17102444171905518,0.0,0.0,0.0,0.009302019097225056,2,
2018-05-31 22:00:00,153,0.08627777546644211,-0.0,0.05392500013113022,0.08627777546644211,0.0,0.08627777546644211,0.0,0.0,0.0,0.004652529053341514,2,
2018-05-31 23:00:00,153,0.11991611123085022,-0.0,0.05570250004529953,0.11991611123085022,0.0,0.11991611123085022,0.0,0.0,0.0,0.006679627191268578,2,
2018-06-01 00:00:00,153,0.08655555546283722,-0.0,0.050634998828172684,0.08655555546283722,0.0,0.08655555546283722,0.0,0.0,0.0,0.004382740449432598,2,
2018-06-01 01:00:00,153,0.11042388528585434,-0.0,0.0518449991941452,0.11042388528585434,0.0,0.11042388528585434,0.0,0.0,0.0,0.0057249262436595005,2,
2018-06-01 02:00:00,153,0.10408750176429749,-0.0,0.05093500018119812,0.10408750176429749,0.0,0.10408750176429749,0.0,0.0,0.0,0.005301696921224952,2,
2018-06-01 03:00:00,153,0.0,-0.0,0.05025250092148781,0.0,0.0,0.0,-0.0,-0.0,0.0,0.0,2,
2018-06-01 04:00:00,153,0.06309416890144348,-0.0,0.04960250109434128,0.06309416890144348,0.0,0.06309416890144348,0.0,0.0,0.0,0.0031296285819804037,2,
2018-06-01 05:00:00,153,0.14919888973236084,-0.0,0.05070750042796135,0.14919888973236084,0.0,0.14919888973236084,0.0,0.0,0.0,0.0075655027649550455,2,
2018-06-01 06:00:00,153,0.16344888508319855,-0.0,0.051500000059604645,0.16344888508319855,0.0,0.16344888508319855,0.0,0.0,0.0,0.008417617591527038,2,
2018-06-01 07:00:00,153,1.0351355075836182,0.0,0.05026249960064888,1.0351355075836182,0.0,1.0351355075836182,0.0,0.0,0.0,0.052028498036539084,2,
2018-06-01 08:00:00,153,0.2137305587530136,0.4452041983604431,0.05377500131726265,-0.2314736396074295,0.0,0.0,0.2314736396074295,0.2314736396074295,0.0,0.0,2,
2018-06-01 09:00:00,153,0.09619694203138351,0.5824024677276611,0.06026500090956688,-0.4862055256962776,0.0,0.0,0.4862055256962776,0.4862055256962776,0.0,0.0,2,
2018-06-01 10:00:00,153,0.11646082997322083,0.7464655637741089,0.05596249923110008,-0.6300047338008881,0.0,0.0,0.6300047338008881,0.6300047338008881,0.0,0.0,2,
2018-06-01 11:00:00,153,0.08561638742685318,0.01727554388344288,0.0522724986076355,0.0683408435434103,0.0,0.0683408435434103,0.0,0.0,0.0,0.0035723466489675504,2,
2018-06-01 12:00:00,153,0.11926528066396713,0.0,0.05124250054359436,0.11926528066396713,0.0,0.11926528066396713,0.0,0.0,0.0,0.00611145120925527,2,
2018-06-01 13:00:00,153,0.0864027813076973,0.0,0.04977250099182129,0.0864027813076973,0.0,0.0864027813076973,0.0,0.0,0.0,0.004300482518333482,2,
2018-06-01 14:00:00,153,0.21227943897247314,0.0,0.04983999952673912,0.21227943897247314,0.0,0.21227943897247314,0.0,0.0,0.0,0.010580007137924508,2,
2018-06-01 15:00:00,153,0.1621052771806717,0.0,0.05100499838590622,0.1621052771806717,0.0,0.1621052771806717,0.0,0.0,0.0,0.00826817940094704,2,
2018-06-01 16:00:00,153,0.20302750170230865,0.0,0.05070750042796135,0.20302750170230865,0.0,0.20302750170230865,0.0,0.0,0.0,0.01029501712945774,2,
2018-06-01 17:00:00,153,0.08749639242887497,0.0,0.052022501826286316,0.08749639242887497,0.0,0.08749639242887497,0.0,0.0,0.0,0.004551781234924612,2,
2018-06-01 18:00:00,153,0.12894250452518463,0.0,0.05281750112771988,0.12894250452518463,0.0,0.12894250452518463,0.0,0.0,0.0,0.006810420878169965,2,
2018-06-01 19:00:00,153,0.08832111209630966,-0.0,0.0574599988758564,0.08832111209630966,0.0,0.08832111209630966,0.0,0.0,0.0,0.00507493100176834,2,
2018-06-01 20:00:00,153,0.19268417358398438,-0.0,0.05684499815106392,0.19268417358398438,0.0,0.19268417358398438,0.0,0.0,0.0,0.010953131491120871,2,
2018-06-01 21:00:00,153,0.14460666477680206,-0.0,0.05668500065803528,0.14460666477680206,0.0,0.14460666477680206,0.0,0.0,0.0,0.008197028888029312,2,
2018-06-01 22:00:00,153,0.14700277149677277,-0.0,0.053927499800920486,0.14700277149677277,0.0,0.14700277149677277,0.0,0.0,0.0,0.007927491930626973,2,
2018-06-01 23:00:00,153,0.0924241691827774,-0.0,0.05619499832391739,0.0924241691827774,0.0,0.0924241691827774,0.0,0.0,0.0,0.0051937760323156335,2,
2018-06-02 00:00:00,153,0.09536749869585037,-0.0,0.0536700002849102,0.09536749869585037,0.0,0.09536749869585037,0.0,0.0,0.0,0.005118373682177463,2,
2018-06-02 01:00:00,153,0.1973891705274582,-0.0,0.052549999207258224,0.1973891705274582,0.0,0.1973891705274582,0.0,0.0,0.0,0.010372800754739286,2,
2018-06-02 02:00:00,153,0.0,-0.0,0.04978000000119209,0.0,0.0,0.0,-0.0,-0.0,0.0,0.0,2,
2018-06-02 03:00:00,153,0.01599833369255066,-0.0,0.048237498849630356,0.01599833369255066,0.0,0.01599833369255066,0.0,0.0,0.0,0.000771719603090415,2,
2018-06-02 04:00:00,153,0.08404583483934402,-0.0,0.04829749837517738,0.08404583483934402,0.0,0.08404583483934402,0.0,0.0,0.0,0.004059203571593645,2,
2018-06-02 05:00:00,153,0.10283083468675613,-0.0,0.04865749925374985,0.10283083468675613,0.0,0.10283083468675613,0.0,0.0,0.0,0.0050034912620333105,2,
2018-06-02 06:00:00,153,0.09744388610124588,-0.0,0.04912250116467476,0.09744388610124588,0.0,0.09744388610124588,0.0,0.0,0.0,0.004786687408498885,2,
2018-06-02 07:00:00,153,0.09400222450494766,0.0,0.04936249926686287,0.09400222450494766,0.0,0.09400222450494766,0.0,0.0,0.0,0.004640184738208958,2,
2018-06-02 08:00:00,153,1.662107229232788,0.4084031283855438,0.0506649985909462,1.2537041008472443,0.0,1.2537041008472443,0.0,0.0,0.0,0.0635189165028891,2,
2018-06-02 09:00:00,153,0.1826924979686737,0.0,0.05651000142097473,0.1826924979686737,0.0,0.1826924979686737,0.0,0.0,0.0,0.010323953319811174,2,
2018-06-02 10:00:00,153,0.10933277755975723,0.0,0.05768999829888344,0.10933277755975723,0.0,0.10933277755975723,0.0,0.0,0.0,0.006307407751434596,2,
2018-06-02 11:00:00,153,0.0896724984049797,0.0,0.053679998964071274,0.0896724984049797,0.0,0.0896724984049797,0.0,0.0,0.0,0.0048136196214849936,2,
2018-06-02 12:00:00,153,0.09184916317462921,0.0,0.051672499626874924,0.09184916317462921,0.0,0.09184916317462921,0.0,0.0,0.0,0.004746075849869802,2,
2018-06-02 13:00:00,153,0.1049894466996193,0.0,0.04979750141501427,0.1049894466996193,0.0,0.1049894466996193,0.0,0.0,0.0,0.005228212120585857,2,
2018-06-02 14:00:00,153,0.09196388721466064,0.0,0.04941000044345856,0.09196388721466064,0.0,0.09196388721466064,0.0,0.0,0.0,0.004543935708058555,2,
2018-06-02 15:00:00,153,0.09336555749177933,0.0,0.050187498331069946,0.09336555749177933,0.0,0.09336555749177933,0.0,0.0,0.0,0.00468578376079809,2,
2018-06-02 16:00:00,153,0.14735889434814453,0.0,0.05040249973535538,0.14735889434814453,0.0,0.14735889434814453,0.0,0.0,0.0,0.007427256633384616,2,
2018-06-02 17:00:00,153,0.15423054993152618,0.0,0.057202499359846115,0.15423054993152618,0.0,0.15423054993152618,0.0,0.0,0.0,0.00882237293372684,2,
2018-06-02 18:00:00,153,0.19860528409481049,0.0,0.060327500104904175,0.19860528409481049,0.0,0.19860528409481049,0.0,0.0,0.0,0.011981360297064203,2,
2018-06-02 19:00:00,153,0.16301888227462769,-0.0,0.060087498277425766,0.16301888227462769,0.0,0.16301888227462769,0.0,0.0,0.0,0.009795396807864565,2,
2018-06-02 20:00:00,153,0.22050555050373077,-0.0,0.059152498841285706,0.22050555050373077,0.0,0.22050555050373077,0.0,0.0,0.0,0.013043454320669001,2,
2018-06-02 21:00:00,153,0.12279944121837616,-0.0,0.05760499835014343,0.12279944121837616,0.0,0.12279944121837616,0.0,0.0,0.0,0.007073861608783094,2,
2018-06-02 22:00:00,153,0.14478333294391632,-0.0,0.05614500120282173,0.14478333294391632,0.0,0.14478333294391632,0.0,0.0,0.0,0.008128860402284721,2,
2018-06-02 23:00:00,153,0.13564777374267578,-0.0,0.054694999009370804,0.13564777374267578,0.0,0.13564777374267578,0.0,0.0,0.0,0.007419254850479007,2,
2018-06-03 00:00:00,153,0.14202778041362762,-0.0,0.051739998161792755,0.14202778041362762,0.0,0.14202778041362762,0.0,0.0,0.0,0.007348517097524598,2,
2018-06-03 01:00:00,153,0.13841499388217926,-0.0,0.050977498292922974,0.13841499388217926,0.0,0.13841499388217926,0.0,0.0,0.0,0.007056050114343737,2,
2018-06-03 02:00:00,153,0.08261916786432266,-0.0,0.05000000074505806,0.08261916786432266,0.0,0.08261916786432266,0.0,0.0,0.0,0.00413095845477221,2,
2018-06-03 03:00:00,153,0.11165750026702881,-0.0,0.04847250133752823,0.11165750026702881,0.0,0.11165750026702881,0.0,0.0,0.0,0.0054123183310386125,2,
2018-06-03 04:00:00,153,0.08994694799184799,-0.0,0.04826999828219414,0.08994694799184799,0.0,0.08994694799184799,0.0,0.0,0.0,0.004341739025055108,2,
2018-06-03 05:00:00,153,0.10038666427135468,-0.0,0.0476825013756752,0.10038666427135468,0.0,0.10038666427135468,0.0,0.0,0.0,0.004786687257218314,2,
2018-06-03 06:00:00,153,0.09923583269119263,-0.0,0.04826749861240387,0.09923583269119263,0.0,0.09923583269119263,0.0,0.0,0.0,0.004789865416722883,2,
2018-06-03 07:00:00,153,0.08588222414255142,0.0,0.04912000149488449,0.08588222414255142,0.0,0.08588222414255142,0.0,0.0,0.0,0.004218534978266131,2,
2018-06-03 08:00:00,153,0.10919805616140366,0.0,0.04978499934077263,0.10919805616140366,0.0,0.10919805616140366,0.0,0.0,0.0,0.0054364251540091335,2,
2018-06-03 09:00:00,153,0.10451249778270721,0.0,0.05332000181078911,0.10451249778270721,0.0,0.10451249778270721,0.0,0.0,0.0,0.005572606571024041,2,
2018-06-03 10:00:00,153,1.061358094215393,0.0,0.0542449988424778,1.061358094215393,0.0,1.061358094215393,0.0,0.0,0.0,0.05757336859216844,2,
2018-06-03 11:00:00,153,0.588996946811676,0.0,0.05497249960899353,0.588996946811676,0.0,0.588996946811676,0.0,0.0,0.0,0.03237863442830324,2,
2018-06-03 12:00:00,153,0.12341777980327606,0.0,0.056060001254081726,0.12341777980327606,0.0,0.12341777980327606,0.0,0.0,0.0,0.006918800890547638,2,
2018-06-03 13:00:00,153,0.15221111476421356,0.0,0.05440250039100647,0.15221111476421356,0.0,0.15221111476421356,0.0,0.0,0.0,0.008280665230475659,2,
2018-06-03 14:00:00,153,0.117779441177845,0.0,0.05290500074625015,0.117779441177845,0.0,0.117779441177845,0.0,0.0,0.0,0.006231121423406816,2,
2018-06-03 15:00:00,153,0.13150139153003693,0.0,0.05233500152826309,0.13150139153003693,0.0,0.13150139153003693,0.0,0.0,0.0,0.006882125526693206,2,
2018-06-03 16:00:00,153,0.2587805688381195,0.0,0.05525749921798706,0.2587805688381195,0.0,0.2587805688381195,0.0,0.0,0.0,0.014299567080202635,2,
2018-06-03 17:00:00,153,0.21843166649341583,0.0,0.06027749925851822,0.21843166649341583,0.0,0.21843166649341583,0.0,0.0,0.0,0.013166514615093772,2,
2018-06-03 18:00:00,153,0.1373097151517868,0.0,0.06059499830007553,0.1373097151517868,0.0,0.1373097151517868,0.0,0.0,0.0,0.008320281956206377,2,
2018-06-03 19:00:00,153,0.22102278470993042,-0.0,0.06268499791622162,0.22102278470993042,0.0,0.22102278470993042,0.0,0.0,0.0,0.013854812798979488,2,
2018-06-03 20:00:00,153,0.24557583034038544,-0.0,0.06225749850273132,0.24557583034038544,0.0,0.24557583034038544,0.0,0.0,0.0,0.015288936889723548,2,
2018-06-03 21:00:00,153,0.10486138612031937,-0.0,0.06206750124692917,0.10486138612031937,0.0,0.10486138612031937,0.0,0.0,0.0,0.006508484213777643,2,
2018-06-03 22:00:00,153,0.1274019479751587,-0.0,0.05896250158548355,0.1274019479751587,0.0,0.1274019479751587,0.0,0.0,0.0,0.007511937559478987,2,
2018-06-03 23:00:00,153,0.09930777549743652,-0.0,0.05486749857664108,0.09930777549743652,0.0,0.09930777549743652,0.0,0.0,0.0,0.005448769230754991,2,
2018-06-04 00:00:00,153,0.09367222338914871,-0.0,0.04946500062942505,0.09367222338914871,0.0,0.09367222338914871,0.0,0.0,0.0,0.004633496588903885,2,
2018-06-04 01:00:00,153,0.11353583633899689,-0.0,0.04976499825716019,0.11353583633899689,0.0,0.11353583633899689,0.0,0.0,0.0,0.005650110697535404,2,
2018-06-04 02:00:00,153,0.08810027688741684,-0.0,0.04958749935030937,0.08810027688741684,0.0,0.08810027688741684,0.0,0.0,0.0,0.004368672422916858,2,
2018-06-04 03:00:00,153,0.09872861206531525,-0.0,0.04784249886870384,0.09872861206531525,0.0,0.09872861206531525,0.0,0.0,0.0,0.004723423511043545,2,
2018-06-04 04:00:00,153,0.1070205569267273,-0.0,0.04735250025987625,0.1070205569267273,0.0,0.1070205569267273,0.0,0.0,0.0,0.005067690949684955,2,
2018-06-04 05:00:00,153,0.08528194576501846,-0.0,0.050085000693798065,0.08528194576501846,0.0,0.08528194576501846,0.0,0.0,0.0,0.004271346312809399,2,
2018-06-04 06:00:00,153,0.10986360907554626,-0.0,0.05023999884724617,0.10986360907554626,0.0,0.10986360907554626,0.0,0.0,0.0,0.005519547593309748,2,
2018-06-04 07:00:00,153,1.13097083568573,0.0,0.053394999355077744,1.13097083568573,0.0,1.13097083568573,0.0,0.0,0.0,0.06038818704205129,2,
2018-06-04 08:00:00,153,0.1071205586194992,0.0,0.05283749848604202,0.1071205586194992,0.0,0.1071205586194992,0.0,0.0,0.0,0.005659982353881765,2,
2018-06-04 09:00:00,153,0.09690972417593002,0.0,0.05352500081062317,0.09690972417593002,0.0,0.09690972417593002,0.0,0.0,0.0,0.005187093065073922,2,
2018-06-04 10:00:00,153,0.10931472480297089,0.0,0.05402500182390213,0.10931472480297089,0.0,0.10931472480297089,0.0,0.0,0.0,0.0059057282068598616,2,
2018-06-04 11:00:00,153,0.08635138720273972,0.0,0.0533749982714653,0.08635138720273972,0.0,0.08635138720273972,0.0,0.0,0.0,0.004609005142684863,2,
2018-06-04 12:00:00,153,0.09611249715089798,0.0,0.05249999836087227,0.09611249715089798,0.0,0.09611249715089798,0.0,0.0,0.0,0.0050459059428814845,2,
2018-06-04 13:00:00,153,0.10892194509506226,0.0,0.05204499885439873,0.10892194509506226,0.0,0.10892194509506226,0.0,0.0,0.0,0.005668842507691396,2,
2018-06-04 14:00:00,153,0.08513444662094116,0.0,0.0513250008225441,0.08513444662094116,0.0,0.08513444662094116,0.0,0.0,0.0,0.004369525542846642,2,
2018-06-04 15:00:00,153,0.10403028130531311,0.0,0.053394999355077744,0.10403028130531311,0.0,0.10403028130531311,0.0,0.0,0.0,0.00555469680320575,2,
2018-06-04 16:00:00,153,0.0989319458603859,0.0,0.06341499835252762,0.0989319458603859,0.0,0.0989319458603859,0.0,0.0,0.0,0.006273769183748723,2,
2018-06-04 17:00:00,153,0.430165559053421,0.0,0.06720999628305435,0.430165559053421,0.0,0.430165559053421,0.0,0.0,0.0,0.028911425625078424,2,
2018-06-04 18:00:00,153,0.22044749557971954,0.0,0.06165999919176102,0.22044749557971954,0.0,0.22044749557971954,0.0,0.0,0.0,0.013592792399271247,2,
2018-06-04 19:00:00,153,0.2367524951696396,-0.0,0.053222499787807465,0.2367524951696396,0.0,0.2367524951696396,0.0,0.0,0.0,0.01260055962392903,2,
2018-06-04 20:00:00,153,0.14668305218219757,-0.0,0.05231500044465065,0.14668305218219757,0.0,0.14668305218219757,0.0,0.0,0.0,0.00767372394013438,2,
2018-06-04 21:00:00,153,0.09083221852779388,-0.0,0.0528549998998642,0.09083221852779388,0.0,0.09083221852779388,0.0,0.0,0.0,0.004800936901190989,2,
2018-06-04 22:00:00,153,0.10365305840969086,-0.0,0.05166250094771385,0.10365305840969086,0.0,0.10365305840969086,0.0,0.0,0.0,0.005354976228324093,2,
2018-06-04 23:00:00,153,0.0788038894534111,-0.0,0.05228250101208687,0.0788038894534111,0.0,0.0788038894534111,0.0,0.0,0.0,0.004120064430104348,2,
2018-06-05 00:00:00,153,0.11005555838346481,-0.0,0.04881250113248825,0.11005555838346481,0.0,0.11005555838346481,0.0,0.0,0.0,0.005372087068229503,2,
2018-06-05 01:00:00,153,0.08504360914230347,-0.0,0.04949000105261803,0.08504360914230347,0.0,0.08504360914230347,0.0,0.0,0.0,0.004208808305971035,2,
2018-06-05 02:00:00,153,0.09797916561365128,-0.0,0.04967749863862991,0.09797916561365128,0.0,0.09797916561365128,0.0,0.0,0.0,0.004867359866386256,2,
2018-06-05 03:00:00,153,0.09774111211299896,-0.0,0.0481100007891655,0.09774111211299896,0.0,0.09774111211299896,0.0,0.0,0.0,0.004702324980890293,2,
2018-06-05 04:00:00,153,0.08469916880130768,-0.0,0.04698750004172325,0.08469916880130768,0.0,0.08469916880130768,0.0,0.0,0.0,0.003979802197585369,2,
2018-06-05 05:00:00,153,0.10972277820110321,0.0,0.04633999988436699,0.10972277820110321,0.0,0.10972277820110321,0.0,0.0,0.0,0.005084553529151548,2,
2018-06-05 06:00:00,153,0.1974344402551651,-0.0,0.05099499970674515,0.1974344402551651,0.0,0.1974344402551651,0.0,0.0,0.0,0.010068169222913537,2,
2018-06-05 07:00:00,153,1.0139933824539185,0.0,0.05681750178337097,1.0139933824539185,0.0,1.0139933824539185,0.0,0.0,0.0,0.057612570815901876,2,
2018-06-05 08:00:00,153,0.12457749992609024,0.0,0.05791499838232994,0.12457749992609024,0.0,0.12457749992609024,0.0,0.0,0.0,0.007214905706694225,2,
2018-06-05 09:00:00,153,0.0817108303308487,0.02996920980513096,0.05696000158786774,0.051741620525717735,0.0,0.051741620525717735,0.0,0.0,0.0,0.002947202787303732,2,
2018-06-05 10:00:00,153,0.11235444247722626,0.054514750838279724,0.0578249990940094,0.05783969163894653,0.0,0.05783969163894653,0.0,0.0,0.0,0.0033445801166198663,2,
2018-06-05 11:00:00,153,0.09376528114080429,0.1274232566356659,0.05542749911546707,-0.0336579754948616,0.0,0.0,0.0336579754948616,0.0336579754948616,0.0,0.0,2,
2018-06-05 12:00:00,153,0.09392138570547104,0.1192813292145729,0.05448000133037567,-0.025359943509101868,0.0,0.0,0.025359943509101868,0.025359943509101868,0.0,0.0,2,
2018-06-05 13:00:00,153,0.10720055550336838,0.11573132127523422,0.05328249931335449,-0.008530765771865845,0.0,0.0,0.008530765771865845,0.008530765771865845,0.0,0.0,2,
2018-06-05 14:00:00,153,0.1751805543899536,0.07843084633350372,0.05240749940276146,0.09674970805644989,0.0,0.09674970805644989,0.0,0.0,0.0,0.005070410267185743,2,
2018-06-05 15:00:00,153,0.18677833676338196,0.019000889733433723,0.052322499454021454,0.16777744702994823,0.0,0.16777744702994823,0.0,0.0,0.0,0.00877853538062158,2,
2018-06-05 16:00:00,153,0.12442027777433395,0.05669655278325081,0.05272499844431877,0.06772372499108315,0.0,0.06772372499108315,0.0,0.0,0.0,0.003570733294798331,2,
2018-06-05 17:00:00,153,0.26415082812309265,0.01354286726564169,0.05483249947428703,0.25060796085745096,0.0,0.25060796085745096,0.0,0.0,0.0,0.013741460881968325,2,
2018-06-05 18:00:00,153,0.9609819650650024,5.1498279704081376e-18,0.05521500110626221,0.9609819650650024,0.0,0.9609819650650024,0.0,0.0,0.0,0.05306062026416214,2,
2018-06-05 19:00:00,153,0.3293772339820862,0.0,0.054112501442432404,0.3293772339820862,0.0,0.3293772339820862,0.0,0.0,0.0,0.017823426048960034,2,
2018-06-05 20:00:00,153,0.2788047194480896,-0.0,0.052857499569654465,0.2788047194480896,0.0,0.2788047194480896,0.0,0.0,0.0,0.01473692033824503,2,
2018-06-05 21:00:00,153,0.5948103070259094,-0.0,0.052262499928474426,0.5948103070259094,0.0,0.5948103070259094,0.0,0.0,0.0,0.031086273628397443,2,
2018-06-05 22:00:00,153,0.34370723366737366,-0.0,0.051660001277923584,0.34370723366737366,0.0,0.34370723366737366,0.0,0.0,0.0,0.017755916130488103,2,
2018-06-05 23:00:00,153,0.14682722091674805,-0.0,0.05312250182032585,0.14682722091674805,0.0,0.14682722091674805,0.0,0.0,0.0,0.007799829310423334,2,
2018-06-06 00:00:00,153,0.11257611215114594,-0.0,0.050200000405311584,0.11257611215114594,0.0,0.11257611215114594,0.0,0.0,0.0,0.005651320875615928,2,
2018-06-06 01:00:00,153,0.10008528083562851,-0.0,0.04902249947190285,0.10008528083562851,0.0,0.10008528083562851,0.0,0.0,0.0,0.004906430626909847,2,
2018-06-06 02:00:00,153,0.1003955528140068,-0.0,0.04872250184416771,0.1003955528140068,0.0,0.1003955528140068,0.0,0.0,0.0,0.004891522507126683,2,
2018-06-06 03:00:00,153,0.1097002774477005,-0.0,0.047074999660253525,0.1097002774477005,0.0,0.1097002774477005,0.0,0.0,0.0,0.0051641405235802185,2,
2018-06-06 04:00:00,153,1.0932072401046753,-0.0,0.04687749966979027,1.0932072401046753,0.0,1.0932072401046753,0.0,0.0,0.0,0.051246822037019246,2,
2018-06-06 05:00:00,153,0.11779361218214035,-0.0,0.048512499779462814,0.11779361218214035,0.0,0.11779361218214035,0.0,0.0,0.0,0.005714462585008212,2,
2018-06-06 06:00:00,153,0.7105811238288879,-0.0,0.050725001841783524,0.7105811238288879,0.0,0.7105811238288879,0.0,0.0,0.0,0.03604422881495695,2,
2018-06-06 07:00:00,153,0.4454752802848816,0.0,0.05178999900817871,0.4454752802848816,0.0,0.4454752802848816,0.0,0.0,0.0,0.02307116432412215,2,
2018-06-06 08:00:00,153,0.15945500135421753,0.0,0.05245000123977661,0.15945500135421753,0.0,0.15945500135421753,0.0,0.0,0.0,0.00836341501871729,2,
2018-06-06 09:00:00,153,0.09357138723134995,0.06612522155046463,0.051692500710487366,0.027446165680885315,0.0,0.027446165680885315,0.0,0.0,0.0,0.001418760938959318,2,
2018-06-06 10:00:00,153,0.075322225689888,0.09788317233324051,0.05288749933242798,-0.02256094664335251,0.0,0.0,0.02256094664335251,0.02256094664335251,0.0,0.0,2,
2018-06-06 11:00:00,153,0.0890297219157219,0.04323507100343704,0.05243000015616417,0.04579465091228485,0.0,0.04579465091228485,0.0,0.0,0.0,0.0024010135544825784,2,
2018-06-06 12:00:00,153,0.08268861472606659,2.898693323135376,0.02500000037252903,-2.8160047084093094,1.4249999999999998,0.0,1.3160047084093094,1.3160047084093094,1.5,0.0015,0,
2018-06-06 13:00:00,153,0.08805805444717407,0.1548648327589035,0.04177999868988991,-0.06680677831172943,1.4249999999999998,0.0,0.06680677831172943,0.06680677831172943,0.0,0.0,2,
2018-06-06 14:00:00,153,0.1560380607843399,0.15699923038482666,0.05006000027060509,-0.0009611696004867554,1.4249999999999998,0.0,0.0009611696004867554,0.0009611696004867554,0.0,0.0,2,
2018-06-06 15:00:00,153,0.11960694193840027,0.1356973648071289,0.05409500002861023,-0.016090422868728638,1.4249999999999998,0.0,0.016090422868728638,0.016090422868728638,0.0,0.0,2,
2018-06-06 16:00:00,153,0.22772249579429626,0.08383508771657944,0.054167501628398895,0.14388740807771683,1.2735395704445085,0.0,-0.0,-0.0,0.14388740807771683,0.00014388740807771684,2,
2018-06-06 17:00:00,153,0.20404361188411713,0.030676741153001785,0.0549824982881546,0.17336687073111534,1.0910481275696502,0.0,-0.0,-0.0,0.17336687073111534,0.00017336687073111535,2,
2018-06-06 18:00:00,153,0.8475914001464844,1.1443516033440329e-17,0.05668500065803528,0.8475914001464844,0.19884665373124555,0.0,-0.0,-0.0,0.8475914001464844,0.0008475914001464844,2,
2018-06-06 19:00:00,153,0.2106861174106598,0.0,0.05708250030875206,0.2106861174106598,0.0,0.02178179636597652,0.0,0.0,0.18890432104468327,0.0014322637188307124,2,
2018-06-06 20:00:00,153,0.09655360877513885,0.0,0.05393499881029129,0.09655360877513885,0.0,0.09655360877513885,0.0,0.0,0.0,0.005207618774416445,2,
2018-06-06 21:00:00,153,0.21381555497646332,-0.0,0.0532350018620491,0.21381555497646332,0.0,0.21381555497646332,0.0,0.0,0.0,0.011382471467307087,2,
2018-06-06 22:00:00,153,0.09093944728374481,-0.0,0.05176499858498573,0.09093944728374481,0.0,0.09093944728374481,0.0,0.0,0.0,0.004707480359962435,2,
2018-06-06 23:00:00,153,0.11158527433872223,-0.0,0.054910000413656235,0.11158527433872223,0.0,0.11158527433872223,0.0,0.0,0.0,0.006127147460097182,2,
2018-06-07 00:00:00,153,0.1104794442653656,-0.0,0.05056000128388405,0.1104794442653656,0.0,0.1104794442653656,0.0,0.0,0.0,0.005585840843899681,2,
2018-06-07 01:00:00,153,0.09187166392803192,-0.0,0.04975000023841858,0.09187166392803192,0.0,0.09187166392803192,0.0,0.0,0.0,0.0045706153023235,2,
2018-06-07 02:00:00,153,0.12144194543361664,-0.0,0.04926750063896179,0.12144194543361664,0.0,0.12144194543361664,0.0,0.0,0.0,0.005983141124247471,2,
2018-06-07 03:00:00,153,0.09402278065681458,-0.0,0.048420000821352005,0.09402278065681458,0.0,0.09402278065681458,0.0,0.0,0.0,0.004552583116628761,2,
2018-06-07 04:00:00,153,0.1044144481420517,-0.0,0.04903249815106392,0.1044144481420517,0.0,0.1044144481420517,0.0,0.0,0.0,0.005119701235469509,2,
2018-06-07 05:00:00,153,0.11158555746078491,-0.0,0.04996750131249428,0.11158555746078491,0.0,0.11158555746078491,0.0,0.0,0.0,0.005575651488877176,2,
2018-06-07 06:00:00,153,0.19074583053588867,-0.0,0.0520625002682209,0.19074583053588867,0.0,0.19074583053588867,0.0,0.0,0.0,0.009930704853436723,2,
2018-06-07 07:00:00,153,0.13162000477313995,0.0,0.05355750024318695,0.13162000477313995,0.0,0.13162000477313995,0.0,0.0,0.0,0.007049238437645711,2,"{'r': -2.789801, 'l': 287, 't': 2.320764}"
2018-05-03 15:00:00,156,0.32338249683380127,0.0,0.04239499941468239,0.32338249683380127,1.1595973717538934,0.0,-0.0,-0.0,0.32338249683380127,0.0003233824968338013,2,
2018-05-03 16:00:00,156,1.0963983535766602,0.0,0.04598750174045563,1.0963983535766602,0.005493841673198441,0.0,-0.0,-0.0,1.0963983535766602,0.00109639835357666,2,
2018-05-03 17:00:00,156,0.6671794652938843,0.0,0.0501524992287159,0.6671794652938843,0.0,0.6619603157043458,0.0,0.0,0.005219149589538519,0.03320418337239227,2,
2018-05-03 18:00:00,156,1.1919478178024292,0.0,0.0515424981713295,1.1919478178024292,0.0,1.1919478178024292,0.0,0.0,0.0,0.06143596821940189,2,
2018-05-03 19:00:00,156,2.7909457683563232,-0.0,0.05432499945163727,2.7909457683563232,0.0,2.7909457683563232,0.0,0.0,0.0,0.15161812733550661,2,
2018-05-03 20:00:00,156,0.7506211400032043,-0.0,0.05335500091314316,0.7506211400032043,0.0,0.7506211400032043,0.0,0.0,0.0,0.040049391610295526,2,
2018-05-03 21:00:00,156,0.5450358390808105,-0.0,0.05196499824523926,0.5450358390808105,0.0,0.5450358390808105,0.0,0.0,0.0,0.028322786421426827,2,
2018-05-03 22:00:00,156,0.4073430597782135,-0.0,0.05072249844670296,0.4073430597782135,0.0,0.4073430597782135,0.0,0.0,0.0,0.020661457716875664,2,
2018-05-03 23:00:00,156,0.29987916350364685,-0.0,0.04856250062584877,0.29987916350364685,0.0,0.29987916350364685,0.0,0.0,0.0,0.014562882065324856,2,
2018-05-04 00:00:00,156,0.277097225189209,-0.0,0.04838249832391739,0.277097225189209,0.0,0.277097225189209,0.0,0.0,0.0,0.013406656033279063,2,
2018-05-04 01:00:00,156,0.30465972423553467,-0.0,0.046824999153614044,0.30465972423553467,0.0,0.30465972423553467,0.0,0.0,0.0,0.014265691329469199,2,
2018-05-04 02:00:00,156,0.33567583560943604,-0.0,0.04738499969244003,0.33567583560943604,0.0,0.33567583560943604,0.0,0.0,0.0,0.015905999367112678,2,
2018-05-04 03:00:00,156,0.0,-0.0,0.047587499022483826,0.0,0.0,0.0,-0.0,-0.0,0.0,0.0,2,
2018-05-04 04:00:00,156,0.2727774977684021,-0.0,0.04744499921798706,0.2727774977684021,0.0,0.2727774977684021,0.0,0.0,0.0,0.012941928168306305,2,
2018-05-04 05:00:00,156,0.31265389919281006,-0.0,0.04757000133395195,0.31265389919281006,0.0,0.31265389919281006,0.0,0.0,0.0,0.014872946401667253,2,
2018-05-04 06:00:00,156,0.4413124918937683,-0.0,0.04843499884009361,0.4413124918937683,0.0,0.4413124918937683,0.0,0.0,0.0,0.02137497003299349,2,
2018-05-04 07:00:00,156,0.4530036151409149,0.0,0.049482498317956924,0.4530036151409149,0.0,0.4530036151409149,0.0,0.0,0.0,0.02241575062423873,2,
2018-05-04 08:00:00,156,0.4468541741371155,0.0,0.047600001096725464,0.4468541741371155,0.0,0.4468541741371155,0.0,0.0,0.0,0.021270259179003048,2,
2018-05-04 09:00:00,156,0.33413195610046387,0.0,0.04870250076055527,0.33413195610046387,0.0,0.33413195610046387,0.0,0.0,0.0,0.01627306184610866,2,
2018-05-04 10:00:00,156,0.32336026430130005,0.0,0.048170000314712524,0.32336026430130005,0.0,0.32336026430130005,0.0,0.0,0.0,0.015576264033159148,2,
2018-05-04 11:00:00,156,0.3188297152519226,0.0,0.04745500162243843,0.3188297152519226,0.0,0.3188297152519226,0.0,0.0,0.0,0.01513006465456157,2,
2018-05-04 12:00:00,156,0.31381499767303467,0.0,0.048259999603033066,0.31381499767303467,0.0,0.31381499767303467,0.0,0.0,0.0,0.015144711663126476,2,
2018-05-04 13:00:00,156,0.30721527338027954,0.0,0.04715000092983246,0.30721527338027954,0.0,0.30721527338027954,0.0,0.0,0.0,0.014485200425538913,2,
2018-05-04 14:00:00,156,0.31547221541404724,0.0,0.046994999051094055,0.31547221541404724,0.0,0.31547221541404724,0.0,0.0,0.0,0.01482561646402969,2,
2018-05-04 15:00:00,156,0.2962297201156616,0.0,0.04879000037908554,0.2962297201156616,0.0,0.2962297201156616,0.0,0.0,0.0,0.014453048156739534,2,
2018-05-04 16:00:00,156,0.3108486235141754,0.0,0.04914499819278717,0.3108486235141754,0.0,0.3108486235141754,0.0,0.0,0.0,0.01527665504083453,2,
2018-05-04 17:00:00,156,0.3047666549682617,0.0,0.049665000289678574,0.3047666549682617,0.0,0.3047666549682617,0.0,0.0,0.0,0.015136236007283088,2,
2018-05-04 18:00:00,156,0.314921110868454,0.0,0.05008750036358833,0.314921110868454,0.0,0.314921110868454,0.0,0.0,0.0,0.01577361125512533,2,
2018-05-04 19:00:00,156,0.34530889987945557,-0.0,0.05133499950170517,0.34530889987945557,0.0,0.34530889987945557,0.0,0.0,0.0,0.017726432203246212,2,
2018-05-04 20:00:00,156,0.29919639229774475,-0.0,0.0516199991106987,0.29919639229774475,0.0,0.29919639229774475,0.0,0.0,0.0,0.015444517504333843,2,
2018-05-04 21:00:00,156,0.2734091579914093,-0.0,0.051992498338222504,0.2734091579914093,0.0,0.2734091579914093,0.0,0.0,0.0,0.014215225192523162,2,
2018-05-04 22:00:00,156,0.3855152726173401,-0.0,0.05074499920010567,0.3855152726173401,0.0,0.3855152726173401,0.0,0.0,0.0,0.01956297220059544,2,
2018-05-04 23:00:00,156,0.275195837020874,-0.0,0.05108749866485596,0.275195837020874,0.0,0.275195837020874,0.0,0.0,0.0,0.01405906695637782,2,
2018-05-05 00:00:00,156,0.2626522183418274,-0.0,0.05158749967813492,0.2626522183418274,0.0,0.2626522183418274,0.0,0.0,0.0,0.013549571229170443,2,
2018-05-05 01:00:00,156,0.47604304552078247,-0.0,0.05110999941825867,0.47604304552078247,0.0,0.47604304552078247,0.0,0.0,0.0,0.024330559779633276,2,
2018-05-05 02:00:00,156,0.0,-0.0,0.051112499088048935,0.0,0.0,0.0,-0.0,-0.0,0.0,0.0,2,
2018-05-05 03:00:00,156,0.04745138809084892,-0.0,0.04810500144958496,0.04745138809084892,0.0,0.04745138809084892,0.0,0.0,0.0,0.002282649092895106,2,
2018-05-05 04:00:00,156,0.2967427670955658,-0.0,0.04706750065088272,0.2967427670955658,0.0,0.2967427670955658,0.0,0.0,0.0,0.013966940383415283,2,
2018-05-05 05:00:00,156,0.2958519458770752,-0.0,0.04614249989390373,0.2958519458770752,0.0,0.2958519458770752,0.0,0.0,0.0,0.013651348381244155,2,
2018-05-05 06:00:00,156,0.41665637493133545,-0.0,0.047029998153448105,0.41665637493133545,0.0,0.41665637493133545,0.0,0.0,0.0,0.019595348543643087,2,
2018-05-05 07:00:00,156,0.5025544166564941,0.0,0.04585999995470047,0.5025544166564941,0.0,0.5025544166564941,0.0,0.0,0.0,0.023047145525101342,2,
2018-05-05 08:00:00,156,0.4937780499458313,0.0,0.05088749900460243,0.4937780499458313,0.0,0.4937780499458313,0.0,0.0,0.0,0.02512713002511302,2,
2018-05-05 09:00:00,156,0.3848205506801605,0.0,0.04693000018596649,0.3848205506801605,0.0,0.3848205506801605,0.0,0.0,0.0,0.01805962851498366,2,
2018-05-05 10:00:00,156,0.28466612100601196,0.0,0.045010000467300415,0.28466612100601196,0.0,0.28466612100601196,0.0,0.0,0.0,0.012812822239505195,2,
2018-05-05 11:00:00,156,0.27643415331840515,0.0,0.043859999626874924,0.27643415331840515,0.0,0.27643415331840515,0.0,0.0,0.0,0.012124401861400735,2,
2018-05-05 12:00:00,156,0.295338898897171,0.0,0.04266750067472458,0.295338898897171,0.0,0.295338898897171,0.0,0.0,0.0,0.012601372667967459,2,
2018-05-05 13:00:00,156,0.28466084599494934,0.0,0.041634999215602875,0.28466084599494934,0.0,0.28466084599494934,0.0,0.0,0.0,0.011851854099712567,2,
2018-05-05 14:00:00,156,0.27976834774017334,0.0,0.040185000747442245,0.27976834774017334,0.0,0.27976834774017334,0.0,0.0,0.0,0.011242491263049548,2,
2018-05-05 15:00:00,156,0.2860252857208252,0.0,0.04024999961256981,0.2860252857208252,0.0,0.2860252857208252,0.0,0.0,0.0,0.011512517639448383,2,
2018-05-05 16:00:00,156,0.29569026827812195,0.0,0.04260500147938728,0.29569026827812195,0.0,0.29569026827812195,0.0,0.0,0.0,0.012597884317429808,2,
2018-05-05 17:00:00,156,0.28752222657203674,0.0,0.04686500132083893,0.28752222657203674,0.0,0.28752222657203674,0.0,0.0,0.0,0.013474729528069052,2,
2018-05-05 18:00:00,156,0.2900361120700836,0.0,0.04780749976634979,0.2900361120700836,0.0,0.2900361120700836,0.0,0.0,0.0,0.013865901360023525,2,
2018-05-05 19:00:00,156,0.2988327741622925,-0.0,0.052615001797676086,0.2988327741622925,0.0,0.2988327741622925,0.0,0.0,0.0,0.01572308694975355,2,
2018-05-05 20:00:00,156,0.29965999722480774,-0.0,0.053107500076293945,0.29965999722480774,0.0,0.29965999722480774,0.0,0.0,0.0,0.01591419332547872,2,
2018-05-05 21:00:00,156,0.30369722843170166,-0.0,0.05362499877810478,0.30369722843170166,0.0,0.30369722843170166,0.0,0.0,0.0,0.01628576350356381,2,
2018-05-05 22:00:00,156,0.325813889503479,-0.0,0.05155250057578087,0.325813889503479,0.0,0.325813889503479,0.0,0.0,0.0,0.016796520726225506,2,
2018-05-05 23:00:00,156,0.28321748971939087,-0.0,0.048920001834630966,0.28321748971939087,0.0,0.28321748971939087,0.0,0.0,0.0,0.013855000116672178,2,
2018-05-06 00:00:00,156,0.28224027156829834,-0.0,0.04783499985933304,0.28224027156829834,0.0,0.28224027156829834,0.0,0.0,0.0,0.01350096335076767,2,
2018-05-06 01:00:00,156,0.27820611000061035,-0.0,0.04598750174045563,0.27820611000061035,0.0,0.27820611000061035,0.0,0.0,0.0,0.012794003967858458,2,
2018-05-06 02:00:00,156,0.29461556673049927,-0.0,0.04705499857664108,0.29461556673049927,0.0,0.29461556673049927,0.0,0.0,0.0,0.013863135073159949,2,
2018-05-06 03:00:00,156,0.29868000745773315,-0.0,0.04670500010251999,0.29868000745773315,0.0,0.29868000745773315,0.0,0.0,0.0,0.013949849778934098,2,
2018-05-06 04:00:00,156,0.293518602848053,-0.0,0.046675000339746475,0.293518602848053,0.0,0.293518602848053,0.0,0.0,0.0,0.013699980887654784,2,
2018-05-06 05:00:00,156,0.29400333762168884,-0.0,0.046560000628232956,0.29400333762168884,0.0,0.29400333762168884,0.0,0.0,0.0,0.013688795584368418,2,
2018-05-06 06:00:00,156,0.3716472089290619,-0.0,0.04791000112891197,0.3716472089290619,0.0,0.3716472089290619,0.0,0.0,0.0,0.01780561819934834,2,
2018-05-06 07:00:00,156,0.4570344388484955,0.0,0.050177499651908875,0.4570344388484955,0.0,0.4570344388484955,0.0,0.0,0.0,0.02293284539623075,2,
2018-05-06 08:00:00,156,0.49626582860946655,0.023456696420907974,0.04944499954581261,0.4728091321885586,0.0,0.4728091321885586,0.0,0.0,0.0,0.02337804732631933,2,
2018-05-06 09:00:00,156,0.3764202892780304,0.02539665810763836,0.047905001789331436,0.35102363117039204,0.0,0.35102363117039204,0.0,0.0,0.0,0.01681578767931525,2,
2018-05-06 10:00:00,156,0.25849583745002747,0.029087675735354424,0.04786499962210655,0.22940816171467304,0.0,0.22940816171467304,0.0,0.0,0.0,0.010980621573780984,2,
2018-05-06 11:00:00,156,0.253133624792099,0.010736746713519096,0.04554000124335289,0.2423968780785799,0.0,0.2423968780785799,0.0,0.0,0.0,0.011038754129083388,2,
2018-05-06 12:00:00,156,0.2692897319793701,0.014254429377615452,0.046185001730918884,0.25503530260175467,0.0,0.25503530260175467,0.0,0.0,0.0,0.01177880589210746,2,
2018-05-06 13:00:00,156,0.2755161225795746,0.062246017158031464,0.04442499950528145,0.21327010542154312,0.0,0.21327010542154312,0.0,0.0,0.0,0.009474524327843376,2,
2018-05-06 14:00:00,156,0.27727028727531433,0.06897272914648056,0.04236749932169914,0.20829755812883377,0.0,0.20829755812883377,0.0,0.0,0.0,0.008825046652734952,2,
2018-05-06 15:00:00,156,0.26877444982528687,0.053282495588064194,0.0413224995136261,0.21549195423722267,0.0,0.21549195423722267,0.0,0.0,0.0,0.008904666174157971,2,
2018-05-06 16:00:00,156,0.28332528471946716,0.05312150716781616,0.043825000524520874,0.230203777551651,0.0,0.230203777551651,0.0,0.0,0.0,0.010088680671947792,2,
2018-05-06 17:00:00,156,0.2756897211074829,0.03590380772948265,0.04656749963760376,0.23978591337800026,0.0,0.23978591337800026,0.0,0.0,0.0,0.011166230434332514,2,
2018-05-06 18:00:00,156,0.2682402729988098,1.926424071861074e-17,0.046845000237226486,0.2682402729988098,0.0,0.2682402729988098,0.0,0.0,0.0,0.012565715652262943,2,
2018-05-06 19:00:00,156,0.2809005677700043,0.0,0.04972749948501587,0.2809005677700043,0.0,0.2809005677700043,0.0,0.0,0.0,0.013968482839123553,2,
2018-05-06 20:00:00,156,0.28291305899620056,0.0,0.05327500030398369,0.28291305899620056,0.0,0.28291305899620056,0.0,0.0,0.0,0.01507219330402354,2,
2018-05-06 21:00:00,156,0.3049408197402954,0.0,0.05852999910712242,0.3049408197402954,0.0,0.3049408197402954,0.0,0.0,0.0,0.01784818590712467,2,
2018-05-06 22:00:00,156,0.2846219539642334,0.0,0.0508200004696846,0.2846219539642334,0.0,0.2846219539642334,0.0,0.0,0.0,0.01446448783414489,2,
2018-05-06 23:00:00,156,0.2952672243118286,-0.0,0.050895001739263535,0.2952672243118286,0.0,0.2952672243118286,0.0,0.0,0.0,0.015027625894898033,2,
2018-05-07 00:00:00,156,0.29666945338249207,-0.0,0.047932498157024384,0.29666945338249207,0.0,0.29666945338249207,0.0,0.0,0.0,0.014220108027501732,2,
2018-05-07 01:00:00,156,0.2883458435535431,-0.0,0.046502500772476196,0.2883458435535431,0.0,0.2883458435535431,0.0,0.0,0.0,0.013408802812588938,2,
2018-05-07 02:00:00,156,0.29537972807884216,-0.0,0.04906250163912773,0.29537972807884216,0.0,0.29537972807884216,0.0,0.0,0.0,0.014492068393033297,2,
2018-05-07 03:00:00,156,0.32493388652801514,-0.0,0.04822999984025955,0.32493388652801514,0.0,0.32493388652801514,0.0,0.0,0.0,0.015671561295341085,2,
2018-05-07 04:00:00,156,0.32129529118537903,-0.0,0.04772749915719032,0.32129529118537903,0.0,0.32129529118537903,0.0,0.0,0.0,0.015334620739259397,2,
2018-05-07 05:00:00,156,0.32086944580078125,-0.0,0.04755000025033951,0.32086944580078125,0.0,0.32086944580078125,0.0,0.0,0.0,0.015257342228153448,2,
2018-05-07 06:00:00,156,0.5452660918235779,-0.0,0.04770499840378761,0.5452660918235779,0.0,0.5452660918235779,0.0,0.0,0.0,0.026011918040083293,2,
2018-05-07 07:00:00,156,0.48024529218673706,0.0,0.04757250100374222,0.48024529218673706,0.0,0.48024529218673706,0.0,0.0,0.0,0.022846469644596024,2,
2018-05-07 08:00:00,156,0.46052250266075134,0.0,0.046505000442266464,0.46052250266075134,0.0,0.46052250266075134,0.0,0.0,0.0,0.0214165991899119,2,
2018-05-07 09:00:00,156,0.7943922281265259,0.0,0.0498724989593029,0.7943922281265259,0.0,0.7943922281265259,0.0,0.0,0.0,0.039618325570518476,2,
2018-05-07 10:00:00,156,1.5231844186782837,0.0,0.04852500185370445,1.5231844186782837,0.0,1.5231844186782837,0.0,0.0,0.0,0.07391252673989746,2,
2018-05-07 11:00:00,156,0.435319721698761,0.0,0.048032499849796295,0.435319721698761,0.0,0.435319721698761,0.0,0.0,0.0,0.020909494467109102,2,
2018-05-07 12:00:00,156,0.2763044536113739,0.0,0.04841500148177147,0.2763044536113739,0.0,0.2763044536113739,0.0,0.0,0.0,0.013377280531014724,2,
2018-05-07 13:00:00,156,0.2768438756465912,0.1031564399600029,0.04582750052213669,0.1736874356865883,0.0,0.1736874356865883,0.0,0.0,0.0,0.007959661049615707,2,
2018-05-07 14:00:00,156,1.334326148033142,0.14425534009933472,0.045102499425411224,1.1900708079338074,0.0,1.1900708079338074,0.0,0.0,0.0,0.05367516793103322,2,
2018-05-07 15:00:00,156,0.3530924916267395,0.13665235042572021,0.04625999927520752,0.2164401412010193,0.0,0.2164401412010193,0.0,0.0,0.0,0.010012520775084965,2,
2018-05-07 16:00:00,156,0.8428458571434021,0.10833806544542313,0.047954998910427094,0.734507791697979,0.0,0.734507791697979,0.0,0.0,0.0,0.03522332035057679,2,
2018-05-07 17:00:00,156,0.8026522397994995,0.06833266466856003,0.05160500109195709,0.7343195751309395,0.0,0.7343195751309395,0.0,0.0,0.0,0.0378945624764776,2,
2018-05-07 18:00:00,156,0.3283041715621948,3.6260064338747907e-17,0.053725000470876694,0.32830417156219477,0.0,0.32830417156219477,0.0,0.0,0.0,0.017638141771769696,2,
2018-05-07 19:00:00,156,0.45867279171943665,0.0,0.059344999492168427,0.45867279171943665,0.0,0.45867279171943665,0.0,0.0,0.0,0.027219936591661442,2,
2018-05-07 20:00:00,156,1.0248174667358398,0.0,0.06052999943494797,1.0248174667358398,0.0,1.0248174667358398,0.0,0.0,0.0,0.06203220068244519,2,
2018-05-07 21:00:00,156,0.6061519384384155,0.0,0.05999249964952469,0.6061519384384155,0.0,0.6061519384384155,0.0,0.0,0.0,0.036364569954325354,2,
2018-05-07 22:00:00,156,0.38280054926872253,0.0,0.05492499843239784,0.38280054926872253,0.0,0.38280054926872253,0.0,0.0,0.0,0.021025319568505618,2,
2018-05-07 23:00:00,156,0.2825041711330414,0.0,0.04740750044584274,0.2825041711330414,0.0,0.2825041711330414,0.0,0.0,0.0,0.013392816618942094,2,
2018-05-08 00:00:00,156,0.26003193855285645,0.0,0.04631249979138374,0.26003193855285645,0.0,0.26003193855285645,0.0,0.0,0.0,0.012042729099982274,2,
2018-05-08 01:00:00,156,0.37335970997810364,0.0,0.04671249911189079,0.37335970997810364,0.0,0.37335970997810364,0.0,0.0,0.0,0.01744056512076797,2,
2018-05-08 02:00:00,156,0.0,0.0,0.04666249826550484,0.0,0.0,0.0,-0.0,-0.0,0.0,0.0,2,
2018-05-08 03:00:00,156,0.08985527604818344,0.0,0.04624750092625618,0.08985527604818344,0.0,0.08985527604818344,0.0,0.0,0.0,0.004155581962267368,2,
2018-05-08 04:00:00,156,0.27746444940567017,0.0,0.04654499888420105,0.27746444940567017,0.0,0.27746444940567017,0.0,0.0,0.0,0.012914582487992377,2,
2018-05-08 05:00:00,156,0.5004655718803406,0.0,0.04538499936461449,0.5004655718803406,0.0,0.5004655718803406,0.0,0.0,0.0,0.022713629661800683,2,
2018-05-08 06:00:00,156,0.4520580470561981,0.0,0.045932501554489136,0.4520580470561981,0.0,0.4520580470561981,0.0,0.0,0.0,0.020764156949128143,2,
2018-05-08 07:00:00,156,0.39063528180122375,0.04534349590539932,0.0477450005710125,0.34529178589582443,0.0,0.34529178589582443,0.0,0.0,0.0,0.016485956514762062,2,
2018-05-08 08:00:00,156,0.387939453125,0.045440588146448135,0.046652499586343765,0.34249886497855186,0.0,0.34249886497855186,0.0,0.0,0.0,0.0159784281567351,2,
2018-05-08 09:00:00,156,0.27166834473609924,0.04660646617412567,0.048500001430511475,0.22506187856197357,0.0,0.22506187856197357,0.0,0.0,0.0,0.010915501432209318,2,
2018-05-08 10:00:00,156,0.2633266746997833,0.0,0.04894249886274338,0.2633266746997833,0.0,0.2633266746997833,0.0,0.0,0.0,0.01288786547702414,2,
2018-05-08 11:00:00,156,0.25896722078323364,0.0,0.047200001776218414,0.25896722078323364,0.0,0.25896722078323364,0.0,0.0,0.0,0.012223253280950974,2,
2018-05-08 12:00:00,156,0.25848695635795593,0.0,0.047905001789331436,0.25848695635795593,0.0,0.25848695635795593,0.0,0.0,0.0,0.012382818106846716,2,
2018-05-08 13:00:00,156,0.2680513858795166,0.0,0.04774250090122223,0.2680513858795166,0.0,0.2680513858795166,0.0,0.0,0.0,0.012797443531926689,2,
2018-05-08 14:00:00,156,0.2633041739463806,0.0,0.048362500965595245,0.2633041739463806,0.0,0.2633041739463806,0.0,0.0,0.0,0.012734048366727091,2,
2018-05-08 15:00:00,156,0.2615566551685333,0.0,0.05338500067591667,0.2615566551685333,0.0,0.2615566551685333,0.0,0.0,0.0,0.013963202212962655,2,
2018-05-08 16:00:00,156,0.2600458264350891,0.0,0.0536700002849102,0.2600458264350891,0.0,0.2600458264350891,0.0,0.0,0.0,0.013956659578860942,2,
2018-05-08 17:00:00,156,0.2662374973297119,0.0,0.05689249932765961,0.2662374973297119,0.0,0.2662374973297119,0.0,0.0,0.0,0.015146916637828411,2,
2018-05-08 18:00:00,156,1.0064105987548828,0.0,0.05790000036358833,1.0064105987548828,0.0,1.0064105987548828,0.0,0.0,0.0,0.05827117403382687,2,
2018-05-08 19:00:00,156,1.0948139429092407,-0.0,0.02500000037252903,1.0948139429092407,0.0,1.0948139429092407,0.0,0.0,0.0,0.027370348980580994,2,
2018-05-08 20:00:00,156,0.8963269591331482,-0.0,0.05818749964237213,0.8963269591331482,0.0,0.8963269591331482,0.0,0.0,0.0,0.05215502461400856,2,
2018-05-08 21:00:00,156,0.6243608593940735,-0.0,0.05634000152349472,0.6243608593940735,0.0,0.6243608593940735,0.0,0.0,0.0,0.03517649176947257,2,
2018-05-08 22:00:00,156,0.4622783362865448,-0.0,0.05098000168800354,0.4622783362865448,0.0,0.4622783362865448,0.0,0.0,0.0,0.023566950364215522,2,
2018-05-08 23:00:00,156,0.3383502662181854,-0.0,0.04661500081419945,0.3383502662181854,0.0,0.3383502662181854,0.0,0.0,0.0,0.015772197935245313,2,
2018-05-09 00:00:00,156,0.3233455419540405,-0.0,0.0471000000834465,0.3233455419540405,0.0,0.3233455419540405,0.0,0.0,0.0,0.015229575053017363,2,
2018-05-09 01:00:00,156,0.4217860996723175,-0.0,0.04700750112533569,0.4217860996723175,0.0,0.4217860996723175,0.0,0.0,0.0,0.019827110554997418,2,
2018-05-09 02:00:00,156,0.0,-0.0,0.04760250076651573,0.0,0.0,0.0,-0.0,-0.0,0.0,0.0,2,
2018-05-09 03:00:00,156,0.0,-0.0,0.047052498906850815,0.0,0.0,0.0,-0.0,-0.0,0.0,0.0,2,
2018-05-09 04:00:00,156,0.24467222392559052,-0.0,0.046482499688863754,0.24467222392559052,0.0,0.24467222392559052,0.0,0.0,0.0,0.011372976572494864,2,
2018-05-09 05:00:00,156,0.426782488822937,-0.0,0.04681750014424324,0.426782488822937,0.0,0.426782488822937,0.0,0.0,0.0,0.019980889232028343,2,
2018-05-09 06:00:00,156,0.5456791520118713,0.0,0.04964999854564667,0.5456791520118713,0.0,0.5456791520118713,0.0,0.0,0.0,0.02709296910377912,2,
2018-05-09 07:00:00,156,0.4023938775062561,0.0,0.05270000174641609,0.4023938775062561,0.0,0.4023938775062561,0.0,0.0,0.0,0.02120615804732684,2,
2018-05-09 08:00:00,156,0.4021272361278534,0.0,0.05018249899148941,0.4021272361278534,0.0,0.4021272361278534,0.0,0.0,0.0,0.020179749621436427,2,
2018-05-09 09:00:00,156,0.28746750950813293,0.0,0.046870000660419464,0.28746750950813293,0.0,0.28746750950813293,0.0,0.0,0.0,0.01347360236049533,2,
2018-05-09 10:00:00,156,0.29853555560112,0.0,0.046424999833106995,0.29853555560112,0.0,0.29853555560112,0.0,0.0,0.0,0.0138595131189585,2,
2018-05-09 11:00:00,156,0.29351165890693665,0.0,0.04542750120162964,0.29351165890693665,0.0,0.29351165890693665,0.0,0.0,0.0,0.013333501237687173,2,
2018-05-09 12:00:00,156,0.282067209482193,0.0,0.04564499855041504,0.282067209482193,0.0,0.282067209482193,0.0,0.0,0.0,0.012874957367934314,2,
2018-05-09 13:00:00,156,0.2957663834095001,0.0,0.04495999962091446,0.2957663834095001,0.0,0.2957663834095001,0.0,0.0,0.0,0.013297656485970366,2,
2018-05-09 14:00:00,156,0.2982900142669678,0.0,0.045032501220703125,0.2982900142669678,0.0,0.2982900142669678,0.0,0.0,0.0,0.013432745431600779,2,
2018-05-09 15:00:00,156,0.29530084133148193,0.0,0.046549998223781586,0.29530084133148193,0.0,0.29530084133148193,0.0,0.0,0.0,0.013746253639461692,2,
2018-05-09 16:00:00,156,0.2983275055885315,0.0,0.04676499962806702,0.2983275055885315,0.0,0.2983275055885315,0.0,0.0,0.0,0.013951285687889836,2,
2018-05-09 17:00:00,156,0.41375693678855896,0.0,0.04729999974370003,0.41375693678855896,0.0,0.41375693678855896,0.0,0.0,0.0,0.019570703004052947,2,
2018-05-09 18:00:00,156,0.4818033277988434,0.0,0.046732500195503235,0.4818033277988434,0.0,0.4818033277988434,0.0,0.0,0.0,0.022515874110553558,2,
2018-05-09 19:00:00,156,0.37895750999450684,-0.0,0.04995499923825264,0.37895750999450684,0.0,0.37895750999450684,0.0,0.0,0.0,0.018930822123105706,2,
2018-05-09 20:00:00,156,0.0,-0.0,0.05100249871611595,0.0,0.0,0.0,-0.0,-0.0,0.0,0.0,2,
2018-05-09 21:00:00,156,0.2351675033569336,-0.0,0.052377499639987946,0.2351675033569336,0.0,0.2351675033569336,0.0,0.0,0.0,0.012317485822414653,2,"{'r': -2.795638, 'l': 151, 't': 2.394453}"
2018-06-12 10:00:00,157,0.15647388994693756,0.0,0.08413500338792801,0.15647388994693756,1.3352906421611184,0.0,-0.0,-0.0,0.15647388994693756,0.00015647388994693756,2,
2018-06-12 11:00:00,157,0.5037325024604797,0.0,0.07698000222444534,0.5037325024604797,0.8050459027290344,0.0,-0.0,-0.0,0.5037325024604797,0.0005037325024604797,2,
2018-06-12 12:00:00,157,0.22482000291347504,0.0,0.05933666601777077,0.22482000291347504,0.5683932680832712,0.0,-0.0,-0.0,0.22482000291347504,0.00022482000291347505,2,
2018-06-12 13:00:00,157,0.23673583567142487,0.08718673139810562,0.05047500133514404,0.14954910427331924,0.4109731583218825,0.0,-0.0,-0.0,0.14954910427331924,0.00014954910427331924,2,
2018-06-12 14:00:00,157,0.24148555099964142,0.14548054337501526,0.0511775016784668,0.09600500762462616,0.30991525555911814,0.0,-0.0,-0.0,0.09600500762462616,9.600500762462616e-05,2,
2018-06-12 15:00:00,157,0.3099861145019531,0.13232770562171936,0.0524200014770031,0.17765840888023376,0.12290640410624049,0.0,-0.0,-0.0,0.17765840888023376,0.00017765840888023376,2,
2018-06-12 16:00:00,157,0.37152498960494995,0.09526095539331436,0.04414999857544899,0.2762640342116356,0.0,0.15950295031070713,0.0,0.0,0.11676108390092846,0.0071588161128985596,2,
2018-06-12 17:00:00,157,0.3050847351551056,0.04908740893006325,0.08594000339508057,0.25599732622504234,0.0,0.25599732622504234,0.0,0.0,0.0,0.022000411084911686,2,
2018-06-12 18:00:00,157,0.6578558087348938,9.35898201231791e-18,0.0849900022149086,0.6578558087348938,0.0,0.6578558087348938,0.0,0.0,0.0,0.05591116664146911,2,
2018-06-12 19:00:00,157,0.451458603143692,0.0,0.0643099993467331,0.451458603143692,0.0,0.451458603143692,0.0,0.0,0.0,0.02903330247324787,2,
2018-06-12 20:00:00,157,0.40270861983299255,0.0,0.05037999898195267,0.40270861983299255,0.0,0.40270861983299255,0.0,0.0,0.0,0.02028845985720973,2,
2018-06-12 21:00:00,157,0.5692319273948669,-0.0,0.05130999907851219,0.5692319273948669,0.0,0.5692319273948669,0.0,0.0,0.0,0.02920728967009034,2,
2018-06-12 22:00:00,157,0.4865463972091675,-0.0,0.06190750002861023,0.4865463972091675,0.0,0.4865463972091675,0.0,0.0,0.0,0.03012087109914674,2,
2018-06-12 23:00:00,157,0.5079475045204163,-0.0,0.05063749849796295,0.5079475045204163,0.0,0.5079475045204163,0.0,0.0,0.0,0.025721190997196608,2,
2018-06-13 00:00:00,157,0.5069460868835449,-0.0,0.04799250140786171,0.5069460868835449,0.0,0.5069460868835449,0.0,0.0,0.0,0.024329610788468514,2,
2018-06-13 01:00:00,157,0.5952269434928894,-0.0,0.047359999269247055,0.5952269434928894,0.0,0.5952269434928894,0.0,0.0,0.0,0.0281899476088594,2,
2018-06-13 02:00:00,157,0.7829186320304871,-0.0,0.04746000096201897,0.7829186320304871,0.0,0.7829186320304871,0.0,0.0,0.0,0.03715731902934949,2,
2018-06-13 03:00:00,157,0.37425804138183594,-0.0,0.04702499881386757,0.37425804138183594,0.0,0.37425804138183594,0.0,0.0,0.0,0.017599483952061235,2,
2018-06-13 04:00:00,157,0.4960044324398041,-0.0,0.04777999967336655,0.4960044324398041,0.0,0.4960044324398041,0.0,0.0,0.0,0.023699091619962198,2,
2018-06-13 05:00:00,157,0.5144269466400146,0.0,0.04666249826550484,0.5144269466400146,0.0,0.5144269466400146,0.0,0.0,0.0,0.024004446505318633,2,
2018-06-13 06:00:00,157,0.5003430843353271,0.0,0.051157500594854355,0.5003430843353271,0.0,0.5003430843353271,0.0,0.0,0.0,0.02559630163451576,2,
2018-06-13 07:00:00,157,0.2689913809299469,0.2631773352622986,0.05411500111222267,0.005814045667648315,0.0,0.005814045667648315,0.0,0.0,0.0,0.000314627087771302,2,
2018-06-13 08:00:00,157,0.15480194985866547,1.9726227521896362,0.05296500027179718,-1.8178208023309708,1.4249999999999998,0.0,0.31782080233097076,0.31782080233097076,1.5,0.0015,0,
2018-06-13 09:00:00,157,0.15586277842521667,1.4623388051986694,0.05343250185251236,-1.3064760267734528,2.8499999999999996,0.19352397322654724,0.0,0.0,1.5,0.011840470057933037,0,
2018-06-13 10:00:00,157,0.15609166026115417,0.1259181797504425,0.05178000032901764,0.03017348051071167,2.818238441567672,0.0,-0.0,-0.0,0.03017348051071167,3.0173480510711672e-05,2,
2018-06-13 11:00:00,157,0.15570221841335297,0.10932767391204834,0.050577498972415924,0.046374544501304626,2.7694231315662985,0.0,-0.0,-0.0,0.046374544501304626,4.637454450130463e-05,2,
2018-06-13 12:00:00,157,0.15608249604701996,0.1315210461616516,0.050677500665187836,0.024561449885368347,2.7435689737922266,0.0,-0.0,-0.0,0.024561449885368347,2.4561449885368346e-05,2,
2018-06-13 13:00:00,157,0.1570952832698822,0.07529344409704208,0.051784999668598175,0.08180183917284012,2.6574617746629214,0.0,-0.0,-0.0,0.08180183917284012,8.180183917284012e-05,2,
2018-06-13 14:00:00,157,0.15647806227207184,0.0,0.05117499828338623,0.15647806227207184,2.4927480249028457,0.0,-0.0,-0.0,0.15647806227207184,0.00015647806227207185,2,
2018-06-13 15:00:00,157,0.15658999979496002,0.0,0.05057999864220619,0.15658999979496002,2.327916446171309,0.0,-0.0,-0.0,0.15658999979496002,0.00015658999979496,2,
2018-06-13 16:00:00,157,0.1568363904953003,0.0,0.05072249844670296,0.1568363904953003,2.1628255088078348,0.0,-0.0,-0.0,0.1568363904953003,0.0001568363904953003,2,
2018-06-13 17:00:00,157,1.06712806224823,0.0,0.051327500492334366,1.06712806224823,1.0395328117044347,0.0,-0.0,-0.0,1.06712806224823,0.00106712806224823,2,
2018-06-13 18:00:00,157,0.4265577793121338,0.0,0.05135750025510788,0.4265577793121338,0.5905246229548202,0.0,-0.0,-0.0,0.4265577793121338,0.0004265577793121338,2,
2018-06-13 19:00:00,157,0.4170113801956177,-0.0,0.050884999334812164,0.4170113801956177,0.1515652753804858,0.0,-0.0,-0.0,0.4170113801956177,0.0004170113801956177,2,
2018-06-13 20:00:00,157,0.536644458770752,-0.0,0.05019250139594078,0.536644458770752,0.0,0.3926574471592904,0.0,0.0,0.14398701161146152,0.019852446476280688,2,
2018-06-13 21:00:00,157,0.45876359939575195,-0.0,0.050097499042749405,0.45876359939575195,0.0,0.45876359939575195,0.0,0.0,0.0,0.022982908981576955,2,
2018-06-13 22:00:00,157,0.47812777757644653,-0.0,0.04966749995946884,0.47812777757644653,0.0,0.47812777757644653,0.0,0.0,0.0,0.023747411373399085,2,
2018-06-13 23:00:00,157,0.46875694394111633,-0.0,0.04526999965310097,0.46875694394111633,0.0,0.46875694394111633,0.0,0.0,0.0,0.021220626689603006,2,
2018-06-14 00:00:00,157,0.47130000591278076,-0.0,0.04327499866485596,0.47130000591278076,0.0,0.47130000591278076,0.0,0.0,0.0,0.020395507126622192,2,
2018-06-14 01:00:00,157,0.5508602857589722,-0.0,0.03905000165104866,0.5508602857589722,0.0,0.5508602857589722,0.0,0.0,0.0,0.021511095068385,2,
2018-06-14 02:00:00,157,0.7609561085700989,-0.0,0.03593749925494194,0.7609561085700989,0.0,0.7609561085700989,0.0,0.0,0.0,0.027346859584781447,2,
2018-06-14 03:00:00,157,0.384743332862854,-0.0,0.029862500727176666,0.384743332862854,0.0,0.384743332862854,0.0,0.0,0.0,0.011489398057393352,2,
2018-06-14 04:00:00,157,0.5597488880157471,-0.0,0.02822750061750412,0.5597488880157471,0.0,0.5597488880157471,0.0,0.0,0.0,0.015800312082111745,2,
2018-06-14 05:00:00,157,0.5196858048439026,-0.0,0.03515499830245972,0.5196858048439026,0.0,0.5196858048439026,0.0,0.0,0.0,0.018269553587099807,2,
2018-06-14 06:00:00,157,0.7270339131355286,-0.0,0.046152498573064804,0.7270339131355286,0.0,0.7270339131355286,0.0,0.0,0.0,0.0335544316385572,2,
2018-06-14 07:00:00,157,0.621649980545044,0.0,0.05166250094771385,0.621649980545044,0.0,0.621649980545044,0.0,0.0,0.0,0.03211599270905463,2,
2018-06-14 08:00:00,157,0.15646694600582123,0.0,0.05043499916791916,0.15646694600582123,0.0,0.15646694600582123,0.0,0.0,0.0,0.007891410291610446,2,
2018-06-14 09:00:00,157,0.15661832690238953,0.0,0.05138750001788139,0.15661832690238953,0.0,0.15661832690238953,0.0,0.0,0.0,0.008048224276497096,2,
2018-06-14 10:00:00,157,0.15792499482631683,0.0,0.05255749821662903,0.15792499482631683,0.0,0.15792499482631683,0.0,0.0,0.0,0.008300142633945296,2,
2018-06-14 11:00:00,157,0.15676110982894897,0.0,0.051762498915195465,0.15676110982894897,0.0,0.15676110982894897,0.0,0.0,0.0,0.008114346777465808,2,
2018-06-14 12:00:00,157,0.17943917214870453,0.0,0.0510375015437603,0.17943917214870453,0.0,0.17943917214870453,0.0,0.0,0.0,0.009158127025550578,2,
2018-06-14 13:00:00,157,0.3559577763080597,0.0,0.046185001730918884,0.3559577763080597,0.0,0.3559577763080597,0.0,0.0,0.0,0.016439910514921774,2,
2018-06-14 14:00:00,157,0.40847888588905334,0.007821036502718925,0.04372499883174896,0.4006578493863344,0.0,0.4006578493863344,0.0,0.0,0.0,0.017518763996348524,2,
2018-06-14 15:00:00,157,0.46077415347099304,0.01488757785409689,0.04684000089764595,0.44588657561689615,0.0,0.44588657561689615,0.0,0.0,0.0,0.020885327602143695,2,
2018-06-14 16:00:00,157,0.47057193517684937,0.012294330634176731,0.04934750124812126,0.45827760454267263,0.0,0.45827760454267263,0.0,0.0,0.0,0.02261485466215556,2,
2018-06-14 17:00:00,157,0.3132277727127075,0.02469179965555668,0.05361500009894371,0.28853597305715084,0.0,0.28853597305715084,0.0,0.0,0.0,0.015469856224007962,2,
2018-06-14 18:00:00,157,0.344177782535553,5.455184588664232e-18,0.053075000643730164,0.344177782535553,0.0,0.344177782535553,0.0,0.0,0.0,0.018267236029632095,2,
2018-06-14 19:00:00,157,0.4077708423137665,-0.0,0.0536700002849102,0.4077708423137665,0.0,0.4077708423137665,0.0,0.0,0.0,0.02188506122315792,2,
2018-06-14 20:00:00,157,0.5398627519607544,0.0,0.054464999586343765,0.5398627519607544,0.0,0.5398627519607544,0.0,0.0,0.0,0.029403624562224895,2,
2018-06-14 21:00:00,157,0.4767897129058838,-0.0,0.05682000145316124,0.4767897129058838,0.0,0.4767897129058838,0.0,0.0,0.0,0.027091192180164647,2,
2018-06-14 22:00:00,157,0.4766227900981903,-0.0,0.05617750063538551,0.4766227900981903,0.0,0.4766227900981903,0.0,0.0,0.0,0.026775477093580302,2,
2018-06-14 23:00:00,157,0.1707458347082138,-0.0,0.054090000689029694,0.1707458347082138,0.0,0.1707458347082138,0.0,0.0,0.0,0.009235642317016235,2,
2018-06-15 00:00:00,157,0.15339389443397522,-0.0,0.05346250161528587,0.15339389443397522,0.0,0.15339389443397522,0.0,0.0,0.0,0.008200821328951391,2,
2018-06-15 01:00:00,157,0.2378111183643341,-0.0,0.05254749953746796,0.2378111183643341,0.0,0.2378111183643341,0.0,0.0,0.0,0.012496379632254584,2,
2018-06-15 02:00:00,157,0.6739716529846191,-0.0,0.05115250125527382,0.6739716529846191,0.0,0.6739716529846191,0.0,0.0,0.0,0.0344753358253147,2,
2018-06-15 03:00:00,157,0.39033082127571106,-0.0,0.048032499849796295,0.39033082127571106,0.0,0.39033082127571106,0.0,0.0,0.0,0.018748565114296456,2,
2018-06-15 04:00:00,157,0.49446389079093933,-0.0,0.04812749847769737,0.49446389079093933,0.0,0.49446389079093933,0.0,0.0,0.0,0.023797310151317252,2,
2018-06-15 05:00:00,157,0.5060014128684998,-0.0,0.04946250095963478,0.5060014128684998,0.0,0.5060014128684998,0.0,0.0,0.0,0.025028095369584724,2,
2018-06-15 06:00:00,157,0.6824097037315369,-0.0,0.050930000841617584,0.6824097037315369,0.0,0.6824097037315369,0.0,0.0,0.0,0.03475512678537518,2,
2018-06-15 07:00:00,157,0.9756341576576233,0.0,0.05540499836206436,0.9756341576576233,0.0,0.9756341576576233,0.0,0.0,0.0,0.05405500890699466,2,
2018-06-15 08:00:00,157,0.2888549864292145,0.0,0.05852749943733215,0.2888549864292145,0.0,0.2888549864292145,0.0,0.0,0.0,0.016905960055706437,2,
2018-06-15 09:00:00,157,0.20999249815940857,0.0,0.057714998722076416,0.20999249815940857,0.0,0.20999249815940857,0.0,0.0,0.0,0.0121197167629159,2,
2018-06-15 10:00:00,157,0.22993861138820648,0.0,0.05613499879837036,0.22993861138820648,0.0,0.22993861138820648,0.0,0.0,0.0,0.01290760367397592,2,
2018-06-15 11:00:00,157,0.42440998554229736,0.007356082089245319,0.05146250128746033,0.41705390345305204,0.0,0.41705390345305204,0.0,0.0,0.0,0.021462637043393046,2,
2018-06-15 12:00:00,157,0.3116869330406189,0.011225635185837746,0.05209999904036522,0.30046129785478115,0.0,0.30046129785478115,0.0,0.0,0.0,0.015654033329900986,2,
2018-06-15 13:00:00,157,0.2357558310031891,0.0627296194434166,0.05252499878406525,0.1730262115597725,0.0,0.1730262115597725,0.0,0.0,0.0,0.009088201551788466,2,
2018-06-15 14:00:00,157,0.3811280429363251,0.11751903593540192,0.05179249867796898,0.26360900700092316,0.0,0.26360900700092316,0.0,0.0,0.0,0.013652969146596028,2,
2018-06-15 15:00:00,157,0.45237472653388977,0.05597560480237007,0.052025001496076584,0.3963991217315197,0.0,0.3963991217315197,0.0,0.0,0.0,0.020622664901125756,2,
2018-06-15 16:00:00,157,0.37930333614349365,0.03752468153834343,0.05334249883890152,0.3417786546051502,0.0,0.3417786546051502,0.0,0.0,0.0,0.01823132748643655,2,
2018-06-15 17:00:00,157,0.3524347245693207,0.01196300983428955,0.058855000883340836,0.34047171473503113,0.0,0.34047171473503113,0.0,0.0,0.0,0.020038463071482826,2,
2018-06-15 18:00:00,157,0.2946683466434479,1.2168154374177608e-17,0.05953750014305115,0.2946683466434479,0.0,0.2946683466434479,0.0,0.0,0.0,0.017543816730436923,2,
2018-06-15 19:00:00,157,0.2990010976791382,0.0,0.056290000677108765,0.2990010976791382,0.0,0.2990010976791382,0.0,0.0,0.0,0.016830771990814952,2,
2018-06-15 20:00:00,157,0.34423306584358215,0.0,0.0508200004696846,0.34423306584358215,0.0,0.34423306584358215,0.0,0.0,0.0,0.017493924567851815,2,
2018-06-15 21:00:00,157,0.484951376914978,-0.0,0.05141500011086464,0.484951376914978,0.0,0.484951376914978,0.0,0.0,0.0,0.024933775097847555,2,
2018-06-15 22:00:00,157,0.5101505517959595,-0.0,0.050324998795986176,0.5101505517959595,0.0,0.5101505517959595,0.0,0.0,0.0,0.025673325904903344,2,
2018-06-15 23:00:00,157,0.5147916674613953,-0.0,0.05392000079154968,0.5147916674613953,0.0,0.5147916674613953,0.0,0.0,0.0,0.027757567117001614,2,
2018-06-16 00:00:00,157,0.26334333419799805,-0.0,0.0533674992620945,0.26334333419799805,0.0,0.26334333419799805,0.0,0.0,0.0,0.014053975193489165,2,
2018-06-16 01:00:00,157,0.15411582589149475,-0.0,0.053289998322725296,0.15411582589149475,0.0,0.15411582589149475,0.0,0.0,0.0,0.008212832103263179,2,
2018-06-16 02:00:00,157,0.16024555265903473,-0.0,0.05099250003695488,0.16024555265903473,0.0,0.16024555265903473,0.0,0.0,0.0,0.008171321349887684,2,
2018-06-16 03:00:00,157,0.2612866759300232,-0.0,0.05127999931573868,0.2612866759300232,0.0,0.2612866759300232,0.0,0.0,0.0,0.013398780562903223,2,
2018-06-16 04:00:00,157,0.6111199855804443,0.0,0.049582500010728836,0.6111199855804443,0.0,0.6111199855804443,0.0,0.0,0.0,0.030300856691598987,2,
2018-06-16 05:00:00,157,0.46176138520240784,-0.0,0.04856250062584877,0.46176138520240784,0.0,0.46176138520240784,0.0,0.0,0.0,0.022424287557884726,2,
2018-06-16 06:00:00,157,0.46384721994400024,0.0,0.04915250092744827,0.46384721994400024,0.0,0.46384721994400024,0.0,0.0,0.0,0.022799250908491775,2,
2018-06-16 07:00:00,157,0.795894980430603,0.4951288104057312,0.047439999878406525,0.3007661700248718,1.4249999999999998,1.8007661700248718,0.0,0.0,1.5,0.0869283468870185,0,
2018-06-16 08:00:00,157,0.6795811057090759,0.0,0.04690000042319298,0.6795811057090759,0.7096514676746567,0.0,-0.0,-0.0,0.6795811057090759,0.0006795811057090759,2,
2018-06-16 09:00:00,157,0.7822697162628174,0.0,0.05140500143170357,0.7822697162628174,0.0,0.10810082197189352,0.0,0.0,0.6741688942909239,0.006231091802524443,2,
2018-06-16 10:00:00,157,0.7007263898849487,0.0,0.05048749968409538,0.7007263898849487,0.0,0.7007263898849487,0.0,0.0,0.0,0.03537792338795365,2,
2018-06-16 11:00:00,157,0.7730919718742371,0.0,0.04706500098109245,0.7730919718742371,0.0,0.7730919718742371,0.0,0.0,0.0,0.036385574414735666,2,
2018-06-16 12:00:00,157,1.50604248046875,0.0,0.04636000096797943,1.50604248046875,0.0,1.50604248046875,0.0,0.0,0.0,0.0698201308523494,2,
2018-06-16 13:00:00,157,0.6424744725227356,0.0,0.046094998717308044,0.6424744725227356,0.0,0.6424744725227356,0.0,0.0,0.0,0.02961485998683866,2,
2018-06-16 14:00:00,157,0.39142054319381714,0.0,0.04602999985218048,0.39142054319381714,0.0,0.39142054319381714,0.0,0.0,0.0,0.018017087545351806,2,
2018-06-16 15:00:00,157,0.38550055027008057,0.0,0.046322498470544815,0.38550055027008057,0.0,0.38550055027008057,0.0,0.0,0.0,0.01785734865027999,2,
2018-06-16 16:00:00,157,0.3498133420944214,0.0,0.04612499848008156,0.3498133420944214,0.0,0.3498133420944214,0.0,0.0,0.0,0.016135139872417437,2,
2018-06-16 17:00:00,157,0.27012109756469727,0.0,0.04668499901890755,0.27012109756469727,0.0,0.27012109756469727,0.0,0.0,0.0,0.012610603174794122,2,
2018-06-16 18:00:00,157,0.2746058404445648,0.0,0.04633000120520592,0.2746058404445648,0.0,0.2746058404445648,0.0,0.0,0.0,0.012722488918753272,2,
2018-06-16 19:00:00,157,0.3053586184978485,-0.0,0.04812749847769737,0.3053586184978485,0.0,0.3053586184978485,0.0,0.0,0.0,0.014696146446906977,2,
2018-06-16 20:00:00,157,0.3356327712535858,-0.0,0.048282500356435776,0.3356327712535858,0.0,0.3356327712535858,0.0,0.0,0.0,0.016205189397682784,2,
2018-06-16 21:00:00,157,0.28530973196029663,-0.0,0.04887999966740608,0.28530973196029663,0.0,0.28530973196029663,0.0,0.0,0.0,0.013945939603327018,2,
2018-06-16 22:00:00,157,0.3088797330856323,-0.0,0.048920001834630966,0.3088797330856323,0.0,0.3088797330856323,0.0,0.0,0.0,0.015110397109229456,2,
2018-06-16 23:00:00,157,0.19563555717468262,-0.0,0.05235249921679497,0.19563555717468262,0.0,0.19563555717468262,0.0,0.0,0.0,0.010242010353764819,2,
2018-06-17 00:00:00,157,0.1624566614627838,-0.0,0.04961000010371208,0.1624566614627838,0.0,0.1624566614627838,0.0,0.0,0.0,0.008059474992017424,2,
2018-06-17 01:00:00,157,0.21261583268642426,-0.0,0.04815249890089035,0.21261583268642426,0.0,0.21261583268642426,0.0,0.0,0.0,0.01023798364974493,2,
2018-06-17 02:00:00,157,0.18400193750858307,-0.0,0.04539500176906586,0.18400193750858307,0.0,0.18400193750858307,0.0,0.0,0.0,0.008352768278713674,2,
2018-06-17 03:00:00,157,0.1551908403635025,0.0,0.04128750041127205,0.1551908403635025,0.0,0.1551908403635025,0.0,0.0,0.0,0.0064074418853337645,2,
2018-06-17 04:00:00,157,0.1617833375930786,-0.0,0.040860000997781754,0.1617833375930786,0.0,0.1617833375930786,0.0,0.0,0.0,0.006610467335477654,2,
2018-06-17 05:00:00,157,0.06932805478572845,-0.0,0.04116249829530716,0.06932805478572845,0.0,0.06932805478572845,0.0,0.0,0.0,0.002853715936934509,2,
2018-06-17 06:00:00,157,0.15011721849441528,-0.0,0.04323999956250191,0.15011721849441528,0.0,0.15011721849441528,0.0,0.0,0.0,0.00649106846202252,2,
2018-06-17 07:00:00,157,0.20793944597244263,0.0,0.04397499933838844,0.20793944597244263,0.0,0.20793944597244263,0.0,0.0,0.0,0.009144136999063024,2,
2018-06-17 08:00:00,157,0.22481222450733185,1.2318438291549683,0.046217501163482666,-1.0070316046476364,1.4249999999999998,0.4929683953523636,0.0,0.0,1.5,0.02428376738575805,0,
2018-06-17 09:00:00,157,0.5138483047485352,0.5761799216270447,0.05204499885439873,-0.06233161687850952,1.4249999999999998,0.0,0.06233161687850952,0.06233161687850952,0.0,0.0,2,
2018-06-17 10:00:00,157,0.5803788900375366,0.0,0.05245000123977661,0.5803788900375366,0.8140748525920665,0.0,-0.0,-0.0,0.5803788900375366,0.0005803788900375366,2,
2018-06-17 11:00:00,157,0.4448588788509369,0.8493103384971619,0.05355000123381615,-0.404451459646225,0.8140748525920665,0.0,0.404451459646225,0.404451459646225,0.0,0.0,2,
2018-06-17 12:00:00,157,0.8244786262512207,1.0259010791778564,0.05441249907016754,-0.20142245292663574,0.8140748525920665,0.0,0.20142245292663574,0.20142245292663574,0.0,0.0,2,
2018-06-17 13:00:00,157,0.1651763916015625,0.05136256664991379,0.051762498915195465,0.11381382495164871,0.6942708263271731,0.0,-0.0,-0.0,0.11381382495164871,0.00011381382495164872,2,
2018-06-17 14:00:00,157,0.1672208309173584,0.035071637481451035,0.05068250000476837,0.13214919343590736,0.5551664121841127,0.0,-0.0,-0.0,0.13214919343590736,0.00013214919343590737,2,
2018-06-17 15:00:00,157,0.16564583778381348,0.0,0.05158749967813492,0.16564583778381348,0.3808023724116774,0.0,-0.0,-0.0,0.16564583778381348,0.00016564583778381348,2,
2018-06-17 16:00:00,157,0.3856472074985504,0.0,0.05339999869465828,0.3856472074985504,0.0,0.023884953707456913,0.0,0.0,0.3617622537910935,0.001637218750591266,2,
2018-06-17 17:00:00,157,0.6905372142791748,0.0,0.05517499893903732,0.6905372142791748,0.0,0.6905372142791748,0.0,0.0,0.0,0.03810039006521926,2,
2018-06-17 18:00:00,157,0.3841744363307953,0.0,0.054910000413656235,0.3841744363307953,0.0,0.3841744363307953,0.0,0.0,0.0,0.02109501845784012,2,
2018-06-17 19:00:00,157,0.49239832162857056,-0.0,0.051247499883174896,0.49239832162857056,0.0,0.49239832162857056,0.0,0.0,0.0,0.025234182930135685,2,
2018-06-17 20:00:00,157,0.36793944239616394,-0.0,0.0508975014090538,0.36793944239616394,0.0,0.36793944239616394,0.0,0.0,0.0,0.018727198287805225,2,
2018-06-17 21:00:00,157,0.3919127881526947,-0.0,0.050404999405145645,0.3919127881526947,0.0,0.3919127881526947,0.0,0.0,0.0,0.019754363853705548,2,
2018-06-17 22:00:00,157,0.5788533091545105,-0.0,0.05011500045657158,0.5788533091545105,0.0,0.5788533091545105,0.0,0.0,0.0,0.029009233852566263,2,
2018-06-17 23:00:00,157,0.9463819265365601,-0.0,0.0504550002515316,0.9463819265365601,0.0,0.9463819265365601,0.0,0.0,0.0,0.0477497003414471,2,
2018-06-18 00:00:00,157,0.0,-0.0,0.05061250180006027,0.0,0.0,0.0,-0.0,-0.0,0.0,0.0,2,
2018-06-18 01:00:00,157,0.0,-0.0,0.04258250072598457,0.0,0.0,0.0,-0.0,-0.0,0.0,0.0,2,
2018-06-18 02:00:00,157,0.0,-0.0,0.04159500077366829,0.0,0.0,0.0,-0.0,-0.0,0.0,0.0,2,
2018-06-18 03:00:00,157,0.0,-0.0,0.0359174981713295,0.0,0.0,0.0,-0.0,-0.0,0.0,0.0,2,
2018-06-18 04:00:00,157,0.0,-0.0,0.037085000425577164,0.0,0.0,0.0,-0.0,-0.0,0.0,0.0,2,
2018-06-18 05:00:00,157,0.0,-0.0,0.04442249983549118,0.0,0.0,0.0,-0.0,-0.0,0.0,0.0,2,
2018-06-18 06:00:00,157,0.0,-0.0,0.05052750185132027,0.0,0.0,0.0,-0.0,-0.0,0.0,0.0,2,
2018-06-18 07:00:00,157,0.0,0.0,0.052615001797676086,0.0,0.0,0.0,-0.0,-0.0,0.0,0.0,2,
2018-06-18 08:00:00,157,0.0,0.0,0.054999999701976776,0.0,0.0,0.0,-0.0,-0.0,0.0,0.0,2,
2018-06-18 09:00:00,157,0.0,0.0,0.0516275018453598,0.0,0.0,0.0,-0.0,-0.0,0.0,0.0,2,
2018-06-18 10:00:00,157,0.0,0.0,0.048739999532699585,0.0,0.0,0.0,-0.0,-0.0,0.0,0.0,2,
2018-06-18 11:00:00,157,0.0,0.06446992605924606,0.047635000199079514,-0.06446992605924606,0.0,0.0,0.06446992605924606,0.06446992605924606,0.0,0.0,2,
2018-06-18 12:00:00,157,0.0,0.051355570554733276,0.047587499022483826,-0.051355570554733276,0.0,0.0,0.051355570554733276,0.051355570554733276,0.0,0.0,2,
2018-06-18 13:00:00,157,0.0,1.028584599494934,0.04826999828219414,-1.028584599494934,0.0,0.0,1.028584599494934,1.028584599494934,0.0,0.0,2,
2018-06-18 14:00:00,157,0.0,0.07845919579267502,0.04805999994277954,-0.07845919579267502,0.0,0.0,0.07845919579267502,0.07845919579267502,0.0,0.0,2,
2018-06-18 15:00:00,157,0.0,0.05516631901264191,0.04946250095963478,-0.05516631901264191,0.0,0.0,0.05516631901264191,0.05516631901264191,0.0,0.0,2,
2018-06-18 16:00:00,157,0.0,0.011393198743462563,0.0528700016438961,-0.011393198743462563,0.0,0.0,0.011393198743462563,0.011393198743462563,0.0,0.0,2,
2018-06-18 17:00:00,157,0.0,0.0,0.05662250146269798,0.0,0.0,0.0,-0.0,-0.0,0.0,0.0,2,
2018-06-18 18:00:00,157,0.0,0.0,0.056437499821186066,0.0,0.0,0.0,-0.0,-0.0,0.0,0.0,2,
2018-06-18 19:00:00,157,0.0,0.0,0.05443749949336052,0.0,0.0,0.0,-0.0,-0.0,0.0,0.0,2,
2018-06-18 20:00:00,157,0.0,0.0,0.051477499306201935,0.0,0.0,0.0,-0.0,-0.0,0.0,0.0,2,
2018-06-18 21:00:00,157,0.0,0.0,0.05019500106573105,0.0,0.0,0.0,-0.0,-0.0,0.0,0.0,2,
2018-06-18 22:00:00,157,0.0,0.0,0.04966749995946884,0.0,0.0,0.0,-0.0,-0.0,0.0,0.0,2,
2018-06-18 23:00:00,157,0.0,0.0,0.04732999950647354,0.0,0.0,0.0,-0.0,-0.0,0.0,0.0,2,
2018-06-19 00:00:00,157,0.0,0.0,0.04192499816417694,0.0,0.0,0.0,-0.0,-0.0,0.0,0.0,2,
2018-06-19 01:00:00,157,0.0,0.0,0.04428499937057495,0.0,0.0,0.0,-0.0,-0.0,0.0,0.0,2,
2018-06-19 02:00:00,157,0.0,0.0,0.04573750123381615,0.0,0.0,0.0,-0.0,-0.0,0.0,0.0,2,
2018-06-19 03:00:00,157,0.0,0.0,0.046275001019239426,0.0,0.0,0.0,-0.0,-0.0,0.0,0.0,2,
2018-06-19 04:00:00,157,0.0,0.0,0.04686500132083893,0.0,0.0,0.0,-0.0,-0.0,0.0,0.0,2,
2018-06-19 05:00:00,157,0.0,0.0,0.04967749863862991,0.0,0.0,0.0,-0.0,-0.0,0.0,0.0,2,
2018-06-19 06:00:00,157,0.0,0.0,0.051282498985528946,0.0,0.0,0.0,-0.0,-0.0,0.0,0.0,2,
2018-06-19 07:00:00,157,0.0,0.4028696119785309,0.05234000086784363,-0.4028696119785309,0.0,0.0,0.4028696119785309,0.4028696119785309,0.0,0.0,2,
2018-06-19 08:00:00,157,0.1606736183166504,0.6838774681091309,0.055319998413324356,-0.5232038497924805,0.0,0.0,0.5232038497924805,0.5232038497924805,0.0,0.0,2,
2018-06-19 09:00:00,157,0.6082858443260193,0.04155251011252403,0.06030000001192093,0.5667333342134953,0.0,0.5667333342134953,0.0,0.0,0.0,0.03417402005982975,2,
2018-06-19 10:00:00,157,0.1548544466495514,0.07781144231557846,0.060704998672008514,0.07704300433397293,0.0,0.07704300433397293,0.0,0.0,0.0,0.004676895475781373,2,
2018-06-19 11:00:00,157,0.15444055199623108,1.263866662979126,0.061012499034404755,-1.109426110982895,0.0,0.0,1.109426110982895,1.109426110982895,0.0,0.0,2,
2018-06-19 12:00:00,157,0.15332527458667755,1.3261812925338745,0.060417499393224716,-1.172856017947197,0.0,0.0,1.172856017947197,1.172856017947197,0.0,0.0,2,
2018-06-19 13:00:00,157,0.15420277416706085,0.14917893707752228,0.055217500776052475,0.005023837089538574,0.0,0.005023837089538574,0.0,0.0,0.0,0.00027740372839035743,2,
2018-06-19 14:00:00,157,0.15292777121067047,0.2490323930978775,0.054294999688863754,-0.09610462188720703,0.0,0.0,0.09610462188720703,0.09610462188720703,0.0,0.0,2,
2018-06-19 15:00:00,157,0.15488167107105255,0.256897509098053,0.06003250181674957,-0.10201583802700043,0.0,0.0,0.10201583802700043,0.10201583802700043,0.0,0.0,2,
2018-06-19 16:00:00,157,0.15250138938426971,0.13259734213352203,0.06661249697208405,0.01990404725074768,0.0,0.01990404725074768,0.0,0.0,0.0,0.0013258582872226476,2,
2018-06-19 17:00:00,157,0.1522161066532135,0.06153205782175064,0.06947500258684158,0.09068404883146286,0.0,0.09068404883146286,0.0,0.0,0.0,0.006300274527151151,2,
2018-06-19 18:00:00,157,0.15272971987724304,1.2909472811967019e-17,0.06649249792098999,0.15272971987724304,0.0,0.15272971987724304,0.0,0.0,0.0,0.010155380581410967,2,
2018-06-19 19:00:00,157,0.15126582980155945,0.0,0.05508749932050705,0.15126582980155945,0.0,0.15126582980155945,0.0,0.0,0.0,0.008332856296409341,2,
2018-06-19 20:00:00,157,0.4246305525302887,-0.0,0.052367500960826874,0.4246305525302887,0.0,0.4246305525302887,0.0,0.0,0.0,0.02223684086762634,2,
2018-06-19 21:00:00,157,0.5795194506645203,-0.0,0.05077249929308891,0.5795194506645203,0.0,0.5795194506645203,0.0,0.0,0.0,0.02942365089919563,2,
2018-06-19 22:00:00,157,0.5225663781166077,-0.0,0.051007501780986786,0.5225663781166077,0.0,0.5225663781166077,0.0,0.0,0.0,0.02665480546246668,2,
2018-06-19 23:00:00,157,0.5051380395889282,-0.0,0.055262498557567596,0.5051380395889282,0.0,0.5051380395889282,0.0,0.0,0.0,0.02791519018415567,2,
2018-06-20 00:00:00,157,0.5144919157028198,-0.0,0.05455499887466431,0.5144919157028198,0.0,0.5144919157028198,0.0,0.0,0.0,0.02806810588219122,2,
2018-06-20 01:00:00,157,0.1719638854265213,-0.0,0.055287498980760574,0.1719638854265213,0.0,0.1719638854265213,0.0,0.0,0.0,0.009507453140246425,2,
2018-06-20 02:00:00,157,0.17004860937595367,-0.0,0.05241499841213226,0.17004860937595367,0.0,0.17004860937595367,0.0,0.0,0.0,0.008913097590425911,2,
2018-06-20 03:00:00,157,0.16834722459316254,-0.0,0.047905001789331436,0.16834722459316254,0.0,0.16834722459316254,0.0,0.0,0.0,0.008064674095364432,2,
2018-06-20 04:00:00,157,0.20024028420448303,-0.0,0.047839999198913574,0.20024028420448303,0.0,0.20024028420448303,0.0,0.0,0.0,0.009579495035932695,2,
2018-06-20 05:00:00,157,0.29713165760040283,-0.0,0.0496474988758564,0.29713165760040283,0.0,0.29713165760040283,0.0,0.0,0.0,0.014751843636697348,2,
2018-06-20 06:00:00,157,0.8974136114120483,-0.0,0.050987500697374344,0.8974136114120483,0.0,0.8974136114120483,0.0,0.0,0.0,0.04575687713770504,2,
2018-06-20 07:00:00,157,0.9735422134399414,0.0,0.05380500108003616,0.9735422134399414,0.0,0.9735422134399414,0.0,0.0,0.0,0.052381439845596844,2,
2018-06-20 08:00:00,157,0.870609700679779,0.0,0.055799998342990875,0.870609700679779,0.0,0.870609700679779,0.0,0.0,0.0,0.04858001985532345,2,
2018-06-20 09:00:00,157,0.5322486162185669,0.0,0.054864998906850815,0.5322486162185669,0.0,0.5322486162185669,0.0,0.0,0.0,0.02920181974700453,2,
2018-06-20 10:00:00,157,1.5045130252838135,0.0,0.05340249836444855,1.5045130252838135,0.0,1.5045130252838135,0.0,0.0,0.0,0.08034475437201039,2,
2018-06-20 11:00:00,157,0.21525610983371735,0.0,0.05012499913573265,0.21525610983371735,0.0,0.21525610983371735,0.0,0.0,0.0,0.010789712319376255,2,
2018-06-20 12:00:00,157,0.21842694282531738,2.738091468811035,0.05015749856829643,-2.5196645259857178,1.4249999999999998,0.0,1.0196645259857178,1.0196645259857178,1.5,0.0015,0,
2018-06-20 13:00:00,157,0.2977735996246338,0.9762219786643982,0.049962498247623444,-0.6784483790397644,1.4249999999999998,0.0,0.6784483790397644,0.6784483790397644,0.0,0.0,2,
2018-06-20 14:00:00,157,0.2327200025320053,1.7062309980392456,0.04996500164270401,-1.4735109955072403,2.8499999999999996,0.026489004492759705,0.0,0.0,1.5,0.0028235231529943326,0,
2018-06-20 15:00:00,157,0.44175583124160767,0.015884997323155403,0.05196249857544899,0.42587083391845226,2.401714911664787,0.0,-0.0,-0.0,0.42587083391845226,0.00042587083391845226,2,
2018-06-20 16:00:00,157,0.2912955582141876,0.06295590102672577,0.051512498408555984,0.22833965718746185,2.161357377783248,0.0,-0.0,-0.0,0.22833965718746185,0.00022833965718746185,2,
2018-06-20 17:00:00,157,0.3220674991607666,0.04616231471300125,0.05077999830245972,0.27590518444776535,1.870930867838232,0.0,-0.0,-0.0,0.27590518444776535,0.00027590518444776534,2,
2018-06-20 18:00:00,157,0.3346872329711914,1.9187458505431116e-17,0.05372999981045723,0.3346872329711914,1.518628517342241,0.0,-0.0,-0.0,0.3346872329711914,0.0003346872329711914,2,
2018-06-20 19:00:00,157,0.2633333206176758,0.0,0.054749999195337296,0.2633333206176758,1.2414355482710033,0.0,-0.0,-0.0,0.2633333206176758,0.0002633333206176758,2,
2018-06-20 20:00:00,157,0.5189247131347656,0.0,0.05435749888420105,0.5189247131347656,0.6951990081291447,0.0,-0.0,-0.0,0.5189247131347656,0.0005189247131347657,2,
2018-06-20 21:00:00,157,0.5016360878944397,0.0,0.05340249836444855,0.5016360878944397,2.1201990081291444,2.0016360878944397,0.0,0.0,1.5,0.108392367910004,0,
2018-06-20 22:00:00,157,0.4934872090816498,0.0,0.05243249982595444,0.4934872090816498,1.6007387880431971,0.0,-0.0,-0.0,0.4934872090816498,0.0004934872090816498,2,
2018-06-20 23:00:00,157,0.5097516775131226,0.0,0.0525050014257431,0.5097516775131226,3.0,1.9826582164150204,0.0,0.0,1.4729065389018978,0.10557237901853381,0,
2018-06-21 00:00:00,157,0.5053496956825256,0.0,0.05015749856829643,0.5053496956825256,2.4680529519131307,0.0,-0.0,-0.0,0.5053496956825256,0.0005053496956825257,2,
2018-06-21 01:00:00,157,0.5125383138656616,0.0,0.048852499574422836,0.5125383138656616,3.0,1.0724825750097347,0.0,0.0,0.559944261144073,0.05295339880038304,0,
2018-06-21 02:00:00,157,0.44793111085891724,0.0,0.04522499814629555,0.44793111085891724,3.0,0.44793111085891724,0.0,0.0,0.0,0.020257683658262637,0,
2018-06-21 03:00:00,157,0.3795280456542969,0.0,0.03772500157356262,0.3795280456542969,2.6004967940481087,0.0,-0.0,-0.0,0.3795280456542969,0.0003795280456542969,2,
2018-06-21 04:00:00,157,0.29016444087028503,0.0,0.037927500903606415,0.29016444087028503,2.2950605405004403,0.0,-0.0,-0.0,0.29016444087028503,0.00029016444087028503,2,
2018-06-21 05:00:00,157,0.34369054436683655,0.0,0.04111750051379204,0.34369054436683655,1.9332810201142965,0.0,-0.0,-0.0,0.34369054436683655,0.00034369054436683656,2,
2018-06-21 06:00:00,157,0.6681297421455383,0.0,0.04758000001311302,0.6681297421455383,1.2299865546979403,0.0,-0.0,-0.0,0.6681297421455383,0.0006681297421455383,2,
2018-06-21 07:00:00,157,0.9315035939216614,0.5440220236778259,0.04751500114798546,0.38748157024383545,2.65498655469794,1.8874815702438354,0.0,0.0,1.5,0.09118368897693724,0,
2018-06-21 08:00:00,157,0.4809258282184601,2.0365469455718994,0.04613250121474266,-1.5556211173534393,3.0,0.0,1.1924490696670604,1.1924490696670604,0.36317204768637884,0.00036317204768637886,0,
2018-06-21 09:00:00,157,0.22380639612674713,1.4878257513046265,0.046937499195337296,-1.2640193551778793,3.0,0.0,1.2640193551778793,1.2640193551778793,0.0,0.0,0,
2018-06-21 10:00:00,157,0.2596883475780487,0.1817793846130371,0.04672250151634216,0.0779089629650116,2.917990565299988,0.0,-0.0,-0.0,0.0779089629650116,7.79089629650116e-05,2,
2018-06-21 11:00:00,157,0.6741511225700378,0.2535856366157532,0.04618750140070915,0.42056548595428467,2.475290053769162,0.0,-0.0,-0.0,0.42056548595428467,0.0004205654859542847,2,
2018-06-21 12:00:00,157,0.2871802747249603,0.3150918781757355,0.04629499837756157,-0.027911603450775146,2.475290053769162,0.0,0.027911603450775146,0.027911603450775146,0.0,0.0,2,
2018-06-21 13:00:00,157,0.29921388626098633,0.34309035539627075,0.04631999880075455,-0.043876469135284424,2.475290053769162,0.0,0.043876469135284424,0.043876469135284424,0.0,0.0,2,
2018-06-21 14:00:00,157,0.3252122104167938,0.27610427141189575,0.046277500689029694,0.04910793900489807,2.4235974863955847,0.0,-0.0,-0.0,0.04910793900489807,4.910793900489807e-05,2,
2018-06-21 15:00:00,157,0.15267972648143768,0.2825196087360382,0.04816250130534172,-0.12983988225460052,2.4235974863955847,0.0,0.12983988225460052,0.12983988225460052,0.0,0.0,2,
2018-06-21 16:00:00,157,0.15029111504554749,0.1741671860218048,0.048889998346567154,-0.023876070976257324,2.4235974863955847,0.0,0.023876070976257324,0.023876070976257324,0.0,0.0,2,
2018-06-21 17:00:00,157,0.20379500091075897,0.09217716008424759,0.051317501813173294,0.11161784082651138,2.306105022367678,0.0,-0.0,-0.0,0.11161784082651138,0.00011161784082651139,2,
2018-06-21 18:00:00,157,0.3415825068950653,5.042982374173643e-17,0.05155999958515167,0.34158250689506525,1.9465444887939252,0.0,-0.0,-0.0,0.34158250689506525,0.00034158250689506525,2,
2018-06-21 19:00:00,157,0.22361861169338226,0.0,0.05448500066995621,0.22361861169338226,1.7111564764851017,0.0,-0.0,-0.0,0.22361861169338226,0.00022361861169338228,2,
2018-06-21 20:00:00,157,0.4687933325767517,0.0,0.0545400008559227,0.4687933325767517,1.2176898106148366,0.0,-0.0,-0.0,0.4687933325767517,0.00046879333257675174,2,
2018-06-21 21:00:00,157,0.4516552686691284,0.0,0.05446749925613403,0.4516552686691284,0.742263212015754,0.0,-0.0,-0.0,0.4516552686691284,0.0004516552686691284,2,
2018-06-21 22:00:00,157,0.49975723028182983,0.0,0.05256250128149986,0.49975723028182983,0.2162029696138278,0.0,-0.0,-0.0,0.49975723028182983,0.0004997572302818298,2,
2018-06-21 23:00:00,157,0.4964308440685272,0.0,0.05197500064969063,0.4964308440685272,0.0,0.2910380229353908,0.0,0.0,0.2053928211331364,0.01533209425228475,2,
2018-06-22 00:00:00,157,0.49735555052757263,0.0,0.050927501171827316,0.49735555052757263,0.0,0.49735555052757263,0.0,0.0,0.0,0.025329075382307775,2,
2018-06-22 01:00:00,157,0.5131602883338928,0.0,0.045522499829530716,0.5131602883338928,0.0,0.5131602883338928,0.0,0.0,0.0,0.02336033913820157,2,
2018-06-22 02:00:00,157,0.44904083013534546,0.0,0.04596250131726265,0.44904083013534546,0.0,0.44904083013534546,0.0,0.0,0.0,0.02063903974660053,2,
2018-06-22 03:00:00,157,0.4583505690097809,0.0,0.04634999856352806,0.4583505690097809,0.0,0.4583505690097809,0.0,0.0,0.0,0.021244548215195613,2,
2018-06-22 04:00:00,157,0.3338358402252197,-0.0,0.04611000046133995,0.3338358402252197,0.0,0.3338358402252197,0.0,0.0,0.0,0.015393170746796692,2,
2018-06-22 05:00:00,157,0.21789471805095673,0.0,0.047542501240968704,0.21789471805095673,1.4249999999999998,1.7178947180509567,0.0,0.0,1.5,0.0831730117647912,0,
2018-06-22 06:00:00,157,0.6615650057792664,0.0,0.04822999984025955,0.6615650057792664,0.7286157833902457,0.0,-0.0,-0.0,0.6615650057792664,0.0006615650057792664,2,
2018-06-22 07:00:00,157,0.5480655431747437,0.05465812608599663,0.048739999532699585,0.493407417088747,0.20923955487577506,0.0,-0.0,-0.0,0.493407417088747,0.0004934074170887471,2,
2018-06-22 08:00:00,157,0.3669586181640625,2.03459095954895,0.04956499859690666,-1.6676323413848877,1.6342395548757749,0.0,0.1676323413848877,0.1676323413848877,1.5,0.0015,0,
2018-06-22 09:00:00,157,0.7462661266326904,0.25947898626327515,0.04901750013232231,0.4867871403694153,1.121832038697443,0.0,-0.0,-0.0,0.4867871403694153,0.0004867871403694153,2,
2018-06-22 10:00:00,157,0.20287972688674927,2.7583606243133545,0.04836999997496605,-2.5554808974266052,2.546832038697443,0.0,1.0554808974266052,1.0554808974266052,1.5,0.0015,0,
2018-06-22 11:00:00,157,0.1543438881635666,2.123553514480591,0.047655001282691956,-1.9692096263170242,3.0,0.0,1.4921907196827535,1.4921907196827535,0.47701890663427077,0.00047701890663427076,0,
2018-06-22 12:00:00,157,0.22315388917922974,3.1995372772216797,0.047872498631477356,-2.97638338804245,3.0,0.0,2.97638338804245,2.97638338804245,0.0,0.0,0,
2018-06-22 13:00:00,157,0.2734863758087158,0.45051223039627075,0.04845999926328659,-0.17702585458755493,3.0,0.0,0.17702585458755493,0.17702585458755493,0.0,0.0,2,
2018-06-22 14:00:00,157,0.24463139474391937,0.37122929096221924,0.04775749891996384,-0.12659789621829987,3.0,0.0,0.12659789621829987,0.12659789621829987,0.0,0.0,2,
2018-06-22 15:00:00,157,0.2492813915014267,0.21247555315494537,0.047724999487400055,0.03680583834648132,2.9612570122668616,0.0,-0.0,-0.0,0.03680583834648132,3.6805838346481324e-05,2,
2018-06-22 16:00:00,157,0.24361249804496765,0.11509408056735992,0.04859749972820282,0.12851841747760773,2.82597446755359,0.0,-0.0,-0.0,0.12851841747760773,0.00012851841747760773,2,
2018-06-22 17:00:00,157,0.3392616808414459,0.07300320267677307,0.052685000002384186,0.26625847816467285,2.545702385274987,0.0,-0.0,-0.0,0.26625847816467285,0.00026625847816467285,2,
2018-06-22 18:00:00,157,0.25414443016052246,3.226998990925342e-17,0.054032500833272934,0.2541444301605224,2.2781819324744372,0.0,-0.0,-0.0,0.2541444301605224,0.0002541444301605224,2,
2018-06-22 19:00:00,157,0.23596972227096558,0.0,0.05706999823451042,0.23596972227096558,2.0297927511365788,0.0,-0.0,-0.0,0.23596972227096558,0.00023596972227096557,2,
2018-06-22 20:00:00,157,0.452751100063324,0.0,0.05554249882698059,0.452751100063324,1.553212645806764,0.0,-0.0,-0.0,0.452751100063324,0.000452751100063324,2,
2018-06-22 21:00:00,157,0.5070997476577759,0.0,0.0509674996137619,0.5070997476577759,1.0194234377459472,0.0,-0.0,-0.0,0.5070997476577759,0.0005070997476577759,2,
2018-06-22 22:00:00,157,0.5070838928222656,0.0,0.05012249946594238,0.5070838928222656,0.4856509189856676,0.0,-0.0,-0.0,0.5070838928222656,0.0005070838928222656,2,
2018-06-22 23:00:00,157,0.4613038897514343,-0.0,0.053564999252557755,0.4613038897514343,6.787714205247486e-05,0.0,-0.0,-0.0,0.4613038897514343,0.00046130388975143435,2,
2018-06-23 00:00:00,157,0.4487541615962982,-0.0,0.05045250058174133,0.4487541615962982,0.0,0.44868967831134837,0.0,0.0,6.448328494985111e-05,0.022637580739309587,2,
2018-06-23 01:00:00,157,0.48838305473327637,0.0,0.049504999071359634,0.48838305473327637,0.0,0.48838305473327637,0.0,0.0,0.0,0.024177402671038628,2,
2018-06-23 02:00:00,157,0.5180777907371521,-0.0,0.047532498836517334,0.5180777907371521,0.0,0.5180777907371521,0.0,0.0,0.0,0.024625531985439153,2,
2018-06-23 03:00:00,157,0.5187502503395081,-0.0,0.04589749872684479,0.5187502503395081,0.0,0.5187502503395081,0.0,0.0,0.0,0.023809338954507986,2,
2018-06-23 04:00:00,157,0.28919944167137146,-0.0,0.038883332163095474,0.28919944167137146,0.0,0.28919944167137146,0.0,0.0,0.0,0.011245037951889691,2,
2018-06-23 05:00:00,157,0.29724472761154175,-0.0,0.03886333480477333,0.29724472761154175,0.0,0.29724472761154175,0.0,0.0,0.0,0.011551921368120999,2,
2018-06-23 06:00:00,157,0.37505778670310974,-0.0,0.04583999887108803,0.37505778670310974,0.0,0.37505778670310974,0.0,0.0,0.0,0.017192648519063325,2,
2018-06-23 07:00:00,157,0.3701469302177429,0.0,0.045910000801086426,0.3701469302177429,0.0,0.3701469302177429,0.0,0.0,0.0,0.01699344586281626,2,
2018-06-23 08:00:00,157,0.43164750933647156,0.0,0.048272501677274704,0.43164750933647156,0.0,0.43164750933647156,0.0,0.0,0.0,0.02083670511843627,2,
2018-06-23 09:00:00,157,1.259814977645874,0.044651005417108536,0.05100249871611595,1.2151639722287655,0.0,1.2151639722287655,0.0,0.0,0.0,0.06197639893346797,2,
2018-06-23 10:00:00,157,0.20000167191028595,0.032597608864307404,0.05060749873518944,0.16740406304597855,0.0,0.16740406304597855,0.0,0.0,0.0,0.008471900908864932,2,
2018-06-23 11:00:00,157,0.15661832690238953,0.10383090376853943,0.04857249930500984,0.0527874231338501,0.0,0.0527874231338501,0.0,0.0,0.0,0.0025640170734821943,2,
2018-06-23 12:00:00,157,0.1564180552959442,0.10431427508592606,0.04824500158429146,0.05210378021001816,0.0,0.05210378021001816,0.0,0.0,0.0,0.0025137469587799,2,
2018-06-23 13:00:00,157,0.21429888904094696,0.1231556162238121,0.04634249955415726,0.09114327281713486,0.0,0.09114327281713486,0.0,0.0,0.0,0.004223807079892505,2,
2018-06-23 14:00:00,157,0.259695827960968,0.1532442271709442,0.04602750018239021,0.1064516007900238,0.0,0.1064516007900238,0.0,0.0,0.0,0.004899701074778551,2,
2018-06-23 15:00:00,157,0.3446961045265198,0.1408872902393341,0.045214999467134476,0.20380881428718567,0.0,0.20380881428718567,0.0,0.0,0.0,0.00921521542939241,2,
2018-06-23 16:00:00,157,0.4740130603313446,0.1087656244635582,0.047612499445676804,0.3652474358677864,0.0,0.3652474358677864,0.0,0.0,0.0,0.017390343337789854,2,
2018-06-23 17:00:00,157,0.5704774856567383,0.03822329640388489,0.057132501155138016,0.5322541892528534,0.0,0.5322541892528534,0.0,0.0,0.0,0.030409013082315695,2,
2018-06-23 18:00:00,157,0.5084572434425354,2.1455048423292134e-17,0.05756999924778938,0.5084572434425354,0.0,0.5084572434425354,0.0,0.0,0.0,0.029271883122519826,2,
2018-06-23 19:00:00,157,0.5397630333900452,0.0,0.059300001710653305,0.5397630333900452,0.0,0.5397630333900452,0.0,0.0,0.0,0.032007948803377095,2,
2018-06-23 20:00:00,157,0.40162360668182373,0.0,0.05895499885082245,0.40162360668182373,0.0,0.40162360668182373,0.0,0.0,0.0,0.023677719270390085,2,
2018-06-23 21:00:00,157,0.40112999081611633,0.0,0.058742500841617584,0.40112999081611633,0.0,0.40112999081611633,0.0,0.0,0.0,0.023563378823113768,2,
2018-06-23 22:00:00,157,0.361721932888031,-0.0,0.0578325018286705,0.361721932888031,0.0,0.361721932888031,0.0,0.0,0.0,0.02091928434521728,2,
2018-06-23 23:00:00,157,0.471976101398468,-0.0,0.05685500055551529,0.471976101398468,0.0,0.471976101398468,0.0,0.0,0.0,0.02683420150719984,2,
2018-06-24 00:00:00,157,0.5004397034645081,-0.0,0.05087750032544136,0.5004397034645081,0.0,0.5004397034645081,0.0,0.0,0.0,0.025461121175879287,2,
2018-06-24 01:00:00,157,0.49836501479148865,-0.0,0.0516900010406971,0.49836501479148865,0.0,0.49836501479148865,0.0,0.0,0.0,0.025760488133219073,2,
2018-06-24 02:00:00,157,0.2601974904537201,-0.0,0.05157250165939331,0.2601974904537201,0.0,0.2601974904537201,0.0,0.0,0.0,0.013419035508194455,2,
2018-06-24 03:00:00,157,0.1514102816581726,-0.0,0.0501599982380867,0.1514102816581726,0.0,0.1514102816581726,0.0,0.0,0.0,0.007594739461202149,2,
2018-06-24 04:00:00,157,0.14513500034809113,-0.0,0.05028250068426132,0.14513500034809113,0.0,0.14513500034809113,0.0,0.0,0.0,0.007297750754313159,2,
2018-06-24 05:00:00,157,0.14443916082382202,-0.0,0.048567499965429306,0.14443916082382202,0.0,0.14443916082382202,0.0,0.0,0.0,0.007015048938317614,2,
2018-06-24 06:00:00,157,0.3678972125053406,-0.0,0.04804249852895737,0.3678972125053406,0.0,0.3678972125053406,0.0,0.0,0.0,0.01767470129059534,2,
2018-06-24 07:00:00,157,0.33260610699653625,0.012803420424461365,0.0474650003015995,0.3198026865720749,0.0,0.3198026865720749,0.0,0.0,0.0,0.015179434614595866,2,
2018-06-24 08:00:00,157,1.000464677810669,0.08179067820310593,0.044987499713897705,0.918673999607563,0.0,0.918673999607563,0.0,0.0,0.0,0.0413288462945105,2,
2018-06-24 09:00:00,157,0.15824638307094574,0.2337539941072464,0.046537499874830246,-0.07550761103630066,0.0,0.0,0.07550761103630066,0.07550761103630066,0.0,0.0,2,
2018-06-24 10:00:00,157,0.15800555050373077,0.30862122774124146,0.04832249879837036,-0.15061567723751068,0.0,0.0,0.15061567723751068,0.15061567723751068,0.0,0.0,2,
2018-06-24 11:00:00,157,0.15746888518333435,0.3265236020088196,0.04892750084400177,-0.16905471682548523,0.0,0.0,0.16905471682548523,0.16905471682548523,0.0,0.0,2,
2018-06-24 12:00:00,157,0.15607693791389465,0.35761144757270813,0.048579998314380646,-0.20153450965881348,0.0,0.0,0.20153450965881348,0.20153450965881348,0.0,0.0,2,
2018-06-24 13:00:00,157,0.15654361248016357,0.438410222530365,0.047587499022483826,-0.2818666100502014,0.0,0.0,0.2818666100502014,0.2818666100502014,0.0,0.0,2,
2018-06-24 14:00:00,157,0.15603944659233093,0.3422183394432068,0.047052498906850815,-0.18617889285087585,0.0,0.0,0.18617889285087585,0.18617889285087585,0.0,0.0,2,
2018-06-24 15:00:00,157,0.1557377725839615,0.3012637794017792,0.045842498540878296,-0.1455260068178177,0.0,0.0,0.1455260068178177,0.1455260068178177,0.0,0.0,2,
2018-06-24 16:00:00,157,0.15993084013462067,0.22825635969638824,0.04743750020861626,-0.06832551956176758,0.0,0.0,0.06832551956176758,0.06832551956176758,0.0,0.0,2,
2018-06-24 17:00:00,157,0.20600222051143646,0.12944740056991577,0.050027500838041306,0.07655481994152069,0.0,0.07655481994152069,0.0,0.0,0.0,0.0038298463187805276,2,
2018-06-24 18:00:00,157,0.1615133285522461,5.557397725314245e-17,0.05270000174641609,0.16151332855224604,0.0,0.16151332855224604,0.0,0.0,0.0,0.008511752696772842,2,
2018-06-24 19:00:00,157,0.20104916393756866,0.0,0.060122501105070114,0.20104916393756866,0.0,0.20104916393756866,0.0,0.0,0.0,0.012087578581009895,2,
2018-06-24 20:00:00,157,0.20938333868980408,0.0,0.06025249883532524,0.20938333868980408,0.0,0.20938333868980408,0.0,0.0,0.0,0.01261586937054393,2,
2018-06-24 21:00:00,157,0.36807194352149963,0.0,0.06052500009536743,0.36807194352149963,0.0,0.36807194352149963,0.0,0.0,0.0,0.02227755441674084,2,
2018-06-24 22:00:00,157,0.48503249883651733,-0.0,0.05669249966740608,0.48503249883651733,0.0,0.48503249883651733,0.0,0.0,0.0,0.0274977047789704,2,
2018-06-24 23:00:00,157,0.48590973019599915,0.0,0.052639998495578766,0.48590973019599915,0.0,0.48590973019599915,0.0,0.0,0.0,0.02557828746650448,2,
2018-06-25 00:00:00,157,0.49931973218917847,0.0,0.051717501133680344,0.49931973218917847,0.0,0.49931973218917847,0.0,0.0,0.0,0.025823568815562803,2,
2018-06-25 01:00:00,157,0.5031338930130005,0.0,0.04995499923825264,0.5031338930130005,0.0,0.5031338930130005,0.0,0.0,0.0,0.025134053242203525,2,
2018-06-25 02:00:00,157,0.43706637620925903,0.0,0.04582500085234642,0.43706637620925903,0.0,0.43706637620925903,0.0,0.0,0.0,0.020028567062321256,2,
2018-06-25 03:00:00,157,0.15651221573352814,0.0,0.04637499898672104,0.15651221573352814,0.0,0.15651221573352814,0.0,0.0,0.0,0.007258253846051832,2,
2018-06-25 04:00:00,157,0.1523541659116745,0.0,0.04605000093579292,0.1523541659116745,0.0,0.1523541659116745,0.0,0.0,0.0,0.007015909482804561,2,
2018-06-25 05:00:00,157,0.15666833519935608,0.0,0.04653500020503998,0.15666833519935608,0.0,0.15666833519935608,0.0,0.0,0.0,0.007290561010625307,2,
2018-06-25 06:00:00,157,0.15303638577461243,0.0,0.04763999953866005,0.15303638577461243,0.0,0.15303638577461243,0.0,0.0,0.0,0.007290653347700737,2,
2018-06-25 07:00:00,157,0.3136805593967438,0.049985215067863464,0.051362499594688416,0.2636953443288803,0.0,0.2636953443288803,0.0,0.0,0.0,0.013544052016213337,2,
2018-06-25 08:00:00,157,0.7493852972984314,0.18849310278892517,0.05208500102162361,0.5608921945095062,0.0,0.5608921945095062,0.0,0.0,0.0,0.02921407052404834,2,
2018-06-25 09:00:00,157,0.3109627664089203,0.35320255160331726,0.0502374991774559,-0.04223978519439697,0.0,0.0,0.04223978519439697,0.04223978519439697,0.0,0.0,2,
2018-06-25 10:00:00,157,0.5223900079727173,0.4766499698162079,0.04934750124812126,0.0457400381565094,0.0,0.0457400381565094,0.0,0.0,0.0,0.0022571565900174617,2,
2018-06-25 11:00:00,157,0.5406566858291626,0.531217098236084,0.04907499998807907,0.009439587593078613,0.0,0.009439587593078613,0.0,0.0,0.0,0.0004632477610178043,2,
2018-06-25 12:00:00,157,0.4080091714859009,0.5203952193260193,0.0491349995136261,-0.11238604784011841,0.0,0.0,0.11238604784011841,0.11238604784011841,0.0,0.0,2,
2018-06-25 13:00:00,157,0.16253778338432312,0.5358197689056396,0.04885999858379364,-0.37328198552131653,0.0,0.0,0.37328198552131653,0.37328198552131653,0.0,0.0,2,
2018-06-25 14:00:00,157,0.24252000451087952,0.41609975695610046,0.048500001430511475,-0.17357975244522095,0.0,0.0,0.17357975244522095,0.17357975244522095,0.0,0.0,2,
2018-06-25 15:00:00,157,0.34536388516426086,0.32035118341445923,0.05316999927163124,0.025012701749801636,0.0,0.025012701749801636,0.0,0.0,0.0,0.0013299253338184824,2,
2018-06-25 16:00:00,157,0.35350915789604187,0.21341776847839355,0.0579025000333786,0.14009138941764832,0.0,0.14009138941764832,0.0,0.0,0.0,0.008111641680431436,2,
2018-06-25 17:00:00,157,0.26519861817359924,0.11622635275125504,0.06270000338554382,0.1489722654223442,0.0,0.1489722654223442,0.0,0.0,0.0,0.009340561546333115,2,
2018-06-25 18:00:00,157,0.29150110483169556,4.492179017014588e-17,0.06382250040769577,0.2915011048316955,0.0,0.2915011048316955,0.0,0.0,0.0,0.018604329381964654,2,
2018-06-25 19:00:00,157,0.2765783369541168,0.0,0.061969999223947525,0.2765783369541168,0.0,0.2765783369541168,0.0,0.0,0.0,0.017139559326407316,2,
2018-06-25 20:00:00,157,0.4643777906894684,0.0,0.057782500982284546,0.4643777906894684,0.0,0.4643777906894684,0.0,0.0,0.0,0.026832910146665334,2,
2018-06-25 21:00:00,157,0.4970549941062927,-0.0,0.054157499223947525,0.4970549941062927,0.0,0.4970549941062927,0.0,0.0,0.0,0.02691925545757079,2,
2018-06-25 22:00:00,157,0.496248334646225,-0.0,0.05112500116229057,0.496248334646225,0.0,0.496248334646225,0.0,0.0,0.0,0.025370696685573013,2,
2018-06-25 23:00:00,157,0.1777794510126114,-0.0,0.05045749992132187,0.1777794510126114,0.0,0.1777794510126114,0.0,0.0,0.0,0.008970306635481484,2,
2018-06-26 00:00:00,157,0.15368500351905823,-0.0,0.05174750089645386,0.15368500351905823,0.0,0.15368500351905823,0.0,0.0,0.0,0.00795281485737398,2,
2018-06-26 01:00:00,157,0.23063471913337708,-0.0,0.05092500150203705,0.23063471913337708,0.0,0.23063471913337708,0.0,0.0,0.0,0.01174507341828912,2,
2018-06-26 02:00:00,157,0.7030560970306396,-0.0,0.05207499861717224,0.7030560970306396,0.0,0.7030560970306396,0.0,0.0,0.0,0.03661164528066507,2,
2018-06-26 03:00:00,157,0.23840443789958954,-0.0,0.05067500099539757,0.23840443789958954,0.0,0.23840443789958954,0.0,0.0,0.0,0.012081145127868897,2,
2018-06-26 04:00:00,157,0.5172858238220215,-0.0,0.050257500261068344,0.5172858238220215,0.0,0.5172858238220215,0.0,0.0,0.0,0.025997492425782198,2,
2018-06-26 05:00:00,157,0.5393455624580383,-0.0,0.051317501813173294,0.5393455624580383,0.0,0.5393455624580383,0.0,0.0,0.0,0.027677866879367352,2,
2018-06-26 06:00:00,157,0.5288533568382263,-0.0,0.0524275004863739,0.5288533568382263,0.0,0.5288533568382263,0.0,0.0,0.0,0.02772645962285658,2,
2018-06-26 07:00:00,157,0.43511471152305603,0.0,0.05459250137209892,0.43511471152305603,0.0,0.43511471152305603,0.0,0.0,0.0,0.023754000485842863,2,
2018-06-26 08:00:00,157,0.1552761048078537,0.0,0.060169998556375504,0.1552761048078537,0.0,0.1552761048078537,0.0,0.0,0.0,0.009342963002128168,2,
2018-06-26 09:00:00,157,0.1567341685295105,0.0,0.058570001274347305,0.1567341685295105,0.0,0.1567341685295105,0.0,0.0,0.0,0.009179920450507195,2,
2018-06-26 10:00:00,157,0.15875054895877838,0.0,0.054557498544454575,0.15875054895877838,0.0,0.15875054895877838,0.0,0.0,0.0,0.008661032843749916,2,
2018-06-26 11:00:00,157,0.5441583395004272,0.0,0.05112500116229057,0.5441583395004272,0.0,0.5441583395004272,0.0,0.0,0.0,0.02782009573942945,2,
2018-06-26 12:00:00,157,0.3528447151184082,0.04823680222034454,0.05209999904036522,0.30460791289806366,0.0,0.30460791289806366,0.0,0.0,0.0,0.01587007196967677,2,
2018-06-26 13:00:00,157,0.4397452771663666,0.056811392307281494,0.05243000015616417,0.3829338848590851,0.0,0.3829338848590851,0.0,0.0,0.0,0.020077223642962383,2,
2018-06-26 14:00:00,157,0.23454806208610535,0.0,0.052149999886751175,0.23454806208610535,0.0,0.23454806208610535,0.0,0.0,0.0,0.012231681411228101,2,
2018-06-26 15:00:00,157,0.3115411102771759,0.0,0.05781000107526779,0.3115411102771759,0.0,0.3115411102771759,0.0,0.0,0.0,0.01801019192011366,2,
2018-06-26 16:00:00,157,0.40862610936164856,0.0,0.06407249718904495,0.40862610936164856,0.0,0.40862610936164856,0.0,0.0,0.0,0.026181695243444603,2,
2018-06-26 17:00:00,157,0.2521922290325165,0.0,0.06570249795913696,0.2521922290325165,0.0,0.2521922290325165,0.0,0.0,0.0,0.016569659413319116,2,
2018-06-26 18:00:00,157,0.3507024943828583,0.0,0.06784500181674957,0.3507024943828583,0.0,0.3507024943828583,0.0,0.0,0.0,0.023793411368543627,2,
2018-06-26 19:00:00,157,0.2540358304977417,-0.0,0.06260249763727188,0.2540358304977417,0.0,0.2540358304977417,0.0,0.0,0.0,0.015903277478517275,2,
2018-06-26 20:00:00,157,0.5717583298683167,-0.0,0.06120250001549721,0.5717583298683167,0.0,0.5717583298683167,0.0,0.0,0.0,0.03499303919262631,2,
2018-06-26 21:00:00,157,0.4793541729450226,-0.0,0.053062498569488525,0.4793541729450226,0.0,0.4793541729450226,0.0,0.0,0.0,0.025435730116173616,2,
2018-06-26 22:00:00,157,0.4891161024570465,-0.0,0.051739998161792755,0.4891161024570465,0.0,0.4891161024570465,0.0,0.0,0.0,0.025306866242030823,2,
2018-06-26 23:00:00,157,0.29964834451675415,-0.0,0.05396749824285507,0.29964834451675415,0.0,0.29964834451675415,0.0,0.0,0.0,0.01617127150618236,2,
2018-06-27 00:00:00,157,0.15771639347076416,-0.0,0.04949750006198883,0.15771639347076416,0.0,0.15771639347076416,0.0,0.0,0.0,0.007806567195595804,2,
2018-06-27 01:00:00,157,0.24142305552959442,-0.0,0.04852500185370445,0.24142305552959442,0.0,0.24142305552959442,0.0,0.0,0.0,0.011715054217100562,2,
2018-06-27 02:00:00,157,0.7160030603408813,-0.0,0.04829249903559685,0.7160030603408813,0.0,0.7160030603408813,0.0,0.0,0.0,0.034577577100996404,2,
2018-06-27 03:00:00,157,0.35713332891464233,-0.0,0.048432499170303345,0.35713332891464233,0.0,0.35713332891464233,0.0,0.0,0.0,0.017296859656346086,2,
2018-06-27 04:00:00,157,0.5786283612251282,-0.0,0.047805000096559525,0.5786283612251282,0.0,0.5786283612251282,0.0,0.0,0.0,0.027661328864239332,2,
2018-06-27 05:00:00,157,0.5097244381904602,-0.0,0.04815249890089035,0.5097244381904602,0.0,0.5097244381904602,0.0,0.0,0.0,0.024544505449723086,2,
2018-06-27 06:00:00,157,0.5162338614463806,-0.0,0.048637498170137405,0.5162338614463806,0.0,0.5162338614463806,0.0,0.0,0.0,0.025108323491461304,2,
2018-06-27 07:00:00,157,0.6851083040237427,0.0,0.04886249825358391,0.6851083040237427,0.0,0.6851083040237427,0.0,0.0,0.0,0.03347610330887596,2,
2018-06-27 08:00:00,157,0.15987417101860046,0.0,0.04931750148534775,0.15987417101860046,0.0,0.15987417101860046,0.0,0.0,0.0,0.007884594666678568,2,
2018-06-27 09:00:00,157,0.15760639309883118,0.0,0.051454998552799225,0.15760639309883118,0.0,0.15760639309883118,0.0,0.0,0.0,0.008109636728812264,2,
2018-06-27 10:00:00,157,0.1545386165380478,0.0,0.050472501665353775,0.1545386165380478,0.0,0.1545386165380478,0.0,0.0,0.0,0.0077999505805780855,2,
2018-06-27 11:00:00,157,0.16015778481960297,0.0,0.05035249888896942,0.16015778481960297,0.0,0.16015778481960297,0.0,0.0,0.0,0.008064344682188862,2,
2018-06-27 12:00:00,157,0.1539275050163269,0.0,0.050415001809597015,0.1539275050163269,0.0,0.1539275050163269,0.0,0.0,0.0,0.0077602554439448745,2,
2018-06-27 13:00:00,157,0.15313555300235748,0.0004960497026331723,0.04983250051736832,0.1526395032997243,0.0,0.1526395032997243,0.0,0.0,0.0,0.007606408127154355,2,
2018-06-27 14:00:00,157,0.15665194392204285,0.0,0.057429999113082886,0.15665194392204285,0.0,0.15665194392204285,0.0,0.0,0.0,0.00899652100050563,2,
2018-06-27 15:00:00,157,0.1542569398880005,0.0,0.05269499868154526,0.1542569398880005,0.0,0.1542569398880005,0.0,0.0,0.0,0.008128569244017392,2,
2018-06-27 16:00:00,157,0.16278888285160065,0.0,0.05466499924659729,0.16278888285160065,0.0,0.16278888285160065,0.0,0.0,0.0,0.008898854158437164,2,
2018-06-27 17:00:00,157,0.32508334517478943,0.0,0.058959998190402985,0.32508334517478943,0.0,0.32508334517478943,0.0,0.0,0.0,0.019166913443235734,2,
2018-06-27 18:00:00,157,0.2568288743495941,0.0,0.059187501668930054,0.2568288743495941,0.0,0.2568288743495941,0.0,0.0,0.0,0.015201059429196029,2,
2018-06-27 19:00:00,157,0.4894794523715973,-0.0,0.05554249882698059,0.4894794523715973,0.0,0.4894794523715973,0.0,0.0,0.0,0.027186911909180544,2,
2018-06-27 20:00:00,157,0.5379363894462585,-0.0,0.05064750090241432,0.5379363894462585,0.0,0.5379363894462585,0.0,0.0,0.0,0.027245133769920882,2,
2018-06-27 21:00:00,157,0.5513572096824646,-0.0,0.05077749863266945,0.5513572096824646,0.0,0.5513572096824646,0.0,0.0,0.0,0.02799653996076379,2,
2018-06-27 22:00:00,157,0.4723452925682068,-0.0,0.0501675009727478,0.4723452925682068,0.0,0.4723452925682068,0.0,0.0,0.0,0.02369638292438836,2,
2018-06-27 23:00:00,157,0.5156569480895996,-0.0,0.05158500000834465,0.5156569480895996,0.0,0.5156569480895996,0.0,0.0,0.0,0.026600163671504973,2,
2018-06-28 00:00:00,157,0.5064719319343567,-0.0,0.0492824986577034,0.5064719319343567,0.0,0.5064719319343567,0.0,0.0,0.0,0.02496020230571938,2,
2018-06-28 01:00:00,157,0.5426727533340454,-0.0,0.0402766652405262,0.5426727533340454,0.0,0.5426727533340454,0.0,0.0,0.0,0.021857048821189995,2,
2018-06-28 02:00:00,157,0.9839344620704651,-0.0,0.0403333343565464,0.9839344620704651,0.0,0.9839344620704651,0.0,0.0,0.0,0.03968535764361669,2,
2018-06-28 03:00:00,157,0.38231387734413147,-0.0,0.04622749984264374,0.38231387734413147,0.0,0.38231387734413147,0.0,0.0,0.0,0.017673414704766355,2,
2018-06-28 04:00:00,157,0.858863353729248,-0.0,0.04757000133395195,0.858863353729248,0.0,0.858863353729248,0.0,0.0,0.0,0.040856130882582775,2,
2018-06-28 05:00:00,157,0.6691511273384094,-0.0,0.047325000166893005,0.6691511273384094,0.0,0.6691511273384094,0.0,0.0,0.0,0.03166757721296687,2,
2018-06-28 06:00:00,157,0.7827399969100952,-0.0,0.04881500080227852,0.7827399969100952,0.0,0.7827399969100952,0.0,0.0,0.0,0.03820945357714178,2,
2018-06-28 07:00:00,157,0.49248915910720825,0.0,0.049217499792575836,0.49248915910720825,0.0,0.49248915910720825,0.0,0.0,0.0,0.02423908508620487,2,
2018-06-28 08:00:00,157,0.15377889573574066,0.060693349689245224,0.046720001846551895,0.09308554604649544,0.0,0.09308554604649544,0.0,0.0,0.0,0.004348956883179558,2,
2018-06-28 09:00:00,157,0.13688166439533234,0.033400170505046844,0.02500000037252903,0.10348149389028549,0.0,0.10348149389028549,0.0,0.0,0.0,0.002587037385806998,2,
2018-06-28 10:00:00,157,0.1512969434261322,0.03923316299915314,0.05324250087141991,0.11206378042697906,0.0,0.11206378042697906,0.0,0.0,0.0,0.005966555927038042,2,
2018-06-28 11:00:00,157,0.15574972331523895,0.084023617208004,0.049594998359680176,0.07172610610723495,0.0,0.07172610610723495,0.0,0.0,0.0,0.003557256114734564,2,
2018-06-28 12:00:00,157,0.14935444295406342,0.10337555408477783,0.0493599995970726,0.045978888869285583,0.0,0.045978888869285583,0.0,0.0,0.0,0.0022695179360617823,2,
2018-06-28 13:00:00,157,0.33861276507377625,0.11021251976490021,0.05025250092148781,0.22840024530887604,0.0,0.22840024530887604,0.0,0.0,0.0,0.011477683537852335,2,
2018-06-28 14:00:00,157,0.13681000471115112,0.1421671062707901,0.04970749840140343,-0.005357101559638977,0.0,0.0,0.005357101559638977,0.005357101559638977,0.0,0.0,2,"{'r': -5.595411, 'l': 389, 't': 2.622956}"
