timestamp,homeid,action,soc_kwh,grid_import_kwh,wasted_kwh,step_cost
2018-04-29 07:00:00,105,0,2.925,1.652023888888889,0.0,0.07934336564444446
2018-04-29 08:00:00,105,1,2.925,0.1491247222222222,0.0,0.00728511549236111
2018-04-29 09:00:00,105,1,2.925,0.10965874886620339,0.0,0.005559972714388677
2018-04-29 10:00:00,105,1,2.925,0.07803671699898261,0.0,0.0040785890139518185
2018-04-29 11:00:00,105,1,2.925,0.033296614734796184,0.0,0.0017092817174107588
2018-04-29 12:00:00,105,1,2.925,0.0,0.05400905078042628,0.0
2018-04-29 13:00:00,105,1,2.925,0.0,0.07682185815107342,0.0
2018-04-29 14:00:00,105,1,2.925,0.0,0.12312207357394211,0.0
2018-04-29 15:00:00,105,1,2.925,0.005219106143879992,0.0,0.0002754122312125472
2018-04-29 16:00:00,105,1,2.925,0.839488987460869,0.0,0.046778425103788275
2018-04-29 17:00:00,105,2,2.684183022645952,0.0,-0.0,0.0002287761284863452
2018-04-29 18:00:00,105,2,2.1897315606576484,0.0,-0.0,0.00046972888888888875
2018-04-29 19:00:00,105,2,1.4377198647512155,0.0,-0.0,0.0007144111111111112
2018-04-29 20:00:00,105,2,0.9587470577336716,0.0,-0.0,0.0004550241666666667
2018-04-29 21:00:00,105,2,0.8041841922365957,0.0,-0.0,0.00014683472222222222
2018-04-29 22:00:00,105,2,0.635054660072853,0.0,-0.0,0.0001606730555555555
2018-04-29 23:00:00,105,2,0.48362600510209286,0.0,-0.0,0.0001438572222222222
2018-04-30 00:00:00,105,2,0.34944530334770696,0.0,-0.0,0.0001274716666666666
2018-04-30 01:00:00,105,1,0.34944530334770696,0.1553669444444444,0.0,0.006998892429861109
2018-04-30 02:00:00,105,1,0.34944530334770696,0.133335,0.0,0.00606274245
2018-04-30 03:00:00,105,1,0.34944530334770696,0.1301647222222222,0.0,0.005851880499305554
2018-04-30 04:00:00,105,0,1.7744453033477068,1.6496227777777777,0.0,0.07528762685
2018-04-30 05:00:00,105,0,3.0,1.6840634087568,0.0,0.07651717004458973
2018-04-30 06:00:00,105,1,3.0,0.2003455555555555,0.0,0.01004632788333333
2018-04-30 07:00:00,105,1,3.0,0.2295229066404261,0.0,0.01198511237749645
2018-04-30 08:00:00,105,2,2.7232997306835625,0.0,-0.0,0.00026286525585061547
2018-04-30 09:00:00,105,2,2.655358260236822,0.0,-0.0,6.45443969244035e-05
2018-04-30 10:00:00,105,2,2.655358260236822,0.0,0.025820106948603108,0.0
2018-04-30 11:00:00,105,1,2.655358260236822,0.03534400223703971,0.0,0.0017155978685859073
2018-04-30 12:00:00,105,1,2.655358260236822,0.0,0.03543274984453709,0.0
2018-04-30 13:00:00,105,0,3.0,0.3522115989539184,0.0,0.017072579562069323
2018-04-30 14:00:00,105,1,3.0,0.0,0.0237143937563003,0.0
2018-04-30 15:00:00,105,1,3.0,0.0,0.011506184777391903,0.0
2018-04-30 16:00:00,105,1,3.0,0.2653136611834355,0.0,0.012991083419846922
2018-04-30 17:00:00,105,1,3.0,0.3035390981923569,0.0,0.01674473435178134
2018-04-30 18:00:00,105,1,3.0,0.29761972222222216,0.0,0.01624334038958333
2018-04-30 19:00:00,105,1,3.0,0.4069047222222222,0.0,0.023640147099305554
2018-04-30 20:00:00,105,2,2.457669590643275,0.0,-0.0,0.0005152138888888889
2018-04-30 21:00:00,105,2,2.2898701754385966,0.0,-0.0,0.00015940944444444441
2018-04-30 22:00:00,105,2,2.131511988304094,0.0,-0.0,0.0001504402777777777
2018-04-30 23:00:00,105,0,3.0,1.0435556848261,0.0,0.05098399966500461
2018-05-01 00:00:00,105,1,3.0,0.1233613888888888,0.0,0.005913944983333317
2018-05-01 01:00:00,105,1,3.0,0.1380030555555555,0.0,0.0067021183930555525
2018-05-01 02:00:00,105,1,3.0,0.1474511111111111,0.0,0.007157276933333332
2018-05-01 03:00:00,105,1,3.0,0.1325580555555555,0.0,0.00644165870972222
2018-05-01 04:00:00,105,1,3.0,0.0709944444444444,0.0,0.0034357761388888867
2018-05-01 05:00:00,105,1,3.0,0.3012219444444444,0.0,0.015520460687499998
2018-05-01 06:00:00,105,1,3.0,0.1474194444444444,0.0,0.007857456388888887
2018-05-01 07:00:00,105,2,2.910297193984408,0.0,-0.0,8.52176657148126e-05
2018-05-01 08:00:00,105,2,2.8699487421448264,0.0,-0.0,3.83310292476023e-05
2018-05-01 09:00:00,105,2,2.848944000136482,0.0,-0.0,1.9954504907927397e-05
2018-05-01 10:00:00,105,2,2.848944000136482,0.0,0.011252197145264292,0.0
2018-05-01 11:00:00,105,0,3.0,0.08196636195313459,0.0,0.0038722874280276887
2018-05-01 12:00:00,105,1,3.0,0.0,0.1081247287432877,0.0
2018-05-01 13:00:00,105,1,3.0,0.0,0.0966397331477893,0.0
2018-05-01 14:00:00,105,1,3.0,0.009379587347839308,0.0,0.0004322817318935441
2018-05-01 15:00:00,105,1,3.0,0.21478668137457402,0.0,0.010101417625046216
2018-05-01 16:00:00,105,1,3.0,0.3159236111111111,0.0,0.01519039703125
2018-05-01 17:00:00,105,1,3.0,0.4304383333333333,0.0,0.021107619770833332
2018-05-01 18:00:00,105,1,3.0,0.6155172222222223,0.0,0.030438865431944385
2018-05-01 19:00:00,105,2,2.6219304093567253,0.0,-0.0,0.0003591661111111111
2018-05-01 20:00:00,105,2,2.4621192982456144,0.0,-0.0,0.0001518205555555555
2018-05-01 21:00:00,105,2,2.3473543859649126,0.0,-0.0,0.00010902666666666661
2018-05-01 22:00:00,105,2,2.2210046783625734,0.0,-0.0,0.00012003222222222221
2018-05-01 23:00:00,105,2,2.0526596491228073,0.0,-0.0,0.0001599277777777777
2018-05-02 00:00:00,105,0,3.0,1.1523356471221913,0.0,0.03951978105263927
2018-05-02 01:00:00,105,1,3.0,0.1340030555555555,0.0,0.0052562698541666645
2018-05-02 02:00:00,105,1,3.0,0.1373244444444444,0.0,0.005570909399999997
2018-05-02 03:00:00,105,1,3.0,0.1519047222222222,0.0,0.006608614940277777
2018-05-02 04:00:00,105,1,3.0,0.1358944444444444,0.0,0.005863505541666651
2018-05-02 05:00:00,105,1,3.0,0.3530972222222222,0.0,0.016845385729166665
2018-05-02 06:00:00,105,1,3.0,0.1567180555555555,0.0,0.007720323211805553
2018-05-02 07:00:00,105,1,3.0,0.1395522222222222,0.0,0.006798635386111109
2018-05-02 08:00:00,105,2,2.87160350877193,0.0,-0.0,0.0001219766666666666
2018-05-02 09:00:00,105,2,2.728064912280702,0.0,-0.0,0.0001363616666666666
2018-05-02 10:00:00,105,2,2.5692137426900588,0.0,-0.0,0.0001509086111111111
2018-05-02 11:00:00,105,2,2.4404239766081877,0.0,-0.0,0.0001223502777777777
2018-05-02 12:00:00,105,2,2.3092488304093575,0.0,-0.0,0.0001246163888888888
2018-05-02 13:00:00,105,1,2.3092488304093575,0.048773932623321,0.0,0.002320297909722938
2018-05-02 14:00:00,105,1,2.3092488304093575,0.0,0.02585997192548109,0.0
2018-05-02 15:00:00,105,0,3.0,0.7902165242453449,0.0,0.0372528897862364
2018-05-02 16:00:00,105,1,3.0,1.0556584425688846,0.0,0.04902213892679258
2018-05-02 17:00:00,105,1,3.0,0.8957313713753587,0.0,0.04248006028747639
2018-05-02 18:00:00,105,1,3.0,0.5118977777777778,0.0,0.024851357366666667
2018-05-02 19:00:00,105,1,3.0,0.3308111111111111,0.0,0.018147470527777775
2018-05-02 20:00:00,105,2,2.683910526315789,0.0,-0.0,0.000300285
2018-05-02 21:00:00,105,2,2.445747660818713,0.0,-0.0,0.00022625472222222222
2018-05-02 22:00:00,105,2,2.2834312865497073,0.0,-0.0,0.0001542005555555555
2018-05-02 23:00:00,105,1,2.2834312865497073,0.1374433333333333,0.0,0.007022323508333319
2018-05-03 00:00:00,105,0,3.0,0.8777561895967994,0.0,0.04212073768148663
2018-05-03 01:00:00,105,1,3.0,0.3323255555555555,0.0,0.017399735274999998
2018-05-03 02:00:00,105,1,3.0,0.0,-0.0,0.0
2018-05-03 03:00:00,105,1,3.0,0.0,-0.0,0.0
2018-05-03 04:00:00,105,1,3.0,0.1140202777777777,0.0,0.005479814549999985
2018-05-03 05:00:00,105,1,3.0,0.2597988888888889,0.0,0.013662823566666668
2018-05-03 06:00:00,105,1,3.0,0.167655,0.0,0.0087784158
2018-05-03 07:00:00,105,2,2.852156432748538,0.0,-0.0,0.00014045138888888888
2018-05-03 08:00:00,105,2,2.695286842105263,0.0,-0.0,0.0001490261111111111
2018-05-03 09:00:00,105,2,2.569906432748538,0.0,-0.0,0.0001191113888888888
2018-05-03 10:00:00,105,2,2.4867108187134503,0.0,-0.0,7.90358333333333e-05
2018-05-03 11:00:00,105,1,2.4867108187134503,0.1606822222222222,0.0,0.0075572866166666655
2018-05-03 12:00:00,105,1,2.4867108187134503,0.1396825,0.0,0.006597204474999999
2018-05-03 13:00:00,105,1,2.4867108187134503,0.1189891666666666,0.0,0.005543110329166664
2018-05-03 14:00:00,105,0,3.0,0.6860702346875961,0.0,0.031972612203566474
2018-05-03 15:00:00,105,1,3.0,0.2660838888888889,0.0,0.011280626469444445
2018-05-03 16:00:00,105,1,3.0,0.3712766666666666,0.0,0.01707408570833333
2018-05-03 17:00:00,105,1,3.0,0.4895744444444444,0.0,0.024553382325
2018-05-03 18:00:00,105,1,3.0,0.3773525,0.0,0.01944969123125
2018-05-03 19:00:00,105,2,2.430777485380117,0.0,-0.0,0.0005407613888888889
2018-05-03 20:00:00,105,2,1.9559780701754386,0.0,-0.0,0.00045105944444444443
2018-05-03 21:00:00,105,2,1.6435991228070175,0.0,-0.0,0.00029676
2018-05-03 22:00:00,105,2,1.4791108187134503,0.0,-0.0,0.0001562638888888889
2018-05-03 23:00:00,105,2,1.3399295321637428,0.0,-0.0,0.00013222222222222221
2018-05-04 00:00:00,105,2,1.1935368421052632,0.0,-0.0,0.0001390730555555555
2018-05-04 01:00:00,105,0,2.618536842105263,1.6524494444444444,0.0,0.07887594523611095
2018-05-04 02:00:00,105,0,3.0,0.506634055093875,0.0,0.024408394866828255
2018-05-04 03:00:00,105,1,3.0,0.0,-0.0,0.0
2018-05-04 04:00:00,105,1,3.0,0.0790375,0.0,0.0037499341875
2018-05-04 05:00:00,105,1,3.0,0.2470702777777778,0.0,0.01175313311388889
2018-05-04 06:00:00,105,1,3.0,0.2968205555555555,0.0,0.014376503608333301
2018-05-04 07:00:00,105,2,2.609407894736842,0.0,-0.0,0.00037106250000000003
2018-05-04 08:00:00,105,1,2.609407894736842,0.2516586111111111,0.0,0.011978949888888889
2018-05-04 09:00:00,105,2,2.3132991228070177,0.0,-0.0,0.0002813033333333333
2018-05-04 10:00:00,105,2,1.9190038011695907,0.0,-0.0,0.0003745805555555556
2018-05-04 11:00:00,105,0,3.0,1.1593282356109573,0.0,0.05615381215652893
2018-06-01 03:00:00,106,0,2.925,1.5,0.0,0.07687874999999986
2018-06-01 04:00:00,106,1,2.925,0.0512230555555555,0.0,0.002540791613194442
2018-06-01 05:00:00,106,1,2.925,0.0920861111111111,0.0,0.004669456479166666
2018-06-01 06:00:00,106,1,2.925,0.0954627777777777,0.0,0.004916333055555552
2018-06-01 07:00:00,106,1,2.925,0.1312147222222222,0.0,0.006595179975694443
2018-06-01 08:00:00,106,1,2.925,0.0,0.1299878024131374,0.0
2018-06-01 09:00:00,106,2,2.925,0.0,0.45168660730030435,0.0
2018-06-01 10:00:00,106,2,2.925,0.0,0.6019791451281585,0.0
2018-06-01 11:00:00,106,2,2.7587268884689378,0.0,-0.0,0.0001579594559545089
2018-06-01 12:00:00,106,1,2.7587268884689378,0.2070591666666666,0.0,0.010610229347916642
2018-06-01 13:00:00,106,0,3.0,0.4700872519040421,0.0,0.023651389441742422
2018-06-01 14:00:00,106,1,3.0,0.1366527777777778,0.0,0.006810774444444445
2018-06-01 15:00:00,106,1,3.0,0.1203930555555555,0.0,0.006140647798611109
2018-06-01 16:00:00,106,1,3.0,0.1023536111111111,0.0,0.005190095735416666
2018-06-01 17:00:00,106,1,3.0,0.0983597222222222,0.0,0.005116918649305545
2018-06-01 18:00:00,106,1,3.0,0.0916986111111111,0.0,0.004843291392361111
2018-06-01 19:00:00,106,2,2.737888304093567,0.0,-0.0,0.0002490061111111111
2018-06-01 20:00:00,106,2,2.329675730994152,0.0,-0.0,0.00038780194444444437
2018-06-01 21:00:00,106,2,0.7829812865497074,0.0,-0.0,0.001469359722222222
2018-06-01 22:00:00,106,2,0.47527222222222204,0.0,-0.0,0.0002923236111111111
2018-06-01 23:00:00,106,2,0.33998801169590626,0.0,-0.0,0.00012852
2018-06-02 00:00:00,106,2,0.24518742690058465,0.0,-0.0,9.006055555555551e-05
2018-06-02 01:00:00,106,2,0.03967309941520453,0.0,-0.0,0.0001952386111111111
2018-06-02 02:00:00,106,1,0.03967309941520453,0.0,-0.0,0.0
2018-06-02 03:00:00,106,0,1.4646730994152044,1.512125,0.0,0.0744411296875
2018-06-02 04:00:00,106,0,2.8896730994152042,1.5934433333333333,0.0,0.07845932939166667
2018-06-02 05:00:00,106,1,2.8896730994152042,0.0851163888888889,0.0,0.004141550692361111
2018-06-02 06:00:00,106,1,2.8896730994152042,0.1130211111111111,0.0,0.005551879530555544
2018-06-02 07:00:00,106,1,2.8896730994152042,0.8017386111111111,0.0,0.03957582219097222
2018-06-02 08:00:00,106,1,2.8896730994152042,1.4571263050207732,0.0,0.07382530424387748
2018-06-02 09:00:00,106,2,2.487926900584795,0.0,-0.0,0.00038165888888888887
2018-06-02 10:00:00,106,2,2.230439766081871,0.0,-0.0,0.0002446127777777778
2018-06-02 11:00:00,106,2,2.139123976608187,0.0,-0.0,8.675e-05
2018-06-02 12:00:00,106,1,2.139123976608187,0.1071658333333333,0.0,0.005537526522916654
2018-06-02 13:00:00,106,0,3.0,1.046106398891967,0.0,0.052999668686603586
2018-06-02 14:00:00,106,1,3.0,0.1242338888888889,0.0,0.006138396450000001
2018-06-02 15:00:00,106,1,3.0,0.1829708333333333,0.0,0.009182848697916666
2018-06-02 16:00:00,106,1,3.0,0.0833355555555555,0.0,0.004200320338888886
2018-06-02 17:00:00,106,1,3.0,0.0928674999999999,0.0,0.005312253168749994
2018-06-02 18:00:00,106,2,2.9093172514619883,0.0,-0.0,8.614861111111111e-05
2018-06-02 19:00:00,106,2,2.814416666666667,0.0,-0.0,9.01555555555555e-05
2018-06-02 20:00:00,106,2,2.720041228070176,0.0,-0.0,8.965666666666661e-05
2018-06-02 21:00:00,106,2,2.624661988304094,0.0,-0.0,9.061027777777771e-05
2018-06-02 22:00:00,106,2,2.5298061403508774,0.0,-0.0,9.01130555555555e-05
2018-06-02 23:00:00,106,2,2.4387941520467837,0.0,-0.0,8.64613888888888e-05
2018-06-03 00:00:00,106,2,2.2341754385964916,0.0,-0.0,0.0001943877777777777
2018-06-03 01:00:00,106,2,1.8580035087719302,0.0,-0.0,0.0003573633333333333
2018-06-03 02:00:00,106,2,1.6955809941520472,0.0,-0.0,0.0001543013888888889
2018-06-03 03:00:00,106,1,1.6955809941520472,0.1063141666666666,0.0,0.0051533134437499965
2018-06-03 04:00:00,106,1,1.6955809941520472,0.1057863888888888,0.0,0.005106308991666662
2018-06-03 05:00:00,106,0,3.0,1.4876912488457983,0.0,0.07230991061082447
2018-06-03 06:00:00,106,1,3.0,0.1322616666666666,0.0,0.006383939995833331
2018-06-03 07:00:00,106,1,3.0,0.3259666666666667,0.0,0.016011482666666667
2018-06-03 08:00:00,106,1,3.0,1.4841525,0.0,0.07388853221250001
2018-06-03 09:00:00,106,1,3.0,1.0219027777777778,0.0,0.05448785611111101
2018-06-03 10:00:00,106,1,3.0,0.2462575,0.0,0.0133582380875
2018-06-03 11:00:00,106,1,3.0,0.2541047222222222,0.0,0.01396877184236111
2018-06-03 12:00:00,106,1,3.0,0.3564563888888888,0.0,0.019982945161111106
2018-06-03 13:00:00,106,1,3.0,0.2176516666666666,0.0,0.011840794795833309
2018-06-03 14:00:00,106,1,3.0,0.0947041666666666,0.0,0.005010323937499997
2018-06-03 15:00:00,106,1,3.0,0.0895158333333333,0.0,0.004684811137499989
2018-06-03 16:00:00,106,1,3.0,0.0890266666666666,0.0,0.0049193910333333295
2018-06-03 17:00:00,106,1,3.0,0.0909897222222222,0.0,0.0054846329812499985
2018-06-03 18:00:00,106,1,3.0,0.0838463888888888,0.0,0.005080671934722217
2018-06-03 19:00:00,106,2,2.9045637426900583,0.0,-0.0,9.06644444444444e-05
2018-06-03 20:00:00,106,2,2.818033333333333,0.0,-0.0,8.22038888888888e-05
2018-06-03 21:00:00,106,2,2.7268488304093568,0.0,-0.0,8.66252777777777e-05
2018-06-03 22:00:00,106,2,2.6332605263157896,0.0,-0.0,8.89088888888888e-05
2018-06-03 23:00:00,106,2,2.5453236842105262,0.0,-0.0,8.354e-05
2018-06-04 00:00:00,106,1,2.5453236842105262,0.0919119444444444,0.0,0.004546424331944442
2018-06-04 01:00:00,106,1,2.5453236842105262,0.0832027777777777,0.0,0.004140586236111107
2018-06-04 02:00:00,106,1,2.5453236842105262,0.0915666666666666,0.0,0.004540562083333321
2018-06-04 03:00:00,106,0,3.0,0.5631733148661127,0.0,0.02742222596468144
2018-06-04 04:00:00,106,1,3.0,0.0826697222222222,0.0,0.003914618021527768
2018-06-04 05:00:00,106,1,3.0,0.0965863888888888,0.0,0.004837529287499995
2018-06-04 06:00:00,106,1,3.0,0.0856716666666666,0.0,0.00430414453333333
2018-06-04 07:00:00,106,1,3.0,0.0847194444444444,0.0,0.004523594736111108
2018-06-04 08:00:00,106,1,3.0,0.0913611111111111,0.0,0.004827292708333333
2018-06-04 09:00:00,106,2,2.907958187134503,0.0,-0.0,8.74397222222222e-05
2018-06-04 10:00:00,106,2,2.8200005847953213,0.0,-0.0,8.35597222222222e-05
2018-06-04 11:00:00,106,1,2.8200005847953213,0.0836336111111111,0.0,0.004463943993055547
2018-06-04 12:00:00,106,1,2.8200005847953213,0.9541791666666668,0.0,0.05009440625000001
2018-06-04 13:00:00,106,0,3.0,0.5095702908587261,0.0,0.026710058856378904
2018-06-04 14:00:00,106,1,3.0,0.2079375,0.0,0.010672392187500001
2018-06-04 15:00:00,106,1,3.0,0.2197536111111111,0.0,0.011733744065277756
2018-06-04 16:00:00,106,2,2.767395029239766,0.0,-0.0,0.00022097472222222221
2018-06-04 17:00:00,106,2,2.5469698830409357,0.0,-0.0,0.0002094038888888889
2018-06-04 18:00:00,106,2,2.311727192982456,0.0,-0.0,0.0002234805555555555
2018-06-04 19:00:00,106,2,2.087458479532164,0.0,-0.0,0.0002130552777777777
2018-06-04 20:00:00,106,2,1.9595143274853803,0.0,-0.0,0.00012154694444444441
2018-06-04 21:00:00,106,2,1.5013321637426902,0.0,-0.0,0.0004352730555555555
2018-06-04 22:00:00,106,2,1.3978269005847954,0.0,-0.0,9.833e-05
2018-06-04 23:00:00,106,2,1.3012786549707605,0.0,-0.0,9.17208333333333e-05
2018-06-05 00:00:00,106,1,1.3012786549707605,0.0880141666666666,0.0,0.004296191510416663
2018-06-05 01:00:00,106,1,1.3012786549707605,0.0912252777777777,0.0,0.004514738997222218
2018-06-05 02:00:00,106,1,1.3012786549707605,0.0872133333333333,0.0,0.004332540366666656
2018-06-05 03:00:00,106,1,1.3012786549707605,0.0849669444444444,0.0,0.00408775969722222
2018-06-05 04:00:00,106,0,2.72627865497076,1.6092125,0.0,0.07711287234375
2018-06-05 05:00:00,106,0,3.0,0.38203634272083736,0.0,0.017991691853293294
2018-06-05 06:00:00,106,1,3.0,0.0968425,0.0,0.0049384832875
2018-06-05 07:00:00,106,1,3.0,0.1381786111111111,0.0,0.007850963236805555
2018-06-05 08:00:00,106,2,2.909221052631579,0.0,-0.0,8.624e-05
2018-06-05 09:00:00,106,2,2.8498322086140973,0.0,-0.0,5.6419401816608e-05
2018-06-05 10:00:00,106,2,2.815548319166032,0.0,-0.0,3.2569694975662094e-05
2018-06-05 11:00:00,106,2,2.815548319166032,0.0,0.041701036206473,0.0
2018-06-05 12:00:00,106,1,2.815548319166032,0.0,0.0326288268583943,0.0
2018-06-05 13:00:00,106,1,2.815548319166032,0.0,0.025781596645099006,0.0
2018-06-05 14:00:00,106,0,3.0,0.2069635366432535,0.0,0.011040601210667064
2018-06-05 15:00:00,106,1,3.0,0.06860799979472201,0.0,0.0035897420692593426
2018-06-05 16:00:00,106,1,3.0,0.10365761374782531,0.0,0.00546534768485409
2018-06-05 17:00:00,106,2,2.078255649810923,0.0,-0.0,0.0008756571326796232
2018-06-05 18:00:00,106,2,1.8850287492261275,0.0,-0.0,0.0001835655555555555
2018-06-05 19:00:00,106,2,1.7890895679395777,0.0,-0.0,9.11422222222222e-05
2018-06-05 20:00:00,106,2,1.682119977296303,0.0,-0.0,0.00010162111111111111
2018-06-05 21:00:00,106,2,1.5149106205711567,0.0,-0.0,0.0001588488888888889
2018-06-05 22:00:00,106,2,1.395264714138408,0.0,-0.0,0.00011366361111111111
2018-06-05 23:00:00,106,2,1.3028246556588758,0.0,-0.0,8.78180555555555e-05
2018-06-06 00:00:00,106,2,1.2098571117992267,0.0,-0.0,8.83191666666666e-05
2018-06-06 01:00:00,106,1,1.2098571117992267,0.0888380555555555,0.0,0.004355063578472219
2018-06-06 02:00:00,106,1,1.2098571117992267,0.0888261111111111,0.0,0.004327830198611111
2018-06-06 03:00:00,106,0,2.6348571117992265,1.5886872222222221,0.0,0.0762874509861111
2018-06-06 04:00:00,106,0,3.0,0.472817879392627,0.0,0.022548881076176055
2018-06-06 05:00:00,106,1,3.0,0.08877,0.0,0.004306454625
2018-06-06 06:00:00,106,1,3.0,0.1857516666666666,0.0,0.009422253291666644
2018-06-06 07:00:00,106,1,3.0,0.0984927777777777,0.0,0.005100940961111107
2018-06-06 08:00:00,106,2,2.9118976608187133,0.0,-0.0,8.36972222222222e-05
2018-06-06 09:00:00,106,1,2.9118976608187133,0.014599779393433099,0.0,0.0007546990962950405
2018-06-06 10:00:00,106,1,2.9118976608187133,0.0,0.01292233795198279,0.0
2018-06-06 11:00:00,106,1,2.9118976608187133,0.0439571503102837,0.0,0.0023046733907681745
2018-06-06 12:00:00,106,1,2.9118976608187133,0.0,2.811946965287761,0.0
2018-06-06 13:00:00,106,1,2.9118976608187133,0.0,0.0689226089640429,0.0
2018-06-06 14:00:00,106,1,2.9118976608187133,0.0,0.0705189547014711,0.0
2018-06-06 15:00:00,106,1,2.9118976608187133,0.0,0.049590978827005694,0.0
2018-06-06 16:00:00,106,1,2.9118976608187133,0.0024546352554569995,0.0,0.000132961455199967
2018-06-06 17:00:00,106,1,2.9118976608187133,0.3418182580402932,0.0,0.01879402237270042
2018-06-06 18:00:00,106,2,1.7752555555555554,0.0,-0.0,0.00107981
2018-06-06 19:00:00,106,2,1.5505327485380116,0.0,-0.0,0.0002134866666666666
2018-06-06 20:00:00,106,2,1.3387198830409357,0.0,-0.0,0.00020122222222222218
2018-06-06 21:00:00,106,2,0.9116388888888889,0.0,-0.0,0.0004057269444444444
2018-06-06 22:00:00,106,2,0.6873982456140351,0.0,-0.0,0.0002130286111111111
2018-06-06 23:00:00,106,2,0.5819578947368421,0.0,-0.0,0.0001001683333333333
2018-06-07 00:00:00,106,2,0.4863847953216375,0.0,-0.0,9.079444444444441e-05
2018-06-07 01:00:00,106,1,0.4863847953216375,0.1093063888888888,0.0,0.005437992847222218
2018-06-07 02:00:00,106,1,0.4863847953216375,0.1003388888888889,0.0,0.0049434462083333235
2018-06-07 03:00:00,106,0,1.9113847953216374,1.6018275,0.0,0.07906048755
2018-06-07 04:00:00,106,0,3.0,1.252210186211142,0.0,0.06254490669716453
2018-06-07 05:00:00,106,1,3.0,0.0856522222222222,0.0,0.0042798274138888875
2018-06-07 06:00:00,106,1,3.0,0.2531897222222222,0.0,0.013181689913194442
2018-06-07 07:00:00,106,2,2.8526269005847955,0.0,-0.0,0.0001400044444444444
2018-06-07 08:00:00,106,2,2.763463450292398,0.0,-0.0,8.47052777777777e-05
2018-06-07 09:00:00,106,2,2.676734210526316,0.0,-0.0,8.239277777777771e-05
2018-06-07 10:00:00,106,1,2.676734210526316,0.0822211111111111,0.0,0.004309825091666666
2018-06-07 11:00:00,106,0,3.0,0.4325431117266848,0.0,0.02256110078557247
2018-06-07 12:00:00,106,1,3.0,0.0,1.9767802830511683,0.0
2018-06-07 13:00:00,106,1,3.0,0.0,0.021009721565759698,0.0
2018-06-07 14:00:00,106,1,3.0,0.0,0.03037575624862411,0.0
2018-06-07 15:00:00,106,1,3.0,0.0,0.018839115310072096,0.0
2018-06-07 16:00:00,106,1,3.0,0.021804771657318894,0.0,0.0013559297255103754
2018-06-07 17:00:00,106,2,2.6159718678277155,0.0,-0.0,0.0003648267255636702
2018-06-07 18:00:00,106,2,2.5177572479446746,0.0,-0.0,9.33038888888888e-05
2018-06-07 19:00:00,106,2,2.3801978912195283,0.0,-0.0,0.0001306813888888889
2018-06-07 20:00:00,106,2,2.12487713098561,0.0,-0.0,0.0002425547222222222
2018-06-07 21:00:00,106,2,1.7998973064242065,0.0,-0.0,0.0003087308333333333
2018-06-07 22:00:00,106,2,1.6879961368335632,0.0,-0.0,0.0001063061111111111
2018-06-07 23:00:00,106,1,1.6879961368335632,0.1000872222222222,0.0,0.005051402105555555
2018-06-08 00:00:00,106,2,1.5846323941435048,0.0,-0.0,9.81955555555555e-05
2018-06-08 01:00:00,106,1,1.5846323941435048,0.0868586111111111,0.0,0.00440894309999999
2018-06-08 02:00:00,106,1,1.5846323941435048,0.0890391666666666,0.0,0.004491803360416655
2018-06-08 03:00:00,106,1,1.5846323941435048,0.0862327777777777,0.0,0.0043394489597222185
2018-06-08 04:00:00,106,0,3.0,1.5768739710770125,0.0,0.08061739650638816
2018-06-08 05:00:00,106,1,3.0,0.1107097222222222,0.0,0.005539084177083332
2018-06-08 06:00:00,106,1,3.0,0.1168580555555555,0.0,0.005935804931944442
2018-06-08 07:00:00,106,1,3.0,0.1187613888888888,0.0,0.006442805347222217
2018-06-08 08:00:00,106,1,3.0,0.0838855555555555,0.0,0.005558466624999989
2018-06-08 09:00:00,106,2,2.914454970760234,0.0,-0.0,8.126777777777771e-05
2018-06-08 10:00:00,106,2,2.829219298245614,0.0,-0.0,8.09738888888888e-05
2018-06-08 11:00:00,106,2,2.7417277777777778,0.0,-0.0,8.31169444444444e-05
2018-06-08 12:00:00,106,2,2.6724656238232005,0.0,-0.0,6.57990462568483e-05
2018-06-08 13:00:00,106,2,2.617999504225258,0.0,-0.0,5.17428136180453e-05
2018-06-08 14:00:00,106,1,2.617999504225258,0.0528024360538708,0.0,0.0027866485627430315
2018-06-08 15:00:00,106,1,2.617999504225258,0.0498552600473854,0.0,0.0025928474369143963
2018-06-08 16:00:00,106,1,2.617999504225258,0.1701550955217331,0.0,0.008809354682898927
2018-06-08 17:00:00,106,1,2.617999504225258,0.3322777777777778,0.0,0.017867406805555555
2018-06-08 18:00:00,106,2,2.525329913581983,0.0,-0.0,8.803611111111111e-05
2018-06-08 19:00:00,106,2,2.402699796622919,0.0,-0.0,0.00011649861111111109
2018-06-08 20:00:00,106,2,2.185104182587831,0.0,-0.0,0.0002067158333333333
2018-06-08 21:00:00,106,2,1.9358898551024508,0.0,-0.0,0.0002367536111111111
2018-06-08 22:00:00,106,2,1.8166398551024507,0.0,-0.0,0.0001132875
2018-06-08 23:00:00,106,2,1.7214807907749654,0.0,-0.0,9.04011111111111e-05
2018-06-09 00:00:00,106,2,1.6276050597808134,0.0,-0.0,8.91819444444444e-05
2018-06-09 01:00:00,106,1,1.6276050597808134,0.0897780555555555,0.0,0.004446258201388878
2018-06-09 02:00:00,106,1,1.6276050597808134,0.0891166666666666,0.0,0.004416176416666663
2018-06-09 03:00:00,106,0,3.0,1.5695229195289684,0.0,0.07679742161944807
2018-06-09 04:00:00,106,1,3.0,0.0989097222222222,0.0,0.004753353975694433
2018-06-09 05:00:00,106,1,3.0,0.0970047222222222,0.0,0.004631247950694443
2018-06-09 06:00:00,106,1,3.0,0.0907666666666666,0.0,0.00461185433333333
2018-06-09 07:00:00,106,1,3.0,0.3053366666666666,0.0,0.015504232591666663
2018-06-09 08:00:00,106,1,3.0,0.0,0.6925043182400628,0.0
2018-06-09 09:00:00,106,2,3.0,0.0,2.418442277517332,0.0
2018-06-09 10:00:00,106,2,3.0,0.0,0.592654965088065,0.0
2018-06-09 11:00:00,106,2,1.9986473684210526,0.0,-0.0,0.0009512850000000001
2018-06-09 12:00:00,106,1,1.9986473684210526,0.3555433333333333,0.0,0.01755139665
2018-06-09 13:00:00,106,1,1.9986473684210526,0.1342094444444444,0.0,0.006491375304166665
2018-06-09 14:00:00,106,1,1.9986473684210526,0.1031186111111111,0.0,0.004963614345833333
2018-06-09 15:00:00,106,0,3.0,1.1935770683287166,0.0,0.055549800398880425
2018-06-09 16:00:00,106,1,3.0,0.1247544444444444,0.0,0.005734026152777776
2018-06-09 17:00:00,106,1,3.0,0.1073483333333333,0.0,0.005763532016666665
2018-06-09 18:00:00,106,1,3.0,0.1712722222222222,0.0,0.009446519416666665
2018-06-09 19:00:00,106,2,2.7860327485380116,0.0,-0.0,0.0002032688888888889
2018-06-09 20:00:00,106,2,2.548104970760234,0.0,-0.0,0.0002260313888888888
2018-06-09 21:00:00,106,2,2.3690459064327487,0.0,-0.0,0.0001701061111111111
2018-06-09 22:00:00,106,2,1.8449298245614036,0.0,-0.0,0.0004979102777777778
2018-06-09 23:00:00,106,2,1.3750543859649125,0.0,-0.0,0.0004463816666666667
2018-06-10 00:00:00,106,2,1.102900584795322,0.0,-0.0,0.0002585461111111111
2018-06-10 01:00:00,106,2,1.0044467836257314,0.0,-0.0,9.353111111111111e-05
2018-06-10 02:00:00,106,2,0.9054026315789478,0.0,-0.0,9.40919444444444e-05
2018-06-10 03:00:00,106,1,0.9054026315789478,0.0858597222222222,0.0,0.004144878090277768
2018-06-10 04:00:00,106,1,0.9054026315789478,0.1056483333333333,0.0,0.005043123191666665
2018-06-10 05:00:00,106,0,2.3304026315789477,1.6151483333333334,0.0,0.07825992454166666
2018-06-10 06:00:00,106,0,3.0,0.7900307240689439,0.0,0.03838930487326868
2018-06-10 07:00:00,106,1,3.0,0.2347988888888889,0.0,0.011272107658333334
2018-06-10 08:00:00,106,1,3.0,0.3673880555555555,0.0,0.018269289532638885
2018-06-10 09:00:00,106,2,2.7433880116959064,0.0,-0.0,0.0002437813888888889
2018-06-10 10:00:00,106,2,2.579954678362573,0.0,-0.0,0.0001552616666666666
2018-06-10 11:00:00,106,2,2.4854108187134503,0.0,-0.0,8.98166666666666e-05
2018-06-10 12:00:00,106,2,2.4854108187134503,0.0,0.7819223469826908,0.0
2018-06-10 13:00:00,106,1,2.4854108187134503,0.1223730555555555,0.0,0.00602932044722222
2018-06-10 14:00:00,106,0,3.0,0.6996197779311579,0.0,0.034462737755399084
2018-06-10 15:00:00,106,1,3.0,0.1768283178079081,0.0,0.008709678793628512
2018-06-10 16:00:00,106,1,3.0,0.1630410178938159,0.0,0.008146752061609246
2018-06-10 17:00:00,106,1,3.0,0.1928911387213493,0.0,0.010013461238872045
2018-06-10 18:00:00,106,1,3.0,0.2257052777777777,0.0,0.012183006631249996
2018-06-10 19:00:00,106,2,2.2781681286549706,0.0,-0.0,0.0006857402777777778
2018-06-10 20:00:00,106,2,1.9990546783625731,0.0,-0.0,0.0002651577777777777
2018-06-10 21:00:00,106,2,1.8552672514619883,0.0,-0.0,0.0001365980555555555
2018-06-10 22:00:00,106,2,1.7253076023391813,0.0,-0.0,0.0001234616666666666
2018-06-10 23:00:00,106,2,1.6307152046783626,0.0,-0.0,8.986277777777769e-05
2018-06-11 00:00:00,106,2,1.5365675438596493,0.0,-0.0,8.94402777777777e-05
2018-06-11 01:00:00,106,1,1.5365675438596493,0.0932275,0.0,0.004507549625
2018-06-11 02:00:00,106,1,1.5365675438596493,0.0861686111111111,0.0,0.0041677602979166666
2018-06-11 03:00:00,106,0,2.9615675438596494,1.5870669444444445,0.0,0.0770205805513889
2018-06-11 04:00:00,106,1,2.9615675438596494,0.0935808333333333,0.0,0.004415377668749998
2018-06-11 05:00:00,106,1,2.9615675438596494,0.0864088888888888,0.0,0.004212001288888884
2018-06-11 06:00:00,106,1,2.9615675438596494,0.1249927777777777,0.0,0.006119646399999996
2018-06-11 07:00:00,106,1,2.9615675438596494,0.1101722222222222,0.0,0.0056589961944444435
2018-06-11 08:00:00,106,2,2.864481286549708,0.0,-0.0,9.22319444444444e-05
2018-06-11 09:00:00,106,2,2.771211988304094,0.0,-0.0,8.86058333333333e-05
2018-06-11 10:00:00,106,2,2.6790578947368426,0.0,-0.0,8.75463888888888e-05
2018-06-11 11:00:00,106,1,2.6790578947368426,0.0873869444444444,0.0,0.004371531895833332
2018-06-11 12:00:00,106,1,2.6790578947368426,0.0924369444444444,0.0,0.004662057293055554
2018-06-11 13:00:00,106,0,3.0,0.42903323945829425,0.0,0.021771261855251585
2018-06-11 14:00:00,106,1,3.0,0.0849586111111111,0.0,0.004198442164583333
2018-06-11 15:00:00,106,1,3.0,0.0854024999999999,0.0,0.004378372668749995
2018-06-11 16:00:00,106,1,3.0,0.1810821982258053,0.0,0.009269597727178972
2018-06-11 17:00:00,106,2,2.70389298245614,0.0,-0.0,0.0002813016666666666
2018-06-11 18:00:00,106,2,2.496080409356725,0.0,-0.0,0.00019742194444444442
2018-06-11 19:00:00,106,2,2.257093859649123,0.0,-0.0,0.0002270372222222222
2018-06-11 20:00:00,106,2,1.8704991228070176,0.0,-0.0,0.00036726500000000003
2018-06-11 21:00:00,106,2,1.756811111111111,0.0,-0.0,0.00010800361111111111
2018-06-11 22:00:00,106,2,1.653174269005848,0.0,-0.0,9.8455e-05
2018-06-11 23:00:00,106,2,1.5623956140350876,0.0,-0.0,8.623972222222221e-05
2018-06-12 00:00:00,106,1,1.5623956140350876,0.0851575,0.0,0.0041011852
2018-06-12 01:00:00,106,1,1.5623956140350876,0.0859816666666666,0.0,0.004149905141666655
2018-06-12 02:00:00,106,1,1.5623956140350876,0.0856258333333333,0.0,0.004181965699999999
2018-06-12 03:00:00,106,0,2.9873956140350875,1.5908983333333333,0.0,0.07635574382916666
2018-06-12 04:00:00,106,1,2.9873956140350875,0.0897580555555555,0.0,0.00420022820972222
2018-06-12 05:00:00,106,1,2.9873956140350875,0.0886533333333333,0.0,0.004260235933333332
2018-06-12 06:00:00,106,1,2.9873956140350875,0.5281691666666667,0.0,0.026091556833333283
2018-06-12 07:00:00,106,1,2.9873956140350875,0.1257716666666666,0.0,0.006923415820833329
2018-06-12 08:00:00,106,1,2.9873956140350875,0.0851536111111111,0.0,0.004938057908333332
2018-06-12 09:00:00,106,1,2.9873956140350875,0.0888169444444444,0.0,0.005807443940740723
2018-06-12 10:00:00,106,2,2.8907669590643272,0.0,-0.0,9.17972222222222e-05
2018-06-12 11:00:00,106,2,2.798071929824561,0.0,-0.0,8.80602777777777e-05
2018-06-12 12:00:00,106,1,2.798071929824561,0.0842630555555555,0.0,0.0049998888398148054
2018-06-12 13:00:00,106,0,3.0,0.21181024554289746,0.0,0.010903678007120296
2018-06-12 14:00:00,106,1,3.0,0.0,0.0632727604336507,0.0
2018-06-12 15:00:00,106,1,3.0,0.0,0.046660484012136905,0.0
2018-06-12 16:00:00,106,1,3.0,0.0,0.012920401712748594,0.0
2018-06-12 17:00:00,106,2,2.95441686256732,0.0,-0.0,4.33039805610459e-05
2018-06-12 18:00:00,106,2,2.8711025350819397,0.0,-0.0,7.914861111111109e-05
2018-06-12 19:00:00,106,2,2.781561891807086,0.0,-0.0,8.50636111111111e-05
2018-06-12 20:00:00,106,1,2.781561891807086,0.0863291666666666,0.0,0.004349263416666663
2018-06-12 21:00:00,106,2,2.5688224181228754,0.0,-0.0,0.0002021025
2018-06-12 22:00:00,106,2,2.2494463947310623,0.0,-0.0,0.00030340722222222224
2018-06-12 23:00:00,106,2,2.1001361608129336,0.0,-0.0,0.0001418447222222222
2018-06-13 00:00:00,106,2,2.0027814824503607,0.0,-0.0,9.24869444444444e-05
2018-06-13 01:00:00,106,1,2.0027814824503607,0.0862616666666666,0.0,0.0040853525333333215
2018-06-13 02:00:00,106,1,2.0027814824503607,0.0848038888888888,0.0,0.0040247925666666625
2018-06-13 03:00:00,106,0,3.0,1.1379145360171643,0.0,0.05456013475889098
2018-06-13 04:00:00,106,1,3.0,0.0918508333333333,0.0,0.004388632816666666
2018-06-13 05:00:00,106,1,3.0,0.08859,0.0,0.004133830875
2018-06-13 06:00:00,106,1,3.0,0.1042758333333333,0.0,0.005334490943749999
2018-06-13 07:00:00,106,2,3.0,0.0,0.16479232869913357,0.0
2018-06-13 08:00:00,106,2,3.0,0.0,1.8842543794624402,0.0
2018-06-13 09:00:00,106,2,3.0,0.0,1.370684680632369,0.0
2018-06-13 10:00:00,106,2,3.0,0.0,0.039196230406075505,0.0
2018-06-13 11:00:00,106,1,3.0,0.0,0.025244898372099298,0.0
2018-06-13 12:00:00,106,1,3.0,0.0,0.051422994196494085,0.0
2018-06-13 13:00:00,106,2,2.986617953009923,0.0,-0.0,1.2712944640573403e-05
2018-06-13 14:00:00,106,1,2.986617953009923,0.0868155555555555,0.0,0.004442786055555552
2018-06-13 15:00:00,106,1,2.986617953009923,0.0861194444444444,0.0,0.004355921499999998
2018-06-13 16:00:00,106,1,2.986617953009923,0.0806480555555555,0.0,0.004090670997916664
2018-06-13 17:00:00,106,2,2.8197445611970573,0.0,-0.0,0.0001585297222222222
2018-06-13 18:00:00,106,2,2.7253936840040747,0.0,-0.0,8.963333333333331e-05
2018-06-13 19:00:00,106,2,2.6358281869280513,0.0,-0.0,8.50872222222222e-05
2018-06-13 20:00:00,106,2,2.545564151840332,0.0,-0.0,8.575083333333331e-05
2018-06-13 21:00:00,106,2,2.428245145992379,0.0,-0.0,0.0001114530555555555
2018-06-13 22:00:00,106,2,2.178474678156122,0.0,-0.0,0.0002372819444444444
2018-06-13 23:00:00,106,2,2.0629863740625547,0.0,-0.0,0.0001097138888888888
2018-06-14 00:00:00,106,2,1.9578360816648939,0.0,-0.0,9.98927777777777e-05
2018-06-14 01:00:00,106,1,1.9578360816648939,0.0907811111111111,0.0,0.0035450023888888792
2018-06-14 02:00:00,106,1,1.9578360816648939,0.0933891666666666,0.0,0.003356173177083331
2018-06-14 03:00:00,106,0,3.0,1.1866854842123924,0.0,0.036534409923171626
2018-06-14 04:00:00,106,1,3.0,0.0861341666666666,0.0,0.002431352189583331
2018-06-14 05:00:00,106,1,3.0,0.0877711111111111,0.0,0.0030855934111111106
2018-06-14 06:00:00,106,1,3.0,1.3534111111111111,0.0,0.062463306305555556
2018-06-14 07:00:00,106,1,3.0,0.7150658333333333,0.0,0.036942088614583334
2018-06-14 08:00:00,106,1,3.0,0.0861588888888888,0.0,0.0043454235611111065
2018-06-14 09:00:00,106,1,3.0,0.0847463888888888,0.0,0.0043549050590277645
2018-06-14 10:00:00,106,2,2.9094131578947366,0.0,-0.0,8.60575e-05
2018-06-14 11:00:00,106,2,2.825999415204678,0.0,-0.0,7.92430555555555e-05
2018-05-14 11:00:00,109,0,2.925,1.4781834917405885,0.0,0.06999163208980017
2018-05-14 12:00:00,109,1,2.925,0.10176711325638826,0.0,0.0047151247749516
2018-05-14 13:00:00,109,1,2.925,0.04676178624765159,0.0,0.002178748525743707
2018-05-14 14:00:00,109,1,2.925,0.027297013070263304,0.0,0.0012939466620631563
2018-05-14 15:00:00,109,1,2.925,0.048891293286280196,0.0,0.002399951359190279
2018-05-14 16:00:00,109,1,2.925,0.22256283362348758,0.0,0.010896676334205952
2018-05-14 17:00:00,109,1,2.925,0.3484488941698053,0.0,0.017737790957713905
2018-05-14 18:00:00,109,1,2.925,1.154488611111111,0.0,0.06009690465138888
2018-05-14 19:00:00,109,1,2.925,0.434785,0.0,0.0225164281875
2018-05-14 20:00:00,109,2,2.4099745614035086,0.0,-0.0,0.0004892741666666667
2018-05-14 21:00:00,109,2,1.5153219298245613,0.0,-0.0,0.00084992
2018-05-14 22:00:00,109,2,0.0,0.020369444444444662,0.0,0.002500905736111122
2018-05-14 23:00:00,109,1,0.0,2.6024747222222224,0.0,0.1378856169701389
2018-05-15 00:00:00,109,1,0.0,0.7642183333333333,0.0,0.03893883462916666
2018-05-15 01:00:00,109,1,0.0,0.8002627777777778,0.0,0.041051479843055474
2018-05-15 02:00:00,109,1,0.0,0.0,-0.0,0.0
2018-05-15 03:00:00,109,0,1.4249999999999998,1.5,0.0,0.07489124999999999
2018-05-15 04:00:00,109,0,2.8499999999999996,1.6994088888888887,0.0,0.08459259762222222
2018-05-15 05:00:00,109,1,2.8499999999999996,0.1401644444444444,0.0,0.006947601099999997
2018-05-15 06:00:00,109,1,2.8499999999999996,0.9207275,0.0,0.050637710681249996
2018-05-15 07:00:00,109,1,2.8499999999999996,0.1869413888888889,0.0,0.012223630065972223
2018-05-15 08:00:00,109,2,2.668856488064831,0.0,-0.0,0.0001720863363384102
2018-05-15 09:00:00,109,2,2.4076005369896047,0.0,-0.0,0.0002481931535214652
2018-05-15 10:00:00,109,2,2.1705041907425144,0.0,-0.0,0.00022524152893473582
2018-05-15 11:00:00,109,1,2.1705041907425144,0.2467486548707465,0.0,0.012307206033315657
2018-05-15 12:00:00,109,1,2.1705041907425144,0.14095420442587742,0.0,0.00682394542176779
2018-05-15 13:00:00,109,0,3.0,0.947082630687347,0.0,0.04621946984073901
2018-05-15 14:00:00,109,1,3.0,0.17932489449830272,0.0,0.008579351265035048
2018-05-15 15:00:00,109,1,3.0,0.6605513028956066,0.0,0.032959858636233526
2018-05-15 16:00:00,109,1,3.0,0.0,-0.0,0.0
2018-05-15 17:00:00,109,2,3.0,0.0,-0.0,0.0
2018-05-15 18:00:00,109,2,3.0,0.0,-0.0,0.0
2018-05-15 19:00:00,109,2,3.0,0.0,-0.0,0.0
2018-05-15 20:00:00,109,2,3.0,0.0,-0.0,0.0
2018-05-15 21:00:00,109,2,2.069052046783626,0.0,-0.0,0.0008844005555555556
2018-05-15 22:00:00,109,2,1.6110058479532166,0.0,-0.0,0.0004351438888888889
2018-05-15 23:00:00,109,2,1.417302046783626,0.0,-0.0,0.00018401861111111108
2018-05-16 00:00:00,109,2,1.1707912280701758,0.0,-0.0,0.0002341852777777777
2018-05-16 01:00:00,109,1,1.1707912280701758,0.3034297222222222,0.0,0.01476185598611111
2018-05-16 02:00:00,109,2,1.1707912280701758,0.0,-0.0,0.0
2018-05-16 03:00:00,109,1,1.1707912280701758,2.7777777777777776e-07,0.0,1.315347222222222e-08
2018-05-16 04:00:00,109,0,2.5957912280701754,2.1288719444444446,0.0,0.10047125669722222
2018-05-16 05:00:00,109,0,3.0,0.6176048622653124,0.0,0.029312406338125194
2018-05-16 06:00:00,109,1,3.0,0.1415897222222222,0.0,0.00673613103472222
2018-05-16 07:00:00,109,2,2.8327632712510367,0.0,-0.0,0.0001588748923115151
2018-05-16 08:00:00,109,2,2.7552863798762597,0.0,-0.0,7.36030468060383e-05
2018-05-16 09:00:00,109,0,3.0,0.30425388128341524,0.0,0.014682269795987496
2018-05-16 10:00:00,109,1,3.0,1.0752894256013037,0.0,0.05126711158910616
2018-05-16 11:00:00,109,1,3.0,0.19614110450523228,0.0,0.00941477301625115
2018-05-16 12:00:00,109,1,3.0,0.1154975632814341,0.0,0.005519628549219735
2018-05-16 13:00:00,109,1,3.0,0.039575441532208905,0.0,0.0019172322650278604
2018-05-16 14:00:00,109,1,3.0,0.04183712401144199,0.0,0.0020073452100689867
2018-05-16 15:00:00,109,2,2.9080605170506657,0.0,-0.0,8.734250880186761e-05
2018-05-16 16:00:00,109,1,2.9080605170506657,0.41388159514651995,0.0,0.02232891205815471
2018-05-16 17:00:00,109,2,2.5111634082713254,0.0,-0.0,0.0003770522533403732
2018-05-16 18:00:00,109,2,2.0081034667508577,0.0,-0.0,0.0004779069444444444
2018-05-16 19:00:00,109,2,0.7845543439438403,0.0,-0.0,0.0011623716666666667
2018-05-16 20:00:00,109,2,0.07204147844676423,0.0,-0.0,0.0006768872222222222
2018-05-16 21:00:00,109,1,0.07204147844676423,0.6582336111111111,0.0,0.032607247510416666
2018-05-16 22:00:00,109,1,0.07204147844676423,1.2474322222222225,0.0,0.06065639180555557
2018-05-16 23:00:00,109,1,0.07204147844676423,0.2659463888888889,0.0,0.01450671064791664
2018-05-17 00:00:00,109,1,0.07204147844676423,0.1586736111111111,0.0,0.007859103958333334
2018-05-17 01:00:00,109,0,1.497041478446764,1.8243705555555556,0.0,0.08735031741805556
2018-05-17 02:00:00,109,1,1.497041478446764,0.0,-0.0,0.0
2018-05-17 03:00:00,109,1,1.497041478446764,0.0,-0.0,0.0
2018-05-17 04:00:00,109,0,2.922041478446764,1.712243888888889,0.0,0.0825405032611111
2018-05-17 05:00:00,109,1,2.922041478446764,0.1578872222222222,0.0,0.007434119858333333
2018-05-17 06:00:00,109,1,2.922041478446764,0.7703358333333333,0.0,0.03954904168333333
2018-05-17 07:00:00,109,1,2.922041478446764,0.09920933421893459,0.0,0.005058683951823475
2018-05-17 08:00:00,109,2,2.922041478446764,0.0,0.04141695480259419,0.0
2018-05-17 09:00:00,109,2,2.473410077905317,0.0,-0.0,0.0004261998305143746
2018-05-17 10:00:00,109,2,1.5802478389083014,0.0,-0.0,0.000848504127047165
2018-05-17 11:00:00,109,0,3.0,1.3182687513930298,0.0,0.06548653682354005
2018-05-17 12:00:00,109,1,3.0,0.0,0.1737313112880354,0.0
2018-05-17 13:00:00,109,1,3.0,0.0,0.1466877616550692,0.0
2018-05-17 14:00:00,109,1,3.0,0.0,0.040741266051879,0.0
2018-05-17 15:00:00,109,1,3.0,0.2424021363391912,0.0,0.012002541780835053
2018-05-17 16:00:00,109,1,3.0,1.5262120548290323,0.0,0.0753109338455386
2018-05-17 17:00:00,109,1,3.0,0.3797950827015239,0.0,0.019034380057293625
2018-05-17 18:00:00,109,1,3.0,0.35947222222222214,0.0,0.018337576736111107
2018-05-17 19:00:00,109,2,2.537040643274854,0.0,-0.0,0.0004398113888888889
2018-05-17 20:00:00,109,2,1.0813973684210527,0.0,-0.0,0.0013828611111111112
2018-05-17 21:00:00,109,2,0.0,0.31026472222222234,0.0,0.01797165964236112
2018-05-17 22:00:00,109,1,0.0,1.6433322222222222,0.0,0.08415915143055555
2018-05-17 23:00:00,109,1,0.0,0.6757425,0.0,0.036696196462500004
2018-05-18 00:00:00,109,1,0.0,0.2244772222222222,0.0,0.011672254362499999
2018-05-18 01:00:00,109,0,1.4249999999999998,1.7222722222222222,0.0,0.08405711897222222
2018-05-18 02:00:00,109,1,1.4249999999999998,0.1388816666666666,0.0,0.0067961743583333165
2018-05-18 03:00:00,109,0,2.8499999999999996,1.6410991666666666,0.0,0.08048200014375
2018-05-18 04:00:00,109,1,2.8499999999999996,0.8607280555555555,0.0,0.04180125801805555
2018-05-18 05:00:00,109,1,2.8499999999999996,0.1288733333333333,0.0,0.006208150649999999
2018-05-18 06:00:00,109,1,2.8499999999999996,0.1668280555555555,0.0,0.00773665107638887
2018-05-18 07:00:00,109,2,2.7788338208010526,0.0,-0.0,6.760787023899978e-05
2018-05-18 08:00:00,109,2,2.6157680911539978,0.0,-0.0,0.0001549124431647019
2018-05-18 09:00:00,109,2,2.4504859049123597,0.0,-0.0,0.0001570180769295561
2018-05-18 10:00:00,109,2,0.934881011142316,0.0,-0.0,0.0014398246490815415
2018-05-18 11:00:00,109,1,0.934881011142316,0.0,0.06672797336036401,0.0
2018-05-18 12:00:00,109,0,2.359881011142316,1.4121512042577111,0.0,0.06953391464312587
2018-05-18 13:00:00,109,0,3.0,0.6625320778199368,0.0,0.03255485304665082
2018-05-18 14:00:00,109,1,3.0,0.09181766452016937,0.0,0.004431579578065975
2018-05-18 15:00:00,109,1,3.0,0.263347170000965,0.0,0.012703867480846552
2018-05-18 16:00:00,109,1,3.0,0.6639605875181412,0.0,0.03240957617822927
2018-05-18 17:00:00,109,1,3.0,0.8592233351212903,0.0,0.04536914015274193
2018-05-18 18:00:00,109,2,2.5083704678362575,0.0,-0.0,0.0004670480555555555
2018-05-18 19:00:00,109,2,2.1753991228070175,0.0,-0.0,0.0003163227777777778
2018-05-18 20:00:00,109,2,1.6281114035087718,0.0,-0.0,0.0005199233333333333
2018-05-18 21:00:00,109,2,0.5714783625730993,0.0,-0.0,0.0010038013888888889
2018-05-18 22:00:00,109,1,0.5714783625730993,0.6036119444444444,0.0,0.030677068046527717
2018-05-18 23:00:00,109,2,0.16451432748537992,0.0,-0.0,0.0003866158333333333
2018-05-19 00:00:00,109,2,0.0,0.20239888888888907,0.0,0.010449790102777787
2018-05-19 01:00:00,109,1,0.0,0.4795166666666666,0.0,0.02408372458333333
2018-05-19 02:00:00,109,1,0.0,0.0,-0.0,0.0
2018-05-19 03:00:00,109,1,0.0,0.0631686111111111,0.0,0.003142164638194444
2018-05-19 04:00:00,109,1,0.0,0.2056122222222222,0.0,0.010072428736111111
2018-05-19 05:00:00,109,0,1.4249999999999998,1.6432116666666665,0.0,0.08074388262499999
2018-05-19 06:00:00,109,1,1.4249999999999998,0.1649183333333333,0.0,0.007994416208333332
2018-05-19 07:00:00,109,1,1.4249999999999998,0.09359630298028049,0.0,0.005013953950653616
2018-05-19 08:00:00,109,2,1.4249999999999998,0.0,0.004256512006041713,0.0
2018-05-19 09:00:00,109,2,1.2694438785257922,0.0,-0.0,0.0001477783154004973
2018-05-19 10:00:00,109,2,1.0524989204439639,0.0,-0.0,0.00020609771017773688
2018-05-19 11:00:00,109,2,0.5283906064896673,0.0,-0.0,0.0004979028982565818
2018-05-19 12:00:00,109,2,0.0,1.056204568116912,0.0,0.05033634311134139
2018-05-19 13:00:00,109,1,0.0,0.0881507749475654,0.0,0.004002706313431577
2018-05-19 14:00:00,109,1,0.0,0.6402759003070777,0.0,0.028668353436249405
2018-05-19 15:00:00,109,0,1.4249999999999998,2.3499290204440153,0.0,0.1058485981528165
2018-05-19 16:00:00,109,0,2.8499999999999996,2.1899377344118567,0.0,0.09894127949265556
2018-05-19 17:00:00,109,1,2.8499999999999996,2.7570547500623785,0.0,0.12854078508478323
2018-05-19 18:00:00,109,1,2.8499999999999996,0.4684547222222221,0.0,0.023388773143749996
2018-05-19 19:00:00,109,2,2.2998763157894735,0.0,-0.0,0.0005226175
2018-05-19 20:00:00,109,2,1.6397666666666664,0.0,-0.0,0.0006271041666666667
2018-05-19 21:00:00,109,2,0.7815412280701751,0.0,-0.0,0.0008153141666666667
2018-05-19 22:00:00,109,2,0.0,0.06952444444444472,0.0,0.004364166288888903
2018-05-19 23:00:00,109,1,0.0,0.6732625,0.0,0.03440371374999993
2018-05-20 00:00:00,109,1,0.0,0.3241363888888889,0.0,0.016568231518055556
2018-05-20 01:00:00,109,1,0.0,0.4906688888888889,0.0,0.02475669878888889
2018-05-20 02:00:00,109,1,0.0,0.0,-0.0,0.0
2018-05-20 03:00:00,109,1,0.0,2.7777777777777776e-07,0.0,1.312986111111111e-08
2018-05-20 04:00:00,109,0,1.4249999999999998,1.641813888888889,0.0,0.07704806609722223
2018-05-20 05:00:00,109,0,2.8499999999999996,1.6871402777777778,0.0,0.078484210875
2018-05-20 06:00:00,109,1,2.8499999999999996,0.1933005555555555,0.0,0.00901940392222222
2018-05-20 07:00:00,109,2,2.7297817908365576,0.0,-0.0,0.00011420729870526999
2018-05-20 08:00:00,109,2,2.6239262010144833,0.0,-0.0,0.00010056281033097061
2018-05-20 09:00:00,109,2,2.2746843669272865,0.0,-0.0,0.0003317797423828367
2018-05-20 10:00:00,109,2,1.891345136157552,0.0,-0.0,0.0003641722692312478
2018-05-20 11:00:00,109,1,1.891345136157552,0.581724202455277,0.0,0.026240124462251407
2018-05-20 12:00:00,109,1,1.891345136157552,0.3291869869590913,0.0,0.015235596723934142
2018-05-20 13:00:00,109,1,1.891345136157552,1.4380864570448997,0.0,0.06492960353557722
2018-05-20 14:00:00,109,0,3.0,2.8263696073856717,0.0,0.12713829852101327
2018-05-20 15:00:00,109,1,3.0,1.306722964749337,0.0,0.057845358842041276
2018-05-20 16:00:00,109,1,3.0,0.9195894057473192,0.0,0.041372327364571894
2018-05-20 17:00:00,109,1,3.0,0.4191266412725744,0.0,0.02082640280483418
2018-05-20 18:00:00,109,1,3.0,2.1297277777777777,0.0,0.10864273826388889
2018-05-20 19:00:00,109,1,3.0,1.7420625,0.0,0.09556519359375
2018-05-20 20:00:00,109,1,3.0,1.211286388888889,0.0,0.0658303870201389
2018-05-20 21:00:00,109,2,2.0573058479532165,0.0,-0.0,0.0008955594444444444
2018-05-20 22:00:00,109,2,1.4428102339181286,0.0,-0.0,0.0005837708333333334
2018-05-20 23:00:00,109,2,0.9899502923976607,0.0,-0.0,0.00043021694444444445
2018-05-21 00:00:00,109,2,0.5468444444444445,0.0,-0.0,0.0004209505555555555
2018-05-21 01:00:00,109,1,0.5468444444444445,0.3438777777777778,0.0,0.016901592777777776
2018-05-21 02:00:00,109,1,0.5468444444444445,0.2246177777777777,0.0,0.011095556677777773
2018-05-21 03:00:00,109,0,1.9718444444444443,1.5,0.0,0.07249874999999986
2018-05-21 04:00:00,109,0,3.0,1.1783678947368421,0.0,0.056580450928216376
2018-05-21 05:00:00,109,1,3.0,0.1776458333333333,0.0,0.008446171145833332
2018-05-21 06:00:00,109,1,3.0,0.1753683333333333,0.0,0.00878463823749998
2018-05-21 07:00:00,109,2,2.8950311081877644,0.0,-0.0,9.97204472216239e-05
2018-05-21 08:00:00,109,2,2.8647182662255273,0.0,-0.0,2.87971998641251e-05
2018-05-21 09:00:00,109,2,2.6347326393028316,0.0,-0.0,0.00021848634557656063
2018-05-21 10:00:00,109,1,2.6347326393028316,0.18138057505920668,0.0,0.009887055146477357
2018-05-21 11:00:00,109,0,3.0,1.6174131926036757,0.0,0.08281595531967476
2018-05-21 12:00:00,109,1,3.0,0.10302475378947798,0.0,0.005238808730194955
2018-05-21 13:00:00,109,1,3.0,0.1494283988473184,0.0,0.007853209501420818
2018-05-21 14:00:00,109,1,3.0,0.1256602897602754,0.0,0.006473075676276174
2018-05-21 15:00:00,109,1,3.0,1.041057326289571,0.0,0.0577474498892825
2018-05-21 16:00:00,109,1,3.0,0.5396272784607626,0.0,0.031236325013701244
2018-05-21 17:00:00,109,2,1.4210526315789473,1.0830490063820655,0.0,0.06736562532312532
2018-05-21 18:00:00,109,2,0.0,0.5375336111111113,0.0,0.03461123602152779
2018-05-21 19:00:00,109,1,0.0,0.45015,0.0,0.02624599575
2018-05-21 20:00:00,109,1,0.0,0.7195366666666667,0.0,0.03943600585833334
2018-05-21 21:00:00,109,1,0.0,0.8559519444444444,0.0,0.045579441041666585
2018-05-21 22:00:00,109,1,0.0,0.3879269444444444,0.0,0.01946714388958333
2018-05-21 23:00:00,109,1,0.0,0.3029180555555555,0.0,0.01571538872222222
2018-05-22 00:00:00,109,1,0.0,0.1867775,0.0,0.009366891625
2018-05-22 01:00:00,109,1,0.0,0.1576291666666666,0.0,0.007373892416666664
2018-05-22 02:00:00,109,1,0.0,0.2089922222222222,0.0,0.00970768872222222
2018-05-22 03:00:00,109,0,1.4249999999999998,1.685016111111111,0.0,0.07483611369583316
2018-05-22 04:00:00,109,0,2.8499999999999996,1.7078955555555555,0.0,0.07284306709444444
2018-05-22 05:00:00,109,1,2.8499999999999996,0.2198519444444444,0.0,0.010249497649999998
2018-05-22 06:00:00,109,1,2.8499999999999996,0.1994563888888889,0.0,0.009672138938194444
2018-05-22 07:00:00,109,2,1.9376421052631576,0.0,-0.0,0.00086674
2018-05-22 08:00:00,109,2,1.7727216374269004,0.0,-0.0,0.0001566744444444444
2018-05-22 09:00:00,109,2,1.5911640350877192,0.0,-0.0,0.0001724797222222222
2018-05-22 10:00:00,109,2,1.3980944444444443,0.0,-0.0,0.0001834161111111111
2018-05-22 11:00:00,109,0,2.823094444444444,1.7424655555555555,0.0,0.08604442875555555
2018-05-22 12:00:00,109,0,3.0,0.33287109649122837,0.0,0.016341282864729516
2018-05-22 13:00:00,109,1,3.0,0.7727838888888888,0.0,0.037505134087499996
2018-05-22 14:00:00,109,1,3.0,0.405705,0.0,0.019650321675
2018-05-22 15:00:00,109,1,3.0,0.6115758333333333,0.0,0.030173622677083272
2018-05-22 16:00:00,109,2,1.4260602339181288,0.0,-0.0,0.0014952427777777777
2018-05-22 17:00:00,109,2,0.8708988304093568,0.0,-0.0,0.0005274033333333333
2018-05-22 18:00:00,109,2,0.0,0.0636119444444444,0.0,0.004215326049999997
2018-05-22 19:00:00,109,1,0.0,0.5894263888888889,0.0,0.03026851863541667
2018-05-22 20:00:00,109,1,0.0,1.2654097222222225,0.0,0.06480479539930557
2018-05-22 21:00:00,109,1,0.0,0.5833122222222222,0.0,0.03061076714166661
2018-05-22 22:00:00,109,1,0.0,0.9217272222222224,0.0,0.047256954683333345
2018-05-22 23:00:00,109,1,0.0,0.8116566666666667,0.0,0.040720814966666664
2018-05-23 00:00:00,109,0,1.4249999999999998,2.159368888888889,0.0,0.10286077564444446
2018-05-23 01:00:00,109,0,2.8499999999999996,1.7033994444444445,0.0,0.08084008762361111
2018-05-23 02:00:00,109,1,2.8499999999999996,0.2146788888888889,0.0,0.010078100438888888
2018-05-23 03:00:00,109,1,2.8499999999999996,0.0,-0.0,0.0
2018-05-23 04:00:00,109,1,2.8499999999999996,0.6165708333333333,0.0,0.02958461001041666
2018-05-23 05:00:00,109,1,2.8499999999999996,0.2233761111111111,0.0,0.01076337791388889
2018-05-23 06:00:00,109,1,2.8499999999999996,0.2188411111111111,0.0,0.010937678733333333
2018-05-23 07:00:00,109,1,2.8499999999999996,0.1508947222222222,0.0,0.009190243056944443
2018-05-23 08:00:00,109,1,2.8499999999999996,0.1852405555555555,0.0,0.012502811297222218
2018-05-23 09:00:00,109,2,2.8268084795321635,0.0,-0.0,2.20319444444444e-05
2018-04-10 03:00:00,113,0,2.925,1.7014875,0.0,0.07968760434375001
2018-04-10 04:00:00,113,1,2.925,0.1924261111111111,0.0,0.008779441319444444
2018-04-10 05:00:00,113,1,2.925,0.4216130555555555,0.0,0.019563899810416622
2018-04-10 06:00:00,113,1,2.925,0.5816344444444445,0.0,0.027656717833333334
2018-04-10 07:00:00,113,1,2.925,1.3125336111111112,0.0,0.06626325935694445
2018-04-10 08:00:00,113,1,2.925,0.9060322222222222,0.0,0.04746023288055556
2018-04-10 09:00:00,113,1,2.925,0.2990377777777778,0.0,0.017088513811111112
2018-04-10 10:00:00,113,1,2.925,0.2033972222222222,0.0,0.01194551886111109
2018-04-10 11:00:00,113,2,2.811066374269006,0.0,-0.0,0.0001082369444444444
2018-06-14 07:00:00,114,1,1.5,0.1188352777777777,0.0,0.00613932753819444
2018-06-14 08:00:00,114,1,1.5,0.0925513888888888,0.0,0.004667829298611106
2018-06-14 09:00:00,114,1,1.5,0.0924533333333333,0.0,0.004750945666666655
2018-06-14 10:00:00,114,2,1.3426403508771931,0.0,-0.0,0.0001494916666666666
2018-06-14 11:00:00,114,2,1.2453219298245617,0.0,-0.0,9.24524999999999e-05
2018-06-14 12:00:00,114,1,1.2453219298245617,0.1110488888888888,0.0,0.005667657666666651
2018-06-14 13:00:00,114,0,2.6703219298245617,1.572691111111111,0.0,0.07413473896666666
2018-06-14 14:00:00,114,0,3.0,0.43119684462549374,0.0,0.019201111578802804
2018-06-14 15:00:00,114,1,3.0,0.0775757554301288,0.0,0.003633648384347233
2018-06-14 16:00:00,114,1,3.0,0.0808190030479998,0.0,0.00398821575291117
2018-06-14 17:00:00,114,1,3.0,0.0676954231191737,0.0,0.003629490110534498
2018-06-14 18:00:00,114,1,3.0,1.2425772222222222,0.0,0.06594978606944445
2018-06-14 19:00:00,114,1,3.0,0.6415925,0.0,0.034434269475
2018-06-14 20:00:00,114,1,3.0,0.4412175,0.0,0.024030911137499954
2018-06-14 21:00:00,114,2,2.186737719298246,0.0,-0.0,0.0007725991666666666
2018-06-14 22:00:00,114,2,2.0806929824561404,0.0,-0.0,0.0001007425
2018-06-14 23:00:00,114,2,1.9736228070175441,0.0,-0.0,0.0001017166666666666
2018-06-15 00:00:00,114,2,1.866987426900585,0.0,-0.0,0.0001013036111111111
2018-06-15 01:00:00,114,2,1.7588774853801172,0.0,-0.0,0.00010270444444444441
2018-06-15 02:00:00,114,1,1.7588774853801172,0.1014083333333333,0.0,0.005187289770833331
2018-06-15 03:00:00,114,0,3.0,1.4082661411203443,0.0,0.0689489881755944
2018-06-15 04:00:00,114,1,3.0,0.1023266666666666,0.0,0.0049247266499999965
2018-06-15 05:00:00,114,1,3.0,0.1028002777777777,0.0,0.005084758739583319
2018-06-15 06:00:00,114,1,3.0,1.8017436111111111,0.0,0.0917628021138889
2018-06-15 07:00:00,114,1,3.0,0.1129933333333333,0.0,0.00626039563333332
2018-06-15 08:00:00,114,2,2.8975847953216376,0.0,-0.0,9.72944444444444e-05
2018-06-15 09:00:00,114,2,2.795764619883041,0.0,-0.0,9.672916666666661e-05
2018-06-15 10:00:00,114,2,2.694173391812866,0.0,-0.0,9.651166666666661e-05
2018-06-15 11:00:00,114,0,3.0,0.411671663450208,0.0,0.02150757572576647
2018-06-15 12:00:00,114,1,3.0,0.0861957539419075,0.0,0.00449079878037338
2018-06-15 13:00:00,114,1,3.0,0.0341884394939848,0.0,0.0017957477844215517
2018-06-15 14:00:00,114,1,3.0,0.0,0.020529594582613594,0.0
2018-06-15 15:00:00,114,1,3.0,0.04149495083340061,0.0,0.0021587748171076667
2018-06-15 16:00:00,114,1,3.0,0.09472198356029819,0.0,0.005052707408065207
2018-06-15 17:00:00,114,2,2.430339133101577,0.0,-0.0,0.0005411778235535019
2018-06-15 18:00:00,114,2,2.3270329927507,0.0,-0.0,9.81408333333333e-05
2018-06-15 19:00:00,114,2,2.222941179885203,0.0,-0.0,9.88872222222222e-05
2018-06-15 20:00:00,114,0,3.0,0.9157366527524181,0.0,0.0473556933456303
2018-06-15 21:00:00,114,1,3.0,0.0977786111111111,0.0,0.005027287290277767
2018-06-15 22:00:00,114,1,3.0,0.0979411111111111,0.0,0.004928886416666667
2018-06-15 23:00:00,114,2,2.040185964912281,0.0,-0.0,0.0009118233333333332
2018-06-16 00:00:00,114,2,1.8742640350877195,0.0,-0.0,0.0001576258333333333
2018-06-16 01:00:00,114,2,1.7497915204678365,0.0,-0.0,0.00011824888888888882
2018-06-16 02:00:00,114,2,1.6445464912280705,0.0,-0.0,9.99827777777777e-05
2018-06-16 03:00:00,114,2,1.540134502923977,0.0,-0.0,9.91913888888888e-05
2018-06-16 04:00:00,114,1,1.540134502923977,0.0987488888888888,0.0,0.004896216783333329
2018-06-16 05:00:00,114,1,1.540134502923977,0.099745,0.0,0.0048438665625
2018-06-16 06:00:00,114,1,1.540134502923977,0.0993711111111111,0.0,0.004884338538888889
2018-06-16 07:00:00,114,1,1.540134502923977,0.0,0.3927310475260239,0.0
2018-06-16 08:00:00,114,1,1.540134502923977,0.72505,0.0,0.034004845
2018-06-16 09:00:00,114,2,0.0,0.30464722222222207,0.0,0.017123518236111072
2018-06-16 10:00:00,114,1,0.0,0.1631388888888889,0.0,0.008236474652777777
2018-06-16 11:00:00,114,1,0.0,0.3016455555555555,0.0,0.01419694807222222
2018-06-16 12:00:00,114,1,0.0,0.1852861111111111,0.0,0.008589864111111092
2018-06-16 13:00:00,114,0,1.4249999999999998,1.6170230555555556,0.0,0.07603667774583334
2018-06-16 14:00:00,114,0,2.8499999999999996,1.6159663888888889,0.0,0.07588293288055556
2018-06-16 15:00:00,114,1,2.8499999999999996,0.1657383333333333,0.0,0.007677413945833332
2018-06-16 16:00:00,114,1,2.8499999999999996,0.3283830555555556,0.0,0.015146668437499969
2018-06-16 17:00:00,114,1,2.8499999999999996,0.34188,0.0,0.0159606678
2018-06-16 18:00:00,114,1,2.8499999999999996,0.4553941666666666,0.0,0.021098411741666618
2018-06-16 19:00:00,114,1,2.8499999999999996,0.3367986111111111,0.0,0.016209275156249998
2018-06-16 20:00:00,114,1,2.8499999999999996,0.7688583333333333,0.0,0.03712240247916659
2018-06-16 21:00:00,114,1,2.8499999999999996,0.1456697222222222,0.0,0.00712033602222222
2018-06-16 22:00:00,114,1,2.8499999999999996,0.0949783333333333,0.0,0.004646340066666665
2018-06-16 23:00:00,114,2,2.753320467836257,0.0,-0.0,9.18455555555555e-05
2018-06-17 00:00:00,114,2,2.656081286549707,0.0,-0.0,9.237722222222219e-05
2018-06-17 01:00:00,114,2,2.5588511695906426,0.0,-0.0,9.23686111111111e-05
2018-06-17 02:00:00,114,2,2.4613418128654967,0.0,-0.0,9.26338888888888e-05
2018-06-17 03:00:00,114,1,2.4613418128654967,0.0945547222222222,0.0,0.003903928093749999
2018-06-17 04:00:00,114,0,3.0,0.661016395814097,0.0,0.027576138551000325
2018-06-17 05:00:00,114,1,3.0,0.0932358333333333,0.0,0.0038378199895833316
2018-06-17 06:00:00,114,1,3.0,0.0926666666666666,0.0,0.004006906666666664
2018-06-17 07:00:00,114,1,3.0,0.1656461111111111,0.0,0.007284287736111111
2018-06-17 08:00:00,114,1,3.0,0.0,1.0170055102584699,0.0
2018-06-17 09:00:00,114,1,3.0,1.7616453680553508,0.0,0.09168483318044074
2018-06-17 10:00:00,114,1,3.0,2.283675277777778,0.0,0.11977876831944444
2018-06-17 11:00:00,114,1,3.0,0.29109102253126606,0.0,0.015587924256549297
2018-06-17 12:00:00,114,1,3.0,0.0,0.27985855586223163,0.0
2018-06-17 13:00:00,114,1,3.0,0.3318424316214298,0.0,0.017176993866804227
2018-06-17 14:00:00,114,1,3.0,0.3102858607512657,0.0,0.015726063137526024
2018-06-17 15:00:00,114,1,3.0,0.0997458333333333,0.0,0.005145638177083332
2018-06-17 16:00:00,114,1,3.0,0.1036780555555555,0.0,0.005536408166666664
2018-06-17 17:00:00,114,2,2.796527192982456,0.0,-0.0,0.0001932991666666666
2018-06-17 18:00:00,114,2,2.4096005847953217,0.0,-0.0,0.00036758027777777783
2018-06-17 19:00:00,114,2,2.0992929824561406,0.0,-0.0,0.00029479222222222217
2018-06-17 20:00:00,114,2,1.7630786549707604,0.0,-0.0,0.0003194036111111111
2018-06-17 21:00:00,114,1,1.7630786549707604,0.2616538888888889,0.0,0.01318866426944442
2018-06-17 22:00:00,114,1,1.7630786549707604,0.1038980555555555,0.0,0.0052068510541666635
2018-06-17 23:00:00,114,2,1.5613333333333337,0.0,-0.0,0.0001916580555555555
2018-06-18 00:00:00,114,2,1.5613333333333337,0.0,-0.0,0.0
2018-06-18 01:00:00,114,1,1.5613333333333337,0.0,-0.0,0.0
2018-06-18 02:00:00,114,1,1.5613333333333337,0.0,-0.0,0.0
2018-06-18 03:00:00,114,0,2.9863333333333335,1.5,0.0,0.05537625
2018-06-18 04:00:00,114,1,2.9863333333333335,0.0,-0.0,0.0
2018-06-18 05:00:00,114,1,2.9863333333333335,0.0,-0.0,0.0
2018-06-18 06:00:00,114,1,2.9863333333333335,0.0,-0.0,0.0
2018-06-18 07:00:00,114,2,2.9863333333333335,0.0,-0.0,0.0
2018-06-18 08:00:00,114,2,2.9863333333333335,0.0,-0.0,0.0
2018-06-18 09:00:00,114,2,2.9863333333333335,0.0,-0.0,0.0
2018-06-18 10:00:00,114,1,2.9863333333333335,0.0,-0.0,0.0
2018-06-18 11:00:00,114,1,2.9863333333333335,0.0,0.0644699251658487,0.0
2018-06-18 12:00:00,114,1,2.9863333333333335,0.0,0.051355569461379,0.0
2018-06-18 13:00:00,114,1,2.9863333333333335,0.0,1.0285846144021027,0.0
2018-06-18 14:00:00,114,1,2.9863333333333335,0.0,0.0784591953454462,0.0
2018-06-18 15:00:00,114,1,2.9863333333333335,0.0,0.055166317412679,0.0
2018-06-18 16:00:00,114,1,2.9863333333333335,0.0,0.0113931991223837,0.0
2018-06-18 17:00:00,114,2,2.9863333333333335,0.0,-0.0,0.0
2018-06-18 18:00:00,114,2,2.9863333333333335,0.0,-0.0,0.0
2018-06-18 19:00:00,114,2,2.9863333333333335,0.0,-0.0,0.0
2018-06-18 20:00:00,114,2,2.9863333333333335,0.0,-0.0,0.0
2018-06-18 21:00:00,114,2,2.9863333333333335,0.0,-0.0,0.0
2018-06-18 22:00:00,114,2,2.9863333333333335,0.0,-0.0,0.0
2018-06-18 23:00:00,114,2,2.9863333333333335,0.0,-0.0,0.0
2018-06-19 00:00:00,114,1,2.9863333333333335,0.0,-0.0,0.0
2018-06-19 01:00:00,114,1,2.9863333333333335,0.0,-0.0,0.0
2018-06-19 02:00:00,114,1,2.9863333333333335,0.0,-0.0,0.0
2018-06-19 03:00:00,114,1,2.9863333333333335,0.0,-0.0,0.0
2018-06-19 04:00:00,114,1,2.9863333333333335,0.0,-0.0,0.0
2018-06-19 05:00:00,114,1,2.9863333333333335,0.0,-0.0,0.0
2018-06-19 06:00:00,114,1,2.9863333333333335,0.0,-0.0,0.0
2018-06-19 07:00:00,114,1,2.9863333333333335,0.0,0.4028695981141451,0.0
2018-06-19 08:00:00,114,1,2.9863333333333335,0.0,0.6615930280071999,0.0
2018-06-19 09:00:00,114,1,2.9863333333333335,0.05146276688603069,0.0,0.003103204843227651
2018-06-19 10:00:00,114,1,2.9863333333333335,0.014803004369698905,0.0,0.0008986163802625721
2018-06-19 11:00:00,114,1,2.9863333333333335,0.0,1.1709439401058235,0.0
2018-06-19 12:00:00,114,1,2.9863333333333335,0.0,1.2333454261652277,0.0
2018-06-19 13:00:00,114,1,2.9863333333333335,0.0,0.055570328031552596,0.0
2018-06-19 14:00:00,114,1,2.9863333333333335,0.0,0.1564351735212532,0.0
2018-06-19 15:00:00,114,1,2.9863333333333335,0.0,0.06728390445933088,0.0
2018-06-19 16:00:00,114,2,2.9507787811921546,0.0,-0.0,3.37768245341199e-05
2018-06-19 17:00:00,114,2,2.68406808190498,0.0,-0.0,0.00025337516432281574
2018-06-19 18:00:00,114,2,2.2001473216710616,0.0,-0.0,0.00045972472222222224
2018-06-19 19:00:00,114,1,2.2001473216710616,0.3419227777777778,0.0,0.018835671020833333
2018-06-19 20:00:00,114,1,2.2001473216710616,0.2888452777777778,0.0,0.015126105084027779
2018-06-19 21:00:00,114,0,3.0,0.949370187714672,0.0,0.04904384804345785
2018-06-19 22:00:00,114,1,3.0,0.0955141666666666,0.0,0.004871938856249996
2018-06-19 23:00:00,114,2,2.899427485380117,0.0,-0.0,9.554388888888881e-05
2018-06-20 00:00:00,114,2,2.796984502923977,0.0,-0.0,9.73208333333333e-05
2018-06-20 01:00:00,114,2,2.6965192982456143,0.0,-0.0,9.54419444444444e-05
2018-06-20 02:00:00,114,1,2.6965192982456143,0.0953908333333333,0.0,0.004999910529166665
2018-06-20 03:00:00,114,0,3.0,0.4159108702677744,0.0,0.02024366361044551
2018-06-20 04:00:00,114,1,3.0,0.0958491666666666,0.0,0.00458542413333333
2018-06-20 05:00:00,114,1,3.0,0.0950347222222222,0.0,0.004718236371527776
2018-06-20 06:00:00,114,1,3.0,0.9345194444444443,0.0,0.047648810173611104
2018-06-20 07:00:00,114,1,3.0,0.1063063888888888,0.0,0.005719815254166651
2018-06-20 08:00:00,114,2,2.902297953216374,0.0,-0.0,9.28169444444444e-05
2018-06-20 09:00:00,114,2,2.804487134502924,0.0,-0.0,9.29202777777777e-05
2018-06-20 10:00:00,114,2,2.4065614035087717,0.0,-0.0,0.0003780294444444444
2018-06-20 11:00:00,114,1,2.4065614035087717,0.3518086111111111,0.0,0.017634406631944446
2018-06-20 12:00:00,114,1,2.4065614035087717,0.0,2.374499991938004,0.0
2018-06-20 13:00:00,114,0,3.0,0.013411074249998212,0.0,0.0012947230040484077
2018-06-20 14:00:00,114,1,3.0,0.0,1.3644162510522015,0.0
2018-06-20 15:00:00,114,1,3.0,0.34751305775132457,0.0,0.018057647263403205
2018-06-20 16:00:00,114,1,3.0,0.2996093779086632,0.0,0.015433628079520015
2018-06-20 17:00:00,114,1,3.0,0.3732265726784459,0.0,0.018952445360611445
2018-06-20 18:00:00,114,1,3.0,0.433635,0.0,0.02329920855
2018-06-20 19:00:00,114,2,2.766328947368421,0.0,-0.0,0.00022198750000000002
2018-06-20 20:00:00,114,2,2.662834210526316,0.0,-0.0,9.832000000000001e-05
2018-06-20 21:00:00,114,2,2.5507435672514625,0.0,-0.0,0.0001064861111111111
2018-06-20 22:00:00,114,2,2.448085087719299,0.0,-0.0,9.752555555555551e-05
2018-06-20 23:00:00,114,2,2.3469611111111117,0.0,-0.0,9.60677777777777e-05
2018-06-21 00:00:00,114,2,2.2456567251461994,0.0,-0.0,9.62391666666666e-05
2018-06-21 01:00:00,114,2,2.1434710526315794,0.0,-0.0,9.70763888888888e-05
2018-06-21 02:00:00,114,1,2.1434710526315794,0.0953947222222222,0.0,0.004314226312499999
2018-06-21 03:00:00,114,0,3.0,0.997191918282548,0.0,0.03852067453549167
2018-06-21 04:00:00,114,1,3.0,0.0963225,0.0,0.0036532716187500005
2018-06-21 05:00:00,114,1,3.0,0.0960622222222222,0.0,0.003949838422222221
2018-06-21 06:00:00,114,2,1.4210526315789473,0.44894999999999996,0.0,0.022861041
2018-06-21 07:00:00,114,2,1.4210526315789473,0.0,0.40957257017210336,0.0
2018-06-21 08:00:00,114,0,2.846052631578947,0.0,0.43894996767061634,0.0015
2018-06-21 09:00:00,114,2,2.846052631578947,0.0,1.390784908349193,0.0
2018-06-21 10:00:00,114,1,2.846052631578947,0.0,0.08453549584267721,0.0
2018-06-21 11:00:00,114,0,3.0,0.00584477923457169,0.0,0.00043200560239262445
2018-06-21 12:00:00,114,1,3.0,0.0,0.21818241936539934,0.0
2018-06-21 13:00:00,114,1,3.0,0.0,0.2449848022258122,0.0
2018-06-21 14:00:00,114,1,3.0,0.0,0.17771594293865128,0.0
2018-06-21 15:00:00,114,1,3.0,0.0,0.185377663459248,0.0
2018-06-21 16:00:00,114,1,3.0,0.20224809857721257,0.0,0.009887909539439924
2018-06-21 17:00:00,114,1,3.0,0.9998900623197474,0.0,0.05131185827309364
2018-06-21 18:00:00,114,1,3.0,0.4939347222222221,0.0,0.025467274277777775
2018-06-21 19:00:00,114,2,2.632975438596491,0.0,-0.0,0.0003486733333333333
2018-06-21 20:00:00,114,2,2.3097766081871343,0.0,-0.0,0.0003070388888888889
2018-06-21 21:00:00,114,2,2.2027459064327486,0.0,-0.0,0.0001016791666666666
2018-06-21 22:00:00,114,2,2.0996991228070176,0.0,-0.0,9.789444444444439e-05
2018-06-21 23:00:00,114,2,1.9952967836257312,0.0,-0.0,9.91822222222222e-05
2018-06-22 00:00:00,114,2,1.8912301169590644,0.0,-0.0,9.88633333333333e-05
2018-06-22 01:00:00,114,0,3.0,1.2656695260080024,0.0,0.05878356719037396
2018-06-22 02:00:00,114,1,3.0,0.1105605555555555,0.0,0.005081639534722219
2018-06-22 03:00:00,114,1,3.0,0.0993636111111111,0.0,0.004605503374999999
2018-06-22 04:00:00,114,1,3.0,0.09863,0.0,0.00454782929999999
2018-06-22 05:00:00,114,1,3.0,0.0985658333333333,0.0,0.004686066131249999
2018-06-22 06:00:00,114,1,3.0,1.1225741666666669,0.0,0.054141752058333346
2018-06-22 07:00:00,114,1,3.0,0.049440207364465104,0.0,0.002409715706944029
2018-06-22 08:00:00,114,2,3.0,0.0,1.8457758879038195,0.0
2018-06-22 09:00:00,114,2,3.0,0.0,0.09134315852247901,0.0
2018-06-22 10:00:00,114,1,3.0,0.0,1.9046820155603519,0.0
2018-06-22 11:00:00,114,1,3.0,0.0,1.9932337647832248,0.0
2018-06-22 12:00:00,114,1,3.0,0.0,2.7463625131231155,0.0
2018-06-22 13:00:00,114,1,3.0,0.0,0.009209179345973484,0.0
2018-06-22 14:00:00,114,1,3.0,0.0,0.0509070666616237,0.0
2018-06-22 15:00:00,114,1,3.0,0.24340555782311613,0.0,0.011616530247108216
2018-06-22 16:00:00,114,1,3.0,0.2381648105682326,0.0,0.011574214381589685
2018-06-22 17:00:00,114,1,3.0,0.2607540169818557,0.0,0.013737825384689067
2018-06-22 18:00:00,114,1,3.0,0.5113858333333333,0.0,0.027631455039583332
2018-06-22 19:00:00,114,2,2.610374269005848,0.0,-0.0,0.0003701444444444444
2018-06-22 20:00:00,114,2,2.1717002923976607,0.0,-0.0,0.0004167402777777778
2018-06-22 21:00:00,114,2,1.8733552631578947,0.0,-0.0,0.0002834277777777778
2018-06-22 22:00:00,114,1,1.8733552631578947,0.1319313888888889,0.0,0.006612731039583333
2018-06-22 23:00:00,114,2,1.7630426900584795,0.0,-0.0,0.00010479694444444441
2018-06-23 00:00:00,114,2,1.6528602339181286,0.0,-0.0,0.0001046733333333333
2018-06-23 01:00:00,114,2,1.5512877192982457,0.0,-0.0,9.64938888888888e-05
2018-06-23 02:00:00,114,2,1.4491391812865497,0.0,-0.0,9.704111111111111e-05
2018-06-23 03:00:00,114,1,1.4491391812865497,0.1108441666666666,0.0,0.00508747013958333
2018-06-23 04:00:00,114,0,2.8741391812865498,1.6341983333333334,0.0,0.06504307852777773
2018-06-23 05:00:00,114,1,2.8741391812865498,0.1149438888888888,0.0,0.004467102668518511
2018-06-23 06:00:00,114,1,2.8741391812865498,0.0979908333333333,0.0,0.004491899799999989
2018-06-23 07:00:00,114,1,2.8741391812865498,0.0963758333333333,0.0,0.0044246145083333315
2018-06-23 08:00:00,114,1,2.8741391812865498,0.1049391666666666,0.0,0.005065675922916652
2018-06-23 09:00:00,114,2,2.6706475482426577,0.0,-0.0,0.00019331705139169763
2018-06-23 10:00:00,114,2,2.5628336281532937,0.0,-0.0,0.00010242322408489591
2018-06-23 11:00:00,114,2,0.9838862597322411,0.7150890951406308,0.0,0.03623366507371829
2018-06-23 12:00:00,114,1,0.9838862597322411,0.115904615045561,0.0,0.005591818152873079
2018-06-23 13:00:00,114,1,0.9838862597322411,1.1753129954353743,0.0,0.054466942490963836
2018-06-23 14:00:00,114,0,2.408886259732241,2.379326888568691,0.0,0.11101446836359519
2018-06-23 15:00:00,114,0,3.0,1.6099618593866487,0.0,0.07341665046192285
2018-06-23 16:00:00,114,1,3.0,0.3410665990175827,0.0,0.016239033445724655
2018-06-23 17:00:00,114,1,3.0,0.4094244799308784,0.0,0.02339144409965091
2018-06-23 18:00:00,114,1,3.0,0.3287658333333333,0.0,0.018927049025
2018-06-23 19:00:00,114,2,1.6624804093567251,0.0,-0.0,0.001270643611111111
2018-06-23 20:00:00,114,2,1.4542426900584795,0.0,-0.0,0.00019782583333333333
2018-06-23 21:00:00,114,2,1.0481766081871344,0.0,-0.0,0.0003857627777777778
2018-06-23 22:00:00,114,2,0.8678783625730994,0.0,-0.0,0.00017128333333333329
2018-06-23 23:00:00,114,2,0.7651885964912281,0.0,-0.0,9.75552777777777e-05
2018-06-24 00:00:00,114,1,0.7651885964912281,0.0964811111111111,0.0,0.004908717730555546
2018-06-24 01:00:00,114,2,0.6620005847953216,0.0,-0.0,9.80286111111111e-05
2018-06-24 02:00:00,114,2,0.559903216374269,0.0,-0.0,9.69925e-05
2018-06-24 03:00:00,114,2,0.4572383040935673,0.0,-0.0,9.75316666666666e-05
2018-06-24 04:00:00,114,2,0.3164561403508773,0.0,-0.0,0.0001337430555555555
2018-06-24 05:00:00,114,2,0.2090295321637429,0.0,-0.0,0.0001020552777777777
2018-06-24 06:00:00,114,1,0.2090295321637429,0.0976416666666666,0.0,0.00469094977083333
2018-06-24 07:00:00,114,1,0.2090295321637429,0.08526130202008511,0.0,0.0040469277003833395
2018-06-24 08:00:00,114,0,1.6340295321637428,1.5195698744394759,0.0,0.06986164972634593
2018-06-24 09:00:00,114,0,3.0,1.4112971609850153,0.0,0.06711610527969411
2018-06-24 10:00:00,114,1,3.0,2.27677821369216,0.0,0.1100196152311394
2018-06-24 11:00:00,114,2,2.3240517582933107,0.0,-0.0,0.000642150829621355
2018-06-24 12:00:00,114,1,2.3240517582933107,0.0,0.2505158879597791,0.0
2018-06-24 13:00:00,114,1,2.3240517582933107,0.0,0.3374110469197048,0.0
2018-06-24 14:00:00,114,0,3.0,0.4701586225720045,0.0,0.02283366305352365
2018-06-24 15:00:00,114,1,3.0,0.0,0.19939321105408747,0.0
2018-06-24 16:00:00,114,1,3.0,0.5828103098744656,0.0,0.02764706407466996
2018-06-24 17:00:00,114,1,3.0,1.0242192674723374,0.0,0.05123912940347236
2018-06-24 18:00:00,114,1,3.0,0.14742583333333326,0.0,0.007769341416666662
2018-06-24 19:00:00,114,1,3.0,0.3125172222222222,0.0,0.018789316693055558
2018-06-24 20:00:00,114,2,2.8592362573099415,0.0,-0.0,0.00013372555555555548
2018-06-24 21:00:00,114,2,2.733919590643275,0.0,-0.0,0.00011905083333333331
2018-06-24 22:00:00,114,2,2.6302254385964914,0.0,-0.0,9.85094444444444e-05
2018-06-24 23:00:00,114,2,2.5265666666666666,0.0,-0.0,9.847583333333331e-05
2018-06-25 00:00:00,114,2,2.4225350877192984,0.0,-0.0,9.883e-05
2018-06-25 01:00:00,114,2,2.318632748538012,0.0,-0.0,9.870722222222219e-05
2018-06-25 02:00:00,114,0,3.0,0.8169834079716833,0.0,0.03815549335605185
2018-06-25 03:00:00,114,1,3.0,0.0994302777777777,0.0,0.004611079131944431
2018-06-25 04:00:00,114,1,3.0,0.0990941666666666,0.0,0.004563286374999997
2018-06-25 05:00:00,114,1,3.0,0.0988238888888888,0.0,0.00459876966944444
2018-06-25 06:00:00,114,1,3.0,2.2559444444444443,0.0,0.10747319333333333
2018-06-25 07:00:00,114,2,2.8784218644973976,0.0,-0.0,0.00011549922872747221
2018-06-25 08:00:00,114,2,2.8784218644973976,0.0,0.08912226573274651,0.0
2018-06-25 09:00:00,114,2,2.8784218644973976,0.0,0.2536328256031783,0.0
2018-06-25 10:00:00,114,1,2.8784218644973976,0.0,0.37764442884213056,0.0
2018-06-25 11:00:00,114,1,2.8784218644973976,0.0,0.4312949034899782,0.0
2018-06-25 12:00:00,114,1,2.8784218644973976,0.0,0.42078186589122246,0.0
2018-06-25 13:00:00,114,1,2.8784218644973976,0.0,0.43814866224595067,0.0
2018-06-25 14:00:00,114,1,2.8784218644973976,0.0,0.31619197946853367,0.0
2018-06-25 15:00:00,114,1,2.8784218644973976,1.76599549511368,0.0,0.09389798047519438
2018-06-25 16:00:00,114,1,2.8784218644973976,0.29505583664494683,0.0,0.017084470581334034
2018-06-25 17:00:00,114,2,2.161190246675205,0.0,-0.0,0.0006813700369310829
2018-06-25 18:00:00,114,2,2.0555607145114627,0.0,-0.0,0.00010034805555555546
2018-06-25 19:00:00,114,2,1.949537907493919,0.0,-0.0,0.0001007216666666666
2018-06-25 20:00:00,114,2,1.8425162700670183,0.0,-0.0,0.0001016705555555555
2018-06-25 21:00:00,114,2,1.6404876150962582,0.0,-0.0,0.0001919272222222222
2018-06-25 22:00:00,114,1,1.6404876150962582,0.1081169444444444,0.0,0.00552747878472222
2018-06-25 23:00:00,114,0,3.0,1.5337156683197282,0.0,0.07881852400256241
2018-06-26 00:00:00,114,1,3.0,0.1015772222222222,0.0,0.0052563673069444435
2018-06-26 01:00:00,114,1,3.0,0.1017530555555555,0.0,0.005181774354166664
2018-06-26 02:00:00,114,1,3.0,0.1018822222222222,0.0,0.0053055167222222106
2018-06-26 03:00:00,114,1,3.0,0.1059680555555555,0.0,0.0053699312152777744
2018-06-26 04:00:00,114,1,3.0,0.1013133333333333,0.0,0.005091754849999998
2018-06-26 05:00:00,114,1,3.0,0.1032169444444444,0.0,0.005296835546527776
2018-06-26 06:00:00,114,1,3.0,1.405894166666667,0.0,0.07370751642291667
2018-06-26 07:00:00,114,1,3.0,0.1150591666666666,0.0,0.006281367556249997
2018-06-26 08:00:00,114,2,2.8954239766081873,0.0,-0.0,9.93472222222222e-05
2018-06-26 09:00:00,114,2,2.7905994152046785,0.0,-0.0,9.95833333333333e-05
2018-06-26 10:00:00,114,1,2.7905994152046785,0.0987444444444444,0.0,0.005387250027777775
2018-06-26 11:00:00,114,0,3.0,0.31983666820560164,0.0,0.016572071330216983
2018-06-26 12:00:00,114,1,3.0,0.0511606963631111,0.0,0.0026654722805180883
2018-06-26 13:00:00,114,1,3.0,0.0426186069157774,0.0,0.0022344935605942092
2018-06-26 14:00:00,114,1,3.0,0.0990683333333333,0.0,0.005166413583333332
2018-06-26 15:00:00,114,1,3.0,0.1053402777777777,0.0,0.006089721458333329
2018-06-26 16:00:00,114,1,3.0,0.4273933333333333,0.0,0.02738415934999995
2018-06-26 17:00:00,114,2,1.4933400584795322,0.0,-0.0,0.0014313269444444444
2018-06-26 18:00:00,114,2,1.0355005847953218,0.0,-0.0,0.0004349475
2018-06-26 19:00:00,114,2,0.747990643274854,0.0,-0.0,0.00027313444444444443
2018-06-26 20:00:00,114,2,0.5122055555555558,0.0,-0.0,0.00022399583333333333
2018-06-26 21:00:00,114,2,0.2691049707602342,0.0,-0.0,0.0002309455555555555
2018-06-26 22:00:00,114,2,0.17039883040935705,0.0,-0.0,9.37708333333333e-05
2018-06-26 23:00:00,114,2,0.06996578947368463,0.0,-0.0,9.54113888888888e-05
2018-06-27 00:00:00,114,1,0.06996578947368463,0.0967661111111111,0.0,0.004789680584722221
2018-06-27 01:00:00,114,1,0.06996578947368463,0.0986286111111111,0.0,0.0047859533541666655
2018-06-27 02:00:00,114,1,0.06996578947368463,0.0953963888888888,0.0,0.004606930110416662
2018-06-27 03:00:00,114,1,0.06996578947368463,0.095775,0.0,0.0046386226875
2018-06-27 04:00:00,114,0,1.4949657894736845,1.59718,0.0,0.07785318990000001
2018-06-27 05:00:00,114,0,2.919965789473684,1.5945138888888888,0.0,0.07827983003472222
2018-06-27 06:00:00,114,1,2.919965789473684,1.6704255555555556,0.0,0.08124532295833334
2018-06-27 07:00:00,114,1,2.919965789473684,0.1096908333333333,0.0,0.005359768343749999
2018-06-27 08:00:00,114,1,2.919965789473684,0.0918441666666666,0.0,0.00452952468958333
2018-06-27 09:00:00,114,1,2.919965789473684,0.09311,0.0,0.00479097505
2018-06-27 10:00:00,114,1,2.919965789473684,0.0928172222222222,0.0,0.00468471724861111
2018-06-27 11:00:00,114,1,2.919965789473684,0.0915111111111111,0.0,0.004607813222222222
2018-06-27 12:00:00,114,1,2.919965789473684,0.0927336111111111,0.0,0.004675165004166666
2018-06-27 13:00:00,114,1,2.919965789473684,0.09226728364605209,0.0,0.0045979094122918914
2018-06-27 14:00:00,114,1,2.919965789473684,0.0926477777777777,0.0,0.0053207618777777735
2018-06-27 15:00:00,114,1,2.919965789473684,0.0919261111111111,0.0,0.004844046424999999
2018-06-27 16:00:00,114,1,2.919965789473684,0.0974866666666666,0.0,0.00532910863333332
2018-06-27 17:00:00,114,2,2.6876713450292398,0.0,-0.0,0.0002206797222222222
2018-06-27 18:00:00,114,2,2.304018128654971,0.0,-0.0,0.0003644705555555556
2018-06-27 19:00:00,114,2,1.9817988304093568,0.0,-0.0,0.0003061083333333333
2018-06-27 20:00:00,114,1,1.9817988304093568,0.2468397222222222,0.0,0.012501814831249998
2018-06-27 21:00:00,114,2,1.8273029239766083,0.0,-0.0,0.0001467711111111111
2018-06-27 22:00:00,114,2,1.7176269005847955,0.0,-0.0,0.0001041922222222222
2018-06-27 23:00:00,114,2,1.6102523391812869,0.0,-0.0,0.0001020058333333333
2018-06-28 00:00:00,114,2,1.5065736842105266,0.0,-0.0,9.849472222222221e-05
2018-06-28 01:00:00,114,0,2.9315736842105267,1.5952897222222222,0.0,0.0657529523787036
2018-06-28 02:00:00,114,1,2.9315736842105267,0.0963033333333333,0.0,0.0038842344444444394
2018-06-28 03:00:00,114,1,2.9315736842105267,0.0963722222222222,0.0,0.004455046902777767
2018-06-28 04:00:00,114,1,2.9315736842105267,0.0963783333333333,0.0,0.004584717316666665
2018-06-28 05:00:00,114,1,2.9315736842105267,0.0953680555555555,0.0,0.004513293229166654
2018-06-28 06:00:00,114,1,2.9315736842105267,2.049271111111111,0.0,0.10003516928888888
2018-06-28 07:00:00,114,1,2.9315736842105267,0.1046933333333333,0.0,0.005152744133333331
2018-06-28 08:00:00,114,1,2.9315736842105267,0.0321666514017305,0.0,0.0015028259534888488
2018-06-28 09:00:00,114,1,2.9315736842105267,0.0593970534743458,0.0,0.001484926336858645
2018-06-28 10:00:00,114,2,2.8763471898939814,0.0,-0.0,5.2465169600718e-05
2018-06-28 11:00:00,114,1,2.8763471898939814,0.0072419355841776,0.0,0.00035916379529728806
2018-06-28 12:00:00,114,1,2.8763471898939814,0.0,0.0107091666455984,0.0
2018-06-28 13:00:00,114,1,2.8763471898939814,0.0,0.017674740613162196,0.0
2018-06-28 14:00:00,114,1,2.8763471898939814,0.0,0.0512737758667437,0.0
2018-06-28 15:00:00,114,1,2.8763471898939814,0.0,0.0744436855863867,0.0
2018-06-28 16:00:00,114,1,2.8763471898939814,0.21950984983313118,0.0,0.011296525647037514
2018-06-28 17:00:00,114,1,2.8763471898939814,0.2118669695400998,0.0,0.011269204109837908
2018-06-28 18:00:00,114,2,2.5734875407711746,0.0,-0.0,0.0002877166666666666
2018-06-28 19:00:00,114,2,2.3729711665021687,0.0,-0.0,0.0001904905555555555
2018-06-28 20:00:00,114,2,1.8668392951571393,0.0,-0.0,0.00048082527777777777
2018-06-28 21:00:00,114,1,1.8668392951571393,0.1748777777777777,0.0,0.008753069972222218
2018-06-28 22:00:00,114,1,1.8668392951571393,0.1017922222222222,0.0,0.005103098580555544
2018-06-28 23:00:00,114,2,1.7630512834612329,0.0,-0.0,9.85986111111111e-05
2018-06-29 00:00:00,114,2,1.6585322776132796,0.0,-0.0,9.92930555555555e-05
2018-06-29 01:00:00,114,2,1.5543542074378411,0.0,-0.0,9.89691666666666e-05
2018-06-29 02:00:00,114,1,1.5543542074378411,0.0990316666666666,0.0,0.004898601391666663
2018-06-29 03:00:00,114,0,2.979354207437841,1.5999805555555555,0.0,0.07711908100694428
2018-06-29 04:00:00,114,1,2.979354207437841,0.10017,0.0,0.004706237024999989
2018-06-29 05:00:00,114,1,2.979354207437841,0.0985055555555555,0.0,0.004685416749999997
2018-06-29 06:00:00,114,1,2.979354207437841,2.9692844444444444,0.0,0.14680884614444445
2018-06-29 07:00:00,114,1,2.979354207437841,0.1418822222222222,0.0,0.007223578638888873
2018-06-29 08:00:00,114,2,2.8776044998355017,0.0,-0.0,9.666222222222221e-05
2018-06-29 09:00:00,114,2,2.7755147337536306,0.0,-0.0,9.69852777777777e-05
2018-06-29 10:00:00,114,1,2.7755147337536306,0.09707,0.0,0.0048496172
2018-06-29 11:00:00,114,1,2.7755147337536306,0.0963225,0.0,0.0046412996625
2018-06-29 12:00:00,114,1,2.7755147337536306,0.0974933333333333,0.0,0.004747437866666666
2018-06-29 13:00:00,114,0,3.0,0.3447286135926696,0.0,0.0166583096102801
2018-06-29 14:00:00,114,1,3.0,0.0989072222222222,0.0,0.004708478313888888
2018-06-29 15:00:00,114,1,3.0,0.3976908333333333,0.0,0.019973027877083334
2018-06-29 16:00:00,114,1,3.0,0.4944347222222222,0.0,0.024847816965277776
2018-06-29 17:00:00,114,1,3.0,0.8251880555555555,0.0,0.043972208510416666
2018-06-29 18:00:00,114,2,1.9844394736842106,0.0,-0.0,0.0009647825
2018-06-29 19:00:00,114,2,1.6654546783625732,0.0,-0.0,0.0003030355555555555
2018-06-29 20:00:00,114,2,1.4045868421052634,0.0,-0.0,0.0002478244444444444
2018-06-29 21:00:00,114,1,1.4045868421052634,0.1026247222222222,0.0,0.005223085237499999
2018-06-29 22:00:00,114,2,1.2457435672514623,0.0,-0.0,0.0001509011111111111
2018-06-29 23:00:00,114,2,1.1340128654970765,0.0,-0.0,0.0001061441666666666
2018-06-30 00:00:00,114,2,1.0304482456140356,0.0,-0.0,9.83863888888888e-05
2018-06-30 01:00:00,114,2,0.9257529239766087,0.0,-0.0,9.94605555555555e-05
2018-06-30 02:00:00,114,1,0.9257529239766087,0.098645,0.0,0.004579594125
2018-06-30 03:00:00,114,1,0.9257529239766087,0.0993175,0.0,0.00453160923125
2018-06-30 04:00:00,114,0,2.3507529239766085,1.5992636111111111,0.0,0.07431847037291667
2018-06-30 05:00:00,114,0,3.0,0.7853235303170202,0.0,0.03665123566328099
2018-06-30 06:00:00,114,1,3.0,0.0986402777777777,0.0,0.0043507760520833305
2018-06-30 07:00:00,114,1,3.0,2.5809666666666664,0.0,0.12489942941666665
2018-06-30 08:00:00,114,1,3.0,0.1084216666666666,0.0,0.005677500574999997
2018-06-30 09:00:00,114,2,2.8949862573099416,0.0,-0.0,9.976305555555549e-05
2018-06-30 10:00:00,114,2,2.790801461988304,0.0,-0.0,9.89755555555555e-05
2018-06-30 11:00:00,114,1,2.790801461988304,0.0996908333333333,0.0,0.004929462481249998
2018-06-30 12:00:00,114,1,2.790801461988304,0.09974,0.0,0.004910948249999999
2018-06-30 13:00:00,114,0,3.0,0.3194275984918436,0.0,0.015480063936332332
2018-06-30 14:00:00,114,1,3.0,0.0999941666666666,0.0,0.004798470072916664
2018-06-30 15:00:00,114,1,3.0,0.1004430555555555,0.0,0.00510225611458333
2018-06-30 16:00:00,114,1,3.0,0.0998891666666666,0.0,0.005171262158333329
2018-06-30 17:00:00,114,1,3.0,0.0996988888888888,0.0,0.005444307074999996
2018-06-30 18:00:00,114,1,3.0,0.0999986111111111,0.0,0.005747170177083333
2018-06-30 19:00:00,114,2,2.8951347953216375,0.0,-0.0,9.96219444444444e-05
2018-06-30 20:00:00,114,2,2.7900432748538013,0.0,-0.0,9.98369444444444e-05
2018-06-30 21:00:00,114,2,2.685350292397661,0.0,-0.0,9.94583333333333e-05
2018-06-30 22:00:00,114,2,2.579236842105263,0.0,-0.0,0.0001008077777777777
2018-06-30 23:00:00,114,0,3.0,0.5437374761465066,0.0,0.029891730295352414
2018-06-14 07:00:00,117,1,1.5,0.3837275,0.0,0.01982432196875
2018-06-14 08:00:00,117,1,1.5,0.4839066666666666,0.0,0.02440583273333333
2018-06-14 09:00:00,117,1,1.5,0.2043119444444444,0.0,0.010499080045138866
2018-06-14 10:00:00,117,2,1.3421157894736844,0.0,-0.0,0.0001499899999999999
2018-06-14 11:00:00,117,2,1.1836406432748539,0.0,-0.0,0.00015055138888888888
2018-06-14 12:00:00,117,1,1.1836406432748539,0.3581169444444444,0.0,0.0182773935520833
2018-06-14 13:00:00,117,0,2.6086406432748537,1.6619625,0.0,0.0782577380625
2018-06-14 14:00:00,117,0,3.0,0.6093089591222625,0.0,0.027053991455226342
2018-06-14 15:00:00,117,1,3.0,0.18627742209679551,0.0,0.008725234451013902
2018-06-14 16:00:00,117,1,3.0,0.1879323363813331,0.0,0.009273990969577836
2018-06-14 17:00:00,117,1,3.0,0.1784409786747292,0.0,0.009567113071645606
2018-06-14 18:00:00,117,1,3.0,0.4594122222222222,0.0,0.02438330369444444
2018-06-14 19:00:00,117,1,3.0,0.55112,0.0,0.029578610400000004
2018-06-14 20:00:00,117,1,3.0,0.3176891666666667,0.0,0.01730294046249997
2018-06-14 21:00:00,117,2,2.474473976608187,0.0,-0.0,0.0004992497222222222
2018-06-14 22:00:00,117,2,2.07438216374269,0.0,-0.0,0.0003800872222222222
2018-06-14 23:00:00,117,2,1.6959684210526316,0.0,-0.0,0.0003594930555555555
2018-06-15 00:00:00,117,2,1.3609956140350878,0.0,-0.0,0.0003182241666666666
2018-06-15 01:00:00,117,2,0.9516011695906434,0.0,-0.0,0.0003889247222222222
2018-06-15 02:00:00,117,1,0.9516011695906434,0.2966013888888889,0.0,0.015171902545138886
2018-06-15 03:00:00,117,0,2.3766011695906433,1.8487825,0.0,0.09030164543125
2018-06-15 04:00:00,117,0,3.0,0.9840215173899662,0.0,0.04801470487335334
2018-06-15 05:00:00,117,1,3.0,0.3244802777777777,0.0,0.0160496057395833
2018-06-15 06:00:00,117,1,3.0,0.4701202777777777,0.0,0.02394322574722222
2018-06-15 07:00:00,117,1,3.0,1.0584755555555556,0.0,0.05864483815555545
2018-06-15 08:00:00,117,2,1.7149058479532164,0.0,-0.0,0.0012208394444444444
2018-06-15 09:00:00,117,2,1.4419625730994152,0.0,-0.0,0.0002592961111111111
2018-06-15 10:00:00,117,2,1.2836330409356727,0.0,-0.0,0.0001504130555555555
2018-06-15 11:00:00,117,0,2.7086330409356725,1.6399003068789557,0.0,0.08589336954275827
2018-06-15 12:00:00,117,1,2.7086330409356725,0.4575360317196854,0.0,0.023837627252595608
2018-06-15 13:00:00,117,1,2.7086330409356725,1.1539459394939848,0.0,0.06061101047192156
2018-06-15 14:00:00,117,0,3.0,1.101443300923696,0.0,0.05735320422526349
2018-06-15 15:00:00,117,1,3.0,0.1804618952778451,0.0,0.00938853010182989
2018-06-15 16:00:00,117,1,3.0,0.17577003911585382,0.0,0.009376013311537432
2018-06-15 17:00:00,117,2,2.816997612633741,0.0,-0.0,0.0001738522679979464
2018-06-15 18:00:00,117,2,2.6113563845635652,0.0,-0.0,0.00019535916666666662
2018-06-15 19:00:00,117,2,2.316439133101577,0.0,-0.0,0.0002801713888888889
2018-06-15 20:00:00,117,0,3.0,1.0302513657410304,0.0,0.05307691216158908
2018-06-15 21:00:00,117,1,3.0,0.3079733333333333,0.0,0.0158344489333333
2018-06-15 22:00:00,117,1,3.0,0.2230011111111111,0.0,0.011222530916666666
2018-06-15 23:00:00,117,2,2.8304637426900587,0.0,-0.0,0.0001610594444444444
2018-06-16 00:00:00,117,2,2.6768096491228075,0.0,-0.0,0.0001459713888888889
2018-06-16 01:00:00,117,2,2.532706725146199,0.0,-0.0,0.0001368977777777777
2018-06-16 02:00:00,117,2,2.4101748538011702,0.0,-0.0,0.0001164052777777777
2018-06-16 03:00:00,117,2,2.276690350877194,0.0,-0.0,0.0001268102777777777
2018-06-16 04:00:00,117,1,2.276690350877194,0.1267216666666666,0.0,0.006283177037499996
2018-06-16 05:00:00,117,1,2.276690350877194,0.1399891666666666,0.0,0.006798223906249998
2018-06-16 06:00:00,117,1,2.276690350877194,0.1525594444444444,0.0,0.007498678093055553
2018-06-16 07:00:00,117,1,2.276690350877194,0.0,0.3420274364149128,0.0
2018-06-16 08:00:00,117,1,2.276690350877194,0.1765352777777777,0.0,0.008279504527777773
2018-06-16 09:00:00,117,2,2.0529599415204687,0.0,-0.0,0.0002125438888888889
2018-06-16 10:00:00,117,2,1.8290874269005857,0.0,-0.0,0.0002126788888888889
2018-06-16 11:00:00,117,2,1.4574766081871353,0.0,-0.0,0.0003530302777777778
2018-06-16 12:00:00,117,2,1.2295716374269015,0.0,-0.0,0.0002165097222222222
2018-06-16 13:00:00,117,0,2.6545716374269013,2.1356383333333335,0.0,0.09994224897500001
2018-06-16 14:00:00,117,0,3.0,0.5855765804863028,0.0,0.027317698802493046
2018-06-16 15:00:00,117,1,3.0,0.8837263888888889,0.0,0.04093641564930556
2018-06-16 16:00:00,117,1,3.0,0.3236966666666667,0.0,0.014930508749999969
2018-06-16 17:00:00,117,1,3.0,0.3044416666666666,0.0,0.01421285920833333
2018-06-16 18:00:00,117,1,3.0,0.2725147222222222,0.0,0.012625607080555528
2018-06-16 19:00:00,117,1,3.0,0.5785436111111111,0.0,0.027843857643749997
2018-06-16 20:00:00,117,1,3.0,0.3172588888888888,0.0,0.015318052302777743
2018-06-16 21:00:00,117,1,3.0,0.3018247222222222,0.0,0.014753192422222219
2018-06-16 22:00:00,117,1,3.0,0.2912616666666667,0.0,0.014248520733333334
2018-06-16 23:00:00,117,2,2.6425719298245616,0.0,-0.0,0.00033955666666666667
2018-06-17 00:00:00,117,2,2.2933959064327487,0.0,-0.0,0.0003317172222222222
2018-06-17 01:00:00,117,2,1.9625026315789476,0.0,-0.0,0.00031434861111111114
2018-06-17 02:00:00,117,2,1.7822684210526318,0.0,-0.0,0.00017122250000000002
2018-06-17 03:00:00,117,1,1.7822684210526318,0.1457238888888888,0.0,0.006016575062499995
2018-06-17 04:00:00,117,0,3.0,1.4283146591258846,0.0,0.059642759686565086
2018-06-17 05:00:00,117,1,3.0,0.1593433333333333,0.0,0.006558969958333332
2018-06-17 06:00:00,117,1,3.0,0.1540619444444444,0.0,0.006661638477777776
2018-06-17 07:00:00,117,1,3.0,0.1534575,0.0,0.0067482935624999995
2018-06-17 08:00:00,117,1,3.0,0.0,1.0834960658140254,0.0
2018-06-17 09:00:00,117,1,3.0,0.0,0.42589157638909375,0.0
2018-06-17 10:00:00,117,1,3.0,0.1502344444444444,0.0,0.007879796611111108
2018-06-17 11:00:00,117,1,3.0,0.0,0.6736695330242894,0.0
2018-06-17 12:00:00,117,1,3.0,0.0,0.8075341114177873,0.0
2018-06-17 13:00:00,117,1,3.0,0.1674727093992075,0.0,0.008668806120276462
2018-06-17 14:00:00,117,1,3.0,0.1816380829734879,0.0,0.0092058721403038
2018-06-17 15:00:00,117,1,3.0,0.1942486111111111,0.0,0.010020800225694444
2018-06-17 16:00:00,117,1,3.0,0.1809275,0.0,0.0096615285
2018-06-17 17:00:00,117,2,2.713659649122807,0.0,-0.0,0.0002720233333333333
2018-06-17 18:00:00,117,2,2.3842035087719298,0.0,-0.0,0.0003129833333333333
2018-06-17 19:00:00,117,2,2.0588073099415203,0.0,-0.0,0.00030912638888888887
2018-06-17 20:00:00,117,2,1.7389090643274852,0.0,-0.0,0.00030390333333333333
2018-06-17 21:00:00,117,1,1.7389090643274852,0.52286,0.0,0.026354758299999947
2018-06-17 22:00:00,117,1,1.7389090643274852,0.3533919444444444,0.0,0.01771023729583333
2018-06-17 23:00:00,117,2,0.6480345029239762,0.0,-0.0,0.0010363308333333333
2018-06-18 00:00:00,117,2,0.6480345029239762,0.0,-0.0,0.0
2018-06-18 01:00:00,117,1,0.6480345029239762,0.0,-0.0,0.0
2018-06-18 02:00:00,117,1,0.6480345029239762,0.0,-0.0,0.0
2018-06-18 03:00:00,117,0,2.073034502923976,1.5,0.0,0.05537625
2018-06-18 04:00:00,117,0,3.0,0.9757531548168673,0.0,0.037161558901200396
2018-06-18 05:00:00,117,1,3.0,0.0,-0.0,0.0
2018-06-18 06:00:00,117,1,3.0,0.0,-0.0,0.0
2018-06-18 07:00:00,117,2,3.0,0.0,-0.0,0.0
2018-06-18 08:00:00,117,2,3.0,0.0,-0.0,0.0
2018-06-18 09:00:00,117,2,3.0,0.0,-0.0,0.0
2018-06-18 10:00:00,117,1,3.0,0.0,-0.0,0.0
2018-06-18 11:00:00,117,1,3.0,0.0,0.0644699251658487,0.0
2018-06-18 12:00:00,117,1,3.0,0.0,0.051355569461379,0.0
2018-06-18 13:00:00,117,1,3.0,0.0,1.0285846144021027,0.0
2018-06-18 14:00:00,117,1,3.0,0.0,0.0784591953454462,0.0
2018-06-18 15:00:00,117,1,3.0,0.0,0.055166317412679,0.0
2018-06-18 16:00:00,117,1,3.0,0.0,0.0113931991223837,0.0
2018-06-18 17:00:00,117,2,3.0,0.0,-0.0,0.0
2018-06-18 18:00:00,117,2,3.0,0.0,-0.0,0.0
2018-06-18 19:00:00,117,2,3.0,0.0,-0.0,0.0
2018-06-18 20:00:00,117,2,3.0,0.0,-0.0,0.0
2018-06-18 21:00:00,117,2,3.0,0.0,-0.0,0.0
2018-06-18 22:00:00,117,2,3.0,0.0,-0.0,0.0
2018-06-18 23:00:00,117,2,3.0,0.0,-0.0,0.0
2018-06-19 00:00:00,117,1,3.0,0.0,-0.0,0.0
2018-06-19 01:00:00,117,1,3.0,0.0,-0.0,0.0
2018-06-19 02:00:00,117,1,3.0,0.0,-0.0,0.0
2018-06-19 03:00:00,117,1,3.0,0.0,-0.0,0.0
2018-06-19 04:00:00,117,1,3.0,0.0,-0.0,0.0
2018-06-19 05:00:00,117,1,3.0,0.0,-0.0,0.0
2018-06-19 06:00:00,117,1,3.0,0.0,-0.0,0.0
2018-06-19 07:00:00,117,1,3.0,0.0,0.4028695981141451,0.0
2018-06-19 08:00:00,117,1,3.0,0.0,0.6057805280072,0.0
2018-06-19 09:00:00,117,1,3.0,0.3959888779971419,0.0,0.023878129343227656
2018-06-19 10:00:00,117,1,3.0,0.2862549488141433,0.0,0.01737710666776257
2018-06-19 11:00:00,117,1,3.0,0.0,0.88742310677249,0.0
2018-06-19 12:00:00,117,1,3.0,0.0,0.8944840372763387,0.0
2018-06-19 13:00:00,117,1,3.0,0.21261661641289178,0.0,0.011740158016778853
2018-06-19 14:00:00,117,1,3.0,0.1808573264787468,0.0,0.009819648541163559
2018-06-19 15:00:00,117,1,3.0,0.14740470665178018,0.0,0.008849073052072979
2018-06-19 16:00:00,117,2,2.7293530501980023,0.0,-0.0,0.0002571146023118977
2018-06-19 17:00:00,117,2,2.3879739298581963,0.0,-0.0,0.0003243101643228157
2018-06-19 18:00:00,117,2,1.90531808190498,0.0,-0.0,0.0004585230555555555
2018-06-19 19:00:00,117,1,1.90531808190498,0.8338216666666667,0.0,0.0459331510625
2018-06-19 20:00:00,117,1,1.90531808190498,0.4523288888888889,0.0,0.023687333088888887
2018-06-19 21:00:00,117,0,3.0,1.6160395336672726,0.0,0.08320266397901109
2018-06-19 22:00:00,117,1,3.0,0.3242875,0.0,0.016541094656249998
2018-06-19 23:00:00,117,2,2.611866374269006,0.0,-0.0,0.0003687269444444444
2018-06-20 00:00:00,117,2,2.2458497076023396,0.0,-0.0,0.0003477158333333333
2018-06-20 01:00:00,117,2,1.913761988304094,0.0,-0.0,0.0003154833333333333
2018-06-20 02:00:00,117,1,1.913761988304094,0.355665,0.0,0.018642180975000002
2018-06-20 03:00:00,117,0,3.0,1.4340401000307783,0.0,0.06984109942533855
2018-06-20 04:00:00,117,1,3.0,0.3748088888888888,0.0,0.017930857244444442
2018-06-20 05:00:00,117,1,3.0,0.3149575,0.0,0.015636852481249998
2018-06-20 06:00:00,117,1,3.0,0.4012508333333333,0.0,0.02045877686458333
2018-06-20 07:00:00,117,1,3.0,0.4619044444444444,0.0,0.024852768633333286
2018-06-20 08:00:00,117,2,2.5930865497076026,0.0,-0.0,0.00038656777777777777
2018-06-20 09:00:00,117,2,2.4343190058479536,0.0,-0.0,0.0001508291666666666
2018-06-20 10:00:00,117,2,2.277509064327486,0.0,-0.0,0.0001489694444444444
2018-06-20 11:00:00,117,1,2.277509064327486,0.1479063888888888,0.0,0.007413807743055552
2018-06-20 12:00:00,117,1,2.277509064327486,0.0,2.591299436382448,0.0
2018-06-20 13:00:00,117,0,3.0,0.0,0.07086574707964233,0.0007605167743921203
2018-06-20 14:00:00,117,1,3.0,0.0,1.5597995843855348,0.0
2018-06-20 15:00:00,117,1,3.0,0.1311741688624357,0.0,0.006816137749514316
2018-06-20 16:00:00,117,1,3.0,0.1038349334642188,0.0,0.005348797010075571
2018-06-20 17:00:00,117,1,3.0,0.1829054615673349,0.0,0.009287939338389247
2018-06-20 18:00:00,117,1,3.0,0.22571833333333327,0.0,0.012127846049999997
2018-06-20 19:00:00,117,2,2.7766298245614034,0.0,-0.0,0.0002122016666666666
2018-06-20 20:00:00,117,2,2.4832739766081873,0.0,-0.0,0.00027868805555555546
2018-06-20 21:00:00,117,2,1.9559368421052632,0.0,-0.0,0.0005009702777777778
2018-06-20 22:00:00,117,2,1.5386236842105263,0.0,-0.0,0.00039644750000000003
2018-06-20 23:00:00,117,2,1.2099084795321637,0.0,-0.0,0.0003122794444444444
2018-06-21 00:00:00,117,2,0.7967511695906433,0.0,-0.0,0.0003924994444444444
2018-06-21 01:00:00,117,2,0.48026520467836264,0.0,-0.0,0.0003006616666666666
2018-06-21 02:00:00,117,1,0.48026520467836264,0.3722202777777778,0.0,0.0168336620625
2018-06-21 03:00:00,117,0,1.9052652046783625,1.7850277777777777,0.0,0.06884017291666666
2018-06-21 04:00:00,117,0,3.0,1.5321213050169284,0.0,0.0592618832121576
2018-06-21 05:00:00,117,1,3.0,1.3123836111111111,0.0,0.05396193312986111
2018-06-21 06:00:00,117,2,2.409269590643275,0.0,-0.0,0.0005611938888888889
2018-06-21 07:00:00,117,2,2.409269590643275,0.0,0.12409395906099224,0.0
2018-06-21 08:00:00,117,0,3.0,0.0,0.8552615396927771,0.000621821483533395
2018-06-21 09:00:00,117,2,3.0,0.0,1.2782751861269708,0.0
2018-06-21 10:00:00,117,1,3.0,0.0,0.0307646625093439,0.0
2018-06-21 11:00:00,117,1,3.0,0.0,0.013373971150162312,0.0
2018-06-21 12:00:00,117,1,3.0,0.0,0.07197491936539932,0.0
2018-06-21 13:00:00,117,1,3.0,0.0,0.1348789688924789,0.0
2018-06-21 14:00:00,117,1,3.0,0.0,0.11664983182754018,0.0
2018-06-21 15:00:00,117,1,3.0,0.0,0.1111237745703591,0.0
2018-06-21 16:00:00,117,1,3.0,0.036626154132768096,0.0,0.0017906526755510324
2018-06-21 17:00:00,117,1,3.0,0.12778117343085843,0.0,0.006557410367538078
2018-06-21 18:00:00,117,1,3.0,0.22128333333333325,0.0,0.011409368666666662
2018-06-21 19:00:00,117,2,2.775840350877193,0.0,-0.0,0.0002129516666666666
2018-06-21 20:00:00,117,2,2.4963634502923977,0.0,-0.0,0.0002655030555555555
2018-06-21 21:00:00,117,2,1.8553611111111112,0.0,-0.0,0.0006089522222222222
2018-06-21 22:00:00,117,2,1.5130143274853802,0.0,-0.0,0.0003252294444444444
2018-06-21 23:00:00,117,2,1.1142400584795324,0.0,-0.0,0.0003788355555555555
2018-06-22 00:00:00,117,2,0.7749412280701757,0.0,-0.0,0.0003223338888888888
2018-06-22 01:00:00,117,0,2.1999412280701756,1.8470211111111112,0.0,0.08558101853055557
2018-06-22 02:00:00,117,0,3.0,1.1755985172360726,0.0,0.05487561397681017
2018-06-22 03:00:00,117,1,3.0,0.3052594444444444,0.0,0.014148775249999999
2018-06-22 04:00:00,117,1,3.0,0.3595897222222222,0.0,0.01658068209166663
2018-06-22 05:00:00,117,1,3.0,0.3109555555555555,0.0,0.014783604499999997
2018-06-22 06:00:00,117,1,3.0,0.4129919444444444,0.0,0.019918601480555555
2018-06-22 07:00:00,117,1,3.0,0.33747187403113177,0.0,0.01644837914027736
2018-06-22 08:00:00,117,2,3.0,0.0,0.9896958879038196,0.0
2018-06-22 09:00:00,117,2,1.9666837341172292,0.0,-0.0,0.0009816504525886323
2018-06-22 10:00:00,117,1,1.9666837341172292,0.0,2.4869786822270186,0.0
2018-06-22 11:00:00,117,0,3.0,0.0,0.869512154497267,0.00108770133250818
2018-06-22 12:00:00,117,1,3.0,0.0,2.8995314020120047,0.0
2018-06-22 13:00:00,117,1,3.0,0.0,0.20258584601264018,0.0
2018-06-22 14:00:00,117,1,3.0,0.0,0.12810039999495698,0.0
2018-06-22 15:00:00,117,1,3.0,0.7393250022675606,0.0,0.035284285733219324
2018-06-22 16:00:00,117,1,3.0,0.9737925883460102,0.0,0.047323885312145236
2018-06-22 17:00:00,117,1,3.0,0.4066759614263001,0.0,0.02142572302774462
2018-06-22 18:00:00,117,1,3.0,0.37226249999999994,0.0,0.020114273531249997
2018-06-22 19:00:00,117,2,2.6774885964912283,0.0,-0.0,0.00030638583333333333
2018-06-22 20:00:00,117,2,2.3548640350877195,0.0,-0.0,0.0003064933333333333
2018-06-22 21:00:00,117,2,2.0350333333333337,0.0,-0.0,0.0003038391666666666
2018-06-22 22:00:00,117,1,2.0350333333333337,0.2882130555555555,0.0,0.01444595887708333
2018-06-22 23:00:00,117,2,1.771776608187135,0.0,-0.0,0.0002500938888888889
2018-06-23 00:00:00,117,2,1.6016584795321642,0.0,-0.0,0.00016161222222222223
2018-06-23 01:00:00,117,2,1.4389678362573104,0.0,-0.0,0.0001545561111111111
2018-06-23 02:00:00,117,2,1.2860792397660825,0.0,-0.0,0.0001452441666666666
2018-06-23 03:00:00,117,1,1.2860792397660825,0.1431161111111111,0.0,0.006568671709722223
2018-06-23 04:00:00,117,0,2.7110792397660823,1.6429072222222223,0.0,0.06538170915740735
2018-06-23 05:00:00,117,0,3.0,0.4541354493690361,0.0,0.017953344463347662
2018-06-23 06:00:00,117,1,3.0,0.1510902777777777,0.0,0.006925978333333315
2018-06-23 07:00:00,117,1,3.0,0.1511252777777778,0.0,0.006938161502777779
2018-06-23 08:00:00,117,1,3.0,0.1516408333333333,0.0,0.007320082127083316
2018-06-23 09:00:00,117,2,2.888830004383008,0.0,-0.0,0.0001056114958361421
2018-06-23 10:00:00,117,2,2.764916669088966,0.0,-0.0,0.0001177176685293403
2018-06-23 11:00:00,117,2,2.7151307794672492,0.0,-0.0,4.72965951406308e-05
2018-06-23 12:00:00,117,1,2.7151307794672492,0.5274440594900055,0.0,0.025446538650095264
2018-06-23 13:00:00,117,1,2.7151307794672492,0.17368743987981883,0.0,0.008049110182630504
2018-06-23 14:00:00,117,0,3.0,0.3645378370826975,0.0,0.01707862763372672
2018-06-23 15:00:00,117,1,3.0,0.07180603629777949,0.0,0.0032467099312040995
2018-06-23 16:00:00,117,1,3.0,0.10829187679536048,0.0,0.005156046983919101
2018-06-23 17:00:00,117,1,3.0,0.1825619799308785,0.0,0.010430222318400916
2018-06-23 18:00:00,117,1,3.0,0.21551499999999998,0.0,0.01240719855
2018-06-23 19:00:00,117,2,2.4145736842105263,0.0,-0.0,0.000556155
2018-06-23 20:00:00,117,2,2.11890701754386,0.0,-0.0,0.0002808833333333333
2018-06-23 21:00:00,117,2,1.794695029239766,0.0,-0.0,0.0003080013888888889
2018-06-23 22:00:00,117,2,1.4702786549707603,0.0,-0.0,0.0003081955555555555
2018-06-23 23:00:00,117,2,1.1490333333333334,0.0,-0.0,0.0003051830555555556
2018-06-24 00:00:00,117,1,1.1490333333333334,0.3082266666666666,0.0,0.0156818022333333
2018-06-24 01:00:00,117,2,0.8815508771929825,0.0,-0.0,0.00025410833333333333
2018-06-24 02:00:00,117,2,0.7090043859649124,0.0,-0.0,0.00016391916666666658
2018-06-24 03:00:00,117,2,0.5465982456140352,0.0,-0.0,0.0001542858333333333
2018-06-24 04:00:00,117,2,0.3871657894736844,0.0,-0.0,0.0001514608333333333
2018-06-24 05:00:00,117,2,0.21657251461988325,0.0,-0.0,0.0001620636111111111
2018-06-24 06:00:00,117,1,0.21657251461988325,0.1558366666666666,0.0,0.00748678305833333
2018-06-24 07:00:00,117,1,0.21657251461988325,0.14104019090897402,0.0,0.006694472661494452
2018-06-24 08:00:00,117,0,1.6415725146198832,1.796158485550587,0.0,0.08230467986870703
2018-06-24 09:00:00,117,0,3.0,1.3492999572300137,0.0,0.06422297042841295
2018-06-24 10:00:00,117,1,3.0,0.0,0.15542734186339568,0.0
2018-06-24 11:00:00,117,2,2.558639185193895,0.0,-0.0,0.0004192927740657994
2018-06-24 12:00:00,117,1,2.558639185193895,0.0723266120402209,0.0,0.0035136268129139308
2018-06-24 13:00:00,117,1,2.558639185193895,0.17085617530251745,0.0,0.00813061824220855
2018-06-24 14:00:00,117,0,3.0,0.344810600103553,0.0,0.016688791092747277
2018-06-24 15:00:00,117,1,3.0,0.3416154000570237,0.0,0.015660503977114108
2018-06-24 16:00:00,117,1,3.0,0.011930587652243307,0.0,0.0005659572517532919
2018-06-24 17:00:00,117,1,3.0,0.8390481563612262,0.0,0.04197548164236125
2018-06-24 18:00:00,117,1,3.0,0.7549752777777776,0.0,0.039787197138888876
2018-06-24 19:00:00,117,1,3.0,0.2146044444444444,0.0,0.012902555711111109
2018-06-24 20:00:00,117,2,2.8009640350877194,0.0,-0.0,0.00018908416666666661
2018-06-24 21:00:00,117,2,2.343022807017544,0.0,-0.0,0.0004350441666666667
2018-06-24 22:00:00,117,2,2.0131546783625733,0.0,-0.0,0.0003133747222222222
2018-06-24 23:00:00,117,2,1.637974561403509,0.0,-0.0,0.0003564211111111111
2018-06-25 00:00:00,117,2,1.2948073099415207,0.0,-0.0,0.0003260088888888889
2018-06-25 01:00:00,117,2,0.986776023391813,0.0,-0.0,0.0002926297222222222
2018-06-25 02:00:00,117,0,2.4117760233918126,1.7815177777777778,0.0,0.08313805216666666
2018-06-25 03:00:00,117,0,3.0,0.9485506332717761,0.0,0.0446082187512503
2018-06-25 04:00:00,117,1,3.0,0.3146044444444444,0.0,0.014487534666666664
2018-06-25 05:00:00,117,1,3.0,0.2987236111111111,0.0,0.013901103243055556
2018-06-25 06:00:00,117,1,3.0,0.3506625,0.0,0.0167055615
2018-06-25 07:00:00,117,2,2.560407244614357,0.0,-0.0,0.0004176131176163611
2018-06-25 08:00:00,117,2,2.4012879921692947,0.0,-0.0,0.0001511632898228091
2018-06-25 09:00:00,117,2,2.4012879921692947,0.0,0.026930047825400483,0.0
2018-06-25 10:00:00,117,1,2.4012879921692947,0.0,0.16535470661990836,0.0
2018-06-25 11:00:00,117,1,2.4012879921692947,0.0,0.11140129237886709,0.0
2018-06-25 12:00:00,117,1,2.4012879921692947,0.0,0.3601099214467781,0.0
2018-06-25 13:00:00,117,0,3.0,0.24919950389163392,0.0,0.012806110926282817
2018-06-25 14:00:00,117,1,3.0,0.0,0.2617608683574225,0.0
2018-06-25 15:00:00,117,1,3.0,0.0,0.16528922710854219,0.0
2018-06-25 16:00:00,117,1,3.0,0.0,0.04024083002171991,0.0
2018-06-25 17:00:00,117,2,2.8831631190199127,0.0,-0.0,0.000110995036931083
2018-06-25 18:00:00,117,2,2.4891362184351173,0.0,-0.0,0.00037432555555555556
2018-06-25 19:00:00,117,2,2.118504054692427,0.0,-0.0,0.0003521005555555556
2018-06-25 20:00:00,117,2,1.7634245225286844,0.0,-0.0,0.00033732555555555547
2018-06-25 21:00:00,117,2,1.469389727207047,0.0,-0.0,0.0002793330555555555
2018-06-25 22:00:00,117,1,1.469389727207047,0.2622166666666666,0.0,0.013405827083333328
2018-06-25 23:00:00,117,0,2.894389727207047,1.6587927777777778,0.0,0.08519853658472223
2018-06-26 00:00:00,117,1,2.894389727207047,0.1540230555555555,0.0,0.007970308067361109
2018-06-26 01:00:00,117,1,2.894389727207047,0.1486163888888889,0.0,0.007568289604166667
2018-06-26 02:00:00,117,1,2.894389727207047,0.1393819444444444,0.0,0.007258314756944428
2018-06-26 03:00:00,117,1,2.894389727207047,0.14066,0.0,0.0071279455
2018-06-26 04:00:00,117,1,2.894389727207047,0.1431536111111111,0.0,0.007194542610416666
2018-06-26 05:00:00,117,1,2.894389727207047,0.1566875,0.0,0.008040810781250001
2018-06-26 06:00:00,117,1,2.894389727207047,0.2228136111111111,0.0,0.011681560596527777
2018-06-26 07:00:00,117,1,2.894389727207047,0.4852777777777778,0.0,0.026492527083333335
2018-06-26 08:00:00,117,2,2.409189434809386,0.0,-0.0,0.0004609402777777778
2018-06-26 09:00:00,117,2,2.055250838318158,0.0,-0.0,0.0003362416666666666
2018-06-26 10:00:00,117,1,2.055250838318158,0.3154927777777778,0.0,0.017212497223611112
2018-06-26 11:00:00,117,0,3.0,1.3943072462148045,0.0,0.07227843076450223
2018-06-26 12:00:00,117,1,3.0,0.3028009741408889,0.0,0.01577593075274031
2018-06-26 13:00:00,117,1,3.0,0.24482944024911069,0.0,0.012836407552260872
2018-06-26 14:00:00,117,1,3.0,0.2911352777777777,0.0,0.015182704736111108
2018-06-26 15:00:00,117,1,3.0,0.2801461111111111,0.0,0.01619524668333333
2018-06-26 16:00:00,117,1,3.0,0.271555,0.0,0.01739920773749997
2018-06-26 17:00:00,117,2,2.7078476608187136,0.0,-0.0,0.0002775447222222222
2018-06-26 18:00:00,117,2,2.3184973684210526,0.0,-0.0,0.00036988277777777776
2018-06-26 19:00:00,117,2,1.926801461988304,0.0,-0.0,0.00037211111111111115
2018-06-26 20:00:00,117,2,1.5147877192982455,0.0,-0.0,0.0003914130555555555
2018-06-26 21:00:00,117,2,1.0791359649122807,0.0,-0.0,0.00041386916666666666
2018-06-26 22:00:00,117,2,0.7232616959064329,0.0,-0.0,0.0003380805555555555
2018-06-26 23:00:00,117,2,0.373782456140351,0.0,-0.0,0.0003320052777777778
2018-06-27 00:00:00,117,2,0.06092017543859668,0.0,-0.0,0.0002972191666666666
2018-06-27 01:00:00,117,1,0.06092017543859668,0.2925080555555555,0.0,0.01419395339583333
2018-06-27 02:00:00,117,1,0.06092017543859668,0.2843383333333333,0.0,0.013731408962499999
2018-06-27 03:00:00,117,1,0.06092017543859668,0.2828622222222222,0.0,0.013699724577777777
2018-06-27 04:00:00,117,0,1.4859201754385964,1.7877680555555555,0.0,0.08696425189583333
2018-06-27 05:00:00,117,0,2.910920175438596,2.5578608333333333,0.0,0.12466739377708333
2018-06-27 06:00:00,117,1,2.910920175438596,0.5753697222222223,0.0,0.027984544864583336
2018-06-27 07:00:00,117,1,2.910920175438596,0.4524811111111111,0.0,0.02210935829166667
2018-06-27 08:00:00,117,1,2.910920175438596,0.5255722222222222,0.0,0.025919908069444445
2018-06-27 09:00:00,117,1,2.910920175438596,0.1600805555555555,0.0,0.008236944986111109
2018-06-27 10:00:00,117,1,2.910920175438596,0.1591066666666666,0.0,0.008030511233333329
2018-06-27 11:00:00,117,1,2.910920175438596,0.1560038888888889,0.0,0.007855185815277778
2018-06-27 12:00:00,117,1,2.910920175438596,0.1548427777777777,0.0,0.0078063986416666625
2018-06-27 13:00:00,117,1,2.910920175438596,0.15525645031271879,0.0,0.0077368170602085595
2018-06-27 14:00:00,117,1,2.910920175438596,0.1557316666666666,0.0,0.008943669616666663
2018-06-27 15:00:00,117,1,2.910920175438596,0.1835625,0.0,0.009672825937499999
2018-06-27 16:00:00,117,1,2.910920175438596,0.2211788888888889,0.0,0.01209074396111109
2018-06-27 17:00:00,117,2,2.6684029239766076,0.0,-0.0,0.0002303913888888888
2018-06-27 18:00:00,117,2,2.429296198830409,0.0,-0.0,0.0002271513888888889
2018-06-27 19:00:00,117,2,2.1907938596491223,0.0,-0.0,0.0002265772222222222
2018-06-27 20:00:00,117,1,2.1907938596491223,0.2234677777777777,0.0,0.011318084274999996
2018-06-27 21:00:00,117,2,1.713781286549707,0.0,-0.0,0.0004531619444444444
2018-06-27 22:00:00,117,2,1.3469467836257305,0.0,-0.0,0.0003484927777777777
2018-06-27 23:00:00,117,2,0.8959315789473679,0.0,-0.0,0.00042846444444444445
2018-06-28 00:00:00,117,2,0.547892690058479,0.0,-0.0,0.0003306369444444444
2018-06-28 01:00:00,117,0,1.9728926900584787,1.8404052777777777,0.0,0.07562538990462951
2018-06-28 02:00:00,117,0,3.0,1.3717394783010166,0.0,0.056407991214219744
2018-06-28 03:00:00,117,1,3.0,0.2823066666666666,0.0,0.013050331433333302
2018-06-28 04:00:00,117,1,3.0,0.2860469444444444,0.0,0.01360725314722222
2018-06-28 05:00:00,117,1,3.0,0.2983769444444444,0.0,0.014120688895833303
2018-06-28 06:00:00,117,1,3.0,0.321645,0.0,0.015701100675
2018-06-28 07:00:00,117,1,3.0,0.4277130555555555,0.0,0.02105096731180555
2018-06-28 08:00:00,117,1,3.0,0.39875804029061934,0.0,0.018629975642377734
2018-06-28 09:00:00,117,1,3.0,0.4582023312521236,0.0,0.01145505828130309
2018-06-28 10:00:00,117,2,2.7209705817068466,0.0,-0.0,0.00026507794737849576
2018-06-28 11:00:00,117,0,3.0,0.410322668290421,0.0,0.020643667911014116
2018-06-28 12:00:00,117,1,3.0,0.1408150000210682,0.0,0.0069506284010399265
2018-06-28 13:00:00,117,1,3.0,0.07096775938683789,0.0,0.0035663073285870706
2018-06-28 14:00:00,117,1,3.0,0.021416224133256306,0.0,0.001064546961103838
2018-06-28 15:00:00,117,1,3.0,0.0737610366358355,0.0,0.0038364959180213942
2018-06-28 16:00:00,117,1,3.0,0.097002627610909,0.0,0.0049919977234264045
2018-06-28 17:00:00,117,1,3.0,0.147976691762322,0.0,0.007870880234837908
2018-06-28 18:00:00,117,2,2.7430915204678366,0.0,-0.0,0.00024406305555555547
2018-06-28 19:00:00,117,2,2.455202046783626,0.0,-0.0,0.000273495
2018-06-28 20:00:00,117,2,2.1757692982456147,0.0,-0.0,0.0002654611111111111
2018-06-28 21:00:00,117,1,2.1757692982456147,0.5750266666666667,0.0,0.028781522233333336
2018-06-28 22:00:00,117,1,2.1757692982456147,0.3920005555555556,0.0,0.01965196785138885
2018-06-28 23:00:00,117,2,1.7702596491228078,0.0,-0.0,0.0003852341666666666
2018-06-29 00:00:00,117,2,1.3938950292397667,0.0,-0.0,0.0003575463888888889
2018-06-29 01:00:00,117,2,1.0812771929824567,0.0,-0.0,0.0002969869444444444
2018-06-29 02:00:00,117,1,1.0812771929824567,0.2860608333333333,0.0,0.014149999120833333
2018-06-29 03:00:00,117,0,2.5062771929824565,1.8117469444444443,0.0,0.08712768996180537
2018-06-29 04:00:00,117,0,3.0,0.8498584956909814,0.0,0.040448184991714646
2018-06-29 05:00:00,117,1,3.0,0.3029233333333333,0.0,0.01440854835
2018-06-29 06:00:00,117,1,3.0,0.3293052777777778,0.0,0.01628167619652778
2018-06-29 07:00:00,117,1,3.0,0.3453994444444444,0.0,0.01758514921527774
2018-06-29 08:00:00,117,2,2.5134505847953217,0.0,-0.0,0.00046222194444444444
2018-06-29 09:00:00,117,2,0.934503216374269,0.35755500000000007,0.0,0.020183142637500005
2018-06-29 10:00:00,117,1,0.934503216374269,0.7238755555555556,0.0,0.036164822755555555
2018-06-29 11:00:00,117,1,0.934503216374269,0.9767669444444445,0.0,0.047065515218055555
2018-06-29 12:00:00,117,1,0.934503216374269,1.2872827777777778,0.0,0.0626842348638889
2018-06-29 13:00:00,117,0,2.359503216374269,2.1034397222222223,0.0,0.10170260976736091
2018-06-29 14:00:00,117,0,3.0,1.068172418436442,0.0,0.051524555120325485
2018-06-29 15:00:00,117,1,3.0,0.4761538888888889,0.0,0.023913638684722224
2018-06-29 16:00:00,117,1,3.0,0.4042125,0.0,0.0203136991875
2018-06-29 17:00:00,117,1,3.0,0.3973908333333333,0.0,0.021175964031249998
2018-06-29 18:00:00,117,2,2.5006385964912283,0.0,-0.0,0.0004743933333333333
2018-06-29 19:00:00,117,2,1.6731119883040937,0.0,-0.0,0.0007861502777777778
2018-06-29 20:00:00,117,2,1.2967815789473685,0.0,-0.0,0.00035751388888888893
2018-06-29 21:00:00,117,1,1.2967815789473685,0.3309241666666667,0.0,0.0168423854625
2018-06-29 22:00:00,117,2,0.9528456140350877,0.0,-0.0,0.0003267391666666667
2018-06-29 23:00:00,117,2,0.7205383040935673,0.0,-0.0,0.0002206919444444444
2018-06-30 00:00:00,117,2,0.5301549707602341,0.0,-0.0,0.00018086416666666661
2018-06-30 01:00:00,117,2,0.3472175438596493,0.0,-0.0,0.0001737905555555555
2018-06-30 02:00:00,117,1,0.3472175438596493,0.1621911111111111,0.0,0.007529722333333332
2018-06-30 03:00:00,117,1,0.3472175438596493,0.1599872222222222,0.0,0.007299816981944444
2018-06-30 04:00:00,117,0,1.7722175438596492,1.6602825,0.0,0.07709681293125
2018-06-30 05:00:00,117,0,3.0,1.4614628631886732,0.0,0.06822740171945213
2018-06-30 06:00:00,117,1,3.0,0.1652283333333333,0.0,0.007287808712499999
2018-06-30 07:00:00,117,1,3.0,0.1666261111111111,0.0,0.008063454081944444
2018-06-30 08:00:00,117,1,3.0,0.1815708333333333,0.0,0.009507956687499998
2018-06-30 09:00:00,117,2,2.80732134502924,0.0,-0.0,0.0001830447222222222
2018-06-30 10:00:00,117,2,2.633422807017544,0.0,-0.0,0.0001652036111111111
2018-06-30 11:00:00,117,1,2.633422807017544,0.1630236111111111,0.0,0.008061110010416666
2018-06-30 12:00:00,117,1,2.633422807017544,0.1684702777777778,0.0,0.008295055302083333
2018-06-30 13:00:00,117,0,3.0,0.760918229455217,0.0,0.03673683684610457
2018-06-30 14:00:00,117,1,3.0,0.4535822222222222,0.0,0.02176627688888889
2018-06-30 15:00:00,117,1,3.0,0.4050325,0.0,0.020574638418750003
2018-06-30 16:00:00,117,1,3.0,0.2683669444444444,0.0,0.013893356713888886
2018-06-30 17:00:00,117,1,3.0,0.2223766666666666,0.0,0.012143433824999997
2018-06-30 18:00:00,117,1,3.0,0.2074261111111111,0.0,0.011921297170833333
2018-06-30 19:00:00,117,2,2.7337269005847955,0.0,-0.0,0.0002529594444444444
2018-06-30 20:00:00,117,2,2.3568333333333333,0.0,-0.0,0.0003580488888888889
2018-06-30 21:00:00,117,2,1.9704622807017544,0.0,-0.0,0.0003670525
2018-06-30 22:00:00,117,2,1.600047076023392,0.0,-0.0,0.0003518944444444444
2018-06-30 23:00:00,117,0,3.0,1.8198696568174821,0.0,0.10003777527005231
2018-06-02 15:00:00,118,0,2.925,1.5,0.0,0.07678125000000001
2018-06-02 16:00:00,118,1,2.925,0.0,-0.0,0.0
2018-06-02 17:00:00,118,1,2.925,0.0,-0.0,0.0
2018-06-02 18:00:00,118,2,2.925,0.0,-0.0,0.0
2018-06-02 19:00:00,118,2,2.925,0.0,-0.0,0.0
2018-06-02 20:00:00,118,2,2.925,0.0,-0.0,0.0
2018-06-02 21:00:00,118,2,2.925,0.0,-0.0,0.0
2018-06-02 22:00:00,118,2,2.925,0.0,-0.0,0.0
2018-06-02 23:00:00,118,2,2.925,0.0,-0.0,0.0
2018-06-03 00:00:00,118,2,2.925,0.0,-0.0,0.0
2018-06-03 01:00:00,118,2,2.925,0.0,-0.0,0.0
2018-06-03 02:00:00,118,2,2.925,0.0,-0.0,0.0
2018-06-03 03:00:00,118,1,2.925,0.0,-0.0,0.0
2018-06-03 04:00:00,118,1,2.925,0.0,-0.0,0.0
2018-06-03 05:00:00,118,1,2.925,0.0,-0.0,0.0
2018-06-03 06:00:00,118,1,2.925,0.0,-0.0,0.0
2018-06-03 07:00:00,118,1,2.925,0.0,-0.0,0.0
2018-06-03 08:00:00,118,1,2.925,0.0,-0.0,0.0
2018-06-03 09:00:00,118,1,2.925,0.0,-0.0,0.0
2018-06-03 10:00:00,118,1,2.925,0.0,-0.0,0.0
2018-06-03 11:00:00,118,1,2.925,0.0,-0.0,0.0
2018-06-03 12:00:00,118,1,2.925,0.0,-0.0,0.0
2018-06-03 13:00:00,118,1,2.925,0.1089516666666666,0.0,0.005927243045833319
2018-06-03 14:00:00,118,1,2.925,0.2682486111111111,0.0,0.014191692770833332
2018-06-03 15:00:00,118,1,2.925,0.3782863888888889,0.0,0.019797618162499964
2018-06-03 16:00:00,118,1,2.925,0.0665427777777777,0.0,0.0036769875430555515
2018-06-03 17:00:00,118,1,2.925,1.2564213888888889,0.0,0.07573394026875
2018-06-03 18:00:00,118,1,2.925,2.2372775,0.0,0.13556783011249998
2018-06-03 19:00:00,118,2,2.604507894736842,0.0,-0.0,0.0003044675
2018-06-03 20:00:00,118,2,2.0738169590643274,0.0,-0.0,0.0005041563888888889
2018-06-03 21:00:00,118,2,1.7673701754385964,0.0,-0.0,0.00029112444444444444
2018-06-03 22:00:00,118,2,1.4753172514619883,0.0,-0.0,0.0002774502777777777
2018-06-03 23:00:00,118,2,1.3616976608187135,0.0,-0.0,0.00010793861111111109
2018-06-04 00:00:00,118,1,1.3616976608187135,0.0847041666666666,0.0,0.004189891604166663
2018-06-04 01:00:00,118,1,1.3616976608187135,0.081645,0.0,0.004063063424999999
2018-06-04 02:00:00,118,1,1.3616976608187135,0.0680419444444444,0.0,0.00337402992013888
2018-06-04 03:00:00,118,0,2.7866976608187133,1.5653072222222222,0.0,0.07638821077916667
2018-06-04 04:00:00,118,0,3.0,0.2911557225300094,0.0,0.014011480129187804
2018-06-04 05:00:00,118,1,3.0,0.0706330555555555,0.0,0.003537656587499997
2018-06-04 06:00:00,118,1,3.0,0.3997236111111111,0.0,0.02008211422222222
2018-06-04 07:00:00,118,1,3.0,0.2623108333333333,0.0,0.014006086945833333
2018-06-04 08:00:00,118,1,3.0,0.0694288888888888,0.0,0.003668448916666662
2018-06-04 09:00:00,118,2,2.9318675438596493,0.0,-0.0,6.47258333333333e-05
2018-06-04 10:00:00,118,2,2.863022514619883,0.0,-0.0,6.54027777777777e-05
2018-06-04 11:00:00,118,1,2.863022514619883,0.0649905555555555,0.0,0.003468870902777768
2018-06-04 12:00:00,118,1,2.863022514619883,0.0717441666666666,0.0,0.0037665687499999962
2018-06-04 13:00:00,118,1,2.863022514619883,0.0776713888888888,0.0,0.004042407434722218
2018-06-04 14:00:00,118,1,2.863022514619883,0.0774972222222222,0.0,0.003977544930555555
2018-06-04 15:00:00,118,1,2.863022514619883,0.0665222222222222,0.0,0.003551954055555548
2018-06-04 16:00:00,118,2,2.7937043859649124,0.0,-0.0,6.58522222222222e-05
2018-06-04 17:00:00,118,2,2.724611695906433,0.0,-0.0,6.56380555555555e-05
2018-06-04 18:00:00,118,2,2.6540821637426903,0.0,-0.0,6.70030555555555e-05
2018-06-04 19:00:00,118,2,2.5820578947368427,0.0,-0.0,6.84230555555555e-05
2018-06-04 20:00:00,118,2,2.4590552631578952,0.0,-0.0,0.0001168525
2018-06-04 21:00:00,118,2,2.1976453216374274,0.0,-0.0,0.0002483394444444444
2018-06-04 22:00:00,118,2,2.1022046783625736,0.0,-0.0,9.06686111111111e-05
2018-06-04 23:00:00,118,2,2.017303801169591,0.0,-0.0,8.065583333333331e-05
2018-06-05 00:00:00,118,1,2.017303801169591,0.0799508333333333,0.0,0.003902600052083332
2018-06-05 01:00:00,118,1,2.017303801169591,0.0718280555555555,0.0,0.003554770469444442
2018-06-05 02:00:00,118,1,2.017303801169591,0.0691144444444444,0.0,0.0034334328138888796
2018-06-05 03:00:00,118,1,2.017303801169591,0.0682663888888888,0.0,0.0032842959694444397
2018-06-05 04:00:00,118,0,3.0,1.1038989958448746,0.0,0.052903871118661475
2018-06-05 05:00:00,118,1,3.0,0.0840244444444444,0.0,0.0038936927555555455
2018-06-05 06:00:00,118,1,3.0,0.0846355555555555,0.0,0.004315990155555553
2018-06-05 07:00:00,118,1,3.0,0.1222063888888888,0.0,0.006943461500694439
2018-06-05 08:00:00,118,2,2.925497076023392,0.0,-0.0,7.07777777777777e-05
2018-06-05 09:00:00,118,2,2.8858877641696528,0.0,-0.0,3.76288462610524e-05
2018-06-05 10:00:00,118,2,2.873499196359014,0.0,-0.0,1.1769139420106496e-05
2018-06-05 11:00:00,118,2,2.873499196359014,0.0,0.060238536206473,0.0
2018-06-05 12:00:00,118,1,2.873499196359014,0.0,0.05192382685839429,0.0
2018-06-05 13:00:00,118,1,2.873499196359014,0.0,0.0451804855339879,0.0
2018-06-05 14:00:00,118,1,2.873499196359014,0.0,0.0005825162813912071,0.0
2018-06-05 15:00:00,118,1,2.873499196359014,0.0570618886836109,0.0,0.0029856206706482314
2018-06-05 16:00:00,118,1,2.873499196359014,0.008504835970047496,0.0,0.0004484174765207542
2018-06-05 17:00:00,118,2,2.8154682964623348,0.0,-0.0,5.512935490184541e-05
2018-06-05 18:00:00,118,2,2.460084085936019,0.0,-0.0,0.000337615
2018-06-05 19:00:00,118,2,2.175969466052978,0.0,-0.0,0.00026990888888888884
2018-06-05 20:00:00,118,2,1.8569282379828023,0.0,-0.0,0.00030308916666666667
2018-06-05 21:00:00,118,2,1.56310952453251,0.0,-0.0,0.00027912777777777773
2018-06-05 22:00:00,118,2,0.11711946605297774,0.0,-0.0,0.0013736905555555557
2018-06-05 23:00:00,118,1,0.11711946605297774,0.0741794444444444,0.0,0.0039405975374999895
2018-06-06 00:00:00,118,1,0.11711946605297774,0.0666030555555555,0.0,0.003343473388888886
2018-06-06 01:00:00,118,1,0.11711946605297774,0.0682902777777777,0.0,0.0033477601423611072
2018-06-06 02:00:00,118,1,0.11711946605297774,0.0673058333333333,0.0,0.0032793084645833318
2018-06-06 03:00:00,118,0,1.5421194660529776,1.5682977777777778,0.0,0.07532761788888889
2018-06-06 04:00:00,118,0,2.9671194660529774,1.5697927777777778,0.0,0.07508796094027778
2018-06-06 05:00:00,118,1,2.9671194660529774,0.0706344444444444,0.0,0.0034266534861111093
2018-06-06 06:00:00,118,1,2.9671194660529774,0.0848994444444444,0.0,0.004306524319444434
2018-06-06 07:00:00,118,1,2.9671194660529774,0.1440025,0.0,0.007457889475000001
2018-06-06 08:00:00,118,2,2.888131454357071,0.0,-0.0,7.50386111111111e-05
2018-06-06 09:00:00,118,1,2.888131454357071,0.007019501615655399,0.0,0.00036285558726726675
2018-06-06 10:00:00,118,1,2.888131454357071,0.0,0.029820671285316097,0.0
2018-06-06 11:00:00,118,1,2.888131454357071,0.0236893725325059,0.0,0.0012420338018792844
2018-06-06 12:00:00,118,1,2.888131454357071,0.0,2.8330630763988722,0.0
2018-06-06 13:00:00,118,1,2.888131454357071,0.0,0.0901898311862651,0.0
2018-06-06 14:00:00,118,1,2.888131454357071,0.0,0.0926006213681377,0.0
2018-06-06 15:00:00,118,1,2.888131454357071,0.0,0.057945423271450094,0.0
2018-06-06 16:00:00,118,1,2.888131454357071,0.0,0.003986198077876396,0.0
2018-06-06 17:00:00,118,1,2.888131454357071,0.0334743691514043,0.0,0.001840504501867087
2018-06-06 18:00:00,118,2,2.6115229748249074,0.0,-0.0,0.0002627780555555555
2018-06-06 19:00:00,118,2,2.2571165420763695,0.0,-0.0,0.0003366861111111111
2018-06-06 20:00:00,118,2,1.8712180040646735,0.0,-0.0,0.0003666036111111111
2018-06-06 21:00:00,118,2,1.7219571853512234,0.0,-0.0,0.0001417977777777777
2018-06-06 22:00:00,118,2,1.6030311619594106,0.0,-0.0,0.0001129797222222222
2018-06-06 23:00:00,118,2,1.53353086956175,0.0,-0.0,6.60252777777777e-05
2018-06-07 00:00:00,118,2,1.4647802847664284,0.0,-0.0,6.53130555555555e-05
2018-06-07 01:00:00,118,1,1.4647802847664284,0.0788208333333333,0.0,0.0039213364583333314
2018-06-07 02:00:00,118,1,1.4647802847664284,0.0835452777777777,0.0,0.004116066972916655
2018-06-07 03:00:00,118,0,2.8897802847664282,1.5727180555555555,0.0,0.07765100825
2018-06-07 04:00:00,118,1,2.8897802847664282,0.0717527777777777,0.0,0.003518218076388885
2018-06-07 05:00:00,118,1,2.8897802847664282,0.0816141666666666,0.0,0.004078055872916663
2018-06-07 06:00:00,118,1,2.8897802847664282,0.0864569444444444,0.0,0.004501164670138886
2018-06-07 07:00:00,118,2,2.7396770683921594,0.0,-0.0,0.00014259805555555548
2018-06-07 08:00:00,118,2,2.6621662496787093,0.0,-0.0,7.36352777777777e-05
2018-06-07 09:00:00,118,2,2.5915568929535633,0.0,-0.0,6.70788888888888e-05
2018-06-07 10:00:00,118,1,2.5915568929535633,0.0683822222222222,0.0,0.0035844251333333322
2018-06-07 11:00:00,118,0,3.0,0.4986912237915708,0.0,0.02604895500691293
2018-06-07 12:00:00,118,1,3.0,0.0,1.9909788941622792,0.0
2018-06-07 13:00:00,118,1,3.0,0.0,0.03401861045464859,0.0
2018-06-07 14:00:00,118,1,3.0,0.0,0.0382979784708463,0.0
2018-06-07 15:00:00,118,1,3.0,0.0,0.032818837532294295,0.0
2018-06-07 16:00:00,118,1,3.0,0.0100389383239856,0.0,0.0006242713796770445
2018-06-07 17:00:00,118,2,2.955909879523622,0.0,-0.0,4.188561445255899e-05
2018-06-07 18:00:00,118,2,2.886885902915435,0.0,-0.0,6.55727777777777e-05
2018-06-07 19:00:00,118,2,2.815422745020698,0.0,-0.0,6.789e-05
2018-06-07 20:00:00,118,2,2.742969528646429,0.0,-0.0,6.88305555555555e-05
2018-06-07 21:00:00,118,2,1.1640221602253762,0.3096049999999999,0.0,0.018372698487499995
2018-06-07 22:00:00,118,2,1.015979177769236,0.0,-0.0,0.0001406408333333333
2018-06-07 23:00:00,118,1,1.015979177769236,0.0695944444444444,0.0,0.003512431611111109
2018-06-08 00:00:00,118,2,0.9051432128569553,0.0,-0.0,0.0001052941666666666
2018-06-08 01:00:00,118,1,0.9051432128569553,0.0953611111111111,0.0,0.0048405299999999905
2018-06-08 02:00:00,118,1,0.9051432128569553,0.0620097222222222,0.0,0.0031282354618055483
2018-06-08 03:00:00,118,1,0.9051432128569553,0.0706136111111111,0.0,0.0035534534451388882
2018-06-08 04:00:00,118,0,2.3301432128569552,1.6012877777777776,0.0,0.08185262068888889
2018-06-08 05:00:00,118,0,3.0,0.79128546307455,0.0,0.04029510233879642
2018-06-08 06:00:00,118,1,3.0,0.0741252777777777,0.0,0.0037651934847222185
2018-06-08 07:00:00,118,1,3.0,0.1745058333333333,0.0,0.009466941458333331
2018-06-08 08:00:00,118,1,3.0,0.0882933333333333,0.0,0.005850536999999989
2018-06-08 09:00:00,118,2,2.9003798245614036,0.0,-0.0,9.463916666666659e-05
2018-06-08 10:00:00,118,2,2.8336894736842106,0.0,-0.0,6.335583333333331e-05
2018-06-08 11:00:00,118,2,2.7661102339181287,0.0,-0.0,6.420027777777771e-05
2018-06-08 12:00:00,118,2,2.6915068518933762,0.0,-0.0,7.087321292351489e-05
2018-06-08 13:00:00,118,2,2.629907983757422,0.0,-0.0,5.851892472915641e-05
2018-06-08 14:00:00,118,1,2.629907983757422,0.03622215827609301,0.0,0.0019116244030208086
2018-06-08 15:00:00,118,1,2.629907983757422,0.0212097044918299,0.0,0.0011030637063588434
2018-06-08 16:00:00,118,1,2.629907983757422,0.0755823177439553,0.0,0.003913085545398926
2018-06-08 17:00:00,118,1,2.629907983757422,0.3044105555555556,0.0,0.016368916598611113
2018-06-08 18:00:00,118,2,2.3298489194299368,0.0,-0.0,0.00028505611111111115
2018-06-08 19:00:00,118,2,2.046578159196019,0.0,-0.0,0.0002691072222222222
2018-06-08 20:00:00,118,2,1.0064734808334457,0.0,-0.0,0.0009880994444444445
2018-06-08 21:00:00,118,2,0.5053492118275977,0.0,-0.0,0.0004760680555555555
2018-06-08 22:00:00,118,2,0.19760125861122352,0.0,-0.0,0.0002923605555555555
2018-06-08 23:00:00,118,2,0.0,0.10638352654155989,0.0,0.0059172719763927245
2018-06-09 00:00:00,118,1,0.0,0.1640152777777777,0.0,0.008359858708333329
2018-06-09 01:00:00,118,1,0.0,0.0712661111111111,0.0,0.00352945415277777
2018-06-09 02:00:00,118,1,0.0,0.0617211111111111,0.0,0.0030585896611111107
2018-06-09 03:00:00,118,0,1.4249999999999998,1.5824683333333334,0.0,0.07747430468333333
2018-06-09 04:00:00,118,0,2.8499999999999996,1.5959722222222221,0.0,0.07819843506944428
2018-06-09 05:00:00,118,1,2.8499999999999996,0.0771788888888889,0.0,0.003684713102777778
2018-06-09 06:00:00,118,1,2.8499999999999996,0.0571552777777777,0.0,0.002904059663888885
2018-06-09 07:00:00,118,1,2.8499999999999996,0.0934252777777777,0.0,0.004743902042361108
2018-06-09 08:00:00,118,1,2.8499999999999996,0.0,0.6830215404622851,0.0
2018-06-09 09:00:00,118,2,2.8499999999999996,0.0,2.489093388628443,0.0
2018-06-09 10:00:00,118,2,2.8499999999999996,0.0,2.3710330206436208,0.0
2018-06-09 11:00:00,118,2,2.7590225146198826,0.0,-0.0,8.64286111111111e-05
2018-06-09 12:00:00,118,1,2.7590225146198826,0.0926302777777777,0.0,0.004572693662499996
2018-06-09 13:00:00,118,1,2.7590225146198826,0.0857444444444444,0.0,0.004147244416666664
2018-06-09 14:00:00,118,1,2.7590225146198826,0.0625016666666666,0.0,0.0030085177249999963
2018-06-09 15:00:00,118,0,3.0,0.9152841220375505,0.0,0.0420432453128559
2018-06-09 16:00:00,118,1,3.0,0.5058316666666667,0.0,0.02324928797916667
2018-06-09 17:00:00,118,1,3.0,0.5270169444444445,0.0,0.028295539747222223
2018-06-09 18:00:00,118,1,3.0,0.3685152777777777,0.0,0.02032546014583333
2018-06-09 19:00:00,118,2,2.6746552631578946,0.0,-0.0,0.0003090775
2018-06-09 20:00:00,118,2,2.0484067251461986,0.0,-0.0,0.0005949361111111111
2018-06-09 21:00:00,118,2,1.7070394736842103,0.0,-0.0,0.0003242988888888889
2018-06-09 22:00:00,118,2,1.392767251461988,0.0,-0.0,0.0002985586111111111
2018-06-09 23:00:00,118,2,1.3002251461988301,0.0,-0.0,8.7915e-05
2018-06-10 00:00:00,118,2,1.229086842105263,0.0,-0.0,6.75813888888888e-05
2018-06-10 01:00:00,118,2,1.1542722222222221,0.0,-0.0,7.10738888888889e-05
2018-06-10 02:00:00,118,2,1.0546599415204678,0.0,-0.0,9.46316666666666e-05
2018-06-10 03:00:00,118,1,1.0546599415204678,0.09182,0.0,0.004432610499999991
2018-06-10 04:00:00,118,1,1.0546599415204678,0.0585302777777777,0.0,0.0027939428097222187
2018-06-10 05:00:00,118,0,2.4796599415204676,1.5814772222222222,0.0,0.0766597049861111
2018-06-10 06:00:00,118,0,3.0,0.6441805440135429,0.0,0.03127513832679287
2018-06-10 07:00:00,118,1,3.0,0.0733172222222222,0.0,0.0035197765458333326
2018-06-10 08:00:00,118,1,3.0,0.2347288888888888,0.0,0.011672480822222218
2018-06-10 09:00:00,118,2,2.714890643274854,0.0,-0.0,0.0002708538888888889
2018-06-10 10:00:00,118,2,2.2514134502923975,0.0,-0.0,0.00044030333333333334
2018-06-10 11:00:00,118,2,1.8462748538011695,0.0,-0.0,0.0003848816666666667
2018-06-10 12:00:00,118,2,1.8462748538011695,0.0,0.6387179025382463,0.0
2018-06-10 13:00:00,118,1,1.8462748538011695,0.9089991666666668,0.0,0.04478638894166667
2018-06-10 14:00:00,118,0,3.0,1.4678189222832665,0.0,0.07238164796921874
2018-06-10 15:00:00,118,1,3.0,0.2719766511412415,0.0,0.013396209951961849
2018-06-10 16:00:00,118,1,3.0,0.2691774067827048,0.0,0.013450122073414802
2018-06-10 17:00:00,118,1,3.0,0.2729041942769049,0.0,0.014167138985399825
2018-06-10 18:00:00,118,1,3.0,0.4570647222222222,0.0,0.02467121104375
2018-06-10 19:00:00,118,2,1.4210526315789473,1.3436688888888888,0.0,0.07716871347777764
2018-06-10 20:00:00,118,2,0.4272137426900585,0.0,-0.0,0.0009441469444444444
2018-06-10 21:00:00,118,2,0.12443567251461995,0.0,-0.0,0.0002876391666666666
2018-06-10 22:00:00,118,1,0.12443567251461995,0.279115,0.0,0.014763787924999999
2018-06-10 23:00:00,118,1,0.12443567251461995,0.1053575,0.0,0.005381924493750001
2018-06-11 00:00:00,118,1,0.12443567251461995,0.0955513888888889,0.0,0.004700411697916667
2018-06-11 01:00:00,118,1,0.12443567251461995,0.0588119444444444,0.0,0.0028435575138888868
2018-06-11 02:00:00,118,1,0.12443567251461995,0.0702325,0.0,0.0033969704437500003
2018-06-11 03:00:00,118,0,1.5494356725146199,1.5996922222222223,0.0,0.07762135439444445
2018-06-11 04:00:00,118,0,2.9744356725146197,1.5730266666666666,0.0,0.0757193307
2018-06-11 05:00:00,118,1,2.9744356725146197,0.0542666666666666,0.0,0.002645228666666663
2018-06-11 06:00:00,118,1,2.9744356725146197,0.1169519444444444,0.0,0.005725967199999998
2018-06-11 07:00:00,118,1,2.9744356725146197,0.1461372222222222,0.0,0.007506338419444443
2018-06-11 08:00:00,118,2,2.918673976608187,0.0,-0.0,5.2973611111111106e-05
2018-06-11 09:00:00,118,2,2.812181871345029,0.0,-0.0,0.0001011675
2018-06-11 10:00:00,118,2,2.723814035087719,0.0,-0.0,8.39494444444444e-05
2018-06-11 11:00:00,118,1,2.723814035087719,0.0535922222222222,0.0,0.0026809509166666654
2018-06-11 12:00:00,118,1,2.723814035087719,0.0909113888888888,0.0,0.004585115898611107
2018-06-11 13:00:00,118,0,3.0,0.3794512349953835,0.0,0.01924715714061059
2018-06-11 14:00:00,118,1,3.0,0.0520933333333333,0.0,0.0025743222999999983
2018-06-11 15:00:00,118,1,3.0,0.0812822222222222,0.0,0.004167136327777776
2018-06-11 16:00:00,118,1,3.0,0.09052803155913859,0.0,0.004634129935512305
2018-06-11 17:00:00,118,2,2.7516073099415204,0.0,-0.0,0.00023597305555555552
2018-06-11 18:00:00,118,2,2.5805391812865497,0.0,-0.0,0.0001625147222222222
2018-06-11 19:00:00,118,2,2.452715789473684,0.0,-0.0,0.0001214322222222222
2018-06-11 20:00:00,118,2,2.196487426900585,0.0,-0.0,0.0002434169444444444
2018-06-11 21:00:00,118,2,1.9905792397660822,0.0,-0.0,0.00019561277777777769
2018-06-11 22:00:00,118,2,1.8804421052631584,0.0,-0.0,0.0001046302777777777
2018-06-11 23:00:00,118,2,1.7956865497076029,0.0,-0.0,8.05177777777777e-05
2018-06-12 00:00:00,118,1,1.7956865497076029,0.1316775,0.0,0.006341588400000001
2018-06-12 01:00:00,118,1,1.7956865497076029,0.0716063888888888,0.0,0.003456082359722211
2018-06-12 02:00:00,118,1,1.7956865497076029,0.0804038888888888,0.0,0.003926925933333329
2018-06-12 03:00:00,118,0,3.0,1.3834033687288392,0.0,0.06636028537584254
2018-06-12 04:00:00,118,1,3.0,0.075455,0.0,0.003530916725
2018-06-12 05:00:00,118,1,3.0,0.0936594444444444,0.0,0.004500804602777776
2018-06-12 06:00:00,118,1,3.0,0.4999297222222222,0.0,0.024696528277777727
2018-06-12 07:00:00,118,1,3.0,0.110015,0.0,0.0060560507125
2018-06-12 08:00:00,118,1,3.0,0.0697833333333333,0.0,0.004046735499999998
2018-06-12 09:00:00,118,1,3.0,0.0971325,0.0,0.006351170399999983
2018-06-12 10:00:00,118,2,2.897788596491228,0.0,-0.0,9.71008333333333e-05
2018-06-12 11:00:00,118,2,2.8333324561403512,0.0,-0.0,6.12333333333333e-05
2018-06-12 12:00:00,118,1,2.8333324561403512,0.0761016666666666,0.0,0.004515619227777768
2018-06-12 13:00:00,118,0,3.0,0.18602195760814755,0.0,0.00956489783012349
2018-06-12 14:00:00,118,1,3.0,0.0,0.06509776043365069,0.0
2018-06-12 15:00:00,118,1,3.0,0.0,0.0733246506788036,0.0
2018-06-12 16:00:00,118,1,3.0,0.0012190427316959018,0.0,5.382073660437407e-05
2018-06-12 17:00:00,118,2,2.8292048742632265,0.0,-0.0,0.00016225536944993482
2018-06-12 18:00:00,118,2,2.514257213444513,0.0,-0.0,0.0002992002777777778
2018-06-12 19:00:00,118,2,2.208977973678431,0.0,-0.0,0.0002900152777777778
2018-06-12 20:00:00,118,1,2.208977973678431,0.3120027777777778,0.0,0.015718699944444445
2018-06-12 21:00:00,118,2,1.8453531198772617,0.0,-0.0,0.0003454436111111111
2018-06-12 22:00:00,118,2,0.5805607222164431,0.0,-0.0,0.0012015527777777778
2018-06-12 23:00:00,118,2,0.5040782660760922,0.0,-0.0,7.26583333333333e-05
2018-06-13 00:00:00,118,2,0.38763879239188165,0.0,-0.0,0.0001106175
2018-06-13 01:00:00,118,1,0.38763879239188165,0.0662205555555555,0.0,0.003136205511111102
2018-06-13 02:00:00,118,1,0.38763879239188165,0.0734011111111111,0.0,0.003483616733333333
2018-06-13 03:00:00,118,0,1.8126387923918814,1.6094608333333333,0.0,0.07718489568749999
2018-06-13 04:00:00,118,0,3.0,1.3045872360787214,0.0,0.06358303204258671
2018-06-13 05:00:00,118,1,3.0,0.0979991666666666,0.0,0.004572886114583331
2018-06-13 06:00:00,118,1,3.0,0.1256311111111111,0.0,0.006426973566666667
2018-06-13 07:00:00,118,2,3.0,0.0,0.10382455092135578,0.0
2018-06-13 08:00:00,118,2,3.0,0.0,1.9293068794624404,0.0
2018-06-13 09:00:00,118,2,3.0,0.0,1.340039402854591,0.0
2018-06-13 10:00:00,118,2,3.0,0.0,0.008289008183853294,0.0
2018-06-13 11:00:00,118,1,3.0,0.0,0.0751321205943215,0.0
2018-06-13 12:00:00,118,1,3.0,0.001840339136839203,0.0,9.326378660716872e-05
2018-06-13 13:00:00,118,2,3.0,0.0,0.0020273331372042958,0.0
2018-06-13 14:00:00,118,1,3.0,0.0735141666666666,0.0,0.0037620874791666633
2018-06-13 15:00:00,118,1,3.0,0.1014655555555555,0.0,0.005132127799999997
2018-06-13 16:00:00,118,1,3.0,0.0508197222222222,0.0,0.002577703360416665
2018-06-13 17:00:00,118,2,2.6960295321637426,0.0,-0.0,0.00028877194444444437
2018-06-13 18:00:00,118,2,2.4131163742690056,0.0,-0.0,0.0002687675
2018-06-13 19:00:00,118,2,2.2412038011695903,0.0,-0.0,0.00016331694444444438
2018-06-13 20:00:00,118,2,1.8918836257309937,0.0,-0.0,0.00033185416666666666
2018-06-13 21:00:00,118,2,1.619465497076023,0.0,-0.0,0.0002587972222222222
2018-06-13 22:00:00,118,2,1.5130754385964909,0.0,-0.0,0.0001010705555555555
2018-06-13 23:00:00,118,2,1.4342786549707598,0.0,-0.0,7.48569444444444e-05
2018-06-14 00:00:00,118,2,1.3489883040935668,0.0,-0.0,8.102583333333329e-05
2018-06-14 01:00:00,118,1,1.3489883040935668,0.085465,0.0,0.0033374082499999912
2018-06-14 02:00:00,118,1,1.3489883040935668,0.0719386111111111,0.0,0.002585293836805555
2018-06-14 03:00:00,118,0,2.7739883040935664,1.5900880555555554,0.0,0.04898400455902777
2018-06-14 04:00:00,118,0,3.0,0.3086476038781172,0.0,0.008950257286792114
2018-06-14 05:00:00,118,1,3.0,0.0900094444444444,0.0,0.003164282019444443
2018-06-14 06:00:00,118,1,3.0,0.0889805555555555,0.0,0.004106675090277775
2018-06-14 07:00:00,118,1,3.0,0.1242205555555555,0.0,0.006417544451388886
2018-06-14 08:00:00,118,1,3.0,0.0809927777777777,0.0,0.004084870747222219
2018-06-14 09:00:00,118,1,3.0,0.081735,0.0,0.0042001573124999915
2018-06-14 10:00:00,118,2,2.9205654970760233,0.0,-0.0,7.54627777777777e-05
2018-06-14 11:00:00,118,2,2.830945029239766,0.0,-0.0,8.513944444444441e-05
2018-06-14 12:00:00,118,1,2.830945029239766,0.0790630555555555,0.0,0.004035180697916656
2018-06-14 13:00:00,118,0,3.0,0.25950232302246856,0.0,0.012163067389592956
2018-06-14 14:00:00,118,1,3.0,0.059330074850178605,0.0,0.0025942075228240595
2018-06-14 15:00:00,118,1,3.0,0.0775176998745732,0.0,0.003630929062125009
2018-06-14 16:00:00,118,1,3.0,0.0445517808257776,0.0,0.00219851900430006
2018-06-14 17:00:00,118,1,3.0,0.24916320089695151,0.0,0.013358885016090056
2018-06-14 18:00:00,118,1,3.0,0.2499394444444444,0.0,0.013265536013888886
2018-06-14 19:00:00,118,1,3.0,0.3252141666666667,0.0,0.017454244325000003
2018-06-14 20:00:00,118,1,3.0,0.3492558333333333,0.0,0.019022218962499966
2018-06-14 21:00:00,118,2,2.6425576023391812,0.0,-0.0,0.0003395702777777777
2018-06-14 22:00:00,118,2,1.4296649122807017,0.0,-0.0,0.0011522480555555554
2018-06-14 23:00:00,118,2,1.317956432748538,0.0,-0.0,0.0001061230555555555
2018-06-15 00:00:00,118,2,1.2346640350877194,0.0,-0.0,7.91277777777777e-05
2018-06-15 01:00:00,118,2,1.1325391812865497,0.0,-0.0,9.70186111111111e-05
2018-06-15 02:00:00,118,1,1.1325391812865497,0.0608294444444444,0.0,0.003111578156944442
2018-06-15 03:00:00,118,0,2.5575391812865496,1.604726111111111,0.0,0.07857900693194445
2018-06-15 04:00:00,118,0,3.0,0.513675174669129,0.0,0.02518765019911319
2018-06-15 05:00:00,118,1,3.0,0.1174758333333333,0.0,0.005810648406249987
2018-06-15 06:00:00,118,1,3.0,0.0431033333333333,0.0,0.002195252766666665
2018-06-15 07:00:00,118,1,3.0,0.1933544444444444,0.0,0.010712802994444423
2018-06-15 08:00:00,118,2,2.958688304093567,0.0,-0.0,3.92461111111111e-05
2018-06-15 09:00:00,118,2,2.844335087719298,0.0,-0.0,0.0001086355555555555
2018-06-15 10:00:00,118,2,2.775107602339181,0.0,-0.0,6.57661111111111e-05
2018-06-15 11:00:00,118,0,3.0,0.3069760909663675,0.0,0.016034485920999656
2018-06-15 12:00:00,118,1,3.0,0.0698415872752409,0.0,0.0036387466970400507
2018-06-15 13:00:00,118,1,3.0,0.006132050605095904,0.0,0.0003220859580326624
2018-06-15 14:00:00,118,1,3.0,0.0,0.03961876124928031,0.0
2018-06-15 15:00:00,118,1,3.0,0.0213105063889562,0.0,0.0011086790948854463
2018-06-15 16:00:00,118,1,3.0,0.0502230946714093,0.0,0.0026790254275096508
2018-06-15 17:00:00,118,2,2.8060721740372494,0.0,-0.0,0.000184231434664613
2018-06-15 18:00:00,118,2,2.4838496594173662,0.0,-0.0,0.0003061113888888889
2018-06-15 19:00:00,118,2,2.0520093085401734,0.0,-0.0,0.0004102483333333333
2018-06-15 20:00:00,118,0,3.0,1.669318549489876,0.0,0.08583265362345426
2018-06-15 21:00:00,118,1,3.0,0.3051177777777777,0.0,0.01568763054444441
2018-06-15 22:00:00,118,1,3.0,0.2780861111111111,0.0,0.013994683541666665
2018-06-15 23:00:00,118,2,2.8688090643274853,0.0,-0.0,0.0001246313888888888
2018-06-16 00:00:00,118,2,2.8143187134502923,0.0,-0.0,5.1765833333333305e-05
2018-06-16 01:00:00,118,2,2.7017786549707603,0.0,-0.0,0.0001069130555555555
2018-06-16 02:00:00,118,2,2.662966374269006,0.0,-0.0,3.68716666666666e-05
2018-06-16 03:00:00,118,2,2.5347412280701755,0.0,-0.0,0.00012181388888888881
2018-06-16 04:00:00,118,2,2.498848245614035,0.0,-0.0,3.40983333333333e-05
2018-06-16 05:00:00,118,1,2.498848245614035,0.1138897222222222,0.0,0.005530769635416666
2018-06-16 06:00:00,118,2,2.4630616959064326,0.0,-0.0,3.39972222222222e-05
2018-06-16 07:00:00,118,2,2.4630616959064326,0.0,0.3738827141926905,0.0
2018-06-16 08:00:00,118,0,3.0,0.6092996037242229,0.0,0.029141349629501385
2018-05-30 15:00:00,120,1,1.5,0.1211352777777777,0.0,0.007552178893055539
2018-05-30 16:00:00,120,1,1.5,0.2511036111111111,0.0,0.0166331032
2018-05-30 17:00:00,120,2,1.3536,0.0,-0.0,0.00013908
2018-05-30 18:00:00,120,2,1.0315745614035088,0.0,-0.0,0.00030592416666666664
2018-05-30 19:00:00,120,2,0.8413444444444445,0.0,-0.0,0.0001807186111111111
2018-05-30 20:00:00,120,2,0.6277657894736842,0.0,-0.0,0.0002028997222222222
2018-05-30 21:00:00,120,1,0.6277657894736842,0.2703502777777777,0.0,0.014509023532638885
2018-05-30 22:00:00,120,1,0.6277657894736842,0.1454938888888889,0.0,0.007692625640277764
2018-05-30 23:00:00,120,2,0.4147833333333334,0.0,-0.0,0.0002023333333333333
2018-05-31 00:00:00,120,2,0.26060175438596495,0.0,-0.0,0.0001464725
2018-05-31 01:00:00,120,1,0.26060175438596495,0.1586705555555555,0.0,0.00819969763472222
2018-05-31 02:00:00,120,1,0.26060175438596495,0.0,-0.0,0.0
2018-05-31 03:00:00,120,0,1.6856017543859647,1.5370972222222221,0.0,0.0790465548611111
2018-05-31 04:00:00,120,0,3.0,1.5133540450907974,0.0,0.07832628013817507
2018-05-31 05:00:00,120,1,3.0,0.1218527777777777,0.0,0.006380516076388873
2018-05-31 06:00:00,120,1,3.0,0.1669275,0.0,0.00893688103125
2018-05-31 07:00:00,120,1,3.0,0.4546519444444444,0.0,0.022839440429166667
2018-05-31 08:00:00,120,1,3.0,0.187035,0.0,0.011147286000000001
2018-05-31 09:00:00,120,2,2.8082880116959066,0.0,-0.0,0.0001821263888888888
2018-05-31 10:00:00,120,2,2.6901853801169593,0.0,-0.0,0.0001121974999999999
2018-05-31 11:00:00,120,0,3.0,0.5315975969529083,0.0,0.030025149400275068
2018-05-31 12:00:00,120,1,3.0,0.2136516666666666,0.0,0.012613994399999997
2018-05-31 13:00:00,120,1,3.0,0.2424138888888888,0.0,0.013566087256944415
2018-05-31 14:00:00,120,1,3.0,0.1252116666666666,0.0,0.0068137058708333306
2018-05-31 15:00:00,120,1,3.0,0.1553658333333333,0.0,0.009078414056249998
2018-05-31 16:00:00,120,1,3.0,0.1328413888888888,0.0,0.007985427989583328
2018-05-31 17:00:00,120,2,2.7375096491228073,0.0,-0.0,0.0002493658333333333
2018-05-31 18:00:00,120,2,2.2694315789473687,0.0,-0.0,0.0004446741666666666
2018-05-31 19:00:00,120,2,1.1061508771929827,0.0,-0.0,0.0011051166666666667
2018-05-31 20:00:00,120,2,0.9291476608187137,0.0,-0.0,0.00016815305555555548
2018-05-31 21:00:00,120,2,0.47479415204678393,0.0,-0.0,0.00043163583333333326
2018-05-31 22:00:00,120,2,0.2351248538011699,0.0,-0.0,0.00022768583333333331
2018-05-31 23:00:00,120,2,0.0978476608187138,0.0,-0.0,0.0001304133333333333
2018-06-01 00:00:00,120,1,0.0978476608187138,0.1115094444444444,0.0,0.005646280719444442
2018-06-01 01:00:00,120,1,0.0978476608187138,0.1325986111111111,0.0,0.006874574993055555
2018-06-01 02:00:00,120,1,0.0978476608187138,0.1329555555555555,0.0,0.006772091222222219
2018-06-01 03:00:00,120,0,1.5228476608187136,1.5,0.0,0.07687874999999986
2018-06-01 04:00:00,120,0,2.9478476608187134,1.552343611111111,0.0,0.07850012397013889
2018-06-01 05:00:00,120,1,2.9478476608187134,0.1349052777777777,0.0,0.006840709372916662
2018-06-01 06:00:00,120,1,2.9478476608187134,0.1084461111111111,0.0,0.005584974722222222
2018-06-01 07:00:00,120,1,2.9478476608187134,0.1853808333333333,0.0,0.009317704135416665
2018-06-01 08:00:00,120,1,2.9478476608187134,0.0,0.30669030241313744,0.0
2018-06-01 09:00:00,120,2,2.9478476608187134,0.0,0.46606966285585993,0.0
2018-06-01 10:00:00,120,2,2.9478476608187134,0.0,0.6113663673503809,0.0
2018-06-01 11:00:00,120,2,2.8556324440244936,0.0,-0.0,8.76044559545089e-05
2018-06-01 12:00:00,120,1,2.8556324440244936,0.1947375,0.0,0.009978836343749981
2018-06-01 13:00:00,120,1,2.8556324440244936,0.1481549999999999,0.0,0.007374044737499995
2018-06-01 14:00:00,120,1,2.8556324440244936,0.2102547222222222,0.0,0.010479095355555555
2018-06-01 15:00:00,120,1,2.8556324440244936,0.1148930555555555,0.0,0.005860120298611108
2018-06-01 16:00:00,120,1,2.8556324440244936,0.1341647222222222,0.0,0.006803157652083332
2018-06-01 17:00:00,120,1,2.8556324440244936,0.1310038888888889,0.0,0.00681514980972221
2018-06-01 18:00:00,120,1,2.8556324440244936,0.3045172222222222,0.0,0.016083838384722222
2018-06-01 19:00:00,120,2,2.286628350457242,0.0,-0.0,0.0005405538888888889
2018-06-01 20:00:00,120,2,1.2943745492876515,0.0,-0.0,0.0009426411111111111
2018-06-01 21:00:00,120,2,0.9769072978256632,0.0,-0.0,0.0003015938888888889
2018-06-01 22:00:00,120,2,0.8216713329133826,0.0,-0.0,0.0001474741666666666
2018-06-01 23:00:00,120,2,0.6741929703402831,0.0,-0.0,0.0001401044444444444
2018-06-02 00:00:00,120,2,0.5580341984104586,0.0,-0.0,0.0001103508333333333
2018-06-02 01:00:00,120,2,0.30472279490168674,0.0,-0.0,0.00024064583333333333
2018-06-02 02:00:00,120,2,0.30472279490168674,0.0,-0.0,0.0
2018-06-02 03:00:00,120,0,1.7297227949016865,1.525232222222222,0.0,0.07507338931944445
2018-06-02 04:00:00,120,0,3.0,1.4755277889923768,0.0,0.0726014372889628
2018-06-02 05:00:00,120,1,3.0,0.1123738888888889,0.0,0.005467832498611111
2018-06-02 06:00:00,120,1,3.0,0.1762336111111111,0.0,0.008657035561805538
2018-06-02 07:00:00,120,1,3.0,0.1564372222222222,0.0,0.007722132381944443
2018-06-02 08:00:00,120,1,3.0,0.0,0.2217306394236712,0.0
2018-06-02 09:00:00,120,2,2.8791131578947367,0.0,-0.0,0.0001148425
2018-06-02 10:00:00,120,2,2.7339005847953217,0.0,-0.0,0.0001379519444444444
2018-06-02 11:00:00,120,2,2.5165608187134505,0.0,-0.0,0.0002064727777777777
2018-06-02 12:00:00,120,1,2.5165608187134505,0.1799511111111111,0.0,0.00929852378888887
2018-06-02 13:00:00,120,0,3.0,0.6578072376115724,0.0,0.03326603926368497
2018-06-02 14:00:00,120,1,3.0,0.1554902777777777,0.0,0.007682774624999997
2018-06-02 15:00:00,120,1,3.0,0.2351080555555555,0.0,0.011799485538194442
2018-06-02 16:00:00,120,1,3.0,0.1941347222222222,0.0,0.009784875336805554
2018-06-02 17:00:00,120,1,3.0,0.1657475,0.0,0.00948117136875
2018-06-02 18:00:00,120,2,2.808898538011696,0.0,-0.0,0.0001815463888888888
2018-06-02 19:00:00,120,2,2.6057467836257313,0.0,-0.0,0.00019299416666666662
2018-06-02 20:00:00,120,2,2.30056783625731,0.0,-0.0,0.00028992000000000004
2018-06-02 21:00:00,120,2,2.106412573099415,0.0,-0.0,0.0001844475
2018-06-02 22:00:00,120,2,1.9565336257309942,0.0,-0.0,0.0001423849999999999
2018-06-02 23:00:00,120,2,1.8454994152046784,0.0,-0.0,0.0001054824999999999
2018-06-03 00:00:00,120,2,1.6964821637426901,0.0,-0.0,0.0001415663888888889
2018-06-03 01:00:00,120,2,1.575811403508772,0.0,-0.0,0.0001146372222222222
2018-06-03 02:00:00,120,2,1.4295932748538012,0.0,-0.0,0.00013890722222222222
2018-06-03 03:00:00,120,1,1.4295932748538012,0.1182597222222222,0.0,0.005732344385416666
2018-06-03 04:00:00,120,1,1.4295932748538012,0.1257480555555555,0.0,0.006069858641666663
2018-06-03 05:00:00,120,0,2.854593274853801,1.6221219444444444,0.0,0.07884682961597222
2018-06-03 06:00:00,120,1,2.854593274853801,0.1186194444444444,0.0,0.00572546403472222
2018-06-03 07:00:00,120,1,2.854593274853801,0.2156355555555555,0.0,0.010592018488888886
2018-06-03 08:00:00,120,1,2.854593274853801,0.1596425,0.0,0.0079478018625
2018-06-03 09:00:00,120,1,2.854593274853801,0.1961091666666666,0.0,0.010456540766666645
2018-06-03 10:00:00,120,1,2.854593274853801,0.1336744444444444,0.0,0.0072511702388888865
2018-06-03 11:00:00,120,1,2.854593274853801,0.1775538888888889,0.0,0.009760581156944444
2018-06-03 12:00:00,120,1,2.854593274853801,0.1350155555555555,0.0,0.007568972044444441
2018-06-03 13:00:00,120,1,2.854593274853801,0.1047777777777777,0.0,0.005700173055555541
2018-06-03 14:00:00,120,1,2.854593274853801,0.230135,0.0,0.012175292175
2018-06-03 15:00:00,120,1,2.854593274853801,0.1083977777777777,0.0,0.005672997699999986
2018-06-03 16:00:00,120,1,2.854593274853801,0.1380630555555555,0.0,0.007629019292361108
2018-06-03 17:00:00,120,1,2.854593274853801,0.1081616666666666,0.0,0.006519714862499996
2018-06-03 18:00:00,120,1,2.854593274853801,0.29086,0.0,0.017624661700000002
2018-06-03 19:00:00,120,2,2.628537426900585,0.0,-0.0,0.0002147530555555555
2018-06-03 20:00:00,120,2,2.323047076023392,0.0,-0.0,0.0002902158333333333
2018-06-03 21:00:00,120,2,1.5248052631578948,0.0,-0.0,0.0007583297222222223
2018-06-03 22:00:00,120,2,0.5111070175438597,0.0,-0.0,0.0009630133333333335
2018-06-03 23:00:00,120,2,0.3769842105263159,0.0,-0.0,0.0001274166666666666
2018-06-04 00:00:00,120,1,0.3769842105263159,0.1136786111111111,0.0,0.005623112498611111
2018-06-04 01:00:00,120,1,0.3769842105263159,0.1447819444444444,0.0,0.007205073465277775
2018-06-04 02:00:00,120,1,0.3769842105263159,0.1101625,0.0,0.005462682968749989
2018-06-04 03:00:00,120,0,1.8019842105263157,1.6401916666666665,0.0,0.0799708698125
2018-06-04 04:00:00,120,0,3.0,1.3743728631886736,0.0,0.06634106025621908
2018-06-04 05:00:00,120,1,3.0,0.1280722222222222,0.0,0.006414497249999999
2018-06-04 06:00:00,120,1,3.0,0.1685177777777777,0.0,0.008466333155555552
2018-06-04 07:00:00,120,1,3.0,0.1689813888888889,0.0,0.009022761259722222
2018-06-04 08:00:00,120,1,3.0,0.6006761111111111,0.0,0.03173822402083333
2018-06-04 09:00:00,120,2,2.3060847953216372,0.0,-0.0,0.0006592194444444445
2018-06-04 10:00:00,120,2,2.1551371345029238,0.0,-0.0,0.0001434002777777777
2018-06-04 11:00:00,120,1,2.1551371345029238,0.1565647222222222,0.0,0.008356642048611095
2018-06-04 12:00:00,120,1,2.1551371345029238,0.1648702777777777,0.0,0.008655689583333329
2018-06-04 13:00:00,120,0,3.0,1.0276673876577411,0.0,0.05437427852274933
2018-06-04 14:00:00,120,1,3.0,0.1342338888888888,0.0,0.006889554347222218
2018-06-04 15:00:00,120,1,3.0,0.1303322222222222,0.0,0.006959089005555542
2018-06-04 16:00:00,120,2,2.7466672514619885,0.0,-0.0,0.00024066611111111112
2018-06-04 17:00:00,120,2,2.583382748538012,0.0,-0.0,0.0001551202777777778
2018-06-04 18:00:00,120,2,2.323359941520468,0.0,-0.0,0.00024702166666666663
2018-06-04 19:00:00,120,2,2.0921599415204684,0.0,-0.0,0.00021964
2018-06-04 20:00:00,120,2,1.1830567251461992,0.0,-0.0,0.0008636480555555556
2018-06-04 21:00:00,120,2,0.43477485380117,0.0,-0.0,0.0007108677777777777
2018-06-04 22:00:00,120,2,0.2888593567251466,0.0,-0.0,0.00013861972222222222
2018-06-04 23:00:00,120,2,0.15715204678362618,0.0,-0.0,0.0001251219444444444
2018-06-05 00:00:00,120,1,0.15715204678362618,0.15109,0.0,0.0073750806250000005
2018-06-05 01:00:00,120,1,0.15715204678362618,0.1198466666666666,0.0,0.00593121153333333
2018-06-05 02:00:00,120,1,0.15715204678362618,0.1415083333333333,0.0,0.007029780229166651
2018-06-05 03:00:00,120,1,0.15715204678362618,0.1328252777777777,0.0,0.006390224113888885
2018-06-05 04:00:00,120,0,1.582152046783626,1.6230769444444444,0.0,0.07776432792708333
2018-06-05 05:00:00,120,0,3.0,1.638686807479224,0.0,0.07742921818828853
2018-06-05 06:00:00,120,1,3.0,0.2463613888888889,0.0,0.012563199026388888
2018-06-05 07:00:00,120,1,3.0,0.2660088888888889,0.0,0.015113960044444446
2018-06-05 08:00:00,120,2,2.842006140350877,0.0,-0.0,0.0001500941666666666
2018-06-05 09:00:00,120,2,2.742997998087781,0.0,-0.0,9.40577351499413e-05
2018-06-05 10:00:00,120,2,2.662746272382406,0.0,-0.0,7.62391394201066e-05
2018-06-05 11:00:00,120,2,2.6545055502605646,0.0,-0.0,7.828686015749209e-06
2018-06-05 12:00:00,120,1,2.6545055502605646,0.0184564509193835,0.0,0.001005507446088013
2018-06-05 13:00:00,120,1,2.6545055502605646,0.0389703477993454,0.0,0.002076437556618621
2018-06-05 14:00:00,120,0,3.0,0.4158866851987163,0.0,0.022159259822698497
2018-06-05 15:00:00,120,1,3.0,0.1031410553502776,0.0,0.005396597868564899
2018-06-05 16:00:00,120,1,3.0,0.0910834470811587,0.0,0.0048023747473540926
2018-06-05 17:00:00,120,2,2.7122758252495194,0.0,-0.0,0.0002733379660129565
2018-06-05 18:00:00,120,2,2.284430796009753,0.0,-0.0,0.0004064527777777778
2018-06-05 19:00:00,120,2,2.079176702442502,0.0,-0.0,0.0001949913888888889
2018-06-05 20:00:00,120,2,1.7474913223255428,0.0,-0.0,0.0003151011111111111
2018-06-05 21:00:00,120,2,0.4315056498109229,0.0,-0.0,0.001250186388888889
2018-06-05 22:00:00,120,2,0.29524219951852526,0.0,-0.0,0.0001294502777777777
2018-06-05 23:00:00,120,2,0.16232787203314517,0.0,-0.0,0.0001262686111111111
2018-06-06 00:00:00,120,2,0.006433427588700746,0.0,-0.0,0.0001480997222222222
2018-06-06 01:00:00,120,1,0.006433427588700746,0.1157713888888888,0.0,0.005675402911805551
2018-06-06 02:00:00,120,1,0.006433427588700746,0.1742941666666666,0.0,0.008492047535416665
2018-06-06 03:00:00,120,0,1.4314334275887006,1.6731863888888887,0.0,0.08026524925694443
2018-06-06 04:00:00,120,0,2.8564334275887004,1.6492605555555555,0.0,0.07881321169305557
2018-06-06 05:00:00,120,1,2.8564334275887004,0.1108533333333333,0.0,0.005377772333333332
2018-06-06 06:00:00,120,1,2.8564334275887004,0.2842230555555555,0.0,0.014417214493055525
2018-06-06 07:00:00,120,1,2.8564334275887004,0.2887644444444444,0.0,0.014955110577777776
2018-06-06 08:00:00,120,2,2.7256498018577062,0.0,-0.0,0.0001242444444444444
2018-06-06 09:00:00,120,1,2.7256498018577062,0.05571616828232201,0.0,0.0028801080289339305
2018-06-06 10:00:00,120,1,2.7256498018577062,0.1880868287146839,0.0,0.009947442153647845
2018-06-06 11:00:00,120,1,2.7256498018577062,0.14774576142139478,0.0,0.007746310271323728
2018-06-06 12:00:00,120,0,3.0,0.0,2.398119783032715,0.0002887896822550461
2018-06-06 13:00:00,120,1,3.0,0.004909613258179318,0.0,0.0002051236419267319
2018-06-06 14:00:00,120,1,3.0,0.027048267520751207,0.0,0.0013540362720888053
2018-06-06 15:00:00,120,1,3.0,0.0,0.024021256604783395,0.0
2018-06-06 16:00:00,120,1,3.0,0.05541519081101251,0.0,0.00300170234825552
2018-06-06 17:00:00,120,1,3.0,0.1068032580402932,0.0,0.005872310135200421
2018-06-06 18:00:00,120,2,2.8678415204678362,0.0,-0.0,0.00012555055555555551
2018-06-06 19:00:00,120,2,2.7071219298245612,0.0,-0.0,0.0001526836111111111
2018-06-06 20:00:00,120,2,2.2146005847953214,0.0,-0.0,0.0004678952777777778
2018-06-06 21:00:00,120,2,1.263990058479532,0.0,-0.0,0.00090308
2018-06-06 22:00:00,120,2,1.1186163742690058,0.0,-0.0,0.00013810500000000002
2018-06-06 23:00:00,120,2,0.991340350877193,0.0,-0.0,0.0001209122222222222
2018-06-07 00:00:00,120,2,0.8324912280701755,0.0,-0.0,0.0001509066666666666
2018-06-07 01:00:00,120,1,0.8324912280701755,0.1498952777777777,0.0,0.007457290069444441
2018-06-07 02:00:00,120,1,0.8324912280701755,0.1756455555555555,0.0,0.008653617408333314
2018-06-07 03:00:00,120,0,2.257491228070175,1.6436716666666666,0.0,0.0810865821
2018-06-07 04:00:00,120,0,3.0,0.8945823476454297,0.0,0.04464519714190329
2018-06-07 05:00:00,120,1,3.0,0.15249,0.0,0.007619544074999999
2018-06-07 06:00:00,120,1,3.0,0.1150452777777777,0.0,0.005989544774305551
2018-06-07 07:00:00,120,2,2.620056140350877,0.0,-0.0,0.0003609466666666666
2018-06-07 08:00:00,120,2,2.315152923976608,0.0,-0.0,0.00028965805555555553
2018-06-07 09:00:00,120,2,2.1066005847953213,0.0,-0.0,0.0001981247222222222
2018-06-07 10:00:00,120,1,2.1066005847953213,0.2265927777777777,0.0,0.011877426929166662
2018-06-07 11:00:00,120,0,3.0,1.2658804370575565,0.0,0.06597186318979688
2018-06-07 12:00:00,120,1,3.0,0.0,1.8567586163845016,0.0
2018-06-07 13:00:00,120,1,3.0,0.16442500065646248,0.0,0.008505705283958803
2018-06-07 14:00:00,120,1,3.0,0.1201214659735981,0.0,0.006249919874606309
2018-06-07 15:00:00,120,1,3.0,0.08371449580103911,0.0,0.004941457400895835
2018-06-07 16:00:00,120,1,3.0,0.5348103272128746,0.0,0.033257180197732605
2018-06-07 17:00:00,120,2,2.745578008178593,0.0,-0.0,0.0002417008922303368
2018-06-07 18:00:00,120,2,2.572854031570406,0.0,-0.0,0.0001640877777777777
2018-06-07 19:00:00,120,2,2.396876253792628,0.0,-0.0,0.0001671788888888888
2018-06-07 20:00:00,120,2,1.8530791777692364,0.0,-0.0,0.0005166072222222223
2018-06-07 21:00:00,120,2,0.8507949672429205,0.0,-0.0,0.00095217
2018-06-07 22:00:00,120,2,0.7297604643189439,0.0,-0.0,0.0001149827777777777
2018-06-07 23:00:00,120,1,0.7297604643189439,0.1478030555555555,0.0,0.007459620213888887
2018-06-08 00:00:00,120,2,0.5105923356639732,0.0,-0.0,0.0002082097222222222
2018-06-08 01:00:00,120,1,0.5105923356639732,0.1512405555555555,0.0,0.007676970599999982
2018-06-08 02:00:00,120,1,0.5105923356639732,0.1106747222222222,0.0,0.005583263049305544
2018-06-08 03:00:00,120,1,0.5105923356639732,0.1439530555555555,0.0,0.007244077638194441
2018-06-08 04:00:00,120,0,1.935592335663973,1.6187136111111111,0.0,0.08272704900555557
2018-06-08 05:00:00,120,0,3.0,1.248972453687046,0.0,0.06360964340945084
2018-06-08 06:00:00,120,1,3.0,0.2523586111111111,0.0,0.012818555651388888
2018-06-08 07:00:00,120,1,3.0,0.2128794444444444,0.0,0.011548709861111109
2018-06-08 08:00:00,120,1,3.0,0.146975,0.0,0.009738930937499985
2018-06-08 09:00:00,120,2,2.8818944444444443,0.0,-0.0,0.00011220027777777771
2018-06-08 10:00:00,120,2,2.662211403508772,0.0,-0.0,0.0002086988888888888
2018-06-08 11:00:00,120,2,2.386656725146199,0.0,-0.0,0.0002617769444444444
2018-06-08 12:00:00,120,2,2.194307144291037,0.0,-0.0,0.0001827321018124038
2018-06-08 13:00:00,120,2,2.062649796622919,0.0,-0.0,0.0001250744802847119
2018-06-08 14:00:00,120,1,2.062649796622919,0.10283354716498189,0.0,0.0054270404516319195
2018-06-08 15:00:00,120,1,2.062649796622919,0.133005815602941,0.0,0.006917299954969954
2018-06-08 16:00:00,120,1,2.062649796622919,0.1757937066328442,0.0,0.009101279676648925
2018-06-08 17:00:00,120,1,2.062649796622919,0.2837727777777777,0.0,0.015259171693055552
2018-06-08 18:00:00,120,2,1.8402883931141472,0.0,-0.0,0.0002112433333333333
2018-06-08 19:00:00,120,2,1.6438723112428022,0.0,-0.0,0.0001865952777777778
2018-06-08 20:00:00,120,2,1.439091901886077,0.0,-0.0,0.0001945413888888889
2018-06-08 21:00:00,120,2,1.2334106153363695,0.0,-0.0,0.0001953972222222222
2018-06-08 22:00:00,120,2,0.6626176328802291,0.0,-0.0,0.0005422533333333334
2018-06-08 23:00:00,120,2,0.3842462878509894,0.0,-0.0,0.0002644527777777777
2018-06-09 00:00:00,120,2,0.2312205568568374,0.0,-0.0,0.0001453744444444444
2018-06-09 01:00:00,120,1,0.2312205568568374,0.1239633333333333,0.0,0.0061392840833333195
2018-06-09 02:00:00,120,1,0.2312205568568374,0.1259308333333333,0.0,0.006240502445833331
2018-06-09 03:00:00,120,0,1.6562205568568373,1.6318066666666666,0.0,0.07984303806666666
2018-06-09 04:00:00,120,0,3.0,1.518513288103914,0.0,0.0743904570200465
2018-06-09 05:00:00,120,1,3.0,0.1397636111111111,0.0,0.006672664203472222
2018-06-09 06:00:00,120,1,3.0,0.1081988888888888,0.0,0.00549758554444444
2018-06-09 07:00:00,120,1,3.0,0.1818494444444444,0.0,0.009233860165277776
2018-06-09 08:00:00,120,1,3.0,0.0,0.7209768182400629,0.0
2018-06-09 09:00:00,120,2,3.0,0.0,2.557986166406221,0.0
2018-06-09 10:00:00,120,2,3.0,0.0,2.2999194095325093,0.0
2018-06-09 11:00:00,120,2,2.87662134502924,0.0,-0.0,0.00011720972222222221
2018-06-09 12:00:00,120,1,2.87662134502924,0.1715166666666666,0.0,0.008466920249999996
2018-06-09 13:00:00,120,1,2.87662134502924,0.1795805555555555,0.0,0.00868586252083333
2018-06-09 14:00:00,120,1,2.87662134502924,0.1430213888888888,0.0,0.006884334554166662
2018-06-09 15:00:00,120,1,2.87662134502924,0.1147430555555555,0.0,0.005238881059027775
2018-06-09 16:00:00,120,1,2.87662134502924,0.1286136111111111,0.0,0.005911403100694445
2018-06-09 17:00:00,120,1,2.87662134502924,0.1255555555555555,0.0,0.006741077777777775
2018-06-09 18:00:00,120,1,2.87662134502924,0.2927497222222222,0.0,0.016146610929166666
2018-06-09 19:00:00,120,2,2.249723976608187,0.0,-0.0,0.0005955525
2018-06-09 20:00:00,120,2,1.3063888888888888,0.0,-0.0,0.0008961683333333334
2018-06-09 21:00:00,120,2,1.1276309941520468,0.0,-0.0,0.00016982
2018-06-09 22:00:00,120,2,0.8449330409356726,0.0,-0.0,0.0002685630555555555
2018-06-09 23:00:00,120,2,0.7073505847953216,0.0,-0.0,0.00013070333333333332
2018-06-10 00:00:00,120,2,0.5229327485380117,0.0,-0.0,0.00017519694444444438
2018-06-10 01:00:00,120,2,0.3653865497076025,0.0,-0.0,0.0001496688888888888
2018-06-10 02:00:00,120,2,0.2472666666666669,0.0,-0.0,0.0001122138888888888
2018-06-10 03:00:00,120,1,0.2472666666666669,0.1414027777777777,0.0,0.006826219097222205
2018-06-10 04:00:00,120,1,0.2472666666666669,0.1136111111111111,0.0,0.005423226388888888
2018-06-10 05:00:00,120,0,1.6722666666666668,1.6287577777777777,0.0,0.07890671338888888
2018-06-10 06:00:00,120,0,3.0,1.5201732017543859,0.0,0.07390987575877192
2018-06-10 07:00:00,120,1,3.0,0.1728444444444444,0.0,0.008297829666666666
2018-06-10 08:00:00,120,1,3.0,0.1370677777777777,0.0,0.006816037919444441
2018-06-10 09:00:00,120,2,2.8846271929824563,0.0,-0.0,0.0001096041666666666
2018-06-10 10:00:00,120,2,2.734887134502924,0.0,-0.0,0.0001422530555555555
2018-06-10 11:00:00,120,2,2.5958,0.0,-0.0,0.00013213277777777779
2018-06-10 12:00:00,120,2,2.5958,0.0,0.7343429025382464,0.0
2018-06-10 13:00:00,120,1,2.5958,0.1662816666666666,0.0,0.008192697716666664
2018-06-10 14:00:00,120,0,3.0,0.5475228619570118,0.0,0.026972119646196245
2018-06-10 15:00:00,120,1,3.0,0.09414054003013031,0.0,0.004636892299184068
2018-06-10 16:00:00,120,1,3.0,0.0821193512271493,0.0,0.0041032986824425825
2018-06-10 17:00:00,120,1,3.0,0.2328189164991271,0.0,0.012086212002760935
2018-06-10 18:00:00,120,1,3.0,0.2892908333333333,0.0,0.015615195956249996
2018-06-10 19:00:00,120,2,2.6713494152046784,0.0,-0.0,0.0003122180555555555
2018-06-10 20:00:00,120,2,2.032095029239766,0.0,-0.0,0.0006072916666666667
2018-06-10 21:00:00,120,2,1.5468152046783628,0.0,-0.0,0.0004610158333333333
2018-06-10 22:00:00,120,2,1.4136853801169593,0.0,-0.0,0.00012647333333333331
2018-06-10 23:00:00,120,2,1.2690634502923979,0.0,-0.0,0.00013739083333333329
2018-06-11 00:00:00,120,2,1.1512956140350878,0.0,-0.0,0.00011187944444444441
2018-06-11 01:00:00,120,1,1.1512956140350878,0.1341827777777777,0.0,0.006487737305555552
2018-06-11 02:00:00,120,1,1.1512956140350878,0.1239552777777777,0.0,0.005995406897916663
2018-06-11 03:00:00,120,0,2.5762956140350877,1.6801019444444445,0.0,0.0814476510263889
2018-06-11 04:00:00,120,0,3.0,0.5934179501385042,0.0,0.028444947049215144
2018-06-11 05:00:00,120,1,3.0,0.1155852777777777,0.0,0.005634204365277774
2018-06-11 06:00:00,120,1,3.0,0.1690216666666666,0.0,0.008275300799999996
2018-06-11 07:00:00,120,1,3.0,0.1367283333333333,0.0,0.0070230508416666655
2018-06-11 08:00:00,120,2,2.86368567251462,0.0,-0.0,0.0001294986111111111
2018-06-11 09:00:00,120,2,2.6847002923976606,0.0,-0.0,0.00017003611111111113
2018-06-11 10:00:00,120,2,2.560575438596491,0.0,-0.0,0.0001179186111111111
2018-06-11 11:00:00,120,1,2.560575438596491,0.1440175,0.0,0.0072044754375
2018-06-11 12:00:00,120,1,2.560575438596491,0.1270272222222222,0.0,0.0064066179527777775
2018-06-11 13:00:00,120,0,3.0,0.609309947676208,0.0,0.030902153880932596
2018-06-11 14:00:00,120,1,3.0,0.1674675,0.0,0.00827582518125
2018-06-11 15:00:00,120,1,3.0,0.1151286111111111,0.0,0.005902356070138889
2018-06-11 16:00:00,120,1,3.0,0.1959080315591386,0.0,0.010028532135512306
2018-06-11 17:00:00,120,2,2.8433605263157897,0.0,-0.0,0.0001488074999999999
2018-06-11 18:00:00,120,2,2.725004970760234,0.0,-0.0,0.00011243777777777771
2018-06-11 19:00:00,120,2,2.56003216374269,0.0,-0.0,0.00015672416666666662
2018-06-11 20:00:00,120,2,2.361134210526316,0.0,-0.0,0.0001889530555555555
2018-06-11 21:00:00,120,2,2.0511011695906434,0.0,-0.0,0.0002945313888888889
2018-06-11 22:00:00,120,2,1.8979555555555556,0.0,-0.0,0.0001454883333333333
2018-06-11 23:00:00,120,2,1.782800292397661,0.0,-0.0,0.00010939749999999999
2018-06-12 00:00:00,120,1,1.782800292397661,0.1306061111111111,0.0,0.0062899903111111105
2018-06-12 01:00:00,120,1,1.782800292397661,0.1170036111111111,0.0,0.005647179290277765
2018-06-12 02:00:00,120,1,1.782800292397661,0.1290719444444444,0.0,0.006303873766666664
2018-06-12 03:00:00,120,0,3.0,1.4039600723299477,0.0,0.06734109415341258
2018-06-12 04:00:00,120,1,3.0,0.1142244444444444,0.0,0.0053451328777777765
2018-06-12 05:00:00,120,1,3.0,0.1665513888888889,0.0,0.008003626993055556
2018-06-12 06:00:00,120,1,3.0,0.2644211111111111,0.0,0.013062402888888863
2018-06-12 07:00:00,120,1,3.0,0.1624486111111111,0.0,0.008942389920138889
2018-06-12 08:00:00,120,1,3.0,0.5058080555555555,0.0,0.029331809141666665
2018-06-12 09:00:00,120,1,3.0,0.4551308333333333,0.0,0.02975948808888881
2018-06-12 10:00:00,120,2,2.010783625730994,0.0,-0.0,0.0009397555555555556
2018-06-12 11:00:00,120,2,1.7070277777777778,0.0,-0.0,0.0002885680555555555
2018-06-12 12:00:00,120,2,1.1635292397660817,0.0,-0.0,0.0005163236111111111
2018-06-12 13:00:00,120,0,2.5885292397660815,2.3621902155336634,0.0,0.12073155112906143
2018-06-12 14:00:00,120,0,3.0,0.3300979667131641,0.0,0.01732671580749866
2018-06-14 08:00:00,122,1,1.5,0.3406774999999999,0.0,0.017182069712499994
2018-06-14 09:00:00,122,1,1.5,0.4371205555555555,0.0,0.022462532548611063
2018-06-14 10:00:00,122,2,1.1113216374269006,0.0,-0.0,0.00036924444444444437
2018-06-14 11:00:00,122,2,0.687019298245614,0.0,-0.0,0.00040308722222222223
2018-06-14 12:00:00,122,1,0.687019298245614,0.5368497222222222,0.0,0.02739946769791661
2018-06-14 13:00:00,122,0,2.112019298245614,1.8200786111111111,0.0,0.08556033065416667
2018-06-14 14:00:00,122,0,3.0,1.2838091030126901,0.0,0.05706926955739239
2018-06-14 15:00:00,122,1,3.0,0.431887977652351,0.0,0.02022963287323612
2018-06-14 16:00:00,122,1,3.0,0.4334526141591109,0.0,0.021389802877216726
2018-06-14 17:00:00,122,1,3.0,1.0998545897858405,0.0,0.05896870383136784
2018-06-14 18:00:00,122,1,3.0,0.9230713888888888,0.0,0.048992013965277775
2018-06-14 19:00:00,122,1,3.0,0.6551883333333334,0.0,0.035163957850000004
2018-06-14 20:00:00,122,1,3.0,0.4610861111111111,0.0,0.02511305504166662
2018-06-14 21:00:00,122,2,2.6178666666666666,0.0,-0.0,0.0003630266666666666
2018-06-14 22:00:00,122,2,2.1626663742690058,0.0,-0.0,0.00043244027777777775
2018-06-14 23:00:00,122,2,1.8115880116959064,0.0,-0.0,0.0003335244444444444
2018-06-15 00:00:00,122,2,1.3117149122807017,0.0,-0.0,0.0004748794444444444
2018-06-15 01:00:00,122,2,0.9994035087719297,0.0,-0.0,0.0002966958333333333
2018-06-15 02:00:00,122,1,0.9994035087719297,0.47215,0.0,0.024151652875
2018-06-15 03:00:00,122,0,2.4244035087719293,1.8181775,0.0,0.08883161076875
2018-06-15 04:00:00,122,0,3.0,1.0308913211757469,0.0,0.050220113103283726
2018-06-15 05:00:00,122,1,3.0,0.7532886111111111,0.0,0.03725953792708326
2018-06-15 06:00:00,122,1,3.0,1.9297772222222225,0.0,0.0982835539277778
2018-06-15 07:00:00,122,1,3.0,1.2514005555555556,0.0,0.06933384778055543
2018-06-15 08:00:00,122,2,2.606716081871345,0.0,-0.0,0.0003736197222222222
2018-06-15 09:00:00,122,2,2.179451169590643,0.0,-0.0,0.0004059016666666666
2018-06-15 10:00:00,122,2,1.7957780701754384,0.0,-0.0,0.0003644894444444444
2018-06-15 11:00:00,122,0,3.0,1.6498612271621198,0.0,0.08617358543422486
2018-06-15 12:00:00,122,1,3.0,0.37550547616412977,0.0,0.019563835308151162
2018-06-15 13:00:00,122,1,3.0,0.2944039950495404,0.0,0.01546356983997711
2018-06-15 14:00:00,122,1,3.0,0.3119381831951642,0.0,0.016156058353135543
2018-06-15 15:00:00,122,1,3.0,0.3210843952778451,0.0,0.016704415664329893
2018-06-15 16:00:00,122,1,3.0,0.3170067057825205,0.0,0.0169099302032041
2018-06-15 17:00:00,122,2,2.5536151564933895,0.0,-0.0,0.0004240656013312797
2018-06-15 18:00:00,122,2,1.991082407955378,0.0,-0.0,0.0005344061111111112
2018-06-15 19:00:00,122,2,0.714211355323799,0.0,-0.0,0.0012130275
2018-06-15 20:00:00,122,0,2.139211355323799,1.8337716666666668,0.0,0.0946922761
2018-06-15 21:00:00,122,1,2.139211355323799,0.3485405555555556,0.0,0.017920212663888855
2018-06-15 22:00:00,122,0,3.0,1.160405810185475,0.0,0.05930351570776951
2018-06-15 23:00:00,122,2,2.6526751461988303,0.0,-0.0,0.0003299586111111111
2018-06-16 00:00:00,122,2,2.4484941520467833,0.0,-0.0,0.00019397194444444442
2018-06-16 01:00:00,122,2,2.171935087719298,0.0,-0.0,0.0002627311111111111
2018-06-16 02:00:00,122,2,1.9434391812865495,0.0,-0.0,0.0002170711111111111
2018-06-16 03:00:00,122,2,1.7275982456140349,0.0,-0.0,0.0002050488888888889
2018-06-16 04:00:00,122,1,1.7275982456140349,0.2741783333333333,0.0,0.0135944472125
2018-06-16 05:00:00,122,1,1.7275982456140349,0.1775199999999999,0.0,0.008620814999999995
2018-06-16 06:00:00,122,1,1.7275982456140349,0.2905552777777778,0.0,0.014281518290972224
2018-06-16 07:00:00,122,1,1.7275982456140349,0.0,0.3066449364149127,0.0
2018-06-16 08:00:00,122,1,1.7275982456140349,0.5132738888888889,0.0,0.02407254538888889
2018-06-16 09:00:00,122,2,0.1486508771929822,2.639520833333333,0.0,0.13718456843749974
2018-06-16 10:00:00,122,1,0.1486508771929822,5.156124166666666,0.0,0.26031981886458333
2018-06-16 11:00:00,122,1,0.1486508771929822,0.84724,0.0,0.039875350600000005
2018-06-16 12:00:00,122,1,0.1486508771929822,2.3384947222222223,0.0,0.108412615322222
2018-06-16 13:00:00,122,0,1.573650877192982,1.8315177777777778,0.0,0.08592381196666667
2018-06-16 14:00:00,122,0,2.998650877192982,2.075395,0.0,0.09703043185
2018-06-16 15:00:00,122,1,2.998650877192982,0.4209105555555555,0.0,0.01949762920972222
2018-06-16 16:00:00,122,1,2.998650877192982,0.4362719444444444,0.0,0.020123043437499957
2018-06-16 17:00:00,122,1,2.998650877192982,0.3612586111111111,0.0,0.016865358259722223
2018-06-16 18:00:00,122,1,2.998650877192982,0.4272963888888889,0.0,0.01979664169722218
2018-06-16 19:00:00,122,1,2.998650877192982,0.5695280555555555,0.0,0.027409961493749996
2018-06-16 20:00:00,122,1,2.998650877192982,1.39811,0.0,0.06750424607499986
2018-06-16 21:00:00,122,1,2.998650877192982,0.8989633333333333,0.0,0.043941327733333334
2018-06-16 22:00:00,122,1,2.998650877192982,0.5852419444444444,0.0,0.02863003592222222
2018-06-16 23:00:00,122,2,2.5073400584795316,0.0,-0.0,0.0004667452777777777
2018-06-17 00:00:00,122,2,2.178989181286549,0.0,-0.0,0.0003119333333333333
2018-06-17 01:00:00,122,2,1.7460812865497068,0.0,-0.0,0.0004112625
2018-06-17 02:00:00,122,2,1.3406953216374262,0.0,-0.0,0.0003851166666666666
2018-06-17 03:00:00,122,1,1.3406953216374262,0.39886,0.0,0.016467932249999997
2018-06-17 04:00:00,122,0,2.765695321637426,1.82028,0.0,0.07587664079999999
2018-06-17 05:00:00,122,0,3.0,0.7064048368728848,0.0,0.02932402560131967
2018-06-17 06:00:00,122,1,3.0,0.3205286111111111,0.0,0.013859657144444443
2018-06-17 07:00:00,122,1,3.0,0.5824741666666666,0.0,0.025614301479166664
2018-06-17 08:00:00,122,1,3.0,0.0,0.7484007880362475,0.0
2018-06-17 09:00:00,122,1,3.0,0.0,0.17708185416687156,0.0
2018-06-17 10:00:00,122,1,3.0,0.7415305555555556,0.0,0.03889327763888889
2018-06-17 11:00:00,122,1,3.0,3.9829540780868213,0.0,0.2132871908815493
2018-06-17 12:00:00,122,1,3.0,0.045176444137768224,0.0,0.0024581632666463137
2018-06-17 13:00:00,122,1,3.0,2.148936042732541,0.0,0.11123430191194293
2018-06-17 14:00:00,122,1,3.0,0.4347964163068212,0.0,0.022036569369470464
2018-06-17 15:00:00,122,1,3.0,0.4805102777777778,0.0,0.02478832395486111
2018-06-17 16:00:00,122,1,3.0,0.4962380555555555,0.0,0.026499112166666665
2018-06-17 17:00:00,122,2,2.5536330409356727,0.0,-0.0,0.0004240486111111111
2018-06-17 18:00:00,122,2,1.9372757309941522,0.0,-0.0,0.0005855394444444444
2018-06-17 19:00:00,122,2,1.4872891812865499,0.0,-0.0,0.00042748722222222217
2018-06-17 20:00:00,122,2,0.9856850877192984,0.0,-0.0,0.00047652388888888884
2018-06-17 21:00:00,122,1,0.9856850877192984,0.4057566666666666,0.0,0.02045216478333329
2018-06-17 22:00:00,122,1,0.9856850877192984,0.3828933333333333,0.0,0.0191886994
2018-06-17 23:00:00,122,2,0.2529111111111112,0.0,-0.0,0.0006961352777777778
2018-06-18 00:00:00,122,2,0.2529111111111112,0.0,-0.0,0.0
2018-06-18 01:00:00,122,1,0.2529111111111112,0.0,-0.0,0.0
2018-06-18 02:00:00,122,1,0.2529111111111112,0.0,-0.0,0.0
2018-06-18 03:00:00,122,0,1.677911111111111,1.5,0.0,0.05537625
2018-06-18 04:00:00,122,0,3.0,1.3916725146198834,0.0,0.05300184771929826
2018-06-18 05:00:00,122,1,3.0,0.0,-0.0,0.0
2018-06-18 06:00:00,122,1,3.0,0.0,-0.0,0.0
2018-06-18 07:00:00,122,2,3.0,0.0,-0.0,0.0
2018-06-18 08:00:00,122,2,3.0,0.0,-0.0,0.0
2018-06-18 09:00:00,122,2,3.0,0.0,-0.0,0.0
2018-06-18 10:00:00,122,1,3.0,0.0,-0.0,0.0
2018-06-18 11:00:00,122,1,3.0,0.0,0.0644699251658487,0.0
2018-06-18 12:00:00,122,1,3.0,0.0,0.051355569461379,0.0
2018-06-18 13:00:00,122,1,3.0,0.0,1.0285846144021027,0.0
2018-06-18 14:00:00,122,1,3.0,0.0,0.0784591953454462,0.0
2018-06-18 15:00:00,122,1,3.0,0.0,0.055166317412679,0.0
2018-06-18 16:00:00,122,1,3.0,0.0,0.0113931991223837,0.0
2018-06-18 17:00:00,122,2,3.0,0.0,-0.0,0.0
2018-06-18 18:00:00,122,2,3.0,0.0,-0.0,0.0
2018-06-18 19:00:00,122,2,3.0,0.0,-0.0,0.0
2018-06-18 20:00:00,122,2,3.0,0.0,-0.0,0.0
2018-06-18 21:00:00,122,2,3.0,0.0,-0.0,0.0
2018-06-18 22:00:00,122,2,3.0,0.0,-0.0,0.0
2018-06-18 23:00:00,122,2,3.0,0.0,-0.0,0.0
2018-06-19 00:00:00,122,1,3.0,0.0,-0.0,0.0
2018-06-19 01:00:00,122,1,3.0,0.0,-0.0,0.0
2018-06-19 02:00:00,122,1,3.0,0.0,-0.0,0.0
2018-06-19 03:00:00,122,1,3.0,0.0,-0.0,0.0
2018-06-19 04:00:00,122,1,3.0,0.0,-0.0,0.0
2018-06-19 05:00:00,122,1,3.0,0.0,-0.0,0.0
2018-06-19 06:00:00,122,1,3.0,0.0,-0.0,0.0
2018-06-19 07:00:00,122,1,3.0,0.0,0.4028695981141451,0.0
2018-06-19 08:00:00,122,1,3.0,0.0,0.6389880280071999,0.0
2018-06-19 09:00:00,122,1,3.0,0.3818569335526974,0.0,0.023025973093227653
2018-06-19 10:00:00,122,1,3.0,0.1433902265919211,0.0,0.008704503705262571
2018-06-19 11:00:00,122,1,3.0,0.0,0.8334003289947123,0.0
2018-06-19 12:00:00,122,1,3.0,0.0,0.8367643150541165,0.0
2018-06-19 13:00:00,122,1,3.0,0.0952646719684474,0.0,0.005260277024417745
2018-06-19 14:00:00,122,1,3.0,0.13218593758985792,0.0,0.007177035481441336
2018-06-19 15:00:00,122,1,3.0,0.0,0.001740848903775405,0.0
2018-06-19 16:00:00,122,2,2.784893985870517,0.0,-0.0,0.00020435071342300883
2018-06-19 17:00:00,122,2,1.640629193016091,0.0,-0.0,0.0010870515532117046
2018-06-19 18:00:00,122,2,1.228116327519015,0.0,-0.0,0.00039188722222222223
2018-06-19 19:00:00,122,1,1.228116327519015,0.5343038888888889,0.0,0.029433465479166667
2018-06-19 20:00:00,122,1,1.228116327519015,2.3499855555555555,0.0,0.12306286858055555
2018-06-19 21:00:00,122,0,2.653116327519015,2.841031111111111,0.0,0.1457462520888889
2018-06-19 22:00:00,122,1,2.653116327519015,0.7695775,0.0,0.03925422433125
2018-06-19 23:00:00,122,2,2.2493347485716466,0.0,-0.0,0.0003835925
2018-06-20 00:00:00,122,2,1.750430947402056,0.0,-0.0,0.0004739586111111111
2018-06-20 01:00:00,122,2,1.3439224678698924,0.0,-0.0,0.0003861830555555555
2018-06-20 02:00:00,122,1,1.3439224678698924,0.33324,0.0,0.0174667746
2018-06-20 03:00:00,122,0,2.768922467869892,1.8307055555555554,0.0,0.08919994963888889
2018-06-20 04:00:00,122,0,3.0,0.5120903408387101,0.0,0.02474164141322927
2018-06-20 05:00:00,122,1,3.0,1.6241380555555556,0.0,0.08063439411319444
2018-06-20 06:00:00,122,1,3.0,1.4632263888888888,0.0,0.07460625550347222
2018-06-20 07:00:00,122,1,3.0,0.4070094444444444,0.0,0.021899143158333294
2018-06-20 08:00:00,122,2,2.6745827485380116,0.0,-0.0,0.0003091463888888889
2018-06-20 09:00:00,122,2,1.9591195906432746,0.0,-0.0,0.00067969
2018-06-20 10:00:00,122,2,1.3275891812865495,0.0,-0.0,0.0005999538888888889
2018-06-20 11:00:00,122,1,1.3275891812865495,0.4168080555555555,0.0,0.02089250378472222
2018-06-20 12:00:00,122,1,1.3275891812865495,0.0,2.299279714160226,0.0
2018-06-20 13:00:00,122,0,2.7525891812865493,0.8546902563060153,0.0,0.04420246193068929
2018-06-20 14:00:00,122,0,3.0,0.0,1.1281574214123118,0.00026043244075100075
2018-06-20 15:00:00,122,1,3.0,0.3254633355291024,0.0,0.016911888572430984
2018-06-20 16:00:00,122,1,3.0,0.27392271124199663,0.0,0.014110443662853352
2018-06-20 17:00:00,122,1,3.0,0.1816918504562237,0.0,0.009226312166167022
2018-06-20 18:00:00,122,1,3.0,0.3197247222222222,0.0,0.017178809325
2018-06-20 19:00:00,122,2,2.8362298245614035,0.0,-0.0,0.0001555816666666666
2018-06-20 20:00:00,122,2,2.4693540935672513,0.0,-0.0,0.00034853194444444443
2018-06-20 21:00:00,122,2,2.2375038011695905,0.0,-0.0,0.0002202577777777777
2018-06-20 22:00:00,122,2,1.9538374269005847,0.0,-0.0,0.0002694830555555556
2018-06-20 23:00:00,122,2,1.6966017543859648,0.0,-0.0,0.0002443738888888889
2018-06-21 00:00:00,122,2,1.4477713450292398,0.0,-0.0,0.0002363888888888888
2018-06-21 01:00:00,122,2,1.2482005847953217,0.0,-0.0,0.0001895922222222222
2018-06-21 02:00:00,122,1,1.2482005847953217,0.2670730555555555,0.0,0.012078378937499997
2018-06-21 03:00:00,122,0,2.6732005847953215,1.7025677777777777,0.0,0.06572936941666667
2018-06-21 04:00:00,122,0,3.0,0.5561852177593107,0.0,0.021438714230992237
2018-06-21 05:00:00,122,1,3.0,2.4149575,0.0,0.09929701500625
2018-06-21 06:00:00,122,2,1.4210526315789473,0.8191386111111112,0.0,0.04047461511666667
2018-06-21 07:00:00,122,2,1.4210526315789473,0.0,0.07247090350543667,0.0
2018-06-21 08:00:00,122,0,2.846052631578947,0.0,0.18823913433728312,0.0015
2018-06-21 09:00:00,122,2,2.846052631578947,0.0,1.0758199083491928,0.0
2018-06-21 10:00:00,122,1,2.846052631578947,0.5655036708239894,0.0,0.026421745260073848
2018-06-21 11:00:00,122,0,3.0,0.4446092236790162,0.0,0.02069743838017036
2018-06-21 12:00:00,122,1,3.0,0.02483813619015629,0.0,0.0011498815149232856
2018-06-21 13:00:00,122,1,3.0,0.0692696422186323,0.0,0.003208569827567048
2018-06-21 14:00:00,122,1,3.0,0.08413627928357093,0.0,0.0038936166645454533
2018-06-21 15:00:00,122,1,3.0,0.055680669874085376,0.0,0.002681720262810637
2018-06-21 16:00:00,122,1,3.0,0.09095670968832367,0.0,0.004446873536662145
2018-06-21 17:00:00,122,1,3.0,1.053088951208636,0.0,0.054041892253649186
2018-06-21 18:00:00,122,1,3.0,0.36204888888888875,0.0,0.018667240711111106
2018-06-21 19:00:00,122,2,2.476809649122807,0.0,-0.0,0.0004970308333333333
2018-06-21 20:00:00,122,2,1.9721362573099412,0.0,-0.0,0.0004794397222222222
2018-06-21 21:00:00,122,2,1.45959649122807,0.0,-0.0,0.00048691277777777783
2018-06-21 22:00:00,122,2,0.9321415204678359,0.0,-0.0,0.0005010822222222222
2018-06-21 23:00:00,122,2,0.4902216374269002,0.0,-0.0,0.00041982388888888887
2018-06-22 00:00:00,122,2,0.08679502923976568,0.0,-0.0,0.0003832552777777778
2018-06-22 01:00:00,122,0,1.5117950292397655,1.8417022222222221,0.0,0.0853388894111111
2018-06-22 02:00:00,122,0,2.9367950292397653,1.947531111111111,0.0,0.09101339869444446
2018-06-22 03:00:00,122,1,2.9367950292397653,0.2804619444444444,0.0,0.012999411124999999
2018-06-22 04:00:00,122,1,2.9367950292397653,0.4992133333333333,0.0,0.023018726799999948
2018-06-22 05:00:00,122,1,2.9367950292397653,0.4757811111111111,0.0,0.022619823475
2018-06-22 06:00:00,122,1,2.9367950292397653,1.8856575,0.0,0.090945261225
2018-06-22 07:00:00,122,1,2.9367950292397653,0.3732913184755762,0.0,0.018194218862499584
2018-06-22 08:00:00,122,2,2.9367950292397653,0.0,1.643931721237153,0.0
2018-06-22 09:00:00,122,2,2.7555372428891585,0.0,-0.0,0.00017219489703307661
2018-06-22 10:00:00,122,1,2.7555372428891585,0.0,2.176593960004796,0.0
2018-06-22 11:00:00,122,0,3.0,0.0,0.687906213438479,0.0002573292180114122
2018-06-22 12:00:00,122,1,3.0,0.0,2.781445568678671,0.0
2018-06-22 13:00:00,122,1,3.0,0.0,0.11210473490152906,0.0
2018-06-22 14:00:00,122,1,3.0,0.08186237778282074,0.0,0.003909542506963061
2018-06-22 15:00:00,122,1,3.0,0.1625633356008938,0.0,0.007758335191552656
2018-06-22 16:00:00,122,1,3.0,0.2577003661237881,0.0,0.012523593542700794
2018-06-22 17:00:00,122,1,3.0,0.36756318364852236,0.0,0.0193650663305224
2018-06-22 18:00:00,122,1,3.0,0.47984361111111107,0.0,0.025927149917361107
2018-06-22 19:00:00,122,2,1.4210526315789473,1.092381111111111,0.0,0.0638421900111111
2018-06-22 20:00:00,122,2,1.0658441520467836,0.0,-0.0,0.0003374480555555555
2018-06-22 21:00:00,122,2,0.0,0.0006855555555556059,0.0,0.0010474929972222248
2018-06-22 22:00:00,122,1,0.0,1.3356072222222222,0.0,0.06694397299583334
2018-06-22 23:00:00,122,1,0.0,0.7878036111111111,0.0,0.042198700429166666
2018-06-23 00:00:00,122,1,0.0,0.5847705555555556,0.0,0.029503136454166665
2018-06-23 01:00:00,122,1,0.0,0.3263277777777777,0.0,0.016154856638888885
2018-06-23 02:00:00,122,1,0.0,0.4703061111111111,0.0,0.02235482522638889
2018-06-23 03:00:00,122,1,0.0,0.3164911111111111,0.0,0.014526150772222222
2018-06-23 04:00:00,122,0,1.4249999999999998,1.9408077777777777,0.0,0.07696507575925919
2018-06-23 05:00:00,122,0,2.8499999999999996,1.8210147222222222,0.0,0.07227070215462957
2018-06-23 06:00:00,122,1,2.8499999999999996,0.4494758333333333,0.0,0.020603972199999956
2018-06-23 07:00:00,122,1,2.8499999999999996,0.5369538888888888,0.0,0.024651553038888885
2018-06-23 08:00:00,122,1,2.8499999999999996,0.8646530555555556,0.0,0.04173896462430547
2018-06-23 09:00:00,122,2,2.00792006286254,0.0,-0.0,0.0007999759402805865
2018-06-23 10:00:00,122,2,0.42897269444148733,5.524425446307118,0.0,0.2810773607739875
2018-06-23 11:00:00,122,2,0.0,0.8469928131989954,0.0,0.04154808247882762
2018-06-23 12:00:00,122,1,0.0,0.7923518372677834,0.0,0.038227014388984126
2018-06-23 13:00:00,122,1,0.0,0.3551243843242633,0.0,0.016457351780547174
2018-06-23 14:00:00,122,0,1.4249999999999998,1.899361610790913,0.0,0.08892286654067856
2018-06-23 15:00:00,122,0,2.8499999999999996,2.1963907585200015,0.0,0.10080980814648187
2018-06-23 16:00:00,122,1,2.8499999999999996,1.6854543767953605,0.0,0.08024869651516911
2018-06-23 17:00:00,122,1,2.8499999999999996,0.39588003548643397,0.0,0.02261761612742869
2018-06-23 18:00:00,122,1,2.8499999999999996,0.3524066666666666,0.0,0.020288051799999998
2018-06-23 19:00:00,122,2,2.5026839181286546,0.0,-0.0,0.0003299502777777778
2018-06-23 20:00:00,122,2,2.174431578947368,0.0,-0.0,0.00031183972222222225
2018-06-23 21:00:00,122,2,1.7147081871345025,0.0,-0.0,0.0004367372222222222
2018-06-23 22:00:00,122,2,1.3331406432748534,0.0,-0.0,0.0003624891666666666
2018-06-23 23:00:00,122,2,0.8605236842105259,0.0,-0.0,0.0004489861111111111
2018-06-24 00:00:00,122,1,0.8605236842105259,0.3572405555555555,0.0,0.01817550636527774
2018-06-24 01:00:00,122,2,0.39976111111111073,0.0,-0.0,0.0004377244444444444
2018-06-24 02:00:00,122,2,0.0,0.0810963888888892,0.0,0.004562116571527794
2018-06-24 03:00:00,122,1,0.0,0.388115,0.0,0.01946784839999996
2018-06-24 04:00:00,122,1,0.0,0.3788638888888889,0.0,0.019050223493055556
2018-06-24 05:00:00,122,1,0.0,0.4028761111111111,0.0,0.019566685526388888
2018-06-24 06:00:00,122,1,0.0,0.3845733333333333,0.0,0.018475864366666667
2018-06-24 07:00:00,122,1,0.0,0.382690190908974,0.0,0.018164389911494452
2018-06-24 08:00:00,122,0,1.4249999999999998,2.084281541106143,0.0,0.0952666158305126
2018-06-24 09:00:00,122,0,2.8499999999999996,2.1809051772977273,0.0,0.10299387468849298
2018-06-24 10:00:00,122,1,2.8499999999999996,0.5144023803588267,0.0,0.0248572090248894
2018-06-24 11:00:00,122,2,1.271052631578947,1.3877944407324665,0.0,0.06940131249893776
2018-06-24 12:00:00,122,1,1.271052631578947,0.4396013342624432,0.0,0.02135583281846949
2018-06-24 13:00:00,122,1,1.271052631578947,0.46873395308029525,0.0,0.02230587699220855
2018-06-24 14:00:00,122,0,2.696052631578947,2.4138080465064835,0.0,0.11507570310824632
2018-06-24 15:00:00,122,0,3.0,1.2754594428394188,0.0,0.05879019410670401
2018-06-24 16:00:00,122,1,3.0,0.6776064209855767,0.0,0.032143954595503295
2018-06-24 17:00:00,122,1,3.0,3.656311489694559,0.0,0.18291612305069457
2018-06-24 18:00:00,122,1,3.0,4.7170525,0.0,0.24858866675
2018-06-24 19:00:00,122,1,3.0,2.556986388888889,0.0,0.15373241416597222
2018-06-24 20:00:00,122,2,2.467637134502924,0.0,-0.0,0.0005057447222222223
2018-06-24 21:00:00,122,2,1.8689000000000002,0.0,-0.0,0.0005688002777777777
2018-06-24 22:00:00,122,2,1.4291725146198833,0.0,-0.0,0.00041774111111111115
2018-06-24 23:00:00,122,2,1.034300292397661,0.0,-0.0,0.0003751286111111111
2018-06-25 00:00:00,122,2,0.6955008771929826,0.0,-0.0,0.00032185944444444443
2018-06-25 01:00:00,122,2,0.33647631578947385,0.0,-0.0,0.00034107333333333327
2018-06-25 02:00:00,122,0,1.7614763157894737,1.8266316666666667,0.0,0.085205396125
2018-06-25 03:00:00,122,0,3.0,1.7115691412742384,0.0,0.08067772806786688
2018-06-25 04:00:00,122,1,3.0,0.3072744444444444,0.0,0.014149988166666665
2018-06-25 05:00:00,122,1,3.0,0.50087,0.0,0.023307985450000002
2018-06-25 06:00:00,122,1,3.0,1.3201291666666666,0.0,0.0628909535
2018-06-25 07:00:00,122,2,2.2235540282400876,0.0,-0.0,0.0007376236731719167
2018-06-25 08:00:00,122,2,2.033513430765786,0.0,-0.0,0.00018053856760058678
2018-06-25 09:00:00,122,2,2.033513430765786,0.0,0.09895310338095609,0.0
2018-06-25 10:00:00,122,1,2.033513430765786,0.0,0.10714331773101948,0.0
2018-06-25 11:00:00,122,1,2.033513430765786,0.0,0.2889065701566449,0.0
2018-06-25 12:00:00,122,1,2.033513430765786,0.0,0.10487881033566698,0.0
2018-06-25 13:00:00,122,0,3.0,0.7150272878251519,0.0,0.03595358756654136
2018-06-25 14:00:00,122,1,3.0,0.0,0.05880031280186698,0.0
2018-06-25 15:00:00,122,1,3.0,0.0,0.014356171552986574,0.0
2018-06-25 16:00:00,122,1,3.0,0.07888028108939119,0.0,0.004567365475778473
2018-06-25 17:00:00,122,2,2.3623099026456433,0.0,-0.0,0.0006058055924866386
2018-06-25 18:00:00,122,2,1.334178323698275,0.0,-0.0,0.000976725
2018-06-25 19:00:00,122,2,0.8027186745754679,0.0,-0.0,0.0005048866666666667
2018-06-25 20:00:00,122,2,0.0,0.33248503693108333,0.0,0.019974399387317016
2018-06-25 21:00:00,122,1,0.0,1.5320722222222225,0.0,0.08297320137500001
2018-06-25 22:00:00,122,1,0.0,0.5884666666666667,0.0,0.030085358333333333
2018-06-25 23:00:00,122,0,1.4249999999999998,1.874256388888889,0.0,0.09607029174236112
2018-06-26 00:00:00,122,1,1.4249999999999998,0.2219683333333333,0.0,0.011486306329166664
2018-06-26 01:00:00,122,1,1.4249999999999998,0.3868472222222222,0.0,0.019700194791666664
2018-06-26 02:00:00,122,1,1.4249999999999998,0.157015,0.0,0.008176556124999984
2018-06-26 03:00:00,122,0,2.8499999999999996,1.7854386111111111,0.0,0.09197710161805556
2018-06-26 04:00:00,122,1,2.8499999999999996,0.2097080555555555,0.0,0.01053940260208333
2018-06-26 05:00:00,122,1,2.8499999999999996,1.9262619444444444,0.0,0.09885094733402779
2018-06-26 06:00:00,122,1,2.8499999999999996,2.036923333333333,0.0,0.10679079805833333
2018-06-26 07:00:00,122,1,2.8499999999999996,1.0496930555555557,0.0,0.05730536813541667
2018-06-26 08:00:00,122,2,2.5101391812865494,0.0,-0.0,0.0003228677777777777
2018-06-26 09:00:00,122,2,2.020734795321637,0.0,-0.0,0.0004649341666666666
2018-06-26 10:00:00,122,1,2.020734795321637,0.3906430555555555,0.0,0.02131250850347222
2018-06-26 11:00:00,122,0,3.0,1.4140790897199143,0.0,0.07332559894053942
2018-06-26 12:00:00,122,1,3.0,0.3596129185853333,0.0,0.018735833058295865
2018-06-26 13:00:00,122,1,3.0,0.365487773582444,0.0,0.019162523968927536
2018-06-26 14:00:00,122,1,3.0,0.3873777777777777,0.0,0.020201751111111107
2018-06-26 15:00:00,122,1,3.0,0.3847475,0.0,0.022242252975
2018-06-26 16:00:00,122,1,3.0,0.4151344444444444,0.0,0.026598701691666622
2018-06-26 17:00:00,122,2,2.6874441520467838,0.0,-0.0,0.0002969280555555555
2018-06-26 18:00:00,122,2,2.091833040935673,0.0,-0.0,0.0005658305555555555
2018-06-26 19:00:00,122,2,1.0431964912280705,0.0,-0.0,0.0009962047222222222
2018-06-26 20:00:00,122,2,0.5486941520467838,0.0,-0.0,0.0004697772222222222
2018-06-26 21:00:00,122,2,0.26346842105263185,0.0,-0.0,0.0002709644444444444
2018-06-26 22:00:00,122,2,0.0,0.07046277777777743,0.0,0.0038960391222222046
2018-06-26 23:00:00,122,1,0.0,0.2862422222222222,0.0,0.015447777127777776
2018-06-27 00:00:00,122,1,0.0,0.3781416666666666,0.0,0.01871706714583333
2018-06-27 01:00:00,122,1,0.0,0.2862219444444444,0.0,0.013888919854166662
2018-06-27 02:00:00,122,1,0.0,0.2988175,0.0,0.01443064411875
2018-06-27 03:00:00,122,1,0.0,0.2769458333333333,0.0,0.013413179072916665
2018-06-27 04:00:00,122,0,1.4249999999999998,1.9596602777777778,0.0,0.09518155957916667
2018-06-27 05:00:00,122,0,2.8499999999999996,1.9407947222222222,0.0,0.09495411786180556
2018-06-27 06:00:00,122,1,2.8499999999999996,1.22316,0.0,0.059491444500000004
2018-06-27 07:00:00,122,1,2.8499999999999996,0.9902283333333334,0.0,0.0483850319375
2018-06-27 08:00:00,122,1,2.8499999999999996,0.5170619444444444,0.0,0.025500202445138887
2018-06-27 09:00:00,122,1,2.8499999999999996,0.3928747222222222,0.0,0.020215368831944445
2018-06-27 10:00:00,122,1,2.8499999999999996,0.2914513888888889,0.0,0.014710280225694443
2018-06-27 11:00:00,122,1,2.8499999999999996,0.3033572222222222,0.0,0.015274794531944445
2018-06-27 12:00:00,122,1,2.8499999999999996,0.2061652777777777,0.0,0.010393822479166663
2018-06-27 13:00:00,122,1,2.8499999999999996,0.3302133947571632,0.0,0.016455358994236335
2018-06-27 14:00:00,122,1,2.8499999999999996,0.1992094444444444,0.0,0.011440598394444442
2018-06-27 15:00:00,122,1,2.8499999999999996,0.2951013888888888,0.0,0.015550367687499995
2018-06-27 16:00:00,122,1,2.8499999999999996,0.2409805555555555,0.0,0.013173202069444417
2018-06-27 17:00:00,122,2,2.5469938596491226,0.0,-0.0,0.00028785583333333333
2018-06-27 18:00:00,122,2,2.1847809941520464,0.0,-0.0,0.0003441022222222222
2018-06-27 19:00:00,122,2,0.6058336257309938,0.1274591666666669,0.0,0.008579400764583347
2018-06-27 20:00:00,122,1,0.6058336257309938,0.4189080555555555,0.0,0.021216645743749995
2018-06-27 21:00:00,122,2,0.24609122807017508,0.0,-0.0,0.00034175527777777773
2018-06-27 22:00:00,122,2,0.0,0.05813833333333368,0.0,0.0031504415041666836
2018-06-27 23:00:00,122,1,0.0,0.2513294444444444,0.0,0.012964829391666639
2018-06-28 00:00:00,122,1,0.0,0.2987891666666666,0.0,0.014725077106249996
2018-06-28 01:00:00,122,0,1.4249999999999998,1.6573538888888888,0.0,0.06825269013148137
2018-06-28 02:00:00,122,0,2.8499999999999996,1.8046655555555555,0.0,0.07428817740740734
2018-06-28 03:00:00,122,1,2.8499999999999996,0.2020252777777777,0.0,0.0093391235284722
2018-06-28 04:00:00,122,1,2.8499999999999996,0.2479086111111111,0.0,0.011793012630555554
2018-06-28 05:00:00,122,1,2.8499999999999996,0.6185655555555556,0.0,0.029273614916666607
2018-06-28 06:00:00,122,1,2.8499999999999996,1.9641694444444444,0.0,0.09588093143055555
2018-06-28 07:00:00,122,1,2.8499999999999996,1.3275530555555557,0.0,0.06533884251180556
2018-06-28 08:00:00,122,1,2.8499999999999996,0.5989122069572861,0.0,0.027981178309044404
2018-06-28 09:00:00,122,1,2.8499999999999996,0.34365622014101244,0.0,0.008591405503525312
2018-06-28 10:00:00,122,2,2.1478989442799454,0.0,-0.0,0.0006669960029340514
2018-06-28 11:00:00,122,0,3.0,1.6667548597339428,0.0,0.08355965574821021
2018-06-28 12:00:00,122,1,3.0,0.388592777798846,0.0,0.019180939512151038
2018-06-28 13:00:00,122,1,3.0,0.30634859272017123,0.0,0.015394782655670404
2018-06-28 14:00:00,122,1,3.0,0.29298400191103413,0.0,0.014563502274992729
2018-06-28 15:00:00,122,1,3.0,0.2932271477469466,0.0,0.01525147702218806
2018-06-28 16:00:00,122,1,3.0,0.25643457205535336,0.0,0.013196764164398623
2018-06-28 17:00:00,122,1,3.0,0.4322819695400998,0.0,0.022993077959837908
2018-06-28 18:00:00,122,2,2.7136769005847956,0.0,-0.0,0.00027200694444444435
2018-06-28 19:00:00,122,2,1.7190754385964917,0.0,-0.0,0.0009448713888888888
2018-06-28 20:00:00,122,2,1.3922745614035092,0.0,-0.0,0.0003104608333333333
2018-06-28 21:00:00,122,1,1.3922745614035092,0.4307083333333333,0.0,0.021558028854166664
2018-06-28 22:00:00,122,1,1.3922745614035092,0.4011738888888889,0.0,0.020111849984722183
2018-06-28 23:00:00,122,2,1.0211695906432754,0.0,-0.0,0.0003525497222222222
2018-06-29 00:00:00,122,2,0.6700482456140355,0.0,-0.0,0.0003335652777777778
2018-06-29 01:00:00,122,2,0.31331228070175476,0.0,-0.0,0.0003388991666666667
2018-06-29 02:00:00,122,1,0.31331228070175476,0.3517041666666666,0.0,0.017397046604166664
2018-06-29 03:00:00,122,0,1.7383122807017546,1.8173472222222222,0.0,0.0873923730902776
2018-06-29 04:00:00,122,0,3.0,1.6420692805478607,0.0,0.07847661230944311
2018-06-29 05:00:00,122,1,3.0,0.6158655555555556,0.0,0.029293645150000002
2018-06-29 06:00:00,122,1,3.0,0.8125536111111111,0.0,0.040174681917361114
2018-06-29 07:00:00,122,1,3.0,0.4530575,0.0,0.023066289968749955
2018-06-29 08:00:00,122,2,2.519811403508772,0.0,-0.0,0.0004561791666666667
2018-06-29 09:00:00,122,2,2.1012736842105264,0.0,-0.0,0.0003976108333333333
2018-06-29 10:00:00,122,1,2.1012736842105264,0.4191947222222222,0.0,0.02094296832222222
2018-06-29 11:00:00,122,1,2.1012736842105264,1.0386027777777778,0.0,0.05004507484722222
2018-06-29 12:00:00,122,1,2.1012736842105264,0.4096136111111111,0.0,0.019946134793055556
2018-06-29 13:00:00,122,0,3.0,1.2523168674976914,0.0,0.06060327247625218
2018-06-29 14:00:00,122,1,3.0,0.4244913888888889,0.0,0.020207912568055555
2018-06-29 15:00:00,122,1,3.0,0.3319041666666666,0.0,0.016669057010416665
2018-06-29 16:00:00,122,1,3.0,0.4005322222222222,0.0,0.020128746827777776
2018-06-29 17:00:00,122,1,3.0,0.3460847222222222,0.0,0.018441989635416666
2018-06-29 18:00:00,122,2,2.1242748538011695,0.0,-0.0,0.0008319388888888889
2018-06-29 19:00:00,122,2,0.5453274853801169,0.36701944444444434,0.0,0.021082322458333292
2018-06-29 20:00:00,122,2,0.07577134502923971,0.0,-0.0,0.0004460783333333333
2018-06-29 21:00:00,122,1,0.07577134502923971,0.4684911111111111,0.0,0.0238438551
2018-06-29 22:00:00,122,1,0.07577134502923971,0.3317147222222222,0.0,0.01688593793472222
2018-06-29 23:00:00,122,1,0.07577134502923971,0.4329747222222222,0.0,0.022066556718055512
2018-06-30 00:00:00,122,1,0.07577134502923971,0.2678183333333333,0.0,0.013124437425
2018-06-30 01:00:00,122,1,0.07577134502923971,0.4179724999999999,0.0,0.019660381468749998
2018-06-30 02:00:00,122,1,0.07577134502923971,0.3082138888888889,0.0,0.014308829791666667
2018-06-30 03:00:00,122,1,0.07577134502923971,0.3624663888888889,0.0,0.016538435159027778
2018-06-30 04:00:00,122,0,1.5007713450292395,1.8495594444444445,0.0,0.08571506540416667
2018-06-30 05:00:00,122,0,2.925771345029239,1.9774286111111112,0.0,0.09206623038888889
2018-06-30 06:00:00,122,1,2.925771345029239,0.4957944444444444,0.0,0.021868253458333334
2018-06-30 07:00:00,122,1,2.925771345029239,0.5492213888888889,0.0,0.026578196061805556
2018-06-30 08:00:00,122,1,2.925771345029239,0.4538780555555555,0.0,0.023767324379166663
2018-06-30 09:00:00,122,2,2.164579824561403,0.0,-0.0,0.0007231319444444444
2018-06-30 10:00:00,122,2,0.5856324561403503,3.7932575,0.0,0.20537810748125
2018-06-30 11:00:00,122,1,0.5856324561403503,2.0001319444444445,0.0,0.09890152432291667
2018-06-30 12:00:00,122,1,0.5856324561403503,0.404365,0.0,0.0199099216875
2018-06-30 13:00:00,122,0,2.01063245614035,1.843064722222222,0.0,0.08954780944236111
2018-06-30 14:00:00,122,0,3.0,1.4258111865189296,0.0,0.0694625538329294
2018-06-30 15:00:00,122,1,3.0,0.4036413888888889,0.0,0.020503973452083334
2018-06-30 16:00:00,122,1,3.0,0.9645133333333332,0.0,0.04993285526666666
2018-06-30 17:00:00,122,1,3.0,0.7950122222222222,0.0,0.043413629925
2018-06-30 18:00:00,122,1,3.0,0.4649055555555555,0.0,0.026719284541666666
2018-06-30 19:00:00,122,2,2.463975730994152,0.0,-0.0,0.0005092230555555555
2018-06-30 20:00:00,122,2,1.9354906432748535,0.0,-0.0,0.0005020608333333332
2018-06-30 21:00:00,122,2,1.416939766081871,0.0,-0.0,0.0004926233333333334
2018-06-30 22:00:00,122,2,1.0234502923976605,0.0,-0.0,0.000373815
2018-06-30 23:00:00,122,0,2.44845029239766,1.8403375,0.0,0.101172679
2018-06-05 04:00:00,124,0,2.925,1.6256005555555555,0.0,0.07788290610416666
2018-06-05 05:00:00,124,1,2.925,0.1422277777777778,0.0,0.006590835222222208
2018-06-05 06:00:00,124,1,2.925,0.1084363888888888,0.0,0.005529713651388884
2018-06-05 07:00:00,124,1,2.925,0.1727788888888889,0.0,0.009816864519444446
2018-06-05 08:00:00,124,2,2.4009792397660816,0.0,-0.0,0.0004978197222222222
2018-06-05 09:00:00,124,2,1.141764957152108,0.0,-0.0,0.001196253568483275
2018-06-05 10:00:00,124,2,0.8293696641952708,0.0,-0.0,0.0002967755283089954
2018-06-05 11:00:00,124,2,0.8293696641952708,0.0,0.0019032584286952092,0.0
2018-06-05 12:00:00,124,1,0.8293696641952708,0.00895172869716121,0.0,0.00048769017942134273
2018-06-05 13:00:00,124,1,0.8293696641952708,0.011418403354901005,0.0,0.0006084010767575127
2018-06-05 14:00:00,124,0,2.254369664195271,1.5372552614963866,0.0,0.08206370511687189
2018-06-05 15:00:00,124,0,3.0,0.8803609263727995,0.0,0.04684755860782999
2018-06-05 16:00:00,124,1,3.0,0.0707687248589364,0.0,0.0037312810181874215
2018-06-05 17:00:00,124,2,2.8782576965945488,0.0,-0.0,0.00011565518823517871
2018-06-05 18:00:00,124,2,2.769722024079929,0.0,-0.0,0.00010310888888888881
2018-06-05 19:00:00,124,2,2.6342714392846074,0.0,-0.0,0.0001286780555555555
2018-06-05 20:00:00,124,2,2.4923351819746657,0.0,-0.0,0.0001348394444444444
2018-06-05 21:00:00,124,2,1.9641123749571219,0.0,-0.0,0.0005018116666666667
2018-06-05 22:00:00,124,2,0.7992860591676483,0.0,-0.0,0.001106585
2018-06-05 23:00:00,124,2,0.08606266735478274,0.0,-0.0,0.0006775622222222222
2018-06-06 00:00:00,124,1,0.08606266735478274,0.1292811111111111,0.0,0.006489911777777777
2018-06-06 01:00:00,124,1,0.08606266735478274,0.1048097222222222,0.0,0.005138034607638888
2018-06-06 02:00:00,124,1,0.08606266735478274,0.1288213888888889,0.0,0.006276500120138889
2018-06-06 03:00:00,124,0,1.5110626673547825,3.236805277777778,0.0,0.1538726084513889
2018-06-06 04:00:00,124,0,2.9360626673547823,2.2527133333333333,0.0,0.10710156928333334
2018-06-06 05:00:00,124,1,2.9360626673547823,0.1154594444444444,0.0,0.005601226298611109
2018-06-06 06:00:00,124,1,2.9360626673547823,0.1310425,0.0,0.006647130812499988
2018-06-06 07:00:00,124,1,2.9360626673547823,0.1375180555555555,0.0,0.007122060097222219
2018-06-06 08:00:00,124,2,2.8232819656003962,0.0,-0.0,0.0001071416666666666
2018-06-06 09:00:00,124,1,2.8232819656003962,0.06392894606009981,0.0,0.0033046470442117098
2018-06-06 10:00:00,124,1,2.8232819656003962,0.0305851620480172,0.0,0.0016175727578145096
2018-06-06 11:00:00,124,1,2.8232819656003962,0.0595338169769503,0.0,0.003121358024101504
2018-06-06 12:00:00,124,0,3.0,0.0,2.584722703931453,0.0001860189835785303
2018-06-06 13:00:00,124,1,3.0,0.047659335480401493,0.0,0.0019912070363711743
2018-06-06 14:00:00,124,1,3.0,0.10958632307630678,0.0,0.005485891333199918
2018-06-06 15:00:00,124,1,3.0,0.9923881878396611,0.0,0.05368323902118646
2018-06-06 16:00:00,124,1,3.0,0.33084574636656805,0.0,0.017921086966311076
2018-06-06 17:00:00,124,1,3.0,0.2828238135958487,0.0,0.01555036033103375
2018-06-06 18:00:00,124,2,2.6226078947368423,0.0,-0.0,0.0003585225
2018-06-06 19:00:00,124,2,2.1969505847953217,0.0,-0.0,0.00040437444444444445
2018-06-06 20:00:00,124,2,1.7769353801169592,0.0,-0.0,0.0003990144444444444
2018-06-06 21:00:00,124,2,1.3966026315789475,0.0,-0.0,0.0003613161111111111
2018-06-06 22:00:00,124,2,0.9446757309941523,0.0,-0.0,0.0004293305555555555
2018-06-06 23:00:00,124,2,0.803255263157895,0.0,-0.0,0.0001343494444444444
2018-06-07 00:00:00,124,2,0.6900722222222225,0.0,-0.0,0.0001075238888888888
2018-06-07 01:00:00,124,1,0.6900722222222225,0.1259763888888888,0.0,0.006267325347222218
2018-06-07 02:00:00,124,1,0.6900722222222225,0.1275052777777778,0.0,0.006281866272916654
2018-06-07 03:00:00,124,0,2.1150722222222225,2.4534175,0.0,0.12029447535
2018-06-07 04:00:00,124,0,3.0,1.0469423684210524,0.0,0.05226570460358186
2018-06-07 05:00:00,124,1,3.0,0.1290452777777777,0.0,0.006448069917361106
2018-06-07 06:00:00,124,1,3.0,0.1070780555555555,0.0,0.005574751267361107
2018-06-07 07:00:00,124,2,2.868538596491228,0.0,-0.0,0.0001248883333333333
2018-06-07 08:00:00,124,2,2.732071052631579,0.0,-0.0,0.0001296441666666666
2018-06-07 09:00:00,124,2,2.625718128654971,0.0,-0.0,0.00010103527777777769
2018-06-07 10:00:00,124,1,2.625718128654971,0.1298594444444444,0.0,0.006806907429166663
2018-06-07 11:00:00,124,0,3.0,0.5008092505386269,0.0,0.026121804140500905
2018-06-07 12:00:00,124,1,3.0,0.0,1.9352400052733905,0.0
2018-06-07 13:00:00,124,1,3.0,0.02441388954535141,0.0,0.0012629305061810285
2018-06-07 14:00:00,124,1,3.0,0.0,0.014123256248624108,0.0
2018-06-07 15:00:00,124,1,3.0,0.018091718023261302,0.0,0.0010679088856180565
2018-06-07 16:00:00,124,1,3.0,0.25484449387954117,0.0,0.015847504851899268
2018-06-07 17:00:00,124,2,2.594824207009002,0.0,-0.0,0.0003849170033414479
2018-06-07 18:00:00,124,2,2.13358063975754,0.0,-0.0,0.0004381813888888889
2018-06-07 19:00:00,124,2,1.7337528619797622,0.0,-0.0,0.0003798363888888889
2018-06-07 20:00:00,124,2,1.1267361953130957,0.0,-0.0,0.0005766658333333333
2018-06-07 21:00:00,124,2,0.6316306397575402,0.0,-0.0,0.00047035027777777774
2018-06-07 22:00:00,124,2,0.4163630958978911,0.0,-0.0,0.0002045041666666666
2018-06-07 23:00:00,124,1,0.4163630958978911,0.1336275,0.0,0.0067441799250000005
2018-06-08 00:00:00,124,2,0.2802952596405812,0.0,-0.0,0.0001292644444444444
2018-06-08 01:00:00,124,1,0.2802952596405812,0.1035455555555555,0.0,0.005255972399999987
2018-06-08 02:00:00,124,1,0.2802952596405812,0.1288019444444444,0.0,0.006497736092361096
2018-06-08 03:00:00,124,1,0.2802952596405812,1.2803083333333334,0.0,0.06442831610416667
2018-06-08 04:00:00,124,0,1.705295259640581,1.6123702777777777,0.0,0.08240874053888889
2018-06-08 05:00:00,124,0,3.0,1.491692095115178,0.0,0.07599593184396532
2018-06-08 06:00:00,124,1,3.0,0.1115744444444444,0.0,0.005667423905555554
2018-06-08 07:00:00,124,1,3.0,0.1179336111111111,0.0,0.006397898402777777
2018-06-08 08:00:00,124,1,3.0,0.1274966666666666,0.0,0.008448247874999983
2018-06-08 09:00:00,124,2,2.892882456140351,0.0,-0.0,0.0001017616666666666
2018-06-08 10:00:00,124,2,2.757592105263158,0.0,-0.0,0.00012852583333333332
2018-06-08 11:00:00,124,2,2.6324897660818714,0.0,-0.0,0.0001188472222222222
2018-06-08 12:00:00,124,2,2.5334258577413293,0.0,-0.0,9.411071292351489e-05
2018-06-08 13:00:00,124,2,2.43206441650596,0.0,-0.0,9.62933691736008e-05
2018-06-08 14:00:00,124,1,2.43206441650596,0.0680768804983152,0.0,0.003592757368298585
2018-06-08 15:00:00,124,1,2.43206441650596,0.088828315602941,0.0,0.004619738623719953
2018-06-08 16:00:00,124,1,2.43206441650596,0.11914370663284418,0.0,0.0061683675516489254
2018-06-08 17:00:00,124,1,2.43206441650596,0.8313625,0.0,0.04470444003125
2018-06-08 18:00:00,124,2,0.9349702644591764,0.0,-0.0,0.0014222394444444444
2018-06-08 19:00:00,124,2,0.0,0.4488468598748936,0.0,0.025465953680835703
2018-06-08 20:00:00,124,1,0.0,0.8127355555555555,0.0,0.04292462836666667
2018-06-08 21:00:00,124,1,0.0,1.0583530555555556,0.0,0.054682456497916664
2018-06-08 22:00:00,124,1,0.0,1.152761666666667,0.0,0.05896664115416667
2018-06-08 23:00:00,124,1,0.0,0.1257480555555555,0.0,0.00677247590208333
2018-06-09 00:00:00,124,1,0.0,0.1229983333333333,0.0,0.006269225049999999
2018-06-09 01:00:00,124,1,0.0,0.1128302777777777,0.0,0.005587919506944429
2018-06-09 02:00:00,124,1,0.0,0.1148283333333333,0.0,0.005690318058333332
2018-06-09 03:00:00,124,0,1.4249999999999998,1.6239941666666666,0.0,0.07946795994166667
2018-06-09 04:00:00,124,0,2.8499999999999996,1.626311111111111,0.0,0.07965644622222205
2018-06-09 05:00:00,124,1,2.8499999999999996,1.530592222222222,0.0,0.07307429916944443
2018-06-09 06:00:00,124,1,2.8499999999999996,0.1237366666666666,0.0,0.006287060033333331
2018-06-09 07:00:00,124,1,2.8499999999999996,0.1127555555555555,0.0,0.00572544522222222
2018-06-09 08:00:00,124,1,2.8499999999999996,0.0,0.8030168182400628,0.0
2018-06-09 09:00:00,124,2,2.8499999999999996,0.0,2.5349061664062207,0.0
2018-06-09 10:00:00,124,2,2.8499999999999996,0.0,2.311214965088065,0.0
2018-06-09 11:00:00,124,2,2.7392307017543858,0.0,-0.0,0.00010523083333333331
2018-06-09 12:00:00,124,1,2.7392307017543858,0.1276141666666666,0.0,0.006299673337499997
2018-06-09 13:00:00,124,1,2.7392307017543858,0.1200927777777777,0.0,0.005808587429166663
2018-06-09 14:00:00,124,1,2.7392307017543858,0.1093775,0.0,0.0052648859625
2018-06-09 15:00:00,124,0,3.0,0.40039260926438924,0.0,0.01855541955564213
2018-06-09 16:00:00,124,1,3.0,0.1069247222222222,0.0,0.004914527545138888
2018-06-09 17:00:00,124,1,3.0,0.217235,0.0,0.011663347150000001
2018-06-09 18:00:00,124,1,3.0,0.5001222222222222,0.0,0.02758424116666667
2018-06-09 19:00:00,124,2,2.54207134502924,0.0,-0.0,0.0004350322222222222
2018-06-09 20:00:00,124,2,2.2314400584795324,0.0,-0.0,0.0002950997222222222
2018-06-09 21:00:00,124,2,2.1113643274853806,0.0,-0.0,0.0001140719444444444
2018-06-09 22:00:00,124,2,1.9812692982456146,0.0,-0.0,0.0001235902777777777
2018-06-09 23:00:00,124,2,1.8493198830409363,0.0,-0.0,0.0001253519444444444
2018-06-10 00:00:00,124,2,1.714592982456141,0.0,-0.0,0.0001279905555555555
2018-06-10 01:00:00,124,2,1.6064467836257317,0.0,-0.0,0.0001027388888888888
2018-06-10 02:00:00,124,2,1.4717578947368428,0.0,-0.0,0.0001279544444444444
2018-06-10 03:00:00,124,1,1.4717578947368428,0.1158172222222222,0.0,0.0055910764027777655
2018-06-10 04:00:00,124,1,1.4717578947368428,0.1197936111111111,0.0,0.005718348026388888
2018-06-10 05:00:00,124,0,2.896757894736843,1.9449586111111112,0.0,0.09393415799305556
2018-06-10 06:00:00,124,1,2.896757894736843,0.1075463888888888,0.0,0.005129962749999996
2018-06-10 07:00:00,124,1,2.896757894736843,0.1227158333333333,0.0,0.005891280368749999
2018-06-10 08:00:00,124,1,2.896757894736843,0.1276652777777777,0.0,0.006348475100694441
2018-06-10 09:00:00,124,2,2.7884154970760244,0.0,-0.0,0.0001029252777777777
2018-06-10 10:00:00,124,2,2.653239181286551,0.0,-0.0,0.00012841749999999998
2018-06-10 11:00:00,124,2,2.5468406432748547,0.0,-0.0,0.00010107861111111111
2018-06-10 12:00:00,124,2,2.5468406432748547,0.0,0.7471256803160242,0.0
2018-06-10 13:00:00,124,1,2.5468406432748547,0.1246722222222222,0.0,0.006142600388888888
2018-06-10 14:00:00,124,0,3.0,0.5418943047086269,0.0,0.026750755212982136
2018-06-10 15:00:00,124,1,3.0,0.09188276225235259,0.0,0.004525685454739627
2018-06-10 16:00:00,124,1,3.0,0.061798795671593694,0.0,0.0030879313227203577
2018-06-10 17:00:00,124,1,3.0,0.10759947205468261,0.0,0.005585757593038711
2018-06-10 18:00:00,124,1,3.0,0.1128394444444444,0.0,0.006090791112499997
2018-06-10 19:00:00,124,2,2.876248538011696,0.0,-0.0,0.0001175638888888888
2018-06-10 20:00:00,124,2,2.7414023391812865,0.0,-0.0,0.0001281038888888888
2018-06-10 21:00:00,124,2,2.6349859649122807,0.0,-0.0,0.00010109555555555549
2018-06-10 22:00:00,124,2,2.5006736842105264,0.0,-0.0,0.00012759666666666662
2018-06-10 23:00:00,124,2,2.3691046783625733,0.0,-0.0,0.0001249905555555555
2018-06-11 00:00:00,124,2,2.2263687134502925,0.0,-0.0,0.0001355991666666666
2018-06-11 01:00:00,124,1,2.2263687134502925,0.1273930555555555,0.0,0.006159454236111108
2018-06-11 02:00:00,124,1,2.2263687134502925,0.1069775,0.0,0.00517423423125
2018-06-11 03:00:00,124,0,3.0,1.0639801115727916,0.0,0.0514438423318752
2018-06-11 04:00:00,124,1,3.0,0.1465269444444444,0.0,0.006913507556249998
2018-06-11 05:00:00,124,1,3.0,0.1702544444444444,0.0,0.008299052894444442
2018-06-11 06:00:00,124,1,3.0,0.3255011111111111,0.0,0.015936534399999997
2018-06-11 07:00:00,124,1,3.0,1.933226111111111,0.0,0.09930015919722222
2018-06-11 08:00:00,124,2,2.626328947368421,0.0,-0.0,0.00035498750000000003
2018-06-11 09:00:00,124,2,2.1121944444444445,0.0,-0.0,0.0004884277777777778
2018-06-11 10:00:00,124,2,1.7487172514619884,0.0,-0.0,0.0003453033333333333
2018-06-11 11:00:00,124,1,1.7487172514619884,1.006471111111111,0.0,0.050348717333333334
2018-06-11 12:00:00,124,1,1.7487172514619884,0.3279647222222222,0.0,0.01654090076527778
2018-06-11 13:00:00,124,0,3.0,1.6779980686365035,0.0,0.0851457282492113
2018-06-11 14:00:00,124,1,3.0,0.4805369444444444,0.0,0.023746934452083333
2018-06-11 15:00:00,124,1,3.0,0.3413625,0.0,0.01750080196875
2018-06-11 16:00:00,124,1,3.0,0.3798605315591386,0.0,0.019445060610512307
2018-06-11 17:00:00,124,2,2.600064619883041,0.0,-0.0,0.0003799386111111111
2018-06-11 18:00:00,124,2,2.0110008771929824,0.0,-0.0,0.0005596105555555555
2018-06-11 19:00:00,124,2,1.4740154970760233,0.0,-0.0,0.0005101361111111111
2018-06-11 20:00:00,124,2,0.0,0.46680194444444467,0.0,0.02535659051111112
2018-06-11 21:00:00,124,1,0.0,1.9268177777777773,0.0,0.09841221799999998
2018-06-11 22:00:00,124,1,0.0,0.8264097222222222,0.0,0.04194029340277778
2018-06-11 23:00:00,124,1,0.0,0.1302822222222222,0.0,0.006639507749999998
2018-06-12 00:00:00,124,1,0.0,0.1131469444444444,0.0,0.0054491568444444425
2018-06-12 01:00:00,124,1,0.0,0.1277005555555555,0.0,0.006163467313888874
2018-06-12 02:00:00,124,1,0.0,0.132735,0.0,0.0064827774
2018-06-12 03:00:00,124,0,1.4249999999999998,2.277152777777778,0.0,0.10864573107638889
2018-06-12 04:00:00,124,0,2.8499999999999996,1.6105658333333333,0.0,0.07686642817083333
2018-06-12 05:00:00,124,1,2.8499999999999996,0.1142430555555555,0.0,0.005489950034722219
2018-06-12 06:00:00,124,1,2.8499999999999996,0.1336061111111111,0.0,0.006600141888888875
2018-06-12 07:00:00,124,1,2.8499999999999996,0.1298994444444444,0.0,0.007150639668055553
2018-06-12 08:00:00,124,1,2.8499999999999996,0.1085647222222222,0.0,0.006295668241666666
2018-06-12 09:00:00,124,1,2.8499999999999996,0.1267919444444444,0.0,0.008290502607407381
2018-06-12 10:00:00,124,2,2.7219578947368417,0.0,-0.0,0.00012164
2018-06-12 11:00:00,124,2,2.608426608187134,0.0,-0.0,0.0001078547222222222
2018-06-12 12:00:00,124,1,2.608426608187134,0.1271636111111111,0.0,0.007545464804629621
2018-06-12 13:00:00,124,0,3.0,0.4355060665647504,0.0,0.022394351227553486
2018-06-12 14:00:00,124,1,3.0,0.0,0.02528776043365069,0.0
2018-06-12 15:00:00,124,1,3.0,0.0,0.004716039567692509,0.0
2018-06-12 16:00:00,124,1,3.0,0.00745793162058471,0.0,0.00032926768104881495
2018-06-12 17:00:00,124,2,2.8661051666608874,0.0,-0.0,0.000127200091672157
2018-06-12 18:00:00,124,2,2.4580323596433438,0.0,-0.0,0.0003876691666666667
2018-06-12 19:00:00,124,2,2.002451365491297,0.0,-0.0,0.00043280194444444444
2018-06-12 20:00:00,124,1,2.002451365491297,0.2154,0.0,0.010851852
2018-06-12 21:00:00,124,2,1.8439007806959755,0.0,-0.0,0.0001506230555555555
2018-06-12 22:00:00,124,2,1.7169364532105953,0.0,-0.0,0.0001206161111111111
2018-06-12 23:00:00,124,2,1.581607798239835,0.0,-0.0,0.00012856222222222218
2018-06-13 00:00:00,124,2,1.4513136461930516,0.0,-0.0,0.0001237794444444444
2018-06-13 01:00:00,124,1,1.4513136461930516,0.1203358333333333,0.0,0.005699105066666653
2018-06-13 02:00:00,124,1,1.4513136461930516,0.10647,0.0,0.0050530662
2018-06-13 03:00:00,124,0,2.8763136461930516,2.5497525000000003,0.0,0.1214021113125
2018-06-13 04:00:00,124,1,2.8763136461930516,0.4343608333333333,0.0,0.020753760616666665
2018-06-13 05:00:00,124,1,2.8763136461930516,0.1345705555555555,0.0,0.006279398548611109
2018-06-13 06:00:00,124,1,2.8763136461930516,0.1368569444444444,0.0,0.007001259135416665
2018-06-13 07:00:00,124,2,2.8763136461930516,0.0,0.13998871758802248,0.0
2018-06-13 08:00:00,124,2,2.8763136461930516,0.0,1.8414093794624402,0.0
2018-06-13 09:00:00,124,2,2.8763136461930516,0.0,1.3289530139657022,0.0
2018-06-13 10:00:00,124,2,2.8763136461930516,0.0,0.012883730406075503,0.0
2018-06-13 11:00:00,124,1,2.8763136461930516,0.016681768294567398,0.0,0.0008437221359184825
2018-06-13 12:00:00,124,1,2.8763136461930516,0.0011161724701726217,0.0,5.656483035717304e-05
2018-06-13 13:00:00,124,2,2.825302651834553,0.0,-0.0,4.8460444640573404e-05
2018-06-13 14:00:00,124,1,2.825302651834553,0.1183591666666666,0.0,0.006057030354166663
2018-06-13 15:00:00,124,1,2.825302651834553,0.1328583333333333,0.0,0.006719974499999998
2018-06-13 16:00:00,124,1,2.825302651834553,0.1359466666666666,0.0,0.006895554799999997
2018-06-13 17:00:00,124,2,2.023846219086015,0.0,-0.0,0.0007613836111111111
2018-06-13 18:00:00,124,2,1.5204813068053133,0.0,-0.0,0.0004781966666666666
2018-06-13 19:00:00,124,2,1.017059376980752,0.0,-0.0,0.0004782508333333333
2018-06-13 20:00:00,124,2,0.4961772132380621,0.0,-0.0,0.0004948380555555555
2018-06-13 21:00:00,124,2,0.036697096278997754,0.0,-0.0,0.0004365061111111111
2018-06-13 22:00:00,124,1,0.036697096278997754,0.2347955555555555,0.0,0.011661708255555554
2018-06-13 23:00:00,124,1,0.036697096278997754,0.1186541666666666,0.0,0.005371474124999997
2018-06-14 00:00:00,124,1,0.036697096278997754,0.1209672222222222,0.0,0.005234856541666666
2018-06-14 01:00:00,124,1,0.036697096278997754,0.1278188888888889,0.0,0.004991327611111099
2018-06-14 02:00:00,124,1,0.036697096278997754,0.1032227777777777,0.0,0.003709568576388886
2018-06-14 03:00:00,124,0,1.4616970962789977,2.8571511111111114,0.0,0.08682167505555556
2018-06-14 04:00:00,124,0,2.8866970962789975,1.7410102777777776,0.0,0.05064436761597222
2018-06-14 05:00:00,124,1,2.8866970962789975,0.1019102777777777,0.0,0.0035826558152777747
2018-06-14 06:00:00,124,1,2.8866970962789975,0.1305583333333333,0.0,0.006025593479166665
2018-06-14 07:00:00,124,1,2.8866970962789975,0.1177933333333333,0.0,0.0060854980833333315
2018-06-14 08:00:00,124,1,2.8866970962789975,0.1180366666666666,0.0,0.00595317928333333
2018-06-14 09:00:00,124,1,2.8866970962789975,0.1276252777777777,0.0,0.006558343961805539
2018-06-14 10:00:00,124,2,2.778170780489524,0.0,-0.0,0.0001031
2018-06-14 11:00:00,124,2,2.6437687337058984,0.0,-0.0,0.0001276819444444444
2018-06-14 12:00:00,124,1,2.6437687337058984,0.1257983333333333,0.0,0.006420432437499985
2018-06-14 13:00:00,124,0,3.0,0.4606702803095807,0.0,0.021651037176407564
2018-06-14 14:00:00,124,1,3.0,0.11714201929462299,0.0,0.00512203479365739
2018-06-14 15:00:00,124,1,3.0,0.09271686654123991,0.0,0.004342858028791677
2018-06-14 16:00:00,124,1,3.0,0.1242434474924442,0.0,0.0061311035251333905
2018-06-14 17:00:00,124,1,3.0,0.0764551453413959,0.0,0.004099142617478941
2018-06-14 18:00:00,124,1,3.0,0.1283169444444444,0.0,0.006810421826388886
2018-06-14 19:00:00,124,1,3.0,0.3755883333333333,0.0,0.020157825849999998
2018-06-14 20:00:00,124,1,3.0,0.4192886111111111,0.0,0.022836554204166627
2018-06-14 21:00:00,124,2,2.8046684210526314,0.0,-0.0,0.000185565
2018-06-14 22:00:00,124,2,2.635091520467836,0.0,-0.0,0.0001610980555555555
2018-06-14 23:00:00,124,2,2.4624102339181286,0.0,-0.0,0.00016404722222222221
2018-06-15 00:00:00,124,2,2.3538792397660817,0.0,-0.0,0.0001031044444444444
2018-06-15 01:00:00,124,2,2.2167789473684207,0.0,-0.0,0.0001302452777777777
2018-06-15 02:00:00,124,1,2.2167789473684207,0.1018930555555555,0.0,0.005212084524305553
2018-06-15 03:00:00,124,0,3.0,0.9696857132963992,0.0,0.047400872237205696
2018-06-15 04:00:00,124,1,3.0,0.4169836111111111,0.0,0.020068378743749997
2018-06-15 05:00:00,124,1,3.0,0.1040102777777777,0.0,0.005144608364583319
2018-06-15 06:00:00,124,1,3.0,0.1269808333333333,0.0,0.006467133841666665
2018-06-15 07:00:00,124,1,3.0,0.1076480555555555,0.0,0.005964240518055541
2018-06-15 08:00:00,124,2,2.865480701754386,0.0,-0.0,0.00012779333333333328
2018-06-15 09:00:00,124,2,2.758595321637427,0.0,-0.0,0.0001015411111111111
2018-06-15 10:00:00,124,2,2.6228657894736847,0.0,-0.0,0.0001289430555555555
2018-06-15 11:00:00,124,0,3.0,0.5042670197136736,0.0,0.026347824881516314
2018-06-15 12:00:00,124,1,3.0,0.10557880949746311,0.0,0.005500655974817828
2018-06-15 13:00:00,124,1,3.0,0.065783161716207,0.0,0.003455260569143773
2018-06-15 14:00:00,124,1,3.0,0.0,0.015196539027058004,0.0
2018-06-15 15:00:00,124,1,3.0,0.07564661750006729,0.0,0.003935515275441001
2018-06-15 16:00:00,124,1,3.0,0.0753564280047427,0.0,0.004019700260842987
2018-06-15 17:00:00,124,2,2.4450797763764305,0.0,-0.0,0.0005271742124423909
2018-06-15 18:00:00,124,2,1.1586113553237989,0.0,-0.0,0.001222145
2018-06-15 19:00:00,124,2,0.0,0.1841592124423912,0.0,0.011467002855939809
2018-06-15 20:00:00,124,0,1.4249999999999998,1.6108791666666666,0.0,0.08336487925
2018-06-15 21:00:00,124,1,1.4249999999999998,0.1339925,0.0,0.0068892243874999854
2018-06-15 22:00:00,124,0,2.8499999999999996,2.179297777777778,0.0,0.11117316066666667
2018-06-15 23:00:00,124,2,1.6223263157894732,0.0,-0.0,0.0011662900000000002
2018-06-16 00:00:00,124,2,1.1940280701754382,0.0,-0.0,0.00040688333333333335
2018-06-16 01:00:00,124,2,1.0772459064327482,0.0,-0.0,0.0001109430555555555
2018-06-16 02:00:00,124,2,0.9526450292397658,0.0,-0.0,0.00011837083333333331
2018-06-16 03:00:00,124,2,0.8172798245614032,0.0,-0.0,0.0001285969444444444
2018-06-16 04:00:00,124,1,0.8172798245614032,0.1127241666666666,0.0,0.005589145993749997
2018-06-16 05:00:00,124,1,0.8172798245614032,0.4255166666666666,0.0,0.020664153124999998
2018-06-16 06:00:00,124,1,0.8172798245614032,0.1530975,0.0,0.00752512486875
2018-06-16 07:00:00,124,1,0.8172798245614032,0.0,0.3935179919704683,0.0
2018-06-16 08:00:00,124,1,0.8172798245614032,0.1258102777777777,0.0,0.005900502027777774
2018-06-16 09:00:00,124,2,0.6904573099415203,0.0,-0.0,0.00012048138888888881
2018-06-16 10:00:00,124,2,0.5785026315789472,0.0,-0.0,0.00010635694444444441
2018-06-16 11:00:00,124,2,0.44352076023391807,0.0,-0.0,0.0001282327777777777
2018-06-16 12:00:00,124,2,0.33583625730994154,0.0,-0.0,0.0001023002777777777
2018-06-16 13:00:00,124,0,1.7608362573099414,1.6290530555555556,0.0,0.07659120059583333
2018-06-16 14:00:00,124,0,3.0,1.4057692759310558,0.0,0.06601194265814866
2018-06-16 15:00:00,124,1,3.0,0.1285511111111111,0.0,0.005954808844444444
2018-06-16 16:00:00,124,1,3.0,0.1155486111111111,0.0,0.005329679687499988
2018-06-16 17:00:00,124,1,3.0,0.1282169444444444,0.0,0.005985808051388887
2018-06-16 18:00:00,124,1,3.0,0.1064175,0.0,0.0049303227749999895
2018-06-16 19:00:00,124,1,3.0,0.1254505555555555,0.0,0.006037621612499998
2018-06-16 20:00:00,124,1,3.0,0.1088669444444444,0.0,0.005256368245138876
2018-06-16 21:00:00,124,1,3.0,0.1217111111111111,0.0,0.005949239111111111
2018-06-16 22:00:00,124,1,3.0,0.1073238888888888,0.0,0.00525028464444444
2018-06-16 23:00:00,124,2,2.5331394736842103,0.0,-0.0,0.0004435175
2018-06-17 00:00:00,124,2,2.4155350877192983,0.0,-0.0,0.0001117241666666666
2018-06-17 01:00:00,124,2,2.2918836257309945,0.0,-0.0,0.0001174688888888888
2018-06-17 02:00:00,124,2,2.175191228070176,0.0,-0.0,0.0001108577777777777
2018-06-17 03:00:00,124,1,2.175191228070176,0.1206194444444444,0.0,0.004980075312499998
2018-06-17 04:00:00,124,0,3.0,0.9816567043705751,0.0,0.04097871270050783
2018-06-17 05:00:00,124,1,3.0,3.5128891666666666,0.0,0.14459930032291665
2018-06-17 06:00:00,124,1,3.0,0.5136861111111111,0.0,0.022211787444444443
2018-06-17 07:00:00,124,1,3.0,1.261253888888889,0.0,0.05546363976388889
2018-06-17 08:00:00,124,1,3.0,0.0,1.0701293991473586,0.0
2018-06-17 09:00:00,124,1,3.0,0.0,0.47498213194464933,0.0
2018-06-17 10:00:00,124,1,3.0,0.1282208333333333,0.0,0.006725182708333332
2018-06-17 11:00:00,124,1,3.0,0.0,0.7491661996909562,0.0
2018-06-17 12:00:00,124,1,3.0,0.0,0.8973418891955651,0.0
2018-06-17 13:00:00,124,1,3.0,0.048422153843652005,0.0,0.002506451738332032
2018-06-17 14:00:00,124,1,3.0,0.0958919718623768,0.0,0.004860044863914912
2018-06-17 15:00:00,124,1,3.0,0.1022508333333333,0.0,0.005274864864583332
2018-06-17 16:00:00,124,1,3.0,0.20019,0.0,0.010690146000000001
2018-06-17 17:00:00,124,2,2.505186842105263,0.0,-0.0,0.0004700725
2018-06-17 18:00:00,124,2,2.028235380116959,0.0,-0.0,0.0004531038888888888
2018-06-17 19:00:00,124,2,1.5366435672514618,0.0,-0.0,0.0004670122222222222
2018-06-17 20:00:00,124,2,0.11483450292397634,0.0,-0.0,0.0013507186111111113
2018-06-17 21:00:00,124,1,0.11483450292397634,1.267006111111111,0.0,0.06386344303055543
2018-06-17 22:00:00,124,1,0.11483450292397634,0.1807766666666666,0.0,0.009059622649999998
2018-06-17 23:00:00,124,1,0.11483450292397634,0.2336380555555555,0.0,0.011788208093055553
2018-06-18 00:00:00,124,1,0.11483450292397634,0.0,-0.0,0.0
2018-06-18 01:00:00,124,1,0.11483450292397634,0.0,-0.0,0.0
2018-06-18 02:00:00,124,1,0.11483450292397634,0.0,-0.0,0.0
2018-06-18 03:00:00,124,0,1.5398345029239762,1.5,0.0,0.05537625
2018-06-18 04:00:00,124,0,2.964834502923976,1.5,0.0,0.0571275
2018-06-18 05:00:00,124,1,2.964834502923976,0.0,-0.0,0.0
2018-06-18 06:00:00,124,1,2.964834502923976,0.0,-0.0,0.0
2018-06-18 07:00:00,124,2,2.964834502923976,0.0,-0.0,0.0
2018-06-18 08:00:00,124,2,2.964834502923976,0.0,-0.0,0.0
2018-06-18 09:00:00,124,2,2.964834502923976,0.0,-0.0,0.0
2018-06-18 10:00:00,124,1,2.964834502923976,0.0,-0.0,0.0
2018-06-18 11:00:00,124,1,2.964834502923976,0.0,0.0644699251658487,0.0
2018-06-18 12:00:00,124,1,2.964834502923976,0.0,0.051355569461379,0.0
2018-06-18 13:00:00,124,1,2.964834502923976,0.0,1.0285846144021027,0.0
2018-06-18 14:00:00,124,1,2.964834502923976,0.0,0.0784591953454462,0.0
2018-06-18 15:00:00,124,1,2.964834502923976,0.0,0.055166317412679,0.0
2018-06-18 16:00:00,124,1,2.964834502923976,0.0,0.0113931991223837,0.0
2018-06-18 17:00:00,124,2,2.964834502923976,0.0,-0.0,0.0
2018-06-18 18:00:00,124,2,2.964834502923976,0.0,-0.0,0.0
2018-06-18 19:00:00,124,2,2.964834502923976,0.0,-0.0,0.0
2018-06-18 20:00:00,124,2,2.964834502923976,0.0,-0.0,0.0
2018-06-18 21:00:00,124,2,2.964834502923976,0.0,-0.0,0.0
2018-06-18 22:00:00,124,2,2.964834502923976,0.0,-0.0,0.0
2018-06-18 23:00:00,124,2,2.964834502923976,0.0,-0.0,0.0
2018-06-19 00:00:00,124,1,2.964834502923976,0.0,-0.0,0.0
2018-06-19 01:00:00,124,1,2.964834502923976,0.0,-0.0,0.0
2018-06-19 02:00:00,124,1,2.964834502923976,0.0,-0.0,0.0
2018-06-19 03:00:00,124,1,2.964834502923976,0.0,-0.0,0.0
2018-06-19 04:00:00,124,1,2.964834502923976,0.0,-0.0,0.0
2018-06-19 05:00:00,124,1,2.964834502923976,0.0,-0.0,0.0
2018-06-19 06:00:00,124,1,2.964834502923976,0.0,-0.0,0.0
2018-06-19 07:00:00,124,1,2.964834502923976,0.0,0.4028695981141451,0.0
2018-06-19 08:00:00,124,1,2.964834502923976,0.0,0.6591427502294221,0.0
2018-06-19 09:00:00,124,1,2.964834502923976,0.0890652668860307,0.0,0.005370635593227651
2018-06-19 10:00:00,124,1,2.964834502923976,0.025055782147476696,0.0,0.0015210112552625729
2018-06-19 11:00:00,124,2,2.964834502923976,0.0,1.1329275512169346,0.0
2018-06-19 12:00:00,124,2,2.964834502923976,0.0,1.2227873706096721,0.0
2018-06-19 13:00:00,124,2,2.964834502923976,0.0,0.024156439142663688,0.0
2018-06-14 07:00:00,133,1,1.5,0.2602133333333333,0.0,0.013443271333333331
2018-06-14 08:00:00,133,1,1.5,0.4948375,0.0,0.0249571293125
2018-06-14 09:00:00,133,1,1.5,0.2596825,0.0,0.013344434468749973
2018-06-14 10:00:00,133,2,1.2705932748538011,0.0,-0.0,0.0002179363888888889
2018-06-14 11:00:00,133,2,0.9638941520467836,0.0,-0.0,0.0002913641666666666
2018-06-14 12:00:00,133,1,0.9638941520467836,0.2968694444444444,0.0,0.015151474270833302
2018-06-14 13:00:00,133,0,2.3888941520467837,1.701596111111111,0.0,0.08008821639166666
2018-06-14 14:00:00,133,0,3.0,0.9863293884851432,0.0,0.04377052182514785
2018-06-14 15:00:00,133,1,3.0,0.3730132554301288,0.0,0.017471940884347233
2018-06-14 16:00:00,133,1,3.0,0.293003725270222,0.0,0.014459001332772281
2018-06-14 17:00:00,133,1,3.0,0.4237226453413959,0.0,0.022717889629978942
2018-06-14 18:00:00,133,1,3.0,0.3623416666666667,0.0,0.01923128395833333
2018-06-14 19:00:00,133,1,3.0,0.3255513888888889,0.0,0.017472343041666668
2018-06-14 20:00:00,133,1,3.0,0.4074030555555555,0.0,0.02218920742083329
2018-06-14 21:00:00,133,2,2.587391520467836,0.0,-0.0,0.0003919780555555555
2018-06-14 22:00:00,133,2,2.277627192982456,0.0,-0.0,0.00029427611111111114
2018-06-14 23:00:00,133,2,1.9242406432748538,0.0,-0.0,0.0003357172222222222
2018-06-15 00:00:00,133,2,1.658597076023392,0.0,-0.0,0.0002523613888888888
2018-06-15 01:00:00,133,2,1.4062230994152047,0.0,-0.0,0.0002397552777777777
2018-06-15 02:00:00,133,1,1.4062230994152047,0.257775,0.0,0.013185835687499998
2018-06-15 03:00:00,133,0,2.8312230994152046,1.734595,0.0,0.08481693433750001
2018-06-15 04:00:00,133,0,3.0,0.40314406201908287,0.0,0.019579975740175826
2018-06-15 05:00:00,133,1,3.0,0.3149072222222222,0.0,0.015576098479166637
2018-06-15 06:00:00,133,1,3.0,0.4176175,0.0,0.021269259275
2018-06-15 07:00:00,133,1,3.0,0.3387247222222222,0.0,0.018767043234722187
2018-06-15 08:00:00,133,2,2.6674628654970762,0.0,-0.0,0.0003159102777777778
2018-06-15 09:00:00,133,2,2.4033207602339184,0.0,-0.0,0.00025093500000000004
2018-06-15 10:00:00,133,2,2.171313742690059,0.0,-0.0,0.00022040666666666662
2018-06-15 11:00:00,133,0,3.0,1.1424119081408821,0.0,0.059663674146184294
2018-06-15 12:00:00,133,1,3.0,0.2362068650530187,0.0,0.012306377669262274
2018-06-15 13:00:00,133,1,3.0,0.22808510616065153,0.0,0.011980170201088223
2018-06-15 14:00:00,133,1,3.0,0.203270960972942,0.0,0.010527911246191098
2018-06-15 15:00:00,133,1,3.0,0.2900874508334006,0.0,0.015091799629607666
2018-06-15 16:00:00,133,1,3.0,0.2569236502269649,0.0,0.013704949812231875
2018-06-15 17:00:00,133,2,2.654729191581109,0.0,-0.0,0.0003280072679979464
2018-06-15 18:00:00,133,2,2.34346164772146,0.0,-0.0,0.0002957041666666666
2018-06-15 19:00:00,133,2,1.8469183728676588,0.0,-0.0,0.0004717161111111111
2018-06-15 20:00:00,133,0,3.0,1.6123637449346282,0.0,0.0831540956514013
2018-06-15 21:00:00,133,1,3.0,0.3254805555555555,0.0,0.016734582763888853
2018-06-15 22:00:00,133,1,3.0,0.2800441666666666,0.0,0.014093222687499997
2018-06-15 23:00:00,133,2,2.6748368421052633,0.0,-0.0,0.000308905
2018-06-16 00:00:00,133,2,2.3738497076023393,0.0,-0.0,0.0002859377777777778
2018-06-16 01:00:00,133,2,2.1432748538011697,0.0,-0.0,0.00021904611111111112
2018-06-16 02:00:00,133,2,1.8708961988304094,0.0,-0.0,0.0002587597222222222
2018-06-16 03:00:00,133,2,1.6011073099415205,0.0,-0.0,0.00025629944444444444
2018-06-16 04:00:00,133,1,1.6011073099415205,0.2095066666666666,0.0,0.010387864299999997
2018-06-16 05:00:00,133,1,1.6011073099415205,0.4636863888888889,0.0,0.022517770260416667
2018-06-16 06:00:00,133,1,1.6011073099415205,0.3151994444444444,0.0,0.015492840693055555
2018-06-16 07:00:00,133,1,1.6011073099415205,0.0,0.2419038253038016,0.0
2018-06-16 08:00:00,133,1,1.6011073099415205,0.2979716666666667,0.0,0.013974871166666666
2018-06-16 09:00:00,133,2,1.3369245614035088,0.0,-0.0,0.00025097361111111113
2018-06-16 10:00:00,133,2,1.1216450292397662,0.0,-0.0,0.0002045155555555555
2018-06-16 11:00:00,133,2,0.8465701754385966,0.0,-0.0,0.0002613211111111111
2018-06-16 12:00:00,133,2,0.5261421052631581,0.0,-0.0,0.0003044066666666666
2018-06-16 13:00:00,133,0,1.951142105263158,1.7872544444444445,0.0,0.08388349361666667
2018-06-16 14:00:00,133,0,3.0,1.4412251084949217,0.0,0.06744365268584951
2018-06-16 15:00:00,133,1,3.0,0.4803333333333333,0.0,0.02225024083333333
2018-06-16 16:00:00,133,1,3.0,0.3707383333333333,0.0,0.01710030562499996
2018-06-16 17:00:00,133,1,3.0,0.4018388888888889,0.0,0.01875984852777778
2018-06-16 18:00:00,133,1,3.0,0.3858247222222222,0.0,0.017875259380555515
2018-06-16 19:00:00,133,1,3.0,0.3255427777777778,0.0,0.0156675600375
2018-06-16 20:00:00,133,1,3.0,0.4009625,0.0,0.01935947190624996
2018-06-16 21:00:00,133,1,3.0,0.3491108333333333,0.0,0.017064537533333334
2018-06-16 22:00:00,133,1,3.0,0.2860997222222222,0.0,0.01399599841111111
2018-06-16 23:00:00,133,2,2.628282456140351,0.0,-0.0,0.00035313166666666666
2018-06-17 00:00:00,133,2,2.3310119883040934,0.0,-0.0,0.00028240694444444444
2018-06-17 01:00:00,133,2,2.102345614035088,0.0,-0.0,0.00021723305555555552
2018-06-17 02:00:00,133,2,1.835948830409357,0.0,-0.0,0.0002530769444444444
2018-06-17 03:00:00,133,1,1.835948830409357,0.2697858333333333,0.0,0.011138782593749997
2018-06-17 04:00:00,133,0,3.0,1.427471465066174,0.0,0.0595518010832256
2018-06-17 05:00:00,133,1,3.0,0.3714447222222222,0.0,0.01528959337847222
2018-06-17 06:00:00,133,1,3.0,0.3115280555555555,0.0,0.01347047312222222
2018-06-17 07:00:00,133,1,3.0,0.2505536111111111,0.0,0.01101809504861111
2018-06-17 08:00:00,133,1,3.0,0.0,0.9378130102584699,0.0
2018-06-17 09:00:00,133,1,3.0,0.0,0.3230635208335382,0.0
2018-06-17 10:00:00,133,1,3.0,0.1945163888888889,0.0,0.010202384597222221
2018-06-17 11:00:00,133,1,3.0,0.0,0.6117542552465117,0.0
2018-06-17 12:00:00,133,1,3.0,0.0,0.718350778084454,0.0
2018-06-17 13:00:00,133,1,3.0,0.2412385427325409,0.0,0.012487110068193124
2018-06-17 14:00:00,133,1,3.0,0.3036778051957101,0.0,0.015391150361831576
2018-06-17 15:00:00,133,1,3.0,0.5024366666666666,0.0,0.025919451541666666
2018-06-17 16:00:00,133,1,3.0,0.4073422222222222,0.0,0.021752074666666666
2018-06-17 17:00:00,133,2,2.614335964912281,0.0,-0.0,0.00036638083333333335
2018-06-17 18:00:00,133,2,2.2513415204678364,0.0,-0.0,0.0003448447222222222
2018-06-17 19:00:00,133,2,1.898197076023392,0.0,-0.0,0.0003354872222222222
2018-06-17 20:00:00,133,2,1.5492383040935673,0.0,-0.0,0.0003315108333333333
2018-06-17 21:00:00,133,1,1.5492383040935673,0.3501363888888888,0.0,0.017648624681944405
2018-06-17 22:00:00,133,1,1.5492383040935673,0.3133725,0.0,0.0157046628375
2018-06-17 23:00:00,133,2,1.0033280701754386,0.0,-0.0,0.0005186147222222223
2018-06-18 00:00:00,133,2,1.0033280701754386,0.0,-0.0,0.0
2018-06-18 01:00:00,133,1,1.0033280701754386,0.0,-0.0,0.0
2018-06-18 02:00:00,133,1,1.0033280701754386,0.0,-0.0,0.0
2018-06-18 03:00:00,133,0,2.4283280701754384,1.5,0.0,0.05537625
2018-06-18 04:00:00,133,0,3.0,0.6017599261311175,0.0,0.02291802678670361
2018-06-18 05:00:00,133,1,3.0,0.0,-0.0,0.0
2018-06-18 06:00:00,133,1,3.0,0.0,-0.0,0.0
2018-06-18 07:00:00,133,2,3.0,0.0,-0.0,0.0
2018-06-18 08:00:00,133,2,3.0,0.0,-0.0,0.0
2018-06-18 09:00:00,133,2,3.0,0.0,-0.0,0.0
2018-06-18 10:00:00,133,1,3.0,0.0,-0.0,0.0
2018-06-18 11:00:00,133,1,3.0,0.0,0.0644699251658487,0.0
2018-06-18 12:00:00,133,1,3.0,0.0,0.051355569461379,0.0
2018-06-18 13:00:00,133,1,3.0,0.0,1.0285846144021027,0.0
2018-06-18 14:00:00,133,1,3.0,0.0,0.0784591953454462,0.0
2018-06-18 15:00:00,133,1,3.0,0.0,0.055166317412679,0.0
2018-06-18 16:00:00,133,1,3.0,0.0,0.0113931991223837,0.0
2018-06-18 17:00:00,133,2,3.0,0.0,-0.0,0.0
2018-06-18 18:00:00,133,2,3.0,0.0,-0.0,0.0
2018-06-18 19:00:00,133,2,3.0,0.0,-0.0,0.0
2018-06-18 20:00:00,133,2,3.0,0.0,-0.0,0.0
2018-06-18 21:00:00,133,2,3.0,0.0,-0.0,0.0
2018-06-18 22:00:00,133,2,3.0,0.0,-0.0,0.0
2018-06-18 23:00:00,133,2,3.0,0.0,-0.0,0.0
2018-06-19 00:00:00,133,1,3.0,0.0,-0.0,0.0
2018-06-19 01:00:00,133,1,3.0,0.0,-0.0,0.0
2018-06-19 02:00:00,133,1,3.0,0.0,-0.0,0.0
2018-06-19 03:00:00,133,1,3.0,0.0,-0.0,0.0
2018-06-19 04:00:00,133,1,3.0,0.0,-0.0,0.0
2018-06-19 05:00:00,133,1,3.0,0.0,-0.0,0.0
2018-06-19 06:00:00,133,1,3.0,0.0,-0.0,0.0
2018-06-19 07:00:00,133,1,3.0,0.0,0.4028695981141451,0.0
2018-06-19 08:00:00,133,1,3.0,0.0,0.6275044168960888,0.0
2018-06-19 09:00:00,133,1,3.0,0.2085519335526974,0.0,0.012575681593227655
2018-06-19 10:00:00,133,1,3.0,0.1523174488141433,0.0,0.009246430730262569
2018-06-19 11:00:00,133,1,3.0,0.0,1.0377092178836012,0.0
2018-06-19 12:00:00,133,1,3.0,0.0,1.0632962594985609,0.0
2018-06-19 13:00:00,133,1,3.0,0.1305446719684474,0.0,0.007208350424417745
2018-06-19 14:00:00,133,1,3.0,0.1016501042565246,0.0,0.005519092410608003
2018-06-19 15:00:00,133,1,3.0,0.15455803998511358,0.0,0.009278505535406316
2018-06-19 16:00:00,133,2,2.833015038502096,0.0,-0.0,0.0001586357134230088
2018-06-19 17:00:00,133,2,2.570822760267553,0.0,-0.0,0.0002490826643228157
2018-06-19 18:00:00,133,2,2.2155674971096584,0.0,-0.0,0.00033749249999999995
2018-06-19 19:00:00,133,1,2.2155674971096584,0.2880788888888889,0.0,0.015869545791666665
2018-06-19 20:00:00,133,1,2.2155674971096584,0.3317288888888889,0.0,0.01737181258888889
2018-06-19 21:00:00,133,0,3.0,1.1644017574284298,0.0,0.05994530665313005
2018-06-19 22:00:00,133,1,3.0,0.3020875,0.0,0.015408728156249999
2018-06-19 23:00:00,133,2,2.7049368421052633,0.0,-0.0,0.00028031000000000003
2018-06-20 00:00:00,133,2,2.417604970760234,0.0,-0.0,0.0002729652777777778
2018-06-20 01:00:00,133,2,2.1469909356725148,0.0,-0.0,0.0002570833333333333
2018-06-20 02:00:00,133,1,2.1469909356725148,0.2264216666666666,0.0,0.01186789165833333
2018-06-20 03:00:00,133,0,3.0,1.1613328893505692,0.0,0.056531556342578476
2018-06-20 04:00:00,133,1,3.0,0.2443586111111111,0.0,0.011690115955555556
2018-06-20 05:00:00,133,1,3.0,0.4141594444444444,0.0,0.020561981018055554
2018-06-20 06:00:00,133,1,3.0,0.3108644444444444,0.0,0.015850200861111108
2018-06-20 07:00:00,133,1,3.0,0.2907769444444444,0.0,0.015645253495833303
2018-06-20 08:00:00,133,2,2.7258745614035087,0.0,-0.0,0.0002604191666666666
2018-06-20 09:00:00,133,2,2.430667543859649,0.0,-0.0,0.0002804466666666667
2018-06-20 10:00:00,133,2,2.173462865497076,0.0,-0.0,0.00024434444444444437
2018-06-20 11:00:00,133,1,2.173462865497076,0.2201388888888888,0.0,0.011034461805555552
2018-06-20 12:00:00,133,1,2.173462865497076,0.0,2.4306063808268927,0.0
2018-06-20 13:00:00,133,0,3.0,0.23357045636757268,0.0,0.012539803015215296
2018-06-20 14:00:00,133,1,3.0,0.0,1.4216348621633126,0.0
2018-06-20 15:00:00,133,1,3.0,0.33012500219576907,0.0,0.01715412042659765
2018-06-20 16:00:00,133,1,3.0,0.30186826679755213,0.0,0.015549989093408906
2018-06-20 17:00:00,133,1,3.0,0.37591129490066816,0.0,0.019088775555055892
2018-06-20 18:00:00,133,1,3.0,0.4506119444444444,0.0,0.024211379775
2018-06-20 19:00:00,133,2,2.51622865497076,0.0,-0.0,0.0004595827777777778
2018-06-20 20:00:00,133,2,2.1325909356725146,0.0,-0.0,0.0003644558333333333
2018-06-20 21:00:00,133,2,1.7896166666666666,0.0,-0.0,0.00032582555555555546
2018-06-20 22:00:00,133,2,1.475766081871345,0.0,-0.0,0.00029815805555555557
2018-06-20 23:00:00,133,2,1.217675730994152,0.0,-0.0,0.0002451858333333333
2018-06-21 00:00:00,133,2,0.9557692982456139,0.0,-0.0,0.0002488111111111111
2018-06-21 01:00:00,133,2,0.6876277777777777,0.0,-0.0,0.00025473444444444436
2018-06-21 02:00:00,133,1,0.6876277777777777,0.2065675,0.0,0.0093420151875
2018-06-21 03:00:00,133,0,2.1126277777777775,1.742396111111111,0.0,0.06723189329166666
2018-06-21 04:00:00,133,0,3.0,1.1843771345029244,0.0,0.04585453979225148
2018-06-21 05:00:00,133,1,3.0,0.2560677777777778,0.0,0.010528866852777779
2018-06-21 06:00:00,133,2,2.666716081871345,0.0,-0.0,0.00031661972222222216
2018-06-21 07:00:00,133,2,1.825127266847828,0.0,-0.0,0.0007995093742723412
2018-06-21 08:00:00,133,0,3.0,0.0,0.4258512719548797,0.0012367081401601812
2018-06-21 09:00:00,133,2,3.0,0.0,1.1033629639047486,0.0
2018-06-21 10:00:00,133,1,3.0,0.089436726379545,0.0,0.004178707448268292
2018-06-21 11:00:00,133,1,3.0,0.12067102884983777,0.0,0.00557349314500187
2018-06-21 12:00:00,133,1,3.0,0.0,0.0629779749209548,0.0
2018-06-21 13:00:00,133,1,3.0,0.0,0.0093095244480344,0.0
2018-06-21 14:00:00,133,1,3.0,0.1746990570613487,0.0,0.008084635613156563
2018-06-21 15:00:00,133,1,3.0,0.16089789209630762,0.0,0.007749244728088415
2018-06-21 16:00:00,133,1,3.0,0.141620043021657,0.0,0.006923803903328812
2018-06-21 17:00:00,133,1,3.0,0.22456422898641393,0.0,0.011524074821010297
2018-06-21 18:00:00,133,1,3.0,0.31608972222222215,0.0,0.016297586077777773
2018-06-21 19:00:00,133,2,2.637226023391813,0.0,-0.0,0.0003446352777777777
2018-06-21 20:00:00,133,2,2.241542397660819,0.0,-0.0,0.0003758994444444444
2018-06-21 21:00:00,133,2,1.7572616959064329,0.0,-0.0,0.00046006666666666666
2018-06-21 22:00:00,133,2,1.3620201754385968,0.0,-0.0,0.0003754794444444444
2018-06-21 23:00:00,133,2,1.0381871345029243,0.0,-0.0,0.0003076413888888888
2018-06-22 00:00:00,133,2,0.7534587719298249,0.0,-0.0,0.0002704919444444444
2018-06-22 01:00:00,133,0,2.178458771929825,1.758713888888889,0.0,0.08156105300694445
2018-06-22 02:00:00,133,0,3.0,1.1204466289627575,0.0,0.05236330842377461
2018-06-22 03:00:00,133,1,3.0,0.2473436111111111,0.0,0.011464376375
2018-06-22 04:00:00,133,1,3.0,0.211605,0.0,0.00975710654999998
2018-06-22 05:00:00,133,1,3.0,0.3077847222222222,0.0,0.01463285515625
2018-06-22 06:00:00,133,1,3.0,0.3012958333333333,0.0,0.014531498041666667
2018-06-22 07:00:00,133,1,3.0,0.19937104069779849,0.0,0.009717344523610697
2018-06-22 08:00:00,133,2,3.0,0.0,1.747992832348264,0.0
2018-06-22 09:00:00,133,2,2.7049895820704455,0.0,-0.0,0.0002802598970330766
2018-06-22 10:00:00,133,1,2.7049895820704455,0.0,2.517662848893685,0.0
2018-06-22 11:00:00,133,0,3.0,0.0,1.5894725938632257,0.00031053728203111005
2018-06-22 12:00:00,133,1,3.0,0.0,2.8199011242342267,0.0
2018-06-22 13:00:00,133,1,3.0,0.0,0.13023001267930678,0.0
2018-06-22 14:00:00,133,1,3.0,0.0,0.09484928888384586,0.0
2018-06-22 15:00:00,133,1,3.0,0.10158528004533829,0.0,0.0048481574901637695
2018-06-22 16:00:00,133,1,3.0,0.2458484216793437,0.0,0.011947618672561906
2018-06-22 17:00:00,133,1,3.0,0.23077596142630008,0.0,0.01215843152774462
2018-06-22 18:00:00,133,1,3.0,0.32004805555555543,0.0,0.017292996561805548
2018-06-22 19:00:00,133,2,2.6421491228070177,0.0,-0.0,0.00033995833333333333
2018-06-22 20:00:00,133,2,2.296973099415205,0.0,-0.0,0.0003279172222222222
2018-06-22 21:00:00,133,2,1.8979380116959066,0.0,-0.0,0.0003790833333333333
2018-06-22 22:00:00,133,1,1.8979380116959066,0.5405636111111111,0.0,0.027094399597916666
2018-06-22 23:00:00,133,2,1.5468883040935673,0.0,-0.0,0.0003334972222222222
2018-06-23 00:00:00,133,2,1.1840494152046785,0.0,-0.0,0.0003446969444444444
2018-06-23 01:00:00,133,2,0.8812698830409359,0.0,-0.0,0.00028764055555555553
2018-06-23 02:00:00,133,2,0.6103684210526318,0.0,-0.0,0.0002573563888888889
2018-06-23 03:00:00,133,1,0.6103684210526318,0.2639127777777778,0.0,0.012112936718055555
2018-06-23 04:00:00,133,0,2.0353684210526315,1.78573,0.0,0.07093513483333327
2018-06-23 05:00:00,133,0,3.0,1.3209269398276393,0.0,0.052351025633551304
2018-06-23 06:00:00,133,1,3.0,0.2744244444444444,0.0,0.012579616533333305
2018-06-23 07:00:00,133,1,3.0,0.4470077777777778,0.0,0.02052212707777778
2018-06-23 08:00:00,133,1,3.0,0.3298963888888889,0.0,0.015924923432638856
2018-06-23 09:00:00,133,2,2.7408671388859323,0.0,-0.0,0.0002461762180583643
2018-06-23 10:00:00,133,2,2.5062315813696676,0.0,-0.0,0.0002229037796404515
2018-06-23 11:00:00,133,2,2.3303395513970737,0.0,-0.0,0.00016709742847396413
2018-06-23 12:00:00,133,1,2.3303395513970737,0.21640850393445,0.0,0.010440628272317518
2018-06-23 13:00:00,133,1,2.3303395513970737,0.25844549543537443,0.0,0.01197701037221384
2018-06-23 14:00:00,133,0,3.0,1.1907192906068587,0.0,0.05551073788377857
2018-06-23 15:00:00,133,1,3.0,0.2514454807422239,0.0,0.011369107411759652
2018-06-23 16:00:00,133,1,3.0,0.2717835434620271,0.0,0.012940293963085766
2018-06-23 17:00:00,133,1,3.0,0.3446936465975451,0.0,0.019693209764234245
2018-06-23 18:00:00,133,1,3.0,0.2941,0.0,0.016931336999999998
2018-06-23 19:00:00,133,2,2.5206233918128653,0.0,-0.0,0.0004554077777777778
2018-06-23 20:00:00,133,2,2.0723538011695903,0.0,-0.0,0.0004258561111111111
2018-06-23 21:00:00,133,2,1.7185716374269002,0.0,-0.0,0.0003360930555555556
2018-06-23 22:00:00,133,2,1.3011570175438594,0.0,-0.0,0.00039654388888888883
2018-06-23 23:00:00,133,2,0.945273684210526,0.0,-0.0,0.0003380891666666666
2018-06-24 00:00:00,133,1,0.945273684210526,0.2369719444444444,0.0,0.012056540103472195
2018-06-24 01:00:00,133,2,0.5764675438596488,0.0,-0.0,0.0003503658333333333
2018-06-24 02:00:00,133,2,0.289070467836257,0.0,-0.0,0.0002730272222222222
2018-06-24 03:00:00,133,2,0.0519535087719295,0.0,-0.0,0.0002252611111111111
2018-06-24 04:00:00,133,1,0.0519535087719295,0.2641691666666667,0.0,0.013283086122916668
2018-06-24 05:00:00,133,1,0.0519535087719295,0.2686219444444444,0.0,0.013046296286805554
2018-06-24 06:00:00,133,1,0.0519535087719295,0.2777633333333333,0.0,0.013344444941666665
2018-06-24 07:00:00,133,1,0.0519535087719295,0.3220913020200851,0.0,0.01528806365038334
2018-06-24 08:00:00,133,0,1.4769535087719294,1.7859882077728093,0.0,0.08184714449717925
2018-06-24 09:00:00,133,0,2.9019535087719293,1.4987140661866158,0.0,0.07124640585515964
2018-06-24 10:00:00,133,1,2.9019535087719293,0.0,0.050424841863395575,0.0
2018-06-24 11:00:00,133,2,2.208319302152959,0.0,-0.0,0.0006589524962880218
2018-06-24 12:00:00,133,1,2.208319302152959,0.30758855648466543,0.0,0.014942652074025045
2018-06-24 13:00:00,133,1,2.208319302152959,0.0,0.09007049136414919,0.0
2018-06-24 14:00:00,133,0,3.0,0.8420383717255912,0.0,0.04045335858861526
2018-06-24 15:00:00,133,1,3.0,0.0,0.020584322165198565,0.0
2018-06-24 16:00:00,133,1,3.0,0.2995844765411322,0.0,0.014211538605919958
2018-06-24 17:00:00,133,1,3.0,0.259120934139004,0.0,0.012963172532639023
2018-06-24 18:00:00,133,1,3.0,0.41787416666666655,0.0,0.022021968583333325
2018-06-24 19:00:00,133,1,3.0,0.4640194444444444,0.0,0.02789800904861111
2018-06-24 20:00:00,133,2,2.640531871345029,0.0,-0.0,0.0003414947222222222
2018-06-24 21:00:00,133,2,2.2999695906432747,0.0,-0.0,0.0003235341666666667
2018-06-24 22:00:00,133,2,2.0029049707602335,0.0,-0.0,0.0002822113888888889
2018-06-24 23:00:00,133,2,1.6554807017543856,0.0,-0.0,0.00033005305555555546
2018-06-25 00:00:00,133,2,1.3370728070175435,0.0,-0.0,0.0003024875
2018-06-25 01:00:00,133,2,1.0933713450292393,0.0,-0.0,0.0002315163888888889
2018-06-25 02:00:00,133,0,2.518371345029239,1.7930430555555554,0.0,0.08366619802083332
2018-06-25 03:00:00,133,0,3.0,0.7716628093259472,0.0,0.0362928403140389
2018-06-25 04:00:00,133,1,3.0,0.2288869444444444,0.0,0.010540243791666666
2018-06-25 05:00:00,133,1,3.0,0.31311,0.0,0.01457057385
2018-06-25 06:00:00,133,1,3.0,0.4071094444444444,0.0,0.019394693933333332
2018-06-25 07:00:00,133,2,2.759613092567573,0.0,-0.0,0.00022836756206080558
2018-06-25 08:00:00,133,2,2.6160537816429787,0.0,-0.0,0.00013638134537836461
2018-06-25 09:00:00,133,2,2.109042136079073,0.0,-0.0,0.0004816610632857106
2018-06-25 10:00:00,133,1,2.109042136079073,0.0,0.12261442884213059,0.0
2018-06-25 11:00:00,133,1,2.109042136079073,0.0,0.25229712571220037,0.0
2018-06-25 12:00:00,133,1,2.109042136079073,0.0,0.1525868658912225,0.0
2018-06-25 13:00:00,133,0,3.0,0.7317444986064872,0.0,0.03669088658498762
2018-06-25 14:00:00,133,1,3.0,0.02152996497591081,0.0,0.0010442033013316743
2018-06-25 15:00:00,133,1,3.0,0.28862521733590235,0.0,0.015346202805749928
2018-06-25 16:00:00,133,1,3.0,0.5365663922005024,0.0,0.031068535524389592
2018-06-25 17:00:00,133,2,2.6843537622947666,0.0,-0.0,0.0002998639258199719
2018-06-25 18:00:00,133,2,2.287428908493597,0.0,-0.0,0.000377078611111111
2018-06-25 19:00:00,133,2,1.714561657031609,0.0,-0.0,0.0005442238888888889
2018-06-25 20:00:00,133,2,1.2955420663883341,0.0,-0.0,0.0003980686111111111
2018-06-25 21:00:00,133,2,0.9614055166807318,0.0,-0.0,0.0003174297222222222
2018-06-25 22:00:00,133,1,0.9614055166807318,0.3324138888888889,0.0,0.016994660069444445
2018-06-25 23:00:00,133,0,2.386405516680732,1.7506769444444443,0.0,0.08983478192430555
2018-06-26 00:00:00,133,1,2.386405516680732,0.2827722222222222,0.0,0.014632755569444444
2018-06-26 01:00:00,133,1,2.386405516680732,0.2735208333333333,0.0,0.0139290484375
2018-06-26 02:00:00,133,1,2.386405516680732,0.2179236111111111,0.0,0.01134837204861109
2018-06-26 03:00:00,133,0,3.0,0.9072447631430893,0.0,0.0466205173020858
2018-06-26 04:00:00,133,1,3.0,0.2552652777777778,0.0,0.012828994697916667
2018-06-26 05:00:00,133,1,3.0,0.2740919444444444,0.0,0.014065713359027777
2018-06-26 06:00:00,133,1,3.0,0.3349561111111111,0.0,0.017560911515277777
2018-06-26 07:00:00,133,1,3.0,0.3180641666666666,0.0,0.017363918018749997
2018-06-26 08:00:00,133,2,2.657460233918129,0.0,-0.0,0.0003254127777777778
2018-06-26 09:00:00,133,2,2.3420076023391814,0.0,-0.0,0.00029968000000000003
2018-06-26 10:00:00,133,1,2.3420076023391814,0.2834555555555555,0.0,0.01546462647222222
2018-06-26 11:00:00,133,0,3.0,0.9606896875961833,0.0,0.04980788385483994
2018-06-26 12:00:00,133,1,3.0,0.2703309741408889,0.0,0.014084243752740313
2018-06-26 13:00:00,133,1,3.0,0.265772773582444,0.0,0.013934466518927538
2018-06-26 14:00:00,133,1,3.0,0.2927577777777778,0.0,0.015267318111111112
2018-06-26 15:00:00,133,1,3.0,0.4651791666666666,0.0,0.026892007624999995
2018-06-26 16:00:00,133,1,3.0,0.3747972222222222,0.0,0.024014195020833292
2018-06-26 17:00:00,133,2,2.653414619883041,0.0,-0.0,0.0003292561111111111
2018-06-26 18:00:00,133,2,2.263738888888889,0.0,-0.0,0.00037019194444444444
2018-06-26 19:00:00,133,2,1.9711169590643278,0.0,-0.0,0.0002779908333333333
2018-06-26 20:00:00,133,2,1.5554801169590646,0.0,-0.0,0.000394855
2018-06-26 21:00:00,133,2,1.1608722222222225,0.0,-0.0,0.0003748775
2018-06-26 22:00:00,133,2,0.7936514619883044,0.0,-0.0,0.0003488597222222222
2018-06-26 23:00:00,133,2,0.4172353801169593,0.0,-0.0,0.00035759527777777777
2018-06-27 00:00:00,133,2,0.08536023391812886,0.0,-0.0,0.0003152813888888889
2018-06-27 01:00:00,133,1,0.08536023391812886,0.2316038888888889,0.0,0.011238578708333334
2018-06-27 02:00:00,133,1,0.08536023391812886,0.2706561111111111,0.0,0.013070660245833332
2018-06-27 03:00:00,133,1,0.08536023391812886,0.2488827777777777,0.0,0.012054015134722219
2018-06-27 04:00:00,133,0,1.5103602339181288,1.7230319444444444,0.0,0.08386954210416667
2018-06-27 05:00:00,133,0,2.9353602339181286,1.8292647222222223,0.0,0.08958366953680556
2018-06-27 06:00:00,133,1,2.9353602339181286,0.3145858333333333,0.0,0.015300668468749997
2018-06-27 07:00:00,133,1,2.9353602339181286,0.2525091666666667,0.0,0.012338229156250002
2018-06-27 08:00:00,133,1,2.9353602339181286,0.3830680555555555,0.0,0.018891958829861107
2018-06-27 09:00:00,133,1,2.9353602339181286,0.3275477777777777,0.0,0.016853970905555554
2018-06-27 10:00:00,133,1,2.9353602339181286,0.5957102777777777,0.0,0.030066986995138885
2018-06-27 11:00:00,133,1,2.9353602339181286,0.3909455555555555,0.0,0.01968508608611111
2018-06-27 12:00:00,133,1,2.9353602339181286,0.25592,0.0,0.0129022068
2018-06-27 13:00:00,133,1,2.9353602339181286,1.1603556169793854,0.0,0.057823421283125225
2018-06-27 14:00:00,133,1,2.9353602339181286,1.8550461111111112,0.0,0.10653529816111112
2018-06-27 15:00:00,133,1,2.9353602339181286,1.4626466666666669,0.0,0.07707416610000001
2018-06-27 16:00:00,133,1,2.9353602339181286,1.3793147222222222,0.0,0.07540023929027764
2018-06-27 17:00:00,133,2,1.356412865497076,0.5050463888888888,0.0,0.03127753508888888
2018-06-27 18:00:00,133,2,0.0,0.6278752777777779,0.0,0.038450960225694386
2018-06-27 19:00:00,133,1,0.0,0.4265063888888889,0.0,0.023689231104861114
2018-06-27 20:00:00,133,1,0.0,0.7632027777777778,0.0,0.0386543126875
2018-06-27 21:00:00,133,1,0.0,1.3299922222222222,0.0,0.06753368006388889
2018-06-27 22:00:00,133,1,0.0,0.6649638888888889,0.0,0.033359575895833334
2018-06-27 23:00:00,133,1,0.0,0.2981547222222222,0.0,0.015380311345833304
2018-06-28 00:00:00,133,1,0.0,0.2466966666666666,0.0,0.012157828474999997
2018-06-28 01:00:00,133,0,1.4249999999999998,1.7923463888888889,0.0,0.07368973805648137
2018-06-28 02:00:00,133,0,2.8499999999999996,1.7654244444444445,0.0,0.07270545259259253
2018-06-28 03:00:00,133,1,2.8499999999999996,0.2202097222222222,0.0,0.010179744934027755
2018-06-28 04:00:00,133,1,2.8499999999999996,0.2663983333333333,0.0,0.012672568716666666
2018-06-28 05:00:00,133,1,2.8499999999999996,0.4474305555555555,0.0,0.02117465104166662
2018-06-28 06:00:00,133,1,2.8499999999999996,0.26423,0.0,0.01289838745
2018-06-28 07:00:00,133,1,2.8499999999999996,0.3276213888888888,0.0,0.016124705707638885
2018-06-28 08:00:00,133,1,2.8499999999999996,0.2350852625128416,0.0,0.010983183464599958
2018-06-28 09:00:00,133,1,2.8499999999999996,0.1718762201410124,0.0,0.00429690550352531
2018-06-28 10:00:00,133,2,2.6142542074378405,0.0,-0.0,0.0002239585029340513
2018-06-28 11:00:00,133,0,3.0,0.5564848605034098,0.0,0.02800491485936362
2018-06-28 12:00:00,133,1,3.0,0.1361563889099571,0.0,0.0067206793565954825
2018-06-28 13:00:00,133,1,3.0,0.24463775938683788,0.0,0.01229365900358707
2018-06-28 14:00:00,133,1,3.0,0.1844706685777007,0.0,0.009169575758326057
2018-06-28 15:00:00,133,1,3.0,0.24953575885805768,0.0,0.012978978657604726
2018-06-28 16:00:00,133,1,3.0,0.24468568316646452,0.0,0.012592136969954182
2018-06-28 17:00:00,133,1,3.0,0.28690696954009975,0.0,0.015260581709837906
2018-06-28 18:00:00,133,2,2.6072122807017544,0.0,-0.0,0.0003731483333333333
2018-06-28 19:00:00,133,2,2.237729239766082,0.0,-0.0,0.0003510088888888888
2018-06-28 20:00:00,133,2,1.731877777777778,0.0,-0.0,0.00048055888888888883
2018-06-28 21:00:00,133,1,1.731877777777778,0.4832780555555555,0.0,0.02418927487569444
2018-06-28 22:00:00,133,1,1.731877777777778,0.4409191666666666,0.0,0.022104380122916618
2018-06-28 23:00:00,133,2,1.4243716374269009,0.0,-0.0,0.0002921308333333333
2018-06-29 00:00:00,133,2,1.1101040935672517,0.0,-0.0,0.00029855416666666666
2018-06-29 01:00:00,133,2,0.8037040935672517,0.0,-0.0,0.00029108
2018-06-29 02:00:00,133,1,0.8037040935672517,0.2498308333333333,0.0,0.012357882170833332
2018-06-29 03:00:00,133,0,2.2287040935672513,1.7988936111111111,0.0,0.08652020929513872
2018-06-29 04:00:00,133,0,3.0,1.0828209833795015,0.0,0.05168552727945126
2018-06-29 05:00:00,133,1,3.0,0.3893788888888889,0.0,0.01852080685
2018-06-29 06:00:00,133,1,3.0,0.3373763888888889,0.0,0.016680732107638888
2018-06-29 07:00:00,133,1,3.0,0.3147413888888889,0.0,0.016024270961805528
2018-06-29 08:00:00,133,2,2.6735991228070177,0.0,-0.0,0.0003100808333333333
2018-06-29 09:00:00,133,2,2.3828157894736846,0.0,-0.0,0.00027624416666666667
2018-06-29 10:00:00,133,1,2.3828157894736846,0.2497630555555555,0.0,0.012478162255555552
2018-06-29 11:00:00,133,1,2.3828157894736846,0.2441433333333333,0.0,0.011764046516666665
2018-06-29 12:00:00,133,1,2.3828157894736846,0.3004311111111111,0.0,0.014629492955555556
2018-06-29 13:00:00,133,0,3.0,0.9532989789165893,0.0,0.04606244769816663
2018-06-29 14:00:00,133,1,3.0,0.3496466666666666,0.0,0.016644929566666664
2018-06-29 15:00:00,133,1,3.0,0.3497922222222222,0.0,0.017567439880555556
2018-06-29 16:00:00,133,1,3.0,0.3684191666666667,0.0,0.018514905220833336
2018-06-29 17:00:00,133,1,3.0,0.3695725,0.0,0.019693594593750002
2018-06-29 18:00:00,133,2,2.6317622807017544,0.0,-0.0,0.0003498258333333333
2018-06-29 19:00:00,133,2,2.2989766081871346,0.0,-0.0,0.0003161463888888889
2018-06-29 20:00:00,133,2,1.8954409356725146,0.0,-0.0,0.0003833588888888889
2018-06-29 21:00:00,133,1,1.8954409356725146,0.3702444444444444,0.0,0.018843590999999996
2018-06-29 22:00:00,133,2,1.5394271929824561,0.0,-0.0,0.00033821305555555546
2018-06-29 23:00:00,133,2,1.1925760233918128,0.0,-0.0,0.00032950861111111115
2018-06-30 00:00:00,133,2,0.9306494152046784,0.0,-0.0,0.0002488302777777777
2018-06-30 01:00:00,133,2,0.6667833333333333,0.0,-0.0,0.0002506727777777778
2018-06-30 02:00:00,133,1,0.6667833333333333,0.2680155555555555,0.0,0.012442622166666665
2018-06-30 03:00:00,133,1,0.6667833333333333,0.20928,0.0,0.0095489232
2018-06-30 04:00:00,133,0,2.091783333333333,1.7680041666666666,0.0,0.08200164971874999
2018-06-30 05:00:00,133,0,3.0,1.3642842105263162,0.0,0.06344023438596494
2018-06-30 06:00:00,133,1,3.0,0.2569236111111111,0.0,0.011332258177083334
2018-06-30 07:00:00,133,1,3.0,0.3135691666666667,0.0,0.015174395897916667
2018-06-30 08:00:00,133,1,3.0,0.2871941666666666,0.0,0.015038922537499996
2018-06-30 09:00:00,133,2,2.779683625730994,0.0,-0.0,0.0002093005555555555
2018-06-30 10:00:00,133,2,2.502588888888889,0.0,-0.0,0.00026324
2018-06-30 11:00:00,133,1,2.502588888888889,0.2296022222222222,0.0,0.011353255883333331
2018-06-30 12:00:00,133,1,2.502588888888889,0.2431183333333333,0.0,0.011970538937499997
2018-06-30 13:00:00,133,0,3.0,0.8586795321637426,0.0,0.04154485859356725
2018-06-30 14:00:00,133,1,3.0,0.3040927777777777,0.0,0.01459265217361111
2018-06-30 15:00:00,133,1,3.0,0.4233791666666666,0.0,0.021506603218749996
2018-06-30 16:00:00,133,1,3.0,0.4001652777777778,0.0,0.020716556430555554
2018-06-30 17:00:00,133,1,3.0,0.3602605555555555,0.0,0.019672928287499995
2018-06-30 18:00:00,133,1,3.0,0.3753316666666667,0.0,0.0215712492125
2018-06-30 19:00:00,133,2,2.0327719298245612,0.0,-0.0,0.0009188666666666668
2018-06-30 20:00:00,133,2,1.5511622807017542,0.0,-0.0,0.0004575291666666666
2018-06-30 21:00:00,133,2,1.1923567251461988,0.0,-0.0,0.0003408652777777777
2018-06-30 22:00:00,133,2,0.747798538011696,0.0,-0.0,0.0004223302777777777
2018-06-30 23:00:00,133,0,2.172798538011696,1.8366011111111111,0.0,0.10097031617777778
2018-06-14 08:00:00,134,1,1.5,0.6018283333333333,0.0,0.030353211991666667
2018-06-14 09:00:00,134,1,1.5,0.3995786111111111,0.0,0.020533345878472182
2018-06-14 10:00:00,134,2,1.2010236842105262,0.0,-0.0,0.0002840275
2018-06-14 11:00:00,134,2,0.7835219298245613,0.0,-0.0,0.0003966266666666667
2018-06-14 12:00:00,134,1,0.7835219298245613,0.418965,0.0,0.021382926187499957
2018-06-14 13:00:00,134,0,2.208521929824561,2.1501727777777777,0.0,0.10080572974166666
2018-06-14 14:00:00,134,0,3.0,1.336379885561167,0.0,0.05926634530687302
2018-06-14 15:00:00,134,1,3.0,0.7219015887634622,0.0,0.033813870417680573
2018-06-14 16:00:00,134,1,3.0,0.6598190030479998,0.0,0.03256041825291117
2018-06-14 17:00:00,134,1,3.0,0.6357023675636181,0.0,0.03408318243692338
2018-06-14 18:00:00,134,1,3.0,1.1739633333333332,0.0,0.062308103916666656
2018-06-14 19:00:00,134,1,3.0,2.040817777777778,0.0,0.10953069013333334
2018-06-14 20:00:00,134,1,3.0,1.3341041666666666,0.0,0.07266198343749987
2018-06-14 21:00:00,134,2,2.2058786549707605,0.0,-0.0,0.0007544152777777777
2018-06-14 22:00:00,134,2,1.3982315789473687,0.0,-0.0,0.0007672647222222222
2018-06-14 23:00:00,134,2,0.9535874269005851,0.0,-0.0,0.0004224119444444444
2018-06-15 00:00:00,134,2,0.6328470760233921,0.0,-0.0,0.00030470333333333335
2018-06-15 01:00:00,134,2,0.3693929824561406,0.0,-0.0,0.0002502813888888889
2018-06-15 02:00:00,134,1,0.3693929824561406,0.3245611111111111,0.0,0.01660211223611111
2018-06-15 03:00:00,134,0,1.7943929824561404,1.9098972222222221,0.0,0.09323713832638889
2018-06-15 04:00:00,134,0,3.0,1.9057741851338874,0.0,0.09298920711349838
2018-06-15 05:00:00,134,1,3.0,0.3528133333333333,0.0,0.017451029499999965
2018-06-15 06:00:00,134,1,3.0,0.6103416666666667,0.0,0.031084701083333336
2018-06-15 07:00:00,134,1,3.0,0.6441905555555556,0.0,0.035691377730555494
2018-06-15 08:00:00,134,2,1.6910067251461989,0.0,-0.0,0.001243543611111111
2018-06-15 09:00:00,134,2,0.806998538011696,0.0,-0.0,0.0008398077777777778
2018-06-15 10:00:00,134,2,0.0,0.2448447222222222,0.0,0.014511007093055554
2018-06-15 11:00:00,134,0,1.4249999999999998,2.4084641957678445,0.0,0.1254455886747027
2018-06-15 12:00:00,134,1,1.4249999999999998,0.7223493650530187,0.0,0.037634401919262275
2018-06-15 13:00:00,134,1,1.4249999999999998,0.4977331617162071,0.0,0.026143434319143777
2018-06-15 14:00:00,134,0,2.8499999999999996,2.1407092943062755,0.0,0.11237268612535778
2018-06-15 15:00:00,134,1,2.8499999999999996,1.7246774508334006,0.0,0.08972634437960766
2018-06-15 16:00:00,134,1,2.8499999999999996,1.4618100391158537,0.0,0.07797660201153743
2018-06-15 17:00:00,134,2,1.271052631578947,1.0177508791090575,0.0,0.06139972798996348
2018-06-15 18:00:00,134,2,0.0,0.08215444444444486,0.0,0.006098770236111136
2018-06-15 19:00:00,134,1,0.0,1.0582930555555556,0.0,0.05957131609722223
2018-06-15 20:00:00,134,0,1.4249999999999998,3.0015422222222226,0.0,0.15403837573333334
2018-06-15 21:00:00,134,1,1.4249999999999998,1.1113175,0.0,0.05713838926249989
2018-06-15 22:00:00,134,0,2.8499999999999996,2.2198830555555555,0.0,0.11321561477083333
2018-06-15 23:00:00,134,2,2.33903947368421,0.0,-0.0,0.0004854125
2018-06-16 00:00:00,134,2,1.9127730994152043,0.0,-0.0,0.0004049530555555555
2018-06-16 01:00:00,134,2,1.617786257309941,0.0,-0.0,0.0002802375
2018-06-16 02:00:00,134,2,1.31567514619883,0.0,-0.0,0.0002870055555555555
2018-06-16 03:00:00,134,2,0.8494821637426897,0.0,-0.0,0.0004428833333333333
2018-06-16 04:00:00,134,1,0.8494821637426897,0.3772944444444444,0.0,0.018707201791666662
2018-06-16 05:00:00,134,1,0.8494821637426897,0.2674344444444444,0.0,0.012987285208333333
2018-06-16 06:00:00,134,1,0.8494821637426897,0.3466744444444444,0.0,0.017039915630555555
2018-06-16 07:00:00,134,1,0.8494821637426897,0.0,0.10653910308157938,0.0
2018-06-16 08:00:00,134,1,0.8494821637426897,0.6888405555555556,0.0,0.03230662205555555
2018-06-16 09:00:00,134,2,0.10583918128654934,0.0,-0.0,0.0007064608333333333
2018-06-16 10:00:00,134,1,0.10583918128654934,0.5563372222222223,0.0,0.028088075506944445
2018-06-16 11:00:00,134,1,0.10583918128654934,0.3659588888888889,0.0,0.017223855105555557
2018-06-16 12:00:00,134,1,0.10583918128654934,0.3295461111111111,0.0,0.015277757711111077
2018-06-16 13:00:00,134,0,1.5308391812865492,1.827671111111111,0.0,0.08574649986666666
2018-06-16 14:00:00,134,0,2.955839181286549,1.8841380555555556,0.0,0.08822687469722222
2018-06-16 15:00:00,134,1,2.955839181286549,0.8216777777777777,0.0,0.03806216886111111
2018-06-16 16:00:00,134,1,2.955839181286549,0.8174647222222222,0.0,0.03770556031249992
2018-06-16 17:00:00,134,1,2.955839181286549,1.4847208333333333,0.0,0.06931419210416666
2018-06-16 18:00:00,134,1,2.955839181286549,1.2183855555555556,0.0,0.056447802788888765
2018-06-16 19:00:00,134,1,2.955839181286549,0.6840461111111111,0.0,0.0329214292125
2018-06-16 20:00:00,134,1,2.955839181286549,0.8207863888888889,0.0,0.0396296188215277
2018-06-16 21:00:00,134,1,2.955839181286549,0.8770033333333334,0.0,0.04286792293333334
2018-06-16 22:00:00,134,1,2.955839181286549,0.9924825,0.0,0.0485522439
2018-06-16 23:00:00,134,2,2.2340961988304087,0.0,-0.0,0.0006856558333333334
2018-06-17 00:00:00,134,2,1.5161839181286543,0.0,-0.0,0.0006820166666666668
2018-06-17 01:00:00,134,2,1.2461093567251456,0.0,-0.0,0.0002565708333333333
2018-06-17 02:00:00,134,2,0.9773730994152041,0.0,-0.0,0.0002552994444444444
2018-06-17 03:00:00,134,1,0.9773730994152041,0.3456861111111111,0.0,0.014272515312499998
2018-06-17 04:00:00,134,0,2.402373099415204,1.8612569444444444,0.0,0.07755095875
2018-06-17 05:00:00,134,0,3.0,0.997471781317329,0.0,0.04168751314645855
2018-06-17 06:00:00,134,1,3.0,0.2904122222222222,0.0,0.012557424488888887
2018-06-17 07:00:00,134,1,3.0,0.2787555555555555,0.0,0.012258275555555552
2018-06-17 08:00:00,134,1,3.0,0.0,0.2730466213695809,0.0
2018-06-17 09:00:00,134,1,3.0,0.32754259027757293,0.0,0.017046954110996285
2018-06-17 10:00:00,134,1,3.0,1.215886111111111,0.0,0.06377322652777777
2018-06-17 11:00:00,134,1,3.0,0.912714911420155,0.0,0.048875883506549304
2018-06-17 12:00:00,134,1,3.0,0.31496477747110174,0.0,0.017138020954146325
2018-06-17 13:00:00,134,1,3.0,0.852084653843652,0.0,0.04410603189458195
2018-06-17 14:00:00,134,1,3.0,1.2633597496401547,0.0,0.06403023051113714
2018-06-17 15:00:00,134,1,3.0,1.3016302777777775,0.0,0.0671478519548611
2018-06-17 16:00:00,134,1,3.0,1.5449630555555556,0.0,0.08250102716666667
2018-06-17 17:00:00,134,2,1.589153216374269,0.0,-0.0,0.0013403044444444444
2018-06-17 18:00:00,134,2,1.0711991228070175,0.0,-0.0,0.0004920563888888888
2018-06-17 19:00:00,134,2,0.7743830409356725,0.0,-0.0,0.00028197527777777773
2018-06-17 20:00:00,134,2,0.16910380116959056,0.0,-0.0,0.0005750152777777778
2018-06-17 21:00:00,134,1,0.16910380116959056,1.5195594444444445,0.0,0.07659339379722208
2018-06-17 22:00:00,134,1,0.16910380116959056,1.5909841666666666,0.0,0.0797321715125
2018-06-17 23:00:00,134,2,0.0,2.072748611111111,0.0,0.10474117978472221
2018-06-18 00:00:00,134,1,0.0,0.0,-0.0,0.0
2018-06-18 01:00:00,134,1,0.0,0.0,-0.0,0.0
2018-06-18 02:00:00,134,1,0.0,0.0,-0.0,0.0
2018-06-18 03:00:00,134,0,1.4249999999999998,1.5,0.0,0.05537625
2018-06-18 04:00:00,134,0,2.8499999999999996,1.5,0.0,0.0571275
2018-06-18 05:00:00,134,1,2.8499999999999996,0.0,-0.0,0.0
2018-06-18 06:00:00,134,1,2.8499999999999996,0.0,-0.0,0.0
2018-06-18 07:00:00,134,2,2.8499999999999996,0.0,-0.0,0.0
2018-06-18 08:00:00,134,2,2.8499999999999996,0.0,-0.0,0.0
2018-06-18 09:00:00,134,2,2.8499999999999996,0.0,-0.0,0.0
2018-06-18 10:00:00,134,1,2.8499999999999996,0.0,-0.0,0.0
2018-06-18 11:00:00,134,1,2.8499999999999996,0.0,0.0644699251658487,0.0
2018-06-18 12:00:00,134,1,2.8499999999999996,0.0,0.051355569461379,0.0
2018-06-18 13:00:00,134,1,2.8499999999999996,0.0,1.0285846144021027,0.0
2018-06-18 14:00:00,134,1,2.8499999999999996,0.0,0.0784591953454462,0.0
2018-06-18 15:00:00,134,1,2.8499999999999996,0.0,0.055166317412679,0.0
2018-06-18 16:00:00,134,1,2.8499999999999996,0.0,0.0113931991223837,0.0
2018-06-18 17:00:00,134,2,2.8499999999999996,0.0,-0.0,0.0
2018-06-18 18:00:00,134,2,2.8499999999999996,0.0,-0.0,0.0
2018-06-18 19:00:00,134,2,2.8499999999999996,0.0,-0.0,0.0
2018-06-18 20:00:00,134,2,2.8499999999999996,0.0,-0.0,0.0
2018-06-18 21:00:00,134,2,2.8499999999999996,0.0,-0.0,0.0
2018-06-18 22:00:00,134,2,2.8499999999999996,0.0,-0.0,0.0
2018-06-18 23:00:00,134,2,2.8499999999999996,0.0,-0.0,0.0
2018-06-19 00:00:00,134,1,2.8499999999999996,0.0,-0.0,0.0
2018-06-19 01:00:00,134,1,2.8499999999999996,0.0,-0.0,0.0
2018-06-19 02:00:00,134,1,2.8499999999999996,0.0,-0.0,0.0
2018-06-19 03:00:00,134,1,2.8499999999999996,0.0,-0.0,0.0
2018-06-19 04:00:00,134,1,2.8499999999999996,0.0,-0.0,0.0
2018-06-19 05:00:00,134,1,2.8499999999999996,0.0,-0.0,0.0
2018-06-19 06:00:00,134,1,2.8499999999999996,0.0,-0.0,0.0
2018-06-19 07:00:00,134,1,2.8499999999999996,0.0,0.4028695981141451,0.0
2018-06-19 08:00:00,134,1,2.8499999999999996,0.0,0.5454596946738666,0.0
2018-06-19 09:00:00,134,1,2.8499999999999996,0.323784989108253,0.0,0.019524234843227656
2018-06-19 10:00:00,134,1,2.8499999999999996,0.3201888377030323,0.0,0.019437063392762577
2018-06-19 11:00:00,134,1,2.8499999999999996,0.0,0.86347060677249,0.0
2018-06-19 12:00:00,134,1,2.8499999999999996,0.0,0.9288551483874499,0.0
2018-06-19 13:00:00,134,1,2.8499999999999996,0.23348356085733632,0.0,0.012892378521639969
2018-06-19 14:00:00,134,1,2.8499999999999996,0.12560538203430238,0.0,0.006819744217552448
2018-06-19 15:00:00,134,1,2.8499999999999996,0.4194538733184469,0.0,0.025180864649989622
2018-06-19 16:00:00,134,2,2.285606851367593,0.0,-0.0,0.0005361734912007867
2018-06-19 17:00:00,134,2,0.8301022924312955,0.0,-0.0,0.0013827293309894824
2018-06-19 18:00:00,134,2,0.18278854974123704,0.0,-0.0,0.0006149480555555555
2018-06-19 19:00:00,134,1,0.18278854974123704,1.1902458333333332,0.0,0.06556766734375
2018-06-19 20:00:00,134,1,0.18278854974123704,1.02925,0.0,0.053899249375
2018-06-19 21:00:00,134,0,1.6077885497412367,2.6327991666666666,0.0,0.13517379568958332
2018-06-19 22:00:00,134,1,1.6077885497412367,1.2224266666666666,0.0,0.06235292819999999
2018-06-19 23:00:00,134,2,0.028841181320184095,0.5389183333333332,0.0,0.03128197439583327
2018-06-20 00:00:00,134,1,0.028841181320184095,2.02439,0.0,0.1104405964499998
2018-06-20 01:00:00,134,1,0.028841181320184095,0.3544461111111111,0.0,0.019596439368055555
2018-06-20 02:00:00,134,1,0.028841181320184095,0.2364022222222222,0.0,0.012391022477777777
2018-06-20 03:00:00,134,0,1.453841181320184,1.8460094444444444,0.0,0.08993308243611112
2018-06-20 04:00:00,134,0,2.8788411813201837,2.0592205555555556,0.0,0.10001311137777778
2018-06-20 05:00:00,134,1,2.8788411813201837,0.53692,0.0,0.026656735699999996
2018-06-20 06:00:00,134,1,2.8788411813201837,0.3748513888888889,0.0,0.019112735190972223
2018-06-20 07:00:00,134,1,2.8788411813201837,0.3961355555555556,0.0,0.02131407356666663
2018-06-20 08:00:00,134,2,1.4017446900921133,0.0,-0.0,0.0014032416666666667
2018-06-20 09:00:00,134,2,0.18481369594006636,0.0,-0.0,0.0011560844444444445
2018-06-20 10:00:00,134,2,0.0,0.2932811555236037,0.0,0.015837519918992307
2018-06-20 11:00:00,134,1,0.0,0.7718630555555556,0.0,0.03868963565972223
2018-06-20 12:00:00,134,1,0.0,0.0,2.0751127697157816,0.0
2018-06-20 13:00:00,134,0,1.4249999999999998,0.8332477563060152,0.0,0.04313114102443929
2018-06-20 14:00:00,134,0,2.8499999999999996,0.013383193392243031,0.0,0.002168691257843423
2018-06-20 15:00:00,134,1,2.8499999999999996,0.2837227799735469,0.0,0.01474294495437543
2018-06-20 16:00:00,134,1,2.8499999999999996,0.4089441001308855,0.0,0.02106573295799224
2018-06-20 17:00:00,134,1,2.8499999999999996,0.44336212823400145,0.0,0.02251392887172255
2018-06-20 18:00:00,134,1,2.8499999999999996,0.22759111111111108,0.0,0.012228470399999998
2018-06-20 19:00:00,134,2,2.616081871345029,0.0,-0.0,0.0002222222222222222
2018-06-20 20:00:00,134,2,2.1968464912280696,0.0,-0.0,0.0003982736111111111
2018-06-20 21:00:00,134,2,1.3516771929824556,0.0,-0.0,0.0008029108333333333
2018-06-20 22:00:00,134,2,0.45276959064327427,0.0,-0.0,0.0008539622222222222
2018-06-20 23:00:00,134,2,0.0,0.22502611111111165,0.0,0.012245127075000029
2018-06-21 00:00:00,134,1,0.0,0.4608197222222222,0.0,0.023113565217361107
2018-06-21 01:00:00,134,1,0.0,0.3151530555555555,0.0,0.015396014646527775
2018-06-21 02:00:00,134,1,0.0,0.24455,0.0,0.01105977375
2018-06-21 03:00:00,134,0,1.4249999999999998,1.8374433333333333,0.0,0.07081754975
2018-06-21 04:00:00,134,0,2.8499999999999996,1.867026388888889,0.0,0.07231164336458334
2018-06-21 05:00:00,134,1,2.8499999999999996,0.316835,0.0,0.0130274631125
2018-06-21 06:00:00,134,2,2.463700877192982,0.0,-0.0,0.00036698416666666663
2018-06-21 07:00:00,134,2,2.463700877192982,0.0,0.26757368128321446,0.0
2018-06-21 08:00:00,134,0,3.0,0.0,0.9720042974643986,0.0005645253924284401
2018-06-21 09:00:00,134,2,3.0,0.0,1.1877690750158596,0.0
2018-06-21 10:00:00,134,1,3.0,0.040068670823989405,0.0,0.001872108472573845
2018-06-21 11:00:00,134,1,3.0,0.0,0.022834248927940115,0.0
2018-06-21 12:00:00,134,1,3.0,0.39713896952348965,0.0,0.018385548594089956
2018-06-21 13:00:00,134,1,3.0,0.322906308885299,0.0,0.014957020227567048
2018-06-21 14:00:00,134,1,3.0,0.0428521126169043,0.0,0.0019830886416287888
2018-06-21 15:00:00,134,1,3.0,0.21087872542964092,0.0,0.01015644661350508
2018-06-21 16:00:00,134,1,3.0,0.4624572652438792,0.0,0.022609535697773256
2018-06-21 17:00:00,134,1,3.0,1.8592714512086361,0.0,0.09541316269739919
2018-06-21 18:00:00,134,1,3.0,1.544,0.0,0.07960864000000001
2018-06-21 19:00:00,134,2,2.350114035087719,0.0,-0.0,0.0006173916666666667
2018-06-21 20:00:00,134,2,1.4662219298245611,0.0,-0.0,0.0008396975
2018-06-21 21:00:00,134,2,0.548531578947368,0.0,-0.0,0.0008718058333333335
2018-06-21 22:00:00,134,2,0.0,0.25340194444444486,0.0,0.013840544704861131
2018-06-21 23:00:00,134,1,0.0,0.5666691666666667,0.0,0.0294526299375
2018-06-22 00:00:00,134,1,0.0,0.6573363888888889,0.0,0.03347649894513889
2018-06-22 01:00:00,134,0,1.4249999999999998,1.8603613888888888,0.0,0.08618830132569444
2018-06-22 02:00:00,134,0,2.8499999999999996,1.7436855555555555,0.0,0.08164414734722222
2018-06-22 03:00:00,134,1,2.8499999999999996,0.2515277777777778,0.0,0.011658312500000002
2018-06-22 04:00:00,134,1,2.8499999999999996,0.3372766666666666,0.0,0.015551827099999964
2018-06-22 05:00:00,134,1,2.8499999999999996,0.3699366666666667,0.0,0.017587713975000002
2018-06-22 06:00:00,134,1,2.8499999999999996,0.4974772222222222,0.0,0.023993326427777777
2018-06-22 07:00:00,134,1,2.8499999999999996,0.6424027073644651,0.0,0.03131070795694403
2018-06-22 08:00:00,134,2,2.8499999999999996,0.0,1.3113625545704861,0.0
2018-06-22 09:00:00,134,2,2.1514539095558254,0.0,-0.0,0.0006636187859219656
2018-06-22 10:00:00,134,1,2.1514539095558254,0.0,2.2288161822270185,0.0
2018-06-22 11:00:00,134,0,3.0,0.0,0.8015806871226899,0.0008932064109938681
2018-06-22 12:00:00,134,1,3.0,0.0,2.2373961242342264,0.0
2018-06-22 13:00:00,134,1,3.0,0.39689443176513767,0.0,0.019233504163338574
2018-06-22 14:00:00,134,1,3.0,0.24256821111615412,0.0,0.011584451342379731
2018-06-22 15:00:00,134,1,3.0,0.49576361337867164,0.0,0.023660318448497104
2018-06-22 16:00:00,134,1,3.0,0.6166198105682326,0.0,0.029966181244089684
2018-06-22 17:00:00,134,1,3.0,1.7384729058707447,0.0,0.09159144504580019
2018-06-22 18:00:00,134,1,3.0,1.1331505555555557,0.0,0.06122695739305556
2018-06-22 19:00:00,134,2,2.2592368421052633,0.0,-0.0,0.0007037250000000001
2018-06-22 20:00:00,134,2,0.713871052631579,0.0,-0.0,0.0014680975000000002
2018-06-22 21:00:00,134,2,0.0,0.5838544444444446,0.0,0.030435778897222168
2018-06-22 22:00:00,134,1,0.0,0.7144708333333333,0.0,0.03581106434375
2018-06-22 23:00:00,134,1,0.0,0.7017130555555555,0.0,0.03758725982083333
2018-06-23 00:00:00,134,1,0.0,0.4149369444444444,0.0,0.02093460618958333
2018-06-23 01:00:00,134,1,0.0,0.2278936111111111,0.0,0.011281873218055554
2018-06-23 02:00:00,134,1,0.0,0.2572341666666666,0.0,0.012226983027083329
2018-06-23 03:00:00,134,1,0.0,0.4061980555555555,0.0,0.018643475254861108
2018-06-23 04:00:00,134,0,1.4249999999999998,1.8997275,0.0,0.07536773762499993
2018-06-23 05:00:00,134,0,2.8499999999999996,1.7257633333333333,0.0,0.06856891567777772
2018-06-23 06:00:00,134,1,2.8499999999999996,0.2907272222222222,0.0,0.013326935866666636
2018-06-23 07:00:00,134,1,2.8499999999999996,0.3956877777777777,0.0,0.018166025877777773
2018-06-23 08:00:00,134,1,2.8499999999999996,0.7183586111111111,0.0,0.034676966054861036
2018-06-23 09:00:00,134,2,2.084161875728037,0.0,-0.0,0.0007275462180583643
2018-06-23 10:00:00,134,2,1.4404356749369185,0.0,-0.0,0.0006115398907515627
2018-06-23 11:00:00,134,2,0.7499377970111082,0.0,-0.0,0.0006559729840295198
2018-06-23 12:00:00,134,1,0.7499377970111082,1.06648100393445,0.0,0.05145237603481743
2018-06-23 13:00:00,134,1,0.7499377970111082,0.9382074398798188,0.0,0.04347887828263051
2018-06-23 14:00:00,134,0,2.174937797011108,2.7632202219020243,0.0,0.12868411876359515
2018-06-23 15:00:00,134,0,3.0,2.3629081213153267,0.0,0.10770737723473447
2018-06-23 16:00:00,134,1,3.0,1.3719929879064716,0.0,0.06532401613669689
2018-06-23 17:00:00,134,1,3.0,1.0658492021531007,0.0,0.06089462954201203
2018-06-23 18:00:00,134,1,3.0,0.4936694444444444,0.0,0.028420549916666666
2018-06-23 19:00:00,134,2,2.0706330409356726,0.0,-0.0,0.0008828986111111112
2018-06-23 20:00:00,134,2,1.2530915204678363,0.0,-0.0,0.0007766644444444445
2018-06-23 21:00:00,134,2,0.5007812865497077,0.0,-0.0,0.0007146947222222222
2018-06-23 22:00:00,134,2,0.0,0.2156697222222222,0.0,0.012948461432638888
2018-06-23 23:00:00,134,1,0.0,0.4853652777777777,0.0,0.027595442868055552
2018-06-24 00:00:00,134,1,0.0,0.4294186111111111,0.0,0.021847745386805513
2018-06-24 01:00:00,134,1,0.0,0.2775713888888889,0.0,0.014347665091666666
2018-06-24 02:00:00,134,1,0.0,0.2379597222222222,0.0,0.012272177774305554
2018-06-24 03:00:00,134,1,0.0,0.3584455555555556,0.0,0.01797962906666663
2018-06-24 04:00:00,134,1,0.0,0.3780425,0.0,0.01900892200625
2018-06-24 05:00:00,134,1,0.0,0.299145,0.0,0.014528724787499999
2018-06-24 06:00:00,134,1,0.0,0.2527944444444444,0.0,0.01214487709722222
2018-06-24 07:00:00,134,1,0.0,0.2633715797978629,0.0,0.012500932035105564
2018-06-24 08:00:00,134,0,1.4249999999999998,1.9472943188839205,0.0,0.08910390317079037
2018-06-24 09:00:00,134,0,2.8499999999999996,2.0185868439643935,0.0,0.09543998525099297
2018-06-24 10:00:00,134,1,2.8499999999999996,0.8729932136921599,0.0,0.04218521456863939
2018-06-24 11:00:00,134,2,2.3842026354862926,0.0,-0.0,0.0004425074962880216
2018-06-24 12:00:00,134,1,2.3842026354862926,0.5045710564846654,0.0,0.024512061924025042
2018-06-24 13:00:00,134,1,2.3842026354862926,0.11444673085807305,0.0,0.0054462338047085515
2018-06-24 14:00:00,134,0,3.0,1.392273020848398,0.0,0.06615813406558894
2018-06-24 15:00:00,134,1,3.0,0.12119595561257923,0.0,0.005555925595169663
2018-06-24 16:00:00,134,1,3.0,1.2581269765411323,0.0,0.059682398449669966
2018-06-24 17:00:00,134,1,3.0,0.578840934139004,0.0,0.028957964832639023
2018-06-24 18:00:00,134,1,3.0,0.8183572222222221,0.0,0.0431274256111111
2018-06-24 19:00:00,134,1,3.0,0.7212052777777778,0.0,0.04336066431319444
2018-06-24 20:00:00,134,2,2.142400584795322,0.0,-0.0,0.0008147194444444445
2018-06-24 21:00:00,134,2,1.4104634502923978,0.0,-0.0,0.0006953402777777778
2018-06-24 22:00:00,134,2,0.4941719298245615,0.0,-0.0,0.0008704769444444444
2018-06-24 23:00:00,134,2,0.0,0.12051805555555545,0.0,0.006813533777777773
2018-06-25 00:00:00,134,1,0.0,0.4138097222222222,0.0,0.021401204309027734
2018-06-25 01:00:00,134,1,0.0,0.2596019444444444,0.0,0.012968415134722194
2018-06-25 02:00:00,134,0,1.4249999999999998,1.8515683333333333,0.0,0.08634811887499999
2018-06-25 03:00:00,134,0,2.8499999999999996,1.9117258333333333,0.0,0.09015628552083314
2018-06-25 04:00:00,134,1,2.8499999999999996,0.377105,0.0,0.017365685250000002
2018-06-25 05:00:00,134,1,2.8499999999999996,0.2610755555555555,0.0,0.012149150977777775
2018-06-25 06:00:00,134,1,2.8499999999999996,0.4238111111111111,0.0,0.020190361333333334
2018-06-25 07:00:00,134,2,2.286264262158216,0.0,-0.0,0.0005355489509496945
2018-06-25 08:00:00,134,2,1.7347748342745573,0.0,-0.0,0.0005239149564894757
2018-06-25 09:00:00,134,2,1.7347748342745573,0.0,0.07284977004762272,0.0
2018-06-25 10:00:00,134,1,1.7347748342745573,0.0,0.1318783177310195,0.0
2018-06-25 11:00:00,134,1,1.7347748342745573,0.0,0.07438712571220035,0.0
2018-06-25 12:00:00,134,1,1.7347748342745573,0.0,0.08194047700233359,0.0
2018-06-25 13:00:00,134,0,3.0,1.156799801675568,0.0,0.05785305427378978
2018-06-25 14:00:00,134,1,3.0,0.0,0.1696333683574225,0.0
2018-06-25 15:00:00,134,1,3.0,0.0535302173359023,0.0,0.0028462016557499253
2018-06-25 16:00:00,134,1,3.0,0.1918116699782801,0.0,0.011106375220917364
2018-06-25 17:00:00,134,2,2.100899376329854,0.0,-0.0,0.0008541455924866386
2018-06-25 18:00:00,134,2,1.22612656931231,0.0,-0.0,0.0008310341666666666
2018-06-25 19:00:00,134,2,0.570057271066696,0.0,-0.0,0.0006232658333333333
2018-06-25 20:00:00,134,2,0.0,0.24189809248663885,0.0,0.01451903093662257
2018-06-25 21:00:00,134,1,0.0,1.2303744444444444,0.0,0.066634003975
2018-06-25 22:00:00,134,1,0.0,0.8761794444444444,0.0,0.044794674097222216
2018-06-25 23:00:00,134,0,1.4249999999999998,1.9427488888888889,0.0,0.09952625206111111
2018-06-26 00:00:00,134,1,1.4249999999999998,0.2999652777777777,0.0,0.015522453211805553
2018-06-26 01:00:00,134,1,1.4249999999999998,0.4064894444444444,0.0,0.02070047495833333
2018-06-26 02:00:00,134,1,1.4249999999999998,0.7233672222222223,0.0,0.03766934809722215
2018-06-26 03:00:00,134,0,2.8499999999999996,2.0400863888888887,0.0,0.10488137775694444
2018-06-26 04:00:00,134,1,2.8499999999999996,0.2489002777777778,0.0,0.012509105710416666
2018-06-26 05:00:00,134,1,2.8499999999999996,0.2469247222222222,0.0,0.012671559432638889
2018-06-26 06:00:00,134,1,2.8499999999999996,0.5683644444444444,0.0,0.029797926911111113
2018-06-26 07:00:00,134,1,2.8499999999999996,0.8020575,0.0,0.04378632406875
2018-06-26 08:00:00,134,2,1.7556263157894734,0.0,-0.0,0.001039655
2018-06-26 09:00:00,134,2,1.3853409356725144,0.0,-0.0,0.0003517711111111111
2018-06-26 10:00:00,134,1,1.3853409356725144,0.4559508333333333,0.0,0.024875537589583333
2018-06-26 11:00:00,134,0,2.810340935672514,1.9023966666666667,0.0,0.09876002958333333
2018-06-26 12:00:00,134,0,3.0,0.49925431670783305,0.0,0.026210791020822823
2018-06-26 13:00:00,134,1,3.0,0.18385332913799962,0.0,0.00963943004670532
2018-06-26 14:00:00,134,1,3.0,0.34312,0.0,0.017893708
2018-06-26 15:00:00,134,1,3.0,0.6830308333333334,0.0,0.039486012475
2018-06-26 16:00:00,134,1,3.0,0.7473472222222222,0.0,0.04788440489583325
2018-06-26 17:00:00,134,2,1.424704678362573,0.0,-0.0,0.0014965305555555558
2018-06-26 18:00:00,134,2,0.20072690058479514,0.0,-0.0,0.0011627788888888889
2018-06-26 19:00:00,134,2,2.7755575615628914e-17,1.6000258333333335,0.0,0.10035630778680557
2018-06-26 20:00:00,134,1,2.7755575615628914e-17,0.89787,0.0,0.054951888675
2018-06-26 21:00:00,134,1,2.7755575615628914e-17,0.9791552777777778,0.0,0.051956426927083334
2018-06-26 22:00:00,134,1,2.7755575615628914e-17,0.7671580555555556,0.0,0.03969275779444445
2018-06-26 23:00:00,134,1,2.7755575615628914e-17,0.5676825,0.0,0.03063640531875
2018-06-27 00:00:00,134,1,2.7755575615628914e-17,0.3673997222222222,0.0,0.018185367750694445
2018-06-27 01:00:00,134,1,2.7755575615628914e-17,0.2581608333333333,0.0,0.012527254437499998
2018-06-27 02:00:00,134,1,2.7755575615628914e-17,0.3275122222222222,0.0,0.015816383991666665
2018-06-27 03:00:00,134,1,2.7755575615628914e-17,0.4069338888888889,0.0,0.019708825573611113
2018-06-27 04:00:00,134,0,1.4249999999999998,1.8377913888888888,0.0,0.08935561734583333
2018-06-27 05:00:00,134,0,2.8499999999999996,1.749255,0.0,0.0857310013875
2018-06-27 06:00:00,134,1,2.8499999999999996,0.4711472222222222,0.0,0.022915423020833332
2018-06-27 07:00:00,134,1,2.8499999999999996,0.6445544444444444,0.0,0.03149454154166667
2018-06-27 08:00:00,134,1,2.8499999999999996,0.6017847222222222,0.0,0.029678518038194445
2018-06-27 09:00:00,134,1,2.8499999999999996,0.8604197222222222,0.0,0.04427289680694444
2018-06-27 10:00:00,134,1,2.8499999999999996,0.3962244444444444,0.0,0.019998438272222217
2018-06-27 11:00:00,134,1,2.8499999999999996,0.64949,0.0,0.032703445225
2018-06-27 12:00:00,134,1,2.8499999999999996,0.7898149999999999,0.0,0.039818523225
2018-06-27 13:00:00,134,1,2.8499999999999996,0.3637153392016077,0.0,0.018124844640764116
2018-06-27 14:00:00,134,1,2.8499999999999996,0.2272558333333333,0.0,0.013051302508333331
2018-06-27 15:00:00,134,1,2.8499999999999996,0.3838458333333333,0.0,0.020226756187499997
2018-06-27 16:00:00,134,1,2.8499999999999996,0.4426675,0.0,0.024198418887499955
2018-06-27 17:00:00,134,2,1.6064461988304088,0.0,-0.0,0.0011813761111111112
2018-06-27 18:00:00,134,2,0.922958771929824,0.0,-0.0,0.0006493130555555555
2018-06-27 19:00:00,134,2,0.20998391812865447,0.0,-0.0,0.0006773261111111111
2018-06-27 20:00:00,134,1,0.20998391812865447,1.1917761111111111,0.0,0.0603604805875
2018-06-27 21:00:00,134,2,0.0,1.0645411111111116,0.0,0.05425422099166669
2018-06-27 22:00:00,134,1,0.0,0.7624880555555555,0.0,0.03825211952708333
2018-06-27 23:00:00,134,1,0.0,0.4663875,0.0,0.024058599187499953
2018-06-28 00:00:00,134,1,0.0,0.4646547222222222,0.0,0.022899346347916665
2018-06-28 01:00:00,134,0,1.4249999999999998,1.917191111111111,0.0,0.0787180673185184
2018-06-28 02:00:00,134,0,2.8499999999999996,1.7873841666666666,0.0,0.07359116138888883
2018-06-28 03:00:00,134,1,2.8499999999999996,0.5562622222222222,0.0,0.02571461187777772
2018-06-28 04:00:00,134,1,2.8499999999999996,0.425325,0.0,0.02023271025
2018-06-28 05:00:00,134,1,2.8499999999999996,0.4038997222222222,0.0,0.019114554354166625
2018-06-28 06:00:00,134,1,2.8499999999999996,0.4124755555555555,0.0,0.02013499424444444
2018-06-28 07:00:00,134,1,2.8499999999999996,0.5767716666666667,0.0,0.028387259504166665
2018-06-28 08:00:00,134,1,2.8499999999999996,0.9278802625128417,0.0,0.04335056586459996
2018-06-28 09:00:00,134,1,2.8499999999999996,0.5303253868076792,0.0,0.01325813467019198
2018-06-28 10:00:00,134,2,2.6222574238121092,0.0,-0.0,0.00021635544737849577
2018-06-28 11:00:00,134,0,3.0,0.5583906999924837,0.0,0.028091010530535535
2018-06-28 12:00:00,134,1,3.0,0.3019308333544015,0.0,0.01490330593437326
2018-06-28 13:00:00,134,1,3.0,0.29166525938683785,0.0,0.014656908447337068
2018-06-28 14:00:00,134,1,3.0,0.2051242796888119,0.0,0.010196215132631617
2018-06-28 15:00:00,134,1,3.0,0.12587936996916887,0.0,0.006547300730521397
2018-06-28 16:00:00,134,1,3.0,0.39786846094424233,0.0,0.02047530567134307
2018-06-28 17:00:00,134,1,3.0,0.7473397473178776,0.0,0.03975100115983791
2018-06-28 18:00:00,134,2,1.4210526315789473,0.14154361111111102,0.0,0.009187587378472218
2018-06-28 19:00:00,134,2,0.6980309941520467,0.0,-0.0,0.0006868705555555556
2018-06-28 20:00:00,134,2,0.028405847953216323,0.0,-0.0,0.0006361438888888889
2018-06-28 21:00:00,134,1,0.028405847953216323,0.7797427777777778,0.0,0.03902807538472222
2018-06-28 22:00:00,134,1,0.028405847953216323,0.9448088888888888,0.0,0.047365631622222126
2018-06-28 23:00:00,134,1,0.028405847953216323,0.7170577777777778,0.0,0.03620962513333333
2018-06-29 00:00:00,134,1,0.028405847953216323,0.4657555555555556,0.0,0.023768670388888892
2018-06-29 01:00:00,134,1,0.028405847953216323,0.3795044444444444,0.0,0.018910706466666666
2018-06-29 02:00:00,134,1,0.028405847953216323,0.4346413888888888,0.0,0.021499536301388886
2018-06-29 03:00:00,134,0,1.4534058479532161,1.9273322222222222,0.0,0.0925905391527776
2018-06-29 04:00:00,134,0,2.878405847953216,2.118071666666667,0.0,0.10101230207916646
2018-06-29 05:00:00,134,1,2.878405847953216,0.4109208333333333,0.0,0.0195454494375
2018-06-29 06:00:00,134,1,2.878405847953216,0.6204366666666666,0.0,0.030675939891666667
2018-06-29 07:00:00,134,1,2.878405847953216,1.5758341666666666,0.0,0.08022965701041651
2018-06-29 08:00:00,134,2,1.4446277777777774,0.0,-0.0,0.0013620891666666665
2018-06-29 09:00:00,134,2,1.0044868421052628,0.0,-0.0,0.00041813388888888893
2018-06-29 10:00:00,134,1,1.0044868421052628,1.0990763888888888,0.0,0.05490985638888888
2018-06-29 11:00:00,134,1,1.0044868421052628,0.4546880555555556,0.0,0.021909143956944446
2018-06-29 12:00:00,134,1,1.0044868421052628,0.4337558333333333,0.0,0.021121740304166664
2018-06-29 13:00:00,134,0,2.4294868421052627,1.8150166666666667,0.0,0.08796285645833316
2018-06-29 14:00:00,134,0,3.0,1.3167076662049868,0.0,0.06328240861589339
2018-06-29 15:00:00,134,1,3.0,1.4687394444444444,0.0,0.07376376674861111
2018-06-29 16:00:00,134,1,3.0,2.113835555555556,0.0,0.10623080584444447
2018-06-29 17:00:00,134,1,3.0,2.6699558333333333,0.0,0.14227527146875
2018-06-29 18:00:00,134,2,2.311103216374269,0.0,-0.0,0.0006544519444444444
2018-06-29 19:00:00,134,2,0.7321558479532162,0.13661999999999996,0.0,0.008789360099999985
2018-06-29 20:00:00,134,2,0.0,0.19466750000000022,0.0,0.010651330674305567
2018-06-29 21:00:00,134,1,0.0,0.7162736111111111,0.0,0.0364547454375
2018-06-29 22:00:00,134,1,0.0,1.0325463888888888,0.0,0.05256177392638888
2018-06-29 23:00:00,134,1,0.0,0.5617533333333333,0.0,0.028629758633333276
2018-06-30 00:00:00,134,1,0.0,0.2711680555555555,0.0,0.013288590562499997
2018-06-30 01:00:00,134,1,0.0,0.4432302777777778,0.0,0.020848444190972225
2018-06-30 02:00:00,134,1,0.0,0.4442211111111111,0.0,0.020622965083333333
2018-06-30 03:00:00,134,1,0.0,0.3098422222222222,0.0,0.014137325994444443
2018-06-30 04:00:00,134,0,1.4249999999999998,1.7802191666666667,0.0,0.08255782920625
2018-06-30 05:00:00,134,0,2.8499999999999996,1.8180602777777777,0.0,0.08476716072222222
2018-06-30 06:00:00,134,1,2.8499999999999996,0.5009613888888889,0.0,0.022096154460416666
2018-06-30 07:00:00,134,1,2.8499999999999996,0.4630772222222222,0.0,0.022409464476388887
2018-06-30 08:00:00,134,1,2.8499999999999996,0.6696216666666667,0.0,0.035064738575000004
2018-06-30 09:00:00,134,2,2.5461409356725144,0.0,-0.0,0.0002886661111111111
2018-06-30 10:00:00,134,2,2.0330494152046783,0.0,-0.0,0.0004874369444444444
2018-06-30 11:00:00,134,1,2.0330494152046783,0.6139927777777777,0.0,0.030360407879166662
2018-06-30 12:00:00,134,1,2.0330494152046783,0.6874008333333333,0.0,0.03384589853125
2018-06-30 13:00:00,134,0,3.0,1.620863831948292,0.0,0.07845056013258697
2018-06-30 14:00:00,134,1,3.0,0.4053986111111111,0.0,0.019454065850694445
2018-06-30 15:00:00,134,1,3.0,0.7153166666666667,0.0,0.036336298375000006
2018-06-30 16:00:00,134,1,3.0,0.7408411111111111,0.0,0.03835334432222222
2018-06-30 17:00:00,134,1,3.0,0.6271580555555556,0.0,0.034247533518750005
2018-06-30 18:00:00,134,1,3.0,0.6147602777777778,0.0,0.03533181006458334
2018-06-30 19:00:00,134,2,2.255372514619883,0.0,-0.0,0.0007073961111111111
2018-06-30 20:00:00,134,2,1.4862020467836259,0.0,-0.0,0.0007307119444444444
2018-06-30 21:00:00,134,2,0.735448538011696,0.0,-0.0,0.0007132158333333334
2018-06-30 22:00:00,134,2,0.28660116959064336,0.0,-0.0,0.000426405
2018-06-30 23:00:00,134,0,1.7116011695906432,1.7949074999999999,0.0,0.0987121902
2018-06-14 08:00:00,135,1,1.5,0.1221577777777777,0.0,0.006161027522222218
2018-06-14 09:00:00,135,1,1.5,0.1358402777777777,0.0,0.006980492274305539
2018-06-14 10:00:00,135,2,1.3766222222222224,0.0,-0.0,0.0001172088888888888
2018-06-14 11:00:00,135,2,1.2446862573099418,0.0,-0.0,0.0001253391666666666
2018-06-14 12:00:00,135,1,1.2446862573099418,0.1725033333333333,0.0,0.00880413887499998
2018-06-14 13:00:00,135,0,2.669686257309942,1.5929680555555554,0.0,0.07507122964583332
2018-06-14 14:00:00,135,0,3.0,0.47710069581047376,0.0,0.021208926600828817
2018-06-14 15:00:00,135,1,3.0,0.0972557554301288,0.0,0.004555459584347233
2018-06-14 16:00:00,135,1,3.0,0.1335351141591109,0.0,0.006589624045966726
2018-06-14 17:00:00,135,1,3.0,0.1970093120080626,0.0,0.010562654263312276
2018-06-14 18:00:00,135,1,3.0,0.3350386111111111,0.0,0.01778217428472222
2018-06-14 19:00:00,135,1,3.0,0.2895666666666666,0.0,0.015541042999999996
2018-06-14 20:00:00,135,1,3.0,0.1980186111111111,0.0,0.010785083654166647
2018-06-14 21:00:00,135,2,2.7543646198830407,0.0,-0.0,0.00023335361111111112
2018-06-14 22:00:00,135,2,2.6333187134502922,0.0,-0.0,0.0001149936111111111
2018-06-14 23:00:00,135,2,2.492136549707602,0.0,-0.0,0.0001341230555555555
2018-06-15 00:00:00,135,2,2.3708473684210523,0.0,-0.0,0.0001152247222222222
2018-06-15 01:00:00,135,2,2.23989298245614,0.0,-0.0,0.0001244066666666666
2018-06-15 02:00:00,135,1,2.23989298245614,0.1252575,0.0,0.006407234268749999
2018-06-15 03:00:00,135,0,3.0,0.9131923722683905,0.0,0.04466302527102763
2018-06-15 04:00:00,135,1,3.0,0.1388241666666666,0.0,0.006681260081249997
2018-06-15 05:00:00,135,1,3.0,0.1141552777777777,0.0,0.0056464054270833185
2018-06-15 06:00:00,135,1,3.0,0.1760261111111111,0.0,0.008965009838888888
2018-06-15 07:00:00,135,1,3.0,0.2232833333333333,0.0,0.01237101308333331
2018-06-15 08:00:00,135,2,2.844409649122807,0.0,-0.0,0.0001478108333333333
2018-06-15 09:00:00,135,2,2.708672222222222,0.0,-0.0,0.00012895055555555552
2018-06-15 10:00:00,135,2,2.5908485380116955,0.0,-0.0,0.0001119325
2018-06-15 11:00:00,135,0,3.0,0.5647588341181067,0.0,0.029494587250264437
2018-06-15 12:00:00,135,1,3.0,0.1011832539419075,0.0,0.005271647530373381
2018-06-15 13:00:00,135,1,3.0,0.20887482838287375,0.0,0.010971150360810445
2018-06-15 14:00:00,135,1,3.0,0.007714849861830894,0.0,0.00039957136146887657
2018-06-15 15:00:00,135,1,3.0,0.06519745083340062,0.0,0.0033918973796076674
2018-06-15 16:00:00,135,1,3.0,0.22375698356029827,0.0,0.011935756895565211
2018-06-15 17:00:00,135,2,2.8164025833939745,0.0,-0.0,0.0001744175457757241
2018-06-15 18:00:00,135,2,2.6349958582477755,0.0,-0.0,0.00017233638888888888
2018-06-15 19:00:00,135,2,2.4920575541542083,0.0,-0.0,0.0001357913888888889
2018-06-15 20:00:00,135,0,3.0,0.8289345921183773,0.0,0.042661132230240977
2018-06-15 21:00:00,135,1,3.0,0.2492233333333333,0.0,0.012813817683333307
2018-06-15 22:00:00,135,1,3.0,0.1193352777777777,0.0,0.006005547854166664
2018-06-15 23:00:00,135,2,2.8558052631578947,0.0,-0.0,0.000136985
2018-06-16 00:00:00,135,2,2.7388134502923975,0.0,-0.0,0.0001111422222222222
2018-06-16 01:00:00,135,2,2.5958345029239767,0.0,-0.0,0.00013583
2018-06-16 02:00:00,135,2,2.473350584795322,0.0,-0.0,0.0001163597222222222
2018-06-16 03:00:00,135,2,2.346168128654971,0.0,-0.0,0.0001208233333333333
2018-06-16 04:00:00,135,1,2.346168128654971,0.1326891666666666,0.0,0.0065790606062499975
2018-06-16 05:00:00,135,1,2.346168128654971,0.1155125,0.0,0.005609575781250001
2018-06-16 06:00:00,135,1,2.346168128654971,0.1838677777777777,0.0,0.009037560947222219
2018-06-16 07:00:00,135,1,2.346168128654971,0.0,0.37830271419269046,0.0
2018-06-16 08:00:00,135,1,2.346168128654971,0.2512911111111111,0.0,0.011785553111111109
2018-06-16 09:00:00,135,2,2.193886257309942,0.0,-0.0,0.0001446677777777777
2018-06-16 10:00:00,135,2,2.0761397660818717,0.0,-0.0,0.00011185916666666661
2018-06-16 11:00:00,135,2,1.9294950292397663,0.0,-0.0,0.0001393125
2018-06-16 12:00:00,135,2,1.811826315789474,0.0,-0.0,0.00011178527777777771
2018-06-16 13:00:00,135,0,3.0,1.3835296968297934,0.0,0.06502451051664357
2018-06-16 14:00:00,135,1,3.0,0.1191227777777777,0.0,0.0054832214611111076
2018-06-16 15:00:00,135,1,3.0,0.1705086111111111,0.0,0.007898385138194445
2018-06-16 16:00:00,135,1,3.0,0.2242908333333333,0.0,0.010345414687499976
2018-06-16 17:00:00,135,1,3.0,0.1202172222222222,0.0,0.005612341019444443
2018-06-16 18:00:00,135,1,3.0,0.1976688888888889,0.0,0.009157999622222203
2018-06-16 19:00:00,135,1,3.0,0.1446819444444444,0.0,0.0069631802812499975
2018-06-16 20:00:00,135,1,3.0,0.1927408333333333,0.0,0.009306009285416646
2018-06-16 21:00:00,135,1,3.0,0.2655488888888889,0.0,0.01298002968888889
2018-06-16 22:00:00,135,1,3.0,0.1240063888888888,0.0,0.00606639254444444
2018-06-16 23:00:00,135,2,2.8522280701754386,0.0,-0.0,0.0001403833333333333
2018-06-17 00:00:00,135,2,2.7349508771929822,0.0,-0.0,0.00011141333333333329
2018-06-17 01:00:00,135,2,2.5826374269005847,0.0,-0.0,0.00014469777777777778
2018-06-17 02:00:00,135,2,2.4485023391812866,0.0,-0.0,0.0001274283333333333
2018-06-17 03:00:00,135,1,2.4485023391812866,0.1316016666666666,0.0,0.005433503812499996
2018-06-17 04:00:00,135,0,3.0,0.7562877423822714,0.0,0.03148244100723299
2018-06-17 05:00:00,135,1,3.0,0.116435,0.0,0.0047927556875
2018-06-17 06:00:00,135,1,3.0,0.1999555555555555,0.0,0.00864607822222222
2018-06-17 07:00:00,135,1,3.0,0.1357366666666666,0.0,0.0059690199166666635
2018-06-17 08:00:00,135,1,3.0,0.0,1.109925232480692,0.0
2018-06-17 09:00:00,135,1,3.0,0.0,0.44648879861131596,0.0
2018-06-17 10:00:00,135,1,3.0,0.1113508333333333,0.0,0.005840351208333331
2018-06-17 11:00:00,135,1,3.0,0.0,0.7103856441354006,0.0
2018-06-17 12:00:00,135,1,3.0,0.0,0.9116316114177873,0.0
2018-06-17 13:00:00,135,1,3.0,0.0726474316214298,0.0,0.0037604126793042525
2018-06-17 14:00:00,135,1,3.0,0.0920255829734879,0.0,0.0046640866090538
2018-06-17 15:00:00,135,1,3.0,0.11194,0.0,0.00577470475
2018-06-17 16:00:00,135,1,3.0,0.1409133333333333,0.0,0.007524771999999999
2018-06-17 17:00:00,135,2,2.871901754385965,0.0,-0.0,0.00012169333333333331
2018-06-17 18:00:00,135,2,1.860148538011696,0.0,-0.0,0.0009611655555555556
2018-06-17 19:00:00,135,2,1.1433833333333334,0.0,-0.0,0.0006809269444444445
2018-06-17 20:00:00,135,2,0.7383204678362574,0.0,-0.0,0.0003848097222222222
2018-06-17 21:00:00,135,1,0.7383204678362574,0.2158702777777777,0.0,0.010880941351388864
2018-06-17 22:00:00,135,1,0.7383204678362574,0.1480941666666666,0.0,0.007421739162499997
2018-06-17 23:00:00,135,2,0.4767108187134504,0.0,-0.0,0.0002485291666666666
2018-06-18 00:00:00,135,2,0.4767108187134504,0.0,-0.0,0.0
2018-06-18 01:00:00,135,1,0.4767108187134504,0.0,-0.0,0.0
2018-06-18 02:00:00,135,1,0.4767108187134504,0.0,-0.0,0.0
2018-06-18 03:00:00,135,0,1.9017108187134502,1.5,0.0,0.05537625
2018-06-18 04:00:00,135,0,3.0,1.1560938750384735,0.0,0.04402983523084027
2018-06-18 05:00:00,135,1,3.0,0.0,-0.0,0.0
2018-06-18 06:00:00,135,1,3.0,0.0,-0.0,0.0
2018-06-18 07:00:00,135,2,3.0,0.0,-0.0,0.0
2018-06-18 08:00:00,135,2,3.0,0.0,-0.0,0.0
2018-06-18 09:00:00,135,2,3.0,0.0,-0.0,0.0
2018-06-18 10:00:00,135,1,3.0,0.0,-0.0,0.0
2018-06-18 11:00:00,135,1,3.0,0.0,0.0644699251658487,0.0
2018-06-18 12:00:00,135,1,3.0,0.0,0.051355569461379,0.0
2018-06-18 13:00:00,135,1,3.0,0.0,1.0285846144021027,0.0
2018-06-18 14:00:00,135,1,3.0,0.0,0.0784591953454462,0.0
2018-06-18 15:00:00,135,1,3.0,0.0,0.055166317412679,0.0
2018-06-18 16:00:00,135,1,3.0,0.0,0.0113931991223837,0.0
2018-06-18 17:00:00,135,2,3.0,0.0,-0.0,0.0
2018-06-18 18:00:00,135,2,3.0,0.0,-0.0,0.0
2018-06-18 19:00:00,135,2,3.0,0.0,-0.0,0.0
2018-06-18 20:00:00,135,2,3.0,0.0,-0.0,0.0
2018-06-18 21:00:00,135,2,3.0,0.0,-0.0,0.0
2018-06-18 22:00:00,135,2,3.0,0.0,-0.0,0.0
2018-06-18 23:00:00,135,2,3.0,0.0,-0.0,0.0
2018-06-19 00:00:00,135,1,3.0,0.0,-0.0,0.0
2018-06-19 01:00:00,135,1,3.0,0.0,-0.0,0.0
2018-06-19 02:00:00,135,1,3.0,0.0,-0.0,0.0
2018-06-19 03:00:00,135,1,3.0,0.0,-0.0,0.0
2018-06-19 04:00:00,135,1,3.0,0.0,-0.0,0.0
2018-06-19 05:00:00,135,1,3.0,0.0,-0.0,0.0
2018-06-19 06:00:00,135,1,3.0,0.0,-0.0,0.0
2018-06-19 07:00:00,135,1,3.0,0.0,0.4028695981141451,0.0
2018-06-19 08:00:00,135,1,3.0,0.0,0.6567405280072,0.0
2018-06-19 09:00:00,135,1,3.0,0.0872508224415863,0.0,0.005261224593227654
2018-06-19 10:00:00,135,1,3.0,0.0450055043696989,0.0,0.0027320591427625715
2018-06-19 11:00:00,135,1,3.0,0.0,1.145445884550268,0.0
2018-06-19 12:00:00,135,1,3.0,0.0,1.1929257039430055,0.0
2018-06-19 13:00:00,135,1,3.0,0.0,0.036581161364886,0.0
2018-06-19 14:00:00,135,1,3.0,0.0,0.107540451299031,0.0
2018-06-19 15:00:00,135,1,3.0,0.0,0.1449644600148865,0.0
2018-06-19 16:00:00,135,2,2.9838983718354295,0.0,-0.0,1.5296546756342096e-05
2018-06-19 17:00:00,135,2,1.915508725179834,0.0,-0.0,0.0010149701643228158
2018-06-19 18:00:00,135,2,1.438171883074571,0.0,-0.0,0.00045347
2018-06-19 19:00:00,135,1,1.438171883074571,0.2735847222222222,0.0,0.015071098385416664
2018-06-19 20:00:00,135,1,1.438171883074571,0.2855266666666666,0.0,0.014952317716666661
2018-06-19 21:00:00,135,0,2.8631718830745707,1.7617094444444443,0.0,0.09094639276805555
2018-06-19 22:00:00,135,1,2.8631718830745707,0.1186408333333333,0.0,0.006051572306249998
2018-06-19 23:00:00,135,2,2.719490888922524,0.0,-0.0,0.00013649694444444442
2018-06-20 00:00:00,135,2,2.602561941554103,0.0,-0.0,0.0001110825
2018-06-20 01:00:00,135,2,2.4567090175774946,0.0,-0.0,0.00013856027777777772
2018-06-20 02:00:00,135,1,2.4567090175774946,0.1125577777777777,0.0,0.0058997159222222186
2018-06-20 03:00:00,135,0,3.0,0.7015641335441578,0.0,0.03418031506208815
2018-06-20 04:00:00,135,1,3.0,0.1221172222222222,0.0,0.00584208791111111
2018-06-20 05:00:00,135,1,3.0,0.1303666666666666,0.0,0.00647237908333333
2018-06-20 06:00:00,135,1,3.0,0.1894163888888889,0.0,0.009657868128472222
2018-06-20 07:00:00,135,1,3.0,0.1608186111111111,0.0,0.008652845370833316
2018-06-20 08:00:00,135,2,2.719956432748538,0.0,-0.0,0.00026604138888888893
2018-06-20 09:00:00,135,2,2.5957380116959063,0.0,-0.0,0.0001180075
2018-06-20 10:00:00,135,2,2.332541520467836,0.0,-0.0,0.00025003666666666667
2018-06-20 11:00:00,135,1,2.332541520467836,0.1692711111111111,0.0,0.008484714444444444
2018-06-20 12:00:00,135,1,2.332541520467836,0.0,2.615341103049115,0.0
2018-06-20 13:00:00,135,0,3.0,0.0,0.14448020383556648,0.0007025878731917517
2018-06-20 14:00:00,135,1,3.0,0.0,1.5943662510522014,0.0
2018-06-20 15:00:00,135,1,3.0,0.13014916886243572,0.0,0.0067628761870143165
2018-06-20 16:00:00,135,1,3.0,0.15218048901977438,0.0,0.007839197440631128
2018-06-20 17:00:00,135,1,3.0,0.1578765726784459,0.0,0.008016972360611467
2018-06-20 18:00:00,135,1,3.0,0.12539972222222218,0.0,0.006737727074999997
2018-06-20 19:00:00,135,2,2.8098576023391812,0.0,-0.0,0.0001806352777777777
2018-06-20 20:00:00,135,2,2.65221783625731,0.0,-0.0,0.0001497577777777777
2018-06-20 21:00:00,135,2,2.404372807017544,0.0,-0.0,0.0002354527777777778
2018-06-20 22:00:00,135,2,2.1570865497076026,0.0,-0.0,0.00023492194444444439
2018-06-20 23:00:00,135,2,2.036742105263158,0.0,-0.0,0.00011432722222222221
2018-06-21 00:00:00,135,2,1.8855643274853804,0.0,-0.0,0.0001436188888888888
2018-06-21 01:00:00,135,2,1.7640728070175442,0.0,-0.0,0.00011541694444444441
2018-06-21 02:00:00,135,1,1.7640728070175442,0.132925,0.0,0.006011533124999999
2018-06-21 03:00:00,135,0,3.0,1.4188068259464448,0.0,0.054825463501442746
2018-06-21 04:00:00,135,1,3.0,0.1244622222222222,0.0,0.004720540933333333
2018-06-21 05:00:00,135,1,3.0,0.1309938888888888,0.0,0.005386141226388886
2018-06-21 06:00:00,135,2,2.8425096491228072,0.0,-0.0,0.00014961583333333332
2018-06-21 07:00:00,135,2,2.8425096491228072,0.0,0.31771451461654776,0.0
2018-06-21 08:00:00,135,0,3.0,0.0,1.6377873176244486,0.0001657793167128345
2018-06-21 09:00:00,135,2,3.0,0.0,1.3442137972380819,0.0
2018-06-21 10:00:00,135,1,3.0,0.0,0.0685402180648995,0.0
2018-06-21 11:00:00,135,1,3.0,0.0,0.1184278600390512,0.0
2018-06-21 12:00:00,135,1,3.0,0.0,0.19621936380984384,0.0
2018-06-21 13:00:00,135,1,3.0,0.0,0.21474202444803442,0.0
2018-06-21 14:00:00,135,1,3.0,0.0,0.15137788738309577,0.0
2018-06-21 15:00:00,135,1,3.0,0.0,0.1603137745703591,0.0
2018-06-21 16:00:00,135,1,3.0,0.0,0.042724123645009715,0.0
2018-06-21 17:00:00,135,1,3.0,0.020393117875302805,0.0,0.0010465238265658517
2018-06-21 18:00:00,135,1,3.0,0.20220333333333324,0.0,0.010425603866666662
2018-06-21 19:00:00,135,2,2.7783801169590645,0.0,-0.0,0.0002105388888888889
2018-06-21 20:00:00,135,2,2.534416666666667,0.0,-0.0,0.0002317652777777777
2018-06-21 21:00:00,135,2,2.3244853801169594,0.0,-0.0,0.0001994347222222222
2018-06-21 22:00:00,135,2,2.137046783625731,0.0,-0.0,0.00017806666666666659
2018-06-21 23:00:00,135,2,2.018319883040936,0.0,-0.0,0.00011279055555555551
2018-06-22 00:00:00,135,2,1.8760675438596492,0.0,-0.0,0.0001351397222222222
2018-06-22 01:00:00,135,0,3.0,1.2973904070483224,0.0,0.06024354160079447
2018-06-22 02:00:00,135,1,3.0,0.1286980555555555,0.0,0.0059152843784722195
2018-06-22 03:00:00,135,1,3.0,0.1186430555555555,0.0,0.005499105624999998
2018-06-22 04:00:00,135,1,3.0,0.1238011111111111,0.0,0.00570846923333332
2018-06-22 05:00:00,135,1,3.0,0.1332866666666666,0.0,0.006336781349999997
2018-06-22 06:00:00,135,1,3.0,0.1419836111111111,0.0,0.006847869563888889
2018-06-22 07:00:00,135,1,3.0,0.2130599295866873,0.0,0.010384540968055139
2018-06-22 08:00:00,135,2,3.0,0.0,1.887081721237153,0.0
2018-06-22 09:00:00,135,2,3.0,0.0,0.1204809363002568,0.0
2018-06-22 10:00:00,135,1,3.0,0.0,2.6460050711159075,0.0
2018-06-22 11:00:00,135,1,3.0,0.0,1.9886123758943357,0.0
2018-06-22 12:00:00,135,1,3.0,0.0,3.035703624234227,0.0
2018-06-22 13:00:00,135,1,3.0,0.0,0.21644251267930678,0.0
2018-06-22 14:00:00,135,1,3.0,0.0,0.23991345555051258,0.0
2018-06-22 15:00:00,135,1,3.0,0.0,0.0893747199546617,0.0
2018-06-22 16:00:00,135,1,3.0,0.0179889772348992,0.0,0.0008742193211730139
2018-06-22 17:00:00,135,1,3.0,0.48807179475963347,0.0,0.02571406250691129
2018-06-22 18:00:00,135,1,3.0,0.6720675,0.0,0.03631348719375
2018-06-22 19:00:00,135,2,2.6657961988304093,0.0,-0.0,0.00031749361111111106
2018-06-22 20:00:00,135,2,2.4181561403508773,0.0,-0.0,0.0002352580555555555
2018-06-22 21:00:00,135,2,2.1946576023391815,0.0,-0.0,0.0002123236111111111
2018-06-22 22:00:00,135,1,2.1946576023391815,0.1777383333333333,0.0,0.008908689612499998
2018-06-22 23:00:00,135,2,2.0542096491228072,0.0,-0.0,0.0001334255555555555
2018-06-23 00:00:00,135,2,1.8966704678362576,0.0,-0.0,0.0001496622222222222
2018-06-23 01:00:00,135,2,1.7659678362573101,0.0,-0.0,0.0001241675
2018-06-23 02:00:00,135,2,1.6222008771929826,0.0,-0.0,0.00013657861111111112
2018-06-23 03:00:00,135,1,1.6222008771929826,0.1166969444444444,0.0,0.005356098007638887
2018-06-23 04:00:00,135,0,3.0,1.5982798661126498,0.0,0.06359676366012613
2018-06-23 05:00:00,135,1,3.0,0.1233430555555555,0.0,0.004793522282407401
2018-06-23 06:00:00,135,1,3.0,0.1562572222222222,0.0,0.007162831066666649
2018-06-23 07:00:00,135,1,3.0,0.1596852777777777,0.0,0.007331151102777773
2018-06-23 08:00:00,135,1,3.0,0.2562025,0.0,0.012367535181249974
2018-06-23 09:00:00,135,2,2.915925910815757,0.0,-0.0,7.987038472503092e-05
2018-06-23 10:00:00,135,2,2.816131581369668,0.0,-0.0,9.480461297378479e-05
2018-06-23 11:00:00,135,2,2.793515574788887,0.0,-0.0,2.1485206251741897e-05
2018-06-23 12:00:00,135,1,2.793515574788887,0.018252392823338806,0.0,0.0008805866917619789
2018-06-23 13:00:00,135,1,2.793515574788887,0.00802105099092991,0.0,0.00037171555554716936
2018-06-23 14:00:00,135,0,3.0,0.1794911373289268,0.0,0.008478880349945175
2018-06-23 15:00:00,135,1,3.0,0.06152409185333499,0.0,0.0027818118131485415
2018-06-23 16:00:00,135,1,3.0,0.02589604346202709,0.0,0.001232975369335765
2018-06-23 17:00:00,135,1,3.0,0.1761433688197673,0.0,0.010063511019095356
2018-06-23 18:00:00,135,1,3.0,0.21142666666666657,0.0,0.012171833199999996
2018-06-23 19:00:00,135,2,2.7812222222222225,0.0,-0.0,0.0002078388888888888
2018-06-23 20:00:00,135,2,2.616859064327486,0.0,-0.0,0.000156145
2018-06-23 21:00:00,135,2,2.461347368421053,0.0,-0.0,0.0001477361111111111
2018-06-23 22:00:00,135,2,2.3108584795321643,0.0,-0.0,0.0001429644444444444
2018-06-23 23:00:00,135,2,2.1626114035087727,0.0,-0.0,0.0001408347222222222
2018-06-24 00:00:00,135,1,2.1626114035087727,0.1386588888888889,0.0,0.007054617619444431
2018-06-24 01:00:00,135,2,2.015780116959065,0.0,-0.0,0.0001394897222222222
2018-06-24 02:00:00,135,2,1.8517701754385971,0.0,-0.0,0.00015580944444444438
2018-06-24 03:00:00,135,2,1.724707309941521,0.0,-0.0,0.00012070972222222221
2018-06-24 04:00:00,135,2,1.5694821637426908,0.0,-0.0,0.0001474638888888889
2018-06-24 05:00:00,135,2,1.4257122807017553,0.0,-0.0,0.0001365813888888888
2018-06-24 06:00:00,135,1,1.4257122807017553,0.1359241666666666,0.0,0.006530136777083331
2018-06-24 07:00:00,135,1,1.4257122807017553,0.11880657979786291,0.0,0.005639154310105563
2018-06-24 08:00:00,135,0,2.850712280701755,1.563880985550587,0.0,0.07185509583745704
2018-06-24 09:00:00,135,1,2.850712280701755,0.0,0.09059676714671738,0.0
2018-06-24 10:00:00,135,1,2.850712280701755,0.0,0.06319984186339558,0.0
2018-06-24 11:00:00,135,2,2.850712280701755,0.0,0.1712352814897562,0.0
2018-06-24 12:00:00,135,1,2.850712280701755,0.0,0.24252922129311238,0.0
2018-06-24 13:00:00,135,1,2.850712280701755,0.0,0.2987938246974825,0.0
2018-06-24 14:00:00,135,1,2.850712280701755,0.0,0.22703223127129418,0.0
2018-06-24 15:00:00,135,1,2.850712280701755,0.0,0.1311120999429764,0.0
2018-06-24 16:00:00,135,1,2.850712280701755,0.0,0.10978052345886781,0.0
2018-06-24 17:00:00,135,1,2.850712280701755,0.3358392674723374,0.0,0.01680119895347236
2018-06-24 18:00:00,135,1,2.850712280701755,1.0041675,0.0,0.052919627250000004
2018-06-24 19:00:00,135,1,2.850712280701755,0.2605425,0.0,0.01566446645625
2018-06-24 20:00:00,135,2,2.4959953216374275,0.0,-0.0,0.0003369811111111111
2018-06-24 21:00:00,135,2,2.2377385964912286,0.0,-0.0,0.0002453438888888889
2018-06-24 22:00:00,135,2,2.070061988304094,0.0,-0.0,0.0001592927777777777
2018-06-24 23:00:00,135,2,1.928930116959065,0.0,-0.0,0.0001340752777777777
2018-06-25 00:00:00,135,2,1.7904950292397668,0.0,-0.0,0.00013151333333333328
2018-06-25 01:00:00,135,2,1.6511967836257317,0.0,-0.0,0.00013233333333333332
2018-06-25 02:00:00,135,0,3.0,1.5522564704524462,0.0,0.07255194561782469
2018-06-25 03:00:00,135,1,3.0,0.1372347222222222,0.0,0.006364260243055541
2018-06-25 04:00:00,135,1,3.0,0.1494738888888888,0.0,0.006883272583333329
2018-06-25 05:00:00,135,1,3.0,0.1230391666666666,0.0,0.0057256276208333306
2018-06-25 06:00:00,135,1,3.0,0.1449891666666666,0.0,0.0069072838999999974
2018-06-25 07:00:00,135,2,2.8097879463687425,0.0,-0.0,0.0001807014509496944
2018-06-25 08:00:00,135,2,2.8097879463687425,0.0,0.0067017101771910115,0.0
2018-06-25 09:00:00,135,2,2.8097879463687425,0.0,0.2385447700476228,0.0
2018-06-25 10:00:00,135,1,2.8097879463687425,0.0,0.3380252621754639,0.0
2018-06-25 11:00:00,135,1,2.8097879463687425,0.0,0.41658990348997815,0.0
2018-06-25 12:00:00,135,1,2.8097879463687425,0.0,0.3873999214467781,0.0
2018-06-25 13:00:00,135,0,3.0,0.0,0.21316294789725856,0.00020022321434869209
2018-06-25 14:00:00,135,1,3.0,0.0,0.28440281280186697,0.0
2018-06-25 15:00:00,135,1,3.0,0.0,0.1933878382196533,0.0
2018-06-25 16:00:00,135,1,3.0,0.14220639220050238,0.0,0.008234105624389589
2018-06-25 17:00:00,135,2,2.9856213061544157,0.0,-0.0,1.3659759153305195e-05
2018-06-25 18:00:00,135,2,2.8610941131719594,0.0,-0.0,0.00011830083333333326
2018-06-25 19:00:00,135,2,2.6423830020608485,0.0,-0.0,0.0002077755555555555
2018-06-25 20:00:00,135,2,2.369898499136872,0.0,-0.0,0.0002588602777777777
2018-06-25 21:00:00,135,2,2.1056069786690355,0.0,-0.0,0.0002510769444444444
2018-06-25 22:00:00,135,1,2.1056069786690355,0.1134338888888888,0.0,0.00579930756944444
2018-06-25 23:00:00,135,0,3.0,1.0818399493542317,0.0,0.05552840558278427
2018-06-26 00:00:00,135,1,3.0,0.1127427777777777,0.0,0.005834156893055552
2018-06-26 01:00:00,135,1,3.0,0.13461,0.0,0.00685501425
2018-06-26 02:00:00,135,1,3.0,0.1181180555555555,0.0,0.006150997743055541
2018-06-26 03:00:00,135,1,3.0,0.1266622222222222,0.0,0.00641860811111111
2018-06-26 04:00:00,135,1,3.0,0.1264680555555555,0.0,0.00635596830208333
2018-06-26 05:00:00,135,1,3.0,0.1184549999999999,0.0,0.006078814462499995
2018-06-26 06:00:00,135,1,3.0,0.1387483333333333,0.0,0.007274228245833333
2018-06-26 07:00:00,135,1,3.0,0.1602238888888889,0.0,0.008747022654166667
2018-06-26 08:00:00,135,2,2.765435964912281,0.0,-0.0,0.0002228358333333333
2018-06-26 09:00:00,135,2,2.64653567251462,0.0,-0.0,0.0001129552777777777
2018-06-26 10:00:00,135,1,2.64653567251462,0.1352425,0.0,0.00737849269375
2018-06-26 11:00:00,135,0,3.0,0.4899182686980607,0.0,0.025419139200330856
2018-06-26 12:00:00,135,1,3.0,0.0816248630297777,0.0,0.004252655363851418
2018-06-26 13:00:00,135,1,3.0,0.06904388469355509,0.0,0.0036199708744830933
2018-06-26 14:00:00,135,1,3.0,0.1250172222222222,0.0,0.006519648138888888
2018-06-26 15:00:00,135,1,3.0,0.1336788888888888,0.0,0.007727976566666661
2018-06-26 16:00:00,135,1,3.0,0.1150269444444444,0.0,0.007370063897916652
2018-06-26 17:00:00,135,2,2.8533698830409358,0.0,-0.0,0.00013929861111111112
2018-06-26 18:00:00,135,2,2.6135102339181286,0.0,-0.0,0.0002278666666666666
2018-06-26 19:00:00,135,2,1.9097181286549707,0.0,-0.0,0.0006686025
2018-06-26 20:00:00,135,2,1.565169298245614,0.0,-0.0,0.0003273213888888889
2018-06-26 21:00:00,135,2,1.3194672514619883,0.0,-0.0,0.0002334169444444444
2018-06-26 22:00:00,135,2,1.1982704678362572,0.0,-0.0,0.00011513694444444441
2018-06-26 23:00:00,135,2,1.0531195906432749,0.0,-0.0,0.0001378933333333333
2018-06-27 00:00:00,135,2,0.9325877192982457,0.0,-0.0,0.00011450527777777771
2018-06-27 01:00:00,135,1,0.9325877192982457,0.1325675,0.0,0.0064328379375
2018-06-27 02:00:00,135,1,0.9325877192982457,0.1187011111111111,0.0,0.005732373408333333
2018-06-27 03:00:00,135,1,0.9325877192982457,0.127685,0.0,0.0061841037625000005
2018-06-27 04:00:00,135,0,2.3575877192982455,1.6258002777777776,0.0,0.07922138227916665
2018-06-27 05:00:00,135,0,3.0,0.7963912311480457,0.0,0.03902445221122654
2018-06-27 06:00:00,135,1,3.0,0.1865925,0.0,0.00907539271875
2018-06-27 07:00:00,135,1,3.0,0.1125425,0.0,0.005499107906250001
2018-06-27 08:00:00,135,1,3.0,0.1408777777777777,0.0,0.0069477398055555525
2018-06-27 09:00:00,135,1,3.0,0.1134755555555555,0.0,0.005838884711111108
2018-06-27 10:00:00,135,1,3.0,0.1393527777777777,0.0,0.007033483076388884
2018-06-27 11:00:00,135,1,3.0,0.1162938888888888,0.0,0.005855688040277773
2018-06-27 12:00:00,135,1,3.0,0.1299311111111111,0.0,0.006550476966666666
2018-06-27 13:00:00,135,1,3.0,0.25408617253494103,0.0,0.01266174919284745
2018-06-27 14:00:00,135,1,3.0,0.1784377777777777,0.0,0.010247681577777773
2018-06-27 15:00:00,135,1,3.0,0.1678819444444444,0.0,0.008846539062499997
2018-06-27 16:00:00,135,1,3.0,0.2067205555555555,0.0,0.011300379169444421
2018-06-27 17:00:00,135,2,2.8563763157894737,0.0,-0.0,0.0001364425
2018-06-27 18:00:00,135,2,1.7208467836257308,0.0,-0.0,0.0010787530555555556
2018-06-27 19:00:00,135,2,1.4413301169590642,0.0,-0.0,0.0002655408333333333
2018-06-27 20:00:00,135,1,1.4413301169590642,0.1969677777777777,0.0,0.009975925524999995
2018-06-27 21:00:00,135,2,1.1865994152046784,0.0,-0.0,0.0002419941666666666
2018-06-27 22:00:00,135,2,1.06516783625731,0.0,-0.0,0.00011536000000000001
2018-06-27 23:00:00,135,2,0.9180114035087721,0.0,-0.0,0.0001397986111111111
2018-06-28 00:00:00,135,2,0.7992409356725148,0.0,-0.0,0.00011283194444444441
2018-06-28 01:00:00,135,0,2.2242409356725146,1.635844722222222,0.0,0.06738637259537025
2018-06-28 02:00:00,135,0,3.0,0.9327090443213297,0.0,0.038435853276392706
2018-06-28 03:00:00,135,1,3.0,0.1314011111111111,0.0,0.006074344863888876
2018-06-28 04:00:00,135,1,3.0,0.1216183333333333,0.0,0.005785384116666665
2018-06-28 05:00:00,135,1,3.0,0.1236305555555555,0.0,0.005850816041666652
2018-06-28 06:00:00,135,1,3.0,0.1309033333333333,0.0,0.006390046216666664
2018-06-28 07:00:00,135,1,3.0,0.1679736111111111,0.0,0.008267241204861109
2018-06-28 08:00:00,135,1,3.0,0.18390526251284162,0.0,0.00859205386459996
2018-06-28 09:00:00,135,1,3.0,0.07838372014101239,0.0,0.0019595930035253097
2018-06-28 10:00:00,135,2,2.8903524530518756,0.0,-0.0,0.000104165169600718
2018-06-28 11:00:00,135,1,2.8903524530518756,0.028587213361955396,0.0,0.0014177828466861778
2018-06-28 12:00:00,135,1,2.8903524530518756,0.03381472224329041,0.0,0.0016690946899288145
2018-06-28 13:00:00,135,1,2.8903524530518756,0.0112330371646156,0.0,0.0005644882001148454
2018-06-28 14:00:00,135,1,2.8903524530518756,0.0,0.011969331422299306,0.0
2018-06-28 15:00:00,135,1,2.8903524530518756,0.0,0.035369518919720094,0.0
2018-06-28 16:00:00,135,1,2.8903524530518756,0.0,0.015177927944646591,0.0
2018-06-28 17:00:00,135,1,2.8903524530518756,0.0633455806512109,0.0,0.003369351434837908
2018-06-28 18:00:00,135,2,2.7233477746893024,0.0,-0.0,0.00015865444444444437
2018-06-28 19:00:00,135,2,2.4757220436951504,0.0,-0.0,0.0002352444444444444
2018-06-28 20:00:00,135,2,2.261762979367665,0.0,-0.0,0.00020326111111111108
2018-06-28 21:00:00,135,1,2.261762979367665,0.2294866666666666,0.0,0.011486381383333329
2018-06-28 22:00:00,135,1,2.261762979367665,0.1580366666666666,0.0,0.007922773191666647
2018-06-28 23:00:00,135,2,2.124496605098659,0.0,-0.0,0.0001304030555555555
2018-06-29 00:00:00,135,2,1.9914006986659103,0.0,-0.0,0.0001264411111111111
2018-06-29 01:00:00,135,2,1.860927014455384,0.0,-0.0,0.0001239499999999999
2018-06-29 02:00:00,135,1,1.860927014455384,0.1293811111111111,0.0,0.006399836661111111
2018-06-29 03:00:00,135,0,3.0,1.317536695310122,0.0,0.06346910225740462
2018-06-29 04:00:00,135,1,3.0,0.1376594444444444,0.0,0.006467584848611095
2018-06-29 05:00:00,135,1,3.0,0.1116422222222222,0.0,0.005310262299999999
2018-06-29 06:00:00,135,1,3.0,0.1501663888888889,0.0,0.007424601682638889
2018-06-29 07:00:00,135,1,3.0,0.1305322222222222,0.0,0.006645721763888874
2018-06-29 08:00:00,135,2,2.7512748538011698,0.0,-0.0,0.00023628888888888882
2018-06-29 09:00:00,135,2,2.629952339181287,0.0,-0.0,0.0001152563888888888
2018-06-29 10:00:00,135,1,2.629952339181287,0.1339788888888889,0.0,0.006693585288888889
2018-06-29 11:00:00,135,1,2.629952339181287,0.1212152777777777,0.0,0.005840758159722219
2018-06-29 12:00:00,135,1,2.629952339181287,0.1281155555555555,0.0,0.006238586977777776
2018-06-29 13:00:00,135,0,3.0,0.5673507979378266,0.0,0.027416697490256544
2018-06-29 14:00:00,135,1,3.0,0.2113433333333333,0.0,0.010060999383333331
2018-06-29 15:00:00,135,1,3.0,0.1375508333333333,0.0,0.0069081467270833315
2018-06-29 16:00:00,135,1,3.0,0.1133080555555555,0.0,0.005694296331944441
2018-06-29 17:00:00,135,1,3.0,0.3739672222222222,0.0,0.019927778354166665
2018-06-29 18:00:00,135,2,2.781306432748538,0.0,-0.0,0.0002077588888888888
2018-06-29 19:00:00,135,2,2.5339280701754388,0.0,-0.0,0.0002350094444444444
2018-06-29 20:00:00,135,2,2.308618421052632,0.0,-0.0,0.0002140441666666666
2018-06-29 21:00:00,135,1,2.308618421052632,0.2138305555555555,0.0,0.010882906124999998
2018-06-29 22:00:00,135,2,2.1667751461988307,0.0,-0.0,0.0001347511111111111
2018-06-29 23:00:00,135,2,2.033842397660819,0.0,-0.0,0.0001262861111111111
2018-06-30 00:00:00,135,2,1.8940219298245615,0.0,-0.0,0.00013282944444444438
2018-06-30 01:00:00,135,2,1.7723602339181288,0.0,-0.0,0.00011557861111111111
2018-06-30 02:00:00,135,1,1.7723602339181288,0.1412677777777777,0.0,0.006558356583333329
2018-06-30 03:00:00,135,1,1.7723602339181288,0.1154133333333333,0.0,0.005266021866666666
2018-06-30 04:00:00,135,0,3.0,1.4313218297937826,0.0,0.06646391360043474
2018-06-30 05:00:00,135,1,3.0,0.1176922222222222,0.0,0.005390303777777777
2018-06-30 06:00:00,135,1,3.0,0.1405022222222222,0.0,0.006197201766666665
2018-06-30 07:00:00,135,1,3.0,0.1460188888888889,0.0,0.007066219080555556
2018-06-30 08:00:00,135,1,3.0,0.2634641666666666,0.0,0.013796301087499997
2018-06-30 09:00:00,135,2,2.847050584795322,0.0,-0.0,0.0001453019444444444
2018-06-30 10:00:00,135,2,2.7276453216374272,0.0,-0.0,0.000113435
2018-06-30 11:00:00,135,1,2.7276453216374272,0.1426688888888888,0.0,0.007054619883333328
2018-06-30 12:00:00,135,1,2.7276453216374272,0.112635,0.0,0.005545865812499999
2018-06-30 13:00:00,135,0,3.0,0.42773524622960873,0.0,0.02072067118562248
2018-06-30 14:00:00,135,1,3.0,0.1180163888888888,0.0,0.005663311461805551
2018-06-30 15:00:00,135,1,3.0,0.1331830555555555,0.0,0.006765366264583332
2018-06-30 16:00:00,135,1,3.0,0.1268419444444444,0.0,0.006566607463888887
2018-06-30 17:00:00,135,1,3.0,1.0215438888888888,0.0,0.0557839579125
2018-06-30 18:00:00,135,1,3.0,0.2953338888888889,0.0,0.016973576929166668
2018-06-30 19:00:00,135,2,2.757308187134503,0.0,-0.0,0.0002305572222222222
2018-06-30 20:00:00,135,2,2.526316374269006,0.0,-0.0,0.0002194422222222222
2018-06-30 21:00:00,135,2,2.2999710526315793,0.0,-0.0,0.0002150280555555555
2018-06-30 22:00:00,135,2,2.139244152046784,0.0,-0.0,0.0001526905555555555
2018-06-30 23:00:00,135,0,3.0,1.0255221206525078,0.0,0.056448336841859
2018-06-10 16:00:00,136,0,2.925,1.726586017893816,0.0,0.08777318684910924
2018-06-10 17:00:00,136,1,2.925,0.1980250276102382,0.0,0.010279974245816491
2018-06-10 18:00:00,136,1,2.925,0.9824838888888888,0.0,0.05303202411249999
2018-06-10 19:00:00,136,2,2.4493774853801167,0.0,-0.0,0.00045184138888888884
2018-06-10 20:00:00,136,2,1.8171926900584792,0.0,-0.0,0.0006005755555555556
2018-06-10 21:00:00,136,2,1.0902143274853797,0.0,-0.0,0.0006906294444444445
2018-06-10 22:00:00,136,2,0.7360760233918124,0.0,-0.0,0.0003364313888888889
2018-06-10 23:00:00,136,2,0.5104698830409353,0.0,-0.0,0.0002143258333333333
2018-06-11 00:00:00,136,2,0.26209941520467805,0.0,-0.0,0.0002359519444444444
2018-06-11 01:00:00,136,1,0.26209941520467805,0.3406438888888889,0.0,0.01647013202777778
2018-06-11 02:00:00,136,1,0.26209941520467805,0.2390227777777777,0.0,0.011560934204166663
2018-06-11 03:00:00,136,0,1.6870994152046779,1.7581252777777778,0.0,0.08516039134305556
2018-06-11 04:00:00,136,0,3.0,1.6403125600184678,0.0,0.07877604797864537
2018-06-11 05:00:00,136,1,3.0,0.2514691666666667,0.0,0.012257864529166667
2018-06-11 06:00:00,136,1,3.0,0.4191225,0.0,0.020520237599999998
2018-06-11 07:00:00,136,1,3.0,0.4591938888888889,0.0,0.02358649410277778
2018-06-11 08:00:00,136,2,2.534551461988304,0.0,-0.0,0.0004421761111111111
2018-06-11 09:00:00,136,2,2.2151909356725143,0.0,-0.0,0.0003033925
2018-06-11 10:00:00,136,2,1.9094950292397659,0.0,-0.0,0.0002904111111111111
2018-06-11 11:00:00,136,1,1.9094950292397659,0.2802066666666666,0.0,0.014017338499999997
2018-06-11 12:00:00,136,1,1.9094950292397659,0.5232927777777778,0.0,0.026392271247222224
2018-06-11 13:00:00,136,0,3.0,1.625964135887966,0.0,0.08237700328784435
2018-06-11 14:00:00,136,1,3.0,0.3541808333333333,0.0,0.017502731331249997
2018-06-11 15:00:00,136,1,3.0,0.3066038888888889,0.0,0.01571881487361111
2018-06-11 16:00:00,136,1,3.0,0.2657616426702497,0.0,0.013604338488290083
2018-06-11 17:00:00,136,2,2.7338,0.0,-0.0,0.00025289
2018-06-11 18:00:00,136,2,2.296409356725146,0.0,-0.0,0.0004155211111111111
2018-06-11 19:00:00,136,2,1.646054385964912,0.0,-0.0,0.0006178372222222223
2018-06-11 20:00:00,136,2,0.9706745614035084,0.0,-0.0,0.0006416108333333334
2018-06-11 21:00:00,136,2,0.20133771929824518,0.0,-0.0,0.00073087
2018-06-11 22:00:00,136,2,0.0,0.26407722222222263,0.0,0.013593189861111132
2018-06-11 23:00:00,136,1,0.0,0.2542977777777778,0.0,0.012959650500000001
2018-06-12 00:00:00,136,1,0.0,0.2451813888888888,0.0,0.011807935688888885
2018-06-12 01:00:00,136,1,0.0,0.3292880555555555,0.0,0.015893088001388854
2018-06-12 02:00:00,136,1,0.0,0.2349880555555555,0.0,0.011476816633333331
2018-06-12 03:00:00,136,0,1.4249999999999998,1.7673711111111112,0.0,0.08465922920555556
2018-06-12 04:00:00,136,0,2.8499999999999996,1.8090155555555554,0.0,0.08615288292222222
2018-06-12 05:00:00,136,1,2.8499999999999996,0.384415,0.0,0.018473062825
2018-06-12 06:00:00,136,1,2.8499999999999996,0.3836786111111111,0.0,0.01895372338888885
2018-06-12 07:00:00,136,1,2.8499999999999996,0.34076,0.0,0.0187579861
2018-06-12 08:00:00,136,1,2.8499999999999996,0.27055,0.0,0.0156891945
2018-06-12 09:00:00,136,1,2.8499999999999996,0.2923052777777777,0.0,0.019112867762962907
2018-06-12 10:00:00,136,2,2.351668421052631,0.0,-0.0,0.000473415
2018-06-12 11:00:00,136,2,1.7173122807017538,0.0,-0.0,0.0006026383333333334
2018-06-12 12:00:00,136,1,1.7173122807017538,0.6495541666666667,0.0,0.0385423790694444
2018-06-12 13:00:00,136,0,3.0,1.9949125370171976,0.0,0.10204340790520418
2018-06-12 14:00:00,136,1,3.0,0.30422723956634934,0.0,0.015569589552906844
2018-06-12 15:00:00,136,1,3.0,0.4972761826545298,0.0,0.026067217494750453
2018-06-12 16:00:00,136,1,3.0,0.21783543162058483,0.0,0.009617434306048821
2018-06-12 17:00:00,136,2,2.7956001959006533,0.0,-0.0,0.0001941798138943793
2018-06-12 18:00:00,136,2,2.518044055549776,0.0,-0.0,0.0002636783333333333
2018-06-12 19:00:00,136,2,2.088494055549776,0.0,-0.0,0.0004080725
2018-06-12 20:00:00,136,1,2.088494055549776,0.2586805555555556,0.0,0.01303232638888889
2018-06-12 21:00:00,136,2,1.4519417163684896,0.0,-0.0,0.0006047247222222222
2018-06-12 22:00:00,136,2,0.9302823596433434,0.0,-0.0,0.0004955763888888889
2018-06-12 23:00:00,136,2,0.6664879151988989,0.0,-0.0,0.0002506047222222222
2018-06-13 00:00:00,136,2,0.37172271052053635,0.0,-0.0,0.0002800269444444444
2018-06-13 01:00:00,136,1,0.37172271052053635,0.2481777777777777,0.0,0.011753699555555528
2018-06-13 02:00:00,136,1,0.37172271052053635,0.3108575,0.0,0.014753296950000001
2018-06-13 03:00:00,136,0,1.7967227105205361,1.7577697222222222,0.0,0.08415912118749999
2018-06-13 04:00:00,136,0,3.0,1.5794890620251667,0.0,0.07673459505669875
2018-06-13 05:00:00,136,1,3.0,0.3030230555555555,0.0,0.014139813329861108
2018-06-13 06:00:00,136,1,3.0,0.4447077777777777,0.0,0.022750138141666664
2018-06-13 07:00:00,136,2,2.8368951413207255,0.0,-0.0,0.00015494961574531087
2018-06-13 08:00:00,136,2,2.8368951413207255,0.0,1.5750310461291068,0.0
2018-06-13 09:00:00,136,2,2.8368951413207255,0.0,1.0528110695212578,0.0
2018-06-13 10:00:00,136,2,2.524661641163378,0.0,-0.0,0.00029662182514948
2018-06-13 11:00:00,136,0,3.0,0.8029323799354562,0.0,0.04111066861338198
2018-06-13 12:00:00,136,1,3.0,0.231747005803506,0.0,0.011744358886607175
2018-06-13 13:00:00,136,2,2.760457426694133,0.0,-0.0,0.00022756544464057349
2018-06-13 14:00:00,136,1,2.760457426694133,0.5165888888888889,0.0,0.026436436388888887
2018-06-13 15:00:00,136,1,2.760457426694133,0.4161741666666667,0.0,0.021050089350000002
2018-06-13 16:00:00,136,1,2.760457426694133,0.2882558333333333,0.0,0.014621056506249999
2018-06-13 17:00:00,136,2,2.419054210319864,0.0,-0.0,0.0003243330555555556
2018-06-13 18:00:00,136,2,2.16977438575846,0.0,-0.0,0.0002368158333333333
2018-06-13 19:00:00,136,2,1.7153805261093373,0.0,-0.0,0.0004316741666666667
2018-06-13 20:00:00,136,2,1.060681110904659,0.0,-0.0,0.0006219644444444445
2018-06-13 21:00:00,136,2,0.3159960231853607,0.0,-0.0,0.0007074508333333334
2018-06-13 22:00:00,136,2,0.0,0.07729322241835174,0.0,0.0041391573464895776
2018-06-13 23:00:00,136,1,0.0,0.2551872222222222,0.0,0.011552325549999997
2018-06-14 00:00:00,136,1,0.0,0.2465936111111111,0.0,0.010671338520833334
2018-06-14 01:00:00,136,1,0.0,0.2555686111111111,0.0,0.009979954263888863
2018-06-14 02:00:00,136,1,0.0,0.2462077777777777,0.0,0.008848092013888885
2018-06-14 03:00:00,136,0,1.4249999999999998,1.7596775,0.0,0.05404836934375
2018-06-14 04:00:00,136,0,2.8499999999999996,1.8121777777777779,0.0,0.052653248222222226
2018-06-14 05:00:00,136,1,2.8499999999999996,0.3101097222222222,0.0,0.010901907284722222
2018-06-14 06:00:00,136,1,2.8499999999999996,0.5281736111111112,0.0,0.02437653258680556
2018-06-14 07:00:00,136,1,2.8499999999999996,0.4191816666666667,0.0,0.021655972854166667
2018-06-14 08:00:00,136,1,2.8499999999999996,0.356245,0.0,0.017967216575
2018-06-14 09:00:00,136,1,2.8499999999999996,0.263935,0.0,0.013562959812499971
2018-06-14 10:00:00,136,2,2.560405555555555,0.0,-0.0,0.0002751147222222222
2018-06-14 11:00:00,136,2,2.268312280701754,0.0,-0.0,0.00027748861111111115
2018-06-14 12:00:00,136,1,2.268312280701754,0.2622016666666666,0.0,0.013382117562499971
2018-06-14 13:00:00,136,0,3.0,0.9823098214835337,0.0,0.04613817670447832
2018-06-14 14:00:00,136,1,3.0,0.5369792415168453,0.0,0.02347941733532406
2018-06-14 15:00:00,136,1,3.0,0.4220826998745733,0.0,0.019770353662125012
2018-06-14 16:00:00,136,1,3.0,0.4351312252702221,0.0,0.021472638139022285
2018-06-14 17:00:00,136,1,3.0,0.416716256452507,0.0,0.02234224208970116
2018-06-14 18:00:00,136,1,3.0,0.8308291666666666,0.0,0.04409625802083333
2018-06-14 19:00:00,136,1,3.0,1.4099397222222223,0.0,0.07567146489166668
2018-06-14 20:00:00,136,1,3.0,0.7325466666666667,0.0,0.03989815419999993
2018-06-14 21:00:00,136,2,2.352045029239766,0.0,-0.0,0.0006155572222222223
2018-06-14 22:00:00,136,2,1.9035552631578947,0.0,-0.0,0.0004260652777777778
2018-06-14 23:00:00,136,2,1.6643140350877192,0.0,-0.0,0.0002272791666666666
2018-06-15 00:00:00,136,2,1.4050254385964913,0.0,-0.0,0.0002463241666666666
2018-06-15 01:00:00,136,2,1.1546877192982459,0.0,-0.0,0.0002378208333333333
2018-06-15 02:00:00,136,1,1.1546877192982459,0.2251963888888889,0.0,0.011519358282638888
2018-06-15 03:00:00,136,0,2.5796877192982457,1.7504911111111112,0.0,0.08558046429444445
2018-06-15 04:00:00,136,0,3.0,0.7249781463527238,0.0,0.035333819718276774
2018-06-15 05:00:00,136,1,3.0,0.3938258333333333,0.0,0.019479610281249962
2018-06-15 06:00:00,136,1,3.0,0.2807336111111111,0.0,0.01429776281388889
2018-06-15 07:00:00,136,1,3.0,0.4969608333333333,0.0,0.02753411497083328
2018-06-15 08:00:00,136,2,2.6037444444444446,0.0,-0.0,0.0003764427777777778
2018-06-15 09:00:00,136,2,2.184676023391813,0.0,-0.0,0.000398115
2018-06-15 10:00:00,136,2,1.9120178362573101,0.0,-0.0,0.0002590252777777778
2018-06-15 11:00:00,136,0,3.0,1.434180523099331,0.0,0.07495175955288637
2018-06-15 12:00:00,136,1,3.0,0.4880790872752409,0.0,0.02542892044704005
2018-06-15 13:00:00,136,1,3.0,0.2979645506050959,0.0,0.015650588020532662
2018-06-15 14:00:00,136,1,3.0,0.45615679430627537,0.0,0.023625500769107768
2018-06-15 15:00:00,136,1,3.0,0.3782555063889562,0.0,0.01967874271988545
2018-06-15 16:00:00,136,1,3.0,0.37038476133807596,0.0,0.019757249131676317
2018-06-15 17:00:00,136,2,2.5753376711132727,0.0,-0.0,0.00040342921244239084
2018-06-15 18:00:00,136,2,2.179716618481694,0.0,-0.0,0.00037584
2018-06-15 19:00:00,136,2,1.8053636945050857,0.0,-0.0,0.0003556352777777777
2018-06-15 20:00:00,136,0,3.0,1.8074302338542958,0.0,0.09311111638499628
2018-06-15 21:00:00,136,1,3.0,0.6170391666666667,0.0,0.031725068754166606
2018-06-15 22:00:00,136,1,3.0,0.2967805555555555,0.0,0.01493548145833333
2018-06-15 23:00:00,136,2,2.791096783625731,0.0,-0.0,0.0001984580555555555
2018-06-16 00:00:00,136,2,2.543080701754386,0.0,-0.0,0.0002356152777777777
2018-06-16 01:00:00,136,2,2.284456140350877,0.0,-0.0,0.0002456933333333333
2018-06-16 02:00:00,136,2,2.0516923976608186,0.0,-0.0,0.0002211255555555555
2018-06-16 03:00:00,136,2,1.7771862573099413,0.0,-0.0,0.0002607808333333333
2018-06-16 04:00:00,136,1,1.7771862573099413,0.2197616666666666,0.0,0.010896332837499998
2018-06-16 05:00:00,136,1,1.7771862573099413,0.3752758333333333,0.0,0.018224332656249998
2018-06-16 06:00:00,136,1,1.7771862573099413,0.3881297222222222,0.0,0.019077546171527775
2018-06-16 07:00:00,136,1,1.7771862573099413,0.0,0.15001326974824608,0.0
2018-06-16 08:00:00,136,1,1.7771862573099413,0.2891072222222222,0.0,0.01355912872222222
2018-06-16 09:00:00,136,2,1.4719669590643272,0.0,-0.0,0.0002899583333333333
2018-06-16 10:00:00,136,2,1.1928903508771929,0.0,-0.0,0.0002651227777777777
2018-06-16 11:00:00,136,2,0.8658213450292396,0.0,-0.0,0.0003107155555555556
2018-06-16 12:00:00,136,2,0.3376587719298243,0.0,-0.0,0.0005017544444444446
2018-06-16 13:00:00,136,0,1.7626587719298241,1.9534238888888888,0.0,0.09154307415833332
2018-06-16 14:00:00,136,0,3.0,1.7175338950446295,0.0,0.08036054963950448
2018-06-16 15:00:00,136,1,3.0,0.3089366666666667,0.0,0.014310718741666669
2018-06-16 16:00:00,136,1,3.0,0.2869633333333333,0.0,0.01323618374999997
2018-06-16 17:00:00,136,1,3.0,0.3451977777777777,0.0,0.01611555825555555
2018-06-16 18:00:00,136,1,3.0,0.4350152777777777,0.0,0.020154257819444396
2018-06-16 19:00:00,136,1,3.0,0.4783886111111111,0.0,0.023023647881249998
2018-06-16 20:00:00,136,1,3.0,0.5681055555555555,0.0,0.027429556486111055
2018-06-16 21:00:00,136,1,3.0,0.6268972222222222,0.0,0.030642736222222224
2018-06-16 22:00:00,136,1,3.0,0.3716908333333333,0.0,0.018183115566666665
2018-06-16 23:00:00,136,2,2.766572807017544,0.0,-0.0,0.0002217558333333333
2018-06-17 00:00:00,136,2,2.512856725146199,0.0,-0.0,0.00024103027777777768
2018-06-17 01:00:00,136,2,2.264269298245614,0.0,-0.0,0.0002361580555555555
2018-06-17 02:00:00,136,2,2.0288099415204677,0.0,-0.0,0.0002236863888888889
2018-06-17 03:00:00,136,1,2.0288099415204677,0.2600308333333333,0.0,0.010736023031249998
2018-06-17 04:00:00,136,0,3.0,1.2548144913819639,0.0,0.05229402544258234
2018-06-17 05:00:00,136,1,3.0,0.2501152777777777,0.0,0.010295370121527774
2018-06-17 06:00:00,136,1,3.0,0.2986230555555555,0.0,0.012912460922222221
2018-06-17 07:00:00,136,1,3.0,0.4634533333333333,0.0,0.02038036033333333
2018-06-17 08:00:00,136,1,3.0,0.0,0.8377096769251364,0.0
2018-06-17 09:00:00,136,1,3.0,0.0,0.34847018750020486,0.0
2018-06-17 10:00:00,136,1,3.0,0.3058883333333333,0.0,0.016043843083333332
2018-06-17 11:00:00,136,1,3.0,0.0,0.5791550885798451,0.0
2018-06-17 12:00:00,136,1,3.0,0.0,0.7954349447511206,0.0
2018-06-17 13:00:00,136,1,3.0,0.40378576495476315,0.0,0.020900960658470885
2018-06-17 14:00:00,136,1,3.0,0.2555514163068212,0.0,0.012951984656970466
2018-06-17 15:00:00,136,1,3.0,0.2676919444444444,0.0,0.013809558184027775
2018-06-17 16:00:00,136,1,3.0,0.2420433333333333,0.0,0.012925114
2018-06-17 17:00:00,136,2,2.758538888888889,0.0,-0.0,0.0002293880555555555
2018-06-17 18:00:00,136,2,2.5404552631578947,0.0,-0.0,0.0002071794444444444
2018-06-17 19:00:00,136,2,2.2957798245614036,0.0,-0.0,0.00023244166666666662
2018-06-17 20:00:00,136,2,2.066532456140351,0.0,-0.0,0.00021778500000000002
2018-06-17 21:00:00,136,1,2.066532456140351,0.2436836111111111,0.0,0.01228287241805553
2018-06-17 22:00:00,136,1,2.066532456140351,0.2930933333333333,0.0,0.014688372399999998
2018-06-17 23:00:00,136,2,1.5987108187134504,0.0,-0.0,0.0004444305555555555
2018-06-18 00:00:00,136,2,1.5987108187134504,0.0,-0.0,0.0
2018-06-18 01:00:00,136,1,1.5987108187134504,0.0,-0.0,0.0
2018-06-18 02:00:00,136,1,1.5987108187134504,0.0,-0.0,0.0
2018-06-18 03:00:00,136,0,3.0,1.475041243459526,0.0,0.05445483510541704
2018-06-18 04:00:00,136,1,3.0,0.0,-0.0,0.0
2018-06-18 05:00:00,136,1,3.0,0.0,-0.0,0.0
2018-06-18 06:00:00,136,1,3.0,0.0,-0.0,0.0
2018-06-18 07:00:00,136,2,3.0,0.0,-0.0,0.0
2018-06-18 08:00:00,136,2,3.0,0.0,-0.0,0.0
2018-06-18 09:00:00,136,2,3.0,0.0,-0.0,0.0
2018-06-18 10:00:00,136,1,3.0,0.0,-0.0,0.0
2018-06-18 11:00:00,136,1,3.0,0.0,0.0644699251658487,0.0
2018-06-18 12:00:00,136,1,3.0,0.0,0.051355569461379,0.0
2018-06-18 13:00:00,136,1,3.0,0.0,1.0285846144021027,0.0
2018-06-18 14:00:00,136,1,3.0,0.0,0.0784591953454462,0.0
2018-06-18 15:00:00,136,1,3.0,0.0,0.055166317412679,0.0
2018-06-18 16:00:00,136,1,3.0,0.0,0.0113931991223837,0.0
2018-06-18 17:00:00,136,2,3.0,0.0,-0.0,0.0
2018-06-18 18:00:00,136,2,3.0,0.0,-0.0,0.0
2018-06-18 19:00:00,136,2,3.0,0.0,-0.0,0.0
2018-06-18 20:00:00,136,2,3.0,0.0,-0.0,0.0
2018-06-18 21:00:00,136,2,3.0,0.0,-0.0,0.0
2018-06-18 22:00:00,136,2,3.0,0.0,-0.0,0.0
2018-06-18 23:00:00,136,2,3.0,0.0,-0.0,0.0
2018-06-19 00:00:00,136,1,3.0,0.0,-0.0,0.0
2018-06-19 01:00:00,136,1,3.0,0.0,-0.0,0.0
2018-06-19 02:00:00,136,1,3.0,0.0,-0.0,0.0
2018-06-19 03:00:00,136,1,3.0,0.0,-0.0,0.0
2018-06-19 04:00:00,136,1,3.0,0.0,-0.0,0.0
2018-06-19 05:00:00,136,1,3.0,0.0,-0.0,0.0
2018-06-19 06:00:00,136,1,3.0,0.0,-0.0,0.0
2018-06-19 07:00:00,136,1,3.0,0.0,0.4028695981141451,0.0
2018-06-19 08:00:00,136,1,3.0,0.0,0.6260569168960888,0.0
2018-06-19 09:00:00,136,1,3.0,0.1950897113304752,0.0,0.011763909593227654
2018-06-19 10:00:00,136,1,3.0,0.3160438377030323,0.0,0.019185441167762576
2018-06-19 11:00:00,136,1,3.0,0.0,0.9827122734391568,0.0
2018-06-19 12:00:00,136,1,3.0,0.0,0.9715232039430053,0.0
2018-06-19 13:00:00,136,1,3.0,0.5187713386351142,0.0,0.028645256391084416
2018-06-19 14:00:00,136,1,3.0,0.5190117709231912,0.0,0.028179744102274668
2018-06-19 15:00:00,136,1,3.0,0.25673109554066914,0.0,0.015412209493045195
2018-06-19 16:00:00,136,2,2.502908898151219,0.0,-0.0,0.0004722365467563422
2018-06-19 17:00:00,136,2,1.5815537544196,0.0,-0.0,0.0008752873865450379
2018-06-19 18:00:00,136,2,0.7643417661155065,0.0,-0.0,0.0007763513888888889
2018-06-19 19:00:00,136,1,0.7643417661155065,0.5921530555555555,0.0,0.03262023144791666
2018-06-19 20:00:00,136,1,0.7643417661155065,0.5320605555555555,0.0,0.027862681143055554
2018-06-19 21:00:00,136,0,2.1893417661155063,2.0741811111111113,0.0,0.1068113604638889
2018-06-19 22:00:00,136,1,2.1893417661155063,0.3194147222222222,0.0,0.01629254644375
2018-06-19 23:00:00,136,2,1.9423183743026409,0.0,-0.0,0.0002346722222222222
2018-06-20 00:00:00,136,2,1.7186090175774946,0.0,-0.0,0.0002125238888888889
2018-06-20 01:00:00,136,2,1.4740639883377284,0.0,-0.0,0.0002323177777777778
2018-06-20 02:00:00,136,1,1.4740639883377284,0.2017488888888889,0.0,0.010574668011111113
2018-06-20 03:00:00,136,0,2.899063988337728,1.7240891666666667,0.0,0.08409249152916667
2018-06-20 04:00:00,136,1,2.899063988337728,0.2461744444444444,0.0,0.01177698542222222
2018-06-20 05:00:00,136,1,2.899063988337728,0.3889522222222222,0.0,0.019310505452777776
2018-06-20 06:00:00,136,1,2.899063988337728,0.4400697222222222,0.0,0.022438054961805554
2018-06-20 07:00:00,136,1,2.899063988337728,0.2854236111111111,0.0,0.015357217395833303
2018-06-20 08:00:00,136,2,2.627922175472231,0.0,-0.0,0.0002575847222222222
2018-06-20 09:00:00,136,2,2.3413715906769093,0.0,-0.0,0.0002722230555555555
2018-06-20 10:00:00,136,2,1.924583286583342,0.0,-0.0,0.0003959488888888889
2018-06-20 11:00:00,136,1,1.924583286583342,0.9717111111111112,0.0,0.04870701944444445
2018-06-20 12:00:00,136,1,1.924583286583342,0.0,1.7683538808268926,0.0
2018-06-20 13:00:00,136,0,3.0,0.9672539604872927,0.0,0.04945844359391653
2018-06-20 14:00:00,136,1,3.0,0.0,0.8794887510522014,0.0
2018-06-20 15:00:00,136,1,3.0,0.7458347244179914,0.0,0.038755436867569874
2018-06-20 16:00:00,136,1,3.0,0.6957029890197743,0.0,0.03583740022188113
2018-06-20 17:00:00,136,1,3.0,0.8001629615673349,0.0,0.04063227518838919
2018-06-20 18:00:00,136,1,3.0,0.23554694444444438,0.0,0.012655937324999996
2018-06-20 19:00:00,136,2,2.685052631578947,0.0,-0.0,0.0002992
2018-06-20 20:00:00,136,2,2.401878362573099,0.0,-0.0,0.0002690155555555555
2018-06-20 21:00:00,136,2,1.7589026315789469,0.0,-0.0,0.0006108269444444444
2018-06-20 22:00:00,136,2,1.090668713450292,0.0,-0.0,0.0006348222222222222
2018-06-20 23:00:00,136,2,0.8548786549707598,0.0,-0.0,0.00022400055555555552
2018-06-21 00:00:00,136,2,0.629063742690058,0.0,-0.0,0.00021452416666666661
2018-06-21 01:00:00,136,2,0.39616257309941477,0.0,-0.0,0.0002212561111111111
2018-06-21 02:00:00,136,1,0.39616257309941477,0.2489597222222222,0.0,0.0112592034375
2018-06-21 03:00:00,136,0,1.8211625730994145,1.709965,0.0,0.066008429625
2018-06-21 04:00:00,136,0,3.0,1.6152676131117274,0.0,0.06250394389829567
2018-06-21 05:00:00,136,1,3.0,0.3020341666666666,0.0,0.012418889847916665
2018-06-21 06:00:00,136,2,2.6420412280701755,0.0,-0.0,0.0003400608333333333
2018-06-21 07:00:00,136,2,2.6420412280701755,0.0,0.13855534794988117,0.0
2018-06-21 08:00:00,136,0,3.0,0.0,1.0537176492649531,0.0003767987072945521
2018-06-21 09:00:00,136,2,3.0,0.0,0.7275168527936373,0.0
2018-06-21 10:00:00,136,1,3.0,0.4269645041573228,0.0,0.019948849045490515
2018-06-21 11:00:00,136,1,3.0,0.03284408440539327,0.0,0.0015169861484740984
2018-06-21 12:00:00,136,1,3.0,0.0009164695234895603,0.0,4.24279565899492e-05
2018-06-21 13:00:00,136,1,3.0,0.013367975551965616,0.0,0.0006192046275670473
2018-06-21 14:00:00,136,1,3.0,0.02093627928357089,0.0,0.0009688786645454519
2018-06-21 15:00:00,136,1,3.0,0.028022614318529815,0.0,0.0013496391621161921
2018-06-21 16:00:00,136,1,3.0,0.1142264319105459,0.0,0.00558453025610659
2018-06-21 17:00:00,136,1,3.0,0.2422214512086362,0.0,0.012430199322399188
2018-06-21 18:00:00,136,1,3.0,0.2797569444444443,0.0,0.01442426805555555
2018-06-21 19:00:00,136,2,2.539847076023392,0.0,-0.0,0.0004371452777777778
2018-06-21 20:00:00,136,2,1.88557134502924,0.0,-0.0,0.0006215619444444445
2018-06-21 21:00:00,136,2,1.282232456140351,0.0,-0.0,0.0005731719444444444
2018-06-21 22:00:00,136,2,0.8398856725146202,0.0,-0.0,0.0004202294444444444
2018-06-21 23:00:00,136,2,0.6146982456140355,0.0,-0.0,0.0002139280555555555
2018-06-22 00:00:00,136,2,0.35917339181286595,0.0,-0.0,0.0002427486111111111
2018-06-22 01:00:00,136,0,1.7841733918128657,1.7206972222222223,0.0,0.07983043929861111
2018-06-22 02:00:00,136,0,3.0,1.4945238711911353,0.0,0.0699718709119248
2018-06-22 03:00:00,136,1,3.0,0.2437769444444444,0.0,0.011299061374999999
2018-06-22 04:00:00,136,1,3.0,0.2333063888888888,0.0,0.010757757591666639
2018-06-22 05:00:00,136,1,3.0,0.2137961111111111,0.0,0.0101644016125
2018-06-22 06:00:00,136,1,3.0,0.3708936111111111,0.0,0.01788819886388889
2018-06-22 07:00:00,136,1,3.0,0.33845020736446507,0.0,0.01649606310694403
2018-06-22 08:00:00,136,2,3.0,0.0,1.624955332348264,0.0
2018-06-22 09:00:00,136,2,2.93384835400027,0.0,-0.0,6.284406369974322e-05
2018-06-22 10:00:00,136,1,2.93384835400027,0.0,2.410351737782574,0.0
2018-06-22 11:00:00,136,1,2.93384835400027,0.0,1.8341387647832246,0.0
2018-06-22 12:00:00,136,1,2.93384835400027,0.0,2.6726411242342265,0.0
2018-06-22 13:00:00,136,1,2.93384835400027,0.0,0.17513945712375117,0.0
2018-06-22 14:00:00,136,1,2.93384835400027,0.0,0.12142789999495698,0.0
2018-06-22 15:00:00,136,1,2.93384835400027,0.2372797244897828,0.0,0.011324174851274883
2018-06-22 16:00:00,136,1,2.93384835400027,0.20610342167934373,0.0,0.010016111035061908
2018-06-22 17:00:00,136,1,2.93384835400027,0.1384892947596335,0.0,0.007296308494411292
2018-06-22 18:00:00,136,1,2.93384835400027,0.27190249999999994,0.0,0.014691571831249996
2018-06-22 19:00:00,136,2,2.3586913364564106,0.0,-0.0,0.0005463991666666666
2018-06-22 20:00:00,136,2,1.7251819797312644,0.0,-0.0,0.0006018338888888889
2018-06-22 21:00:00,136,2,1.072611804292668,0.0,-0.0,0.0006199416666666666
2018-06-22 22:00:00,136,1,1.072611804292668,0.3044397222222222,0.0,0.015259279977083333
2018-06-22 23:00:00,136,2,0.8497881200821417,0.0,-0.0,0.0002116825
2018-06-23 00:00:00,136,2,0.5896325645265862,0.0,-0.0,0.0002471477777777777
2018-06-23 01:00:00,136,2,0.3681068335324342,0.0,-0.0,0.0002104494444444444
2018-06-23 02:00:00,136,2,0.12975478674880847,0.0,-0.0,0.0002264344444444444
2018-06-23 03:00:00,136,1,0.12975478674880847,0.2462530555555555,0.0,0.011302399617361108
2018-06-23 04:00:00,136,0,1.5547547867488083,1.7345033333333333,0.0,0.06894327127777772
2018-06-23 05:00:00,136,0,2.979754786748808,1.8441169444444445,0.0,0.07316853151759253
2018-06-23 06:00:00,136,1,2.979754786748808,0.367565,0.0,0.016849179599999962
2018-06-23 07:00:00,136,1,2.979754786748808,0.3700141666666666,0.0,0.016987350391666663
2018-06-23 08:00:00,136,1,2.979754786748808,0.2319044444444444,0.0,0.011194607294444419
2018-06-23 09:00:00,136,2,2.7651137385002373,0.0,-0.0,0.0002039089958361421
2018-06-23 10:00:00,136,2,2.501734028937189,0.0,-0.0,0.0002502107240848959
2018-06-23 11:00:00,136,2,2.2833610048125483,0.0,-0.0,0.0002074543729184085
2018-06-23 12:00:00,136,1,2.2833610048125483,0.1699732261566722,0.0,0.008200358295928634
2018-06-23 13:00:00,136,1,2.2833610048125483,0.34605910654648553,0.0,0.016037244145130507
2018-06-23 14:00:00,136,0,3.0,0.9352120589414469,0.0,0.04379982987996678
2018-06-23 15:00:00,136,1,3.0,0.1516840918533351,0.0,0.006858396213148546
2018-06-23 16:00:00,136,1,3.0,0.1474207656842494,0.0,0.0070190712061413245
2018-06-23 17:00:00,136,1,3.0,0.2246103132642118,0.0,0.012832548722567581
2018-06-23 18:00:00,136,1,3.0,0.23536666666666659,0.0,0.013550058999999996
2018-06-23 19:00:00,136,2,2.544109649122807,0.0,-0.0,0.0004330958333333333
2018-06-23 20:00:00,136,2,1.9585371345029237,0.0,-0.0,0.0005562938888888888
2018-06-23 21:00:00,136,2,1.3082073099415201,0.0,-0.0,0.0006178133333333333
2018-06-23 22:00:00,136,2,0.8835146198830406,0.0,-0.0,0.0004034580555555555
2018-06-23 23:00:00,136,2,0.6555374269005845,0.0,-0.0,0.0002165783333333333
2018-06-24 00:00:00,136,1,0.6555374269005845,0.2355480555555555,0.0,0.011984096196527752
2018-06-24 01:00:00,136,2,0.4189502923976606,0.0,-0.0,0.0002247577777777777
2018-06-24 02:00:00,136,2,0.15760906432748517,0.0,-0.0,0.0002482741666666666
2018-06-24 03:00:00,136,2,0.0,0.06693000000000018,0.0,0.0035069374111111134
2018-06-24 04:00:00,136,1,0.0,0.2224616666666666,0.0,0.011185928754166664
2018-06-24 05:00:00,136,1,0.0,0.2797305555555555,0.0,0.013585813756944442
2018-06-24 06:00:00,136,1,0.0,0.4096936111111111,0.0,0.019682705311805555
2018-06-24 07:00:00,136,1,0.0,0.3489785242423073,0.0,0.016564265653161117
2018-06-24 08:00:00,136,0,1.4249999999999998,1.8154590411061426,0.0,0.08317296361176259
2018-06-24 09:00:00,136,0,2.8499999999999996,1.6067732328532827,0.0,0.07627520932390965
2018-06-24 10:00:00,136,1,2.8499999999999996,0.0,0.043662897418951185,0.0
2018-06-24 11:00:00,136,2,2.8499999999999996,0.0,0.0383958370453118,0.0
2018-06-24 12:00:00,136,1,2.8499999999999996,0.0,0.09432588795977909,0.0
2018-06-24 13:00:00,136,1,2.8499999999999996,0.0,0.171268269141927,0.0
2018-06-24 14:00:00,136,1,2.8499999999999996,0.0,0.08660084238240529,0.0
2018-06-24 15:00:00,136,1,2.8499999999999996,0.12079734450146812,0.0,0.005537652265308553
2018-06-24 16:00:00,136,1,2.8499999999999996,0.15982503209668777,0.0,0.007581699960086626
2018-06-24 17:00:00,136,1,2.8499999999999996,0.09442093413900401,0.0,0.004723643282639024
2018-06-24 18:00:00,136,1,2.8499999999999996,0.2758055555555555,0.0,0.014534952777777775
2018-06-24 19:00:00,136,1,2.8499999999999996,0.2388691666666666,0.0,0.014361411472916663
2018-06-24 20:00:00,136,2,2.5119564327485375,0.0,-0.0,0.00032114138888888886
2018-06-24 21:00:00,136,2,1.9805824561403504,0.0,-0.0,0.0005048052777777778
2018-06-24 22:00:00,136,2,1.7430046783625726,0.0,-0.0,0.0002256988888888889
2018-06-24 23:00:00,136,2,1.4884125730994147,0.0,-0.0,0.0002418625
2018-06-25 00:00:00,136,2,1.2777649122807013,0.0,-0.0,0.00020011527777777773
2018-06-25 01:00:00,136,2,0.9984076023391809,0.0,-0.0,0.0002653894444444444
2018-06-25 02:00:00,136,0,2.423407602339181,1.7135502777777778,0.0,0.08002344147916667
2018-06-25 03:00:00,136,0,3.0,0.8445815881809793,0.0,0.03977441051785159
2018-06-25 04:00:00,136,1,3.0,0.2180905555555555,0.0,0.010043070083333331
2018-06-25 05:00:00,136,1,3.0,0.4277652777777778,0.0,0.01990605720138889
2018-06-25 06:00:00,136,1,3.0,0.7562627777777777,0.0,0.036028358733333335
2018-06-25 07:00:00,136,2,2.1027943791172805,0.0,-0.0,0.0008523453398385834
2018-06-25 08:00:00,136,2,1.958273957081575,0.0,-0.0,0.0001372944009339202
2018-06-25 09:00:00,136,2,1.958273957081575,0.0,0.08564671449206718,0.0
2018-06-25 10:00:00,136,1,1.958273957081575,0.0,0.1288719288421305,0.0
2018-06-25 11:00:00,136,1,1.958273957081575,0.0,0.25519879237886706,0.0
2018-06-25 12:00:00,136,1,1.958273957081575,0.0,0.261603810335667,0.0
2018-06-25 13:00:00,136,0,3.0,0.8540909004751984,0.0,0.04282743512660601
2018-06-25 14:00:00,136,1,3.0,0.0,0.06552586835742247,0.0
2018-06-25 15:00:00,136,1,3.0,0.004525217335902221,0.0,0.0002406058057499211
2018-06-25 16:00:00,136,1,3.0,0.05729250331161348,0.0,0.0033173791730006998
2018-06-25 17:00:00,136,2,2.8719812476748836,0.0,-0.0,0.00012161781470886072
2018-06-25 18:00:00,136,2,2.601435048844474,0.0,-0.0,0.00025701888888888884
2018-06-25 19:00:00,136,2,2.092998206739211,0.0,-0.0,0.00048301500000000005
2018-06-25 20:00:00,136,2,1.4711666277918427,0.0,-0.0,0.0005907400000000001
2018-06-25 21:00:00,136,2,0.6412520079088018,0.0,-0.0,0.0007884188888888889
2018-06-25 22:00:00,136,1,0.6412520079088018,0.3366658333333333,0.0,0.017212040729166662
2018-06-25 23:00:00,136,0,2.0662520079088016,1.7771966666666665,0.0,0.09117290080833333
2018-06-26 00:00:00,136,1,2.0662520079088016,0.2050716666666666,0.0,0.01061194607083333
2018-06-26 01:00:00,136,1,2.0662520079088016,0.2552697222222222,0.0,0.012999610604166666
2018-06-26 02:00:00,136,1,2.0662520079088016,0.2597391666666667,0.0,0.01352591710416664
2018-06-26 03:00:00,136,0,3.0,1.2201009565872265,0.0,0.0628115085983116
2018-06-26 04:00:00,136,1,3.0,0.2847991666666666,0.0,0.014313294118749997
2018-06-26 05:00:00,136,1,3.0,0.3465775,0.0,0.01778549085625
2018-06-26 06:00:00,136,1,3.0,0.4593761111111111,0.0,0.024083941065277777
2018-06-26 07:00:00,136,1,3.0,0.3627686111111111,0.0,0.019804445402083332
2018-06-26 08:00:00,136,2,2.7379280701754385,0.0,-0.0,0.0002489683333333333
2018-06-26 09:00:00,136,2,2.4869318713450292,0.0,-0.0,0.0002384463888888889
2018-06-26 10:00:00,136,0,3.0,0.8791044921514313,0.0,0.048501815044925366
2018-06-14 07:00:00,145,1,1.5,0.0528377777777777,0.0,0.0027297316944444403
2018-06-14 08:00:00,145,1,1.5,0.1509411111111111,0.0,0.007612714938888889
2018-06-14 09:00:00,145,1,1.5,0.1014433333333333,0.0,0.005212919291666655
2018-06-14 10:00:00,145,2,1.4034804093567252,0.0,-0.0,9.16936111111111e-05
2018-06-14 11:00:00,145,2,1.2997230994152047,0.0,-0.0,9.856944444444441e-05
2018-06-14 12:00:00,145,1,1.2997230994152047,0.0969463888888888,0.0,0.004947901322916653
2018-06-14 13:00:00,145,0,2.7247230994152045,1.5757144444444444,0.0,0.07427437161666667
2018-06-14 14:00:00,145,0,3.0,0.35424023336048965,0.0,0.015778919362197722
2018-06-14 15:00:00,145,1,3.0,0.07889492209679551,0.0,0.0036954381510139016
2018-06-14 16:00:00,145,1,3.0,0.043097614159110904,0.0,0.0021267595147167256
2018-06-14 17:00:00,145,1,3.0,1.2605323675636182,0.0,0.06758344288692339
2018-06-14 18:00:00,145,1,3.0,1.1940386111111112,0.0,0.06337359928472222
2018-06-14 19:00:00,145,1,3.0,0.8145627777777777,0.0,0.04371758428333333
2018-06-14 20:00:00,145,1,3.0,0.0904605555555555,0.0,0.004926934158333321
2018-06-14 21:00:00,145,2,2.935864619883041,0.0,-0.0,6.09286111111111e-05
2018-06-14 22:00:00,145,2,2.8717426900584795,0.0,-0.0,6.09158333333333e-05
2018-06-14 23:00:00,145,2,2.804106140350877,0.0,-0.0,6.42547222222222e-05
2018-06-15 00:00:00,145,2,2.7451631578947366,0.0,-0.0,5.59958333333333e-05
2018-06-15 01:00:00,145,2,2.684396198830409,0.0,-0.0,5.77286111111111e-05
2018-06-15 02:00:00,145,1,2.684396198830409,0.0696480555555555,0.0,0.0035626721618055527
2018-06-15 03:00:00,145,0,3.0,0.37619258310249337,0.0,0.01840168477541745
2018-06-15 04:00:00,145,1,3.0,0.066885,0.0,0.0032190078374999998
2018-06-15 05:00:00,145,1,3.0,0.0542863888888888,0.0,0.002685140510416657
2018-06-15 06:00:00,145,1,3.0,0.0979936111111111,0.0,0.004990814613888889
2018-06-15 07:00:00,145,1,3.0,0.3153333333333333,0.0,0.0174710433333333
2018-06-15 08:00:00,145,2,2.9008540935672515,0.0,-0.0,9.41886111111111e-05
2018-06-15 09:00:00,145,2,1.321906725146199,1.8466044444444445,0.0,0.10807677551111113
2018-06-15 10:00:00,145,2,1.0176356725146198,0.0,-0.0,0.0002890575
2018-06-15 11:00:00,145,0,2.4426356725146197,1.5463900291011778,0.0,0.08108109687261937
2018-06-15 12:00:00,145,1,2.4426356725146197,0.08066408727524091,0.0,0.0042025989470400515
2018-06-15 13:00:00,145,1,2.4426356725146197,0.02559066171620701,0.0,0.0013441495066437734
2018-06-15 14:00:00,145,0,3.0,0.5327866419517049,0.0,0.028181051445373546
2018-06-15 15:00:00,145,1,3.0,0.0,0.0034514380554882956,0.0
2018-06-15 16:00:00,145,1,3.0,0.0163119835602982,0.0,0.0008701219830652067
2018-06-15 17:00:00,145,2,2.079413109709764,0.0,-0.0,0.0008745575457757241
2018-06-15 18:00:00,145,2,1.5689221740372497,0.0,-0.0,0.0004849663888888889
2018-06-15 19:00:00,145,2,1.436411940119121,0.0,-0.0,0.0001258847222222222
2018-06-15 20:00:00,145,0,2.8614119401191207,1.6091805555555556,0.0,0.08327855583333334
2018-06-15 21:00:00,145,1,2.8614119401191207,0.0682663888888888,0.0,0.0035099163847222103
2018-06-15 22:00:00,145,1,2.8614119401191207,0.0626586111111111,0.0,0.003153294604166666
2018-06-15 23:00:00,145,2,2.805628899183448,0.0,-0.0,5.29938888888888e-05
2018-06-16 00:00:00,145,2,2.6877400102945592,0.0,-0.0,0.0001119944444444444
2018-06-16 01:00:00,145,2,2.6265990746220447,0.0,-0.0,5.8083888888888804e-05
2018-06-16 02:00:00,145,2,2.550228021990466,0.0,-0.0,7.255249999999989e-05
2018-06-16 03:00:00,145,2,2.494445858247776,0.0,-0.0,5.29930555555555e-05
2018-06-16 04:00:00,145,1,2.494445858247776,0.0686738888888888,0.0,0.0034050230958333288
2018-06-16 05:00:00,145,1,2.494445858247776,0.7075597222222222,0.0,0.03436086901041666
2018-06-16 06:00:00,145,1,2.494445858247776,1.1368397222222222,0.0,0.05587851444652778
2018-06-16 07:00:00,145,1,2.494445858247776,0.0,0.3988718808593572,0.0
2018-06-16 08:00:00,145,1,2.494445858247776,0.0955294444444444,0.0,0.004480330944444442
2018-06-16 09:00:00,145,2,2.4428943962594722,0.0,-0.0,4.8973888888888805e-05
2018-06-16 10:00:00,145,2,2.326173343627893,0.0,-0.0,0.000110885
2018-06-16 11:00:00,145,2,2.133455799768244,0.0,-0.0,0.0001830816666666666
2018-06-16 12:00:00,145,2,1.374502875791636,0.0,-0.0,0.0007210052777777778
2018-06-16 13:00:00,145,0,2.799502875791636,2.177793888888889,0.0,0.10188540930833334
2018-06-16 14:00:00,145,0,3.0,0.39457960442985685,0.0,0.01837354879633617
2018-06-16 15:00:00,145,1,3.0,0.1943513888888889,0.0,0.009002842211805556
2018-06-16 16:00:00,145,1,3.0,0.0879683333333333,0.0,0.00405753937499999
2018-06-16 17:00:00,145,1,3.0,0.7008922222222222,0.0,0.032721153394444445
2018-06-16 18:00:00,145,1,3.0,0.8370197222222222,0.0,0.03877912373055547
2018-06-16 19:00:00,145,1,3.0,0.1501908333333333,0.0,0.007228309331249998
2018-06-16 20:00:00,145,1,3.0,0.1778475,0.0,0.008586921918749981
2018-06-16 21:00:00,145,1,3.0,0.2565783333333333,0.0,0.012541548933333332
2018-06-16 22:00:00,145,1,3.0,0.2170252777777777,0.0,0.010616876588888885
2018-06-16 23:00:00,145,2,2.857033918128655,0.0,-0.0,0.0001358177777777778
2018-06-17 00:00:00,145,2,2.7644862573099416,0.0,-0.0,8.79202777777777e-05
2018-06-17 01:00:00,145,2,2.6703573099415205,0.0,-0.0,8.94225e-05
2018-06-17 02:00:00,145,2,2.5885119883040937,0.0,-0.0,7.77530555555555e-05
2018-06-17 03:00:00,145,1,2.5885119883040937,0.0761469444444444,0.0,0.0031439169687499983
2018-06-17 04:00:00,145,0,3.0,0.5071666643582639,0.0,0.021155975181148038
2018-06-17 05:00:00,145,1,3.0,1.3230930555555556,0.0,0.054461817899305556
2018-06-17 06:00:00,145,1,3.0,0.0715019444444444,0.0,0.0030917440777777755
2018-06-17 07:00:00,145,1,3.0,0.0695274999999999,0.0,0.003057471812499995
2018-06-17 08:00:00,145,1,3.0,0.0,1.1712588435918032,0.0
2018-06-17 09:00:00,145,1,3.0,0.0,0.5149021319446494,0.0
2018-06-17 10:00:00,145,1,3.0,0.0442827777777777,0.0,0.0023226316944444402
2018-06-17 11:00:00,145,1,3.0,0.0,0.7880700885798451,0.0
2018-06-17 12:00:00,145,1,3.0,0.0,0.9563777225288984,0.0
2018-06-17 13:00:00,145,1,3.0,0.062949653843652,0.0,0.0032584314570820306
2018-06-17 14:00:00,145,1,3.0,0.09149058297348789,0.0,0.0046369714715538
2018-06-17 15:00:00,145,1,3.0,2.589010833333333,0.0,0.1335605963645833
2018-06-17 16:00:00,145,1,3.0,0.0521138888888888,0.0,0.002782881666666662
2018-06-17 17:00:00,145,2,2.9332052631578946,0.0,-0.0,6.3455e-05
2018-06-17 18:00:00,145,2,2.86842865497076,0.0,-0.0,6.153777777777769e-05
2018-06-17 19:00:00,145,2,2.813997660818713,0.0,-0.0,5.17094444444444e-05
2018-06-17 20:00:00,145,2,2.7342698830409353,0.0,-0.0,7.57413888888888e-05
2018-06-17 21:00:00,145,1,2.7342698830409353,0.1242344444444444,0.0,0.006262037172222208
2018-06-17 22:00:00,145,1,2.7342698830409353,0.0495383333333333,0.0,0.0024826135749999984
2018-06-17 23:00:00,145,2,2.518588304093567,0.0,-0.0,0.0002048975
2018-06-18 00:00:00,145,2,2.518588304093567,0.0,-0.0,0.0
2018-06-18 01:00:00,145,1,2.518588304093567,0.0,-0.0,0.0
2018-06-18 02:00:00,145,1,2.518588304093567,0.0,-0.0,0.0
2018-06-18 03:00:00,145,0,3.0,0.5067491535857189,0.0,0.018707911877500778
2018-06-18 04:00:00,145,1,3.0,0.0,-0.0,0.0
2018-06-18 05:00:00,145,1,3.0,0.0,-0.0,0.0
2018-06-18 06:00:00,145,1,3.0,0.0,-0.0,0.0
2018-06-18 07:00:00,145,2,3.0,0.0,-0.0,0.0
2018-06-18 08:00:00,145,2,3.0,0.0,-0.0,0.0
2018-06-18 09:00:00,145,2,3.0,0.0,-0.0,0.0
2018-06-18 10:00:00,145,1,3.0,0.0,-0.0,0.0
2018-06-18 11:00:00,145,1,3.0,0.0,0.0644699251658487,0.0
2018-06-18 12:00:00,145,1,3.0,0.0,0.051355569461379,0.0
2018-06-18 13:00:00,145,1,3.0,0.0,1.0285846144021027,0.0
2018-06-18 14:00:00,145,1,3.0,0.0,0.0784591953454462,0.0
2018-06-18 15:00:00,145,1,3.0,0.0,0.055166317412679,0.0
2018-06-18 16:00:00,145,1,3.0,0.0,0.0113931991223837,0.0
2018-06-18 17:00:00,145,2,3.0,0.0,-0.0,0.0
2018-06-18 18:00:00,145,2,3.0,0.0,-0.0,0.0
2018-06-18 19:00:00,145,2,3.0,0.0,-0.0,0.0
2018-06-18 20:00:00,145,2,3.0,0.0,-0.0,0.0
2018-06-18 21:00:00,145,2,3.0,0.0,-0.0,0.0
2018-06-18 22:00:00,145,2,3.0,0.0,-0.0,0.0
2018-06-18 23:00:00,145,2,3.0,0.0,-0.0,0.0
2018-06-19 00:00:00,145,1,3.0,0.0,-0.0,0.0
2018-06-19 01:00:00,145,1,3.0,0.0,-0.0,0.0
2018-06-19 02:00:00,145,1,3.0,0.0,-0.0,0.0
2018-06-19 03:00:00,145,1,3.0,0.0,-0.0,0.0
2018-06-19 04:00:00,145,1,3.0,0.0,-0.0,0.0
2018-06-19 05:00:00,145,1,3.0,0.0,-0.0,0.0
2018-06-19 06:00:00,145,1,3.0,0.0,-0.0,0.0
2018-06-19 07:00:00,145,1,3.0,0.0,0.4028695981141451,0.0
2018-06-19 08:00:00,145,1,3.0,0.30131141643724446,0.0,0.016668547557308334
2018-06-19 09:00:00,145,1,3.0,1.9911913779971417,0.0,0.12006884009322764
2018-06-19 10:00:00,145,1,3.0,0.0,0.0204822734080789,0.0
2018-06-19 11:00:00,145,1,3.0,0.0,1.1803578289947123,0.0
2018-06-19 12:00:00,145,1,3.0,0.0,1.268959870609672,0.0
2018-06-19 13:00:00,145,1,3.0,0.0,0.0682422724759971,0.0
2018-06-19 14:00:00,145,1,3.0,0.0,0.19312545129903103,0.0
2018-06-19 15:00:00,145,1,3.0,0.0,0.1763522377926643,0.0
2018-06-19 16:00:00,145,2,3.0,0.0,0.0758437310214356,0.0
2018-06-19 17:00:00,145,2,2.97996590889996,0.0,-0.0,1.9032386545037894e-05
2018-06-19 18:00:00,145,2,2.862974388432124,0.0,-0.0,0.00011114194444444439
2018-06-19 19:00:00,145,1,2.862974388432124,0.1320977777777778,0.0,0.0072769363333333335
2018-06-19 20:00:00,145,1,2.862974388432124,0.1367655555555555,0.0,0.0071620702305555525
2018-06-19 21:00:00,145,1,2.862974388432124,0.1242816666666666,0.0,0.00631009092083333
2018-06-19 22:00:00,145,1,2.862974388432124,0.11476,0.0,0.0058536207
2018-06-19 23:00:00,145,2,2.799952166209902,0.0,-0.0,5.98711111111111e-05
2018-06-20 00:00:00,145,2,2.713862400128031,0.0,-0.0,8.178527777777771e-05
2018-06-20 01:00:00,145,2,2.648515031706978,0.0,-0.0,6.208e-05
2018-06-20 02:00:00,145,1,2.648515031706978,0.1120063888888888,0.0,0.0058708148736111064
2018-06-20 03:00:00,145,0,3.0,0.43412056603943827,0.0,0.02116652989326984
2018-06-20 04:00:00,145,1,3.0,0.0771338888888888,0.0,0.00369008524444444
2018-06-20 05:00:00,145,1,3.0,0.0652397222222222,0.0,0.0032389891090277762
2018-06-20 06:00:00,145,1,3.0,0.0727216666666666,0.0,0.0037078959791666632
2018-06-20 07:00:00,145,1,3.0,0.0736438888888888,0.0,0.003962409441666655
2018-06-20 08:00:00,145,2,2.887264619883041,0.0,-0.0,0.00010709861111111111
2018-06-20 09:00:00,145,2,2.7866763157894736,0.0,-0.0,9.55588888888888e-05
2018-06-20 10:00:00,145,2,1.207728947368421,4.154390277777778,0.0,0.22335482680902777
2018-06-20 11:00:00,145,1,1.207728947368421,0.1057533333333333,0.0,0.005300885833333332
2018-06-20 12:00:00,145,1,1.207728947368421,0.0,2.6704166586046703,0.0
2018-06-20 13:00:00,145,0,2.632728947368421,0.6025824785282374,0.0,0.03160652708346706
2018-06-20 14:00:00,145,0,3.0,0.0,1.2594737541300711,0.00038660110803324135
2018-06-20 15:00:00,145,1,3.0,0.0601633355291024,0.0,0.0031262373224309834
2018-06-20 16:00:00,145,1,3.0,0.0,0.004240899869114495,0.0
2018-06-20 17:00:00,145,1,3.0,0.027562406011779304,0.0,0.0013996189772781504
2018-06-20 18:00:00,145,1,3.0,0.060585555555555476,0.0,0.0032552618999999957
2018-06-20 19:00:00,145,2,2.9045122807017543,0.0,-0.0,9.07133333333333e-05
2018-06-20 20:00:00,145,2,2.8050005847953217,0.0,-0.0,9.45361111111111e-05
2018-06-20 21:00:00,145,2,2.7377900584795323,0.0,-0.0,6.385000000000001e-05
2018-06-20 22:00:00,145,2,2.5780198830409358,0.0,-0.0,0.0001517816666666666
2018-06-20 23:00:00,145,2,2.449093567251462,0.0,-0.0,0.00012248
2018-06-21 00:00:00,145,2,2.360676315789474,0.0,-0.0,8.39963888888888e-05
2018-06-21 01:00:00,145,2,2.2997754385964915,0.0,-0.0,5.78558333333333e-05
2018-06-21 02:00:00,145,1,2.2997754385964915,0.1027561111111111,0.0,0.004647145125
2018-06-21 03:00:00,145,0,3.0,0.7950123745767926,0.0,0.030728920316597408
2018-06-21 04:00:00,145,1,3.0,0.0839847222222222,0.0,0.0031853305520833327
2018-06-21 05:00:00,145,1,3.0,0.0585458333333333,0.0,0.002407258302083332
2018-06-21 06:00:00,145,2,2.8914555555555554,0.0,-0.0,0.0001031172222222222
2018-06-21 07:00:00,145,2,2.8914555555555554,0.0,0.45730118128321445,0.0
2018-06-21 08:00:00,145,1,2.8914555555555554,0.4853066989960504,0.0,0.022388411291435293
2018-06-21 09:00:00,145,2,2.8914555555555554,0.0,1.412997130571415,0.0
2018-06-21 10:00:00,145,1,2.8914555555555554,0.0,0.0983371625093439,0.0
2018-06-21 11:00:00,145,1,2.8914555555555554,0.0,0.19063341559460673,0.0
2018-06-21 12:00:00,145,1,2.8914555555555554,0.0,0.22983825269873262,0.0
2018-06-21 13:00:00,145,1,2.8914555555555554,0.0,0.2430417466702566,0.0
2018-06-21 14:00:00,145,1,2.8914555555555554,0.0,0.11871788738309569,0.0
2018-06-21 15:00:00,145,1,2.8914555555555554,0.0,0.186555163459248,0.0
2018-06-21 16:00:00,145,1,2.8914555555555554,0.0,0.090492456978343,0.0
2018-06-21 17:00:00,145,1,2.8914555555555554,0.6775958956530806,0.0,0.03477252737517697
2018-06-21 18:00:00,145,1,2.8914555555555554,1.3785361111111112,0.0,0.07107732188888889
2018-06-21 19:00:00,145,2,2.12089298245614,0.0,-0.0,0.0007320344444444445
2018-06-21 20:00:00,145,2,2.0116950292397657,0.0,-0.0,0.0001037380555555555
2018-06-21 21:00:00,145,2,1.8857619883040933,0.0,-0.0,0.00011963638888888882
2018-06-21 22:00:00,145,2,1.7131394736842103,0.0,-0.0,0.0001639913888888889
2018-06-21 23:00:00,145,2,1.5544038011695904,0.0,-0.0,0.0001507988888888889
2018-06-22 00:00:00,145,2,1.4760070175438595,0.0,-0.0,7.44769444444444e-05
2018-06-22 01:00:00,145,0,2.9010070175438596,1.5845563888888887,0.0,0.07363296821319444
2018-06-22 02:00:00,145,1,2.9010070175438596,0.0665852777777777,0.0,0.0030604258298611076
2018-06-22 03:00:00,145,1,2.9010070175438596,0.1756227777777777,0.0,0.008140115749999998
2018-06-22 04:00:00,145,1,2.9010070175438596,0.1029508333333333,0.0,0.004747062924999988
2018-06-22 05:00:00,145,1,2.9010070175438596,0.0828744444444444,0.0,0.003940058274999998
2018-06-22 06:00:00,145,1,2.9010070175438596,0.0960813888888888,0.0,0.004634005386111107
2018-06-22 07:00:00,145,1,2.9010070175438596,0.03172604069779839,0.0,0.0015463272236106937
2018-06-22 08:00:00,145,2,2.9010070175438596,0.0,1.9345206101260417,0.0
2018-06-22 09:00:00,145,2,2.9010070175438596,0.0,0.1651434363002568,0.0
2018-06-22 10:00:00,145,1,2.9010070175438596,0.0,2.6579970155603516,0.0
2018-06-22 11:00:00,145,1,2.9010070175438596,0.0,2.0199293203387803,0.0
2018-06-22 12:00:00,145,1,2.9010070175438596,0.0,0.46096445756756,0.0
2018-06-22 13:00:00,145,1,2.9010070175438596,1.3707774873206935,0.0,0.06642787703556081
2018-06-22 14:00:00,145,1,2.9010070175438596,0.0,0.2872320666616237,0.0
2018-06-22 15:00:00,145,1,2.9010070175438596,0.0,0.096153053287995,0.0
2018-06-22 16:00:00,145,1,2.9010070175438596,0.0,0.017704633876211892,0.0
2018-06-22 17:00:00,145,1,2.9010070175438596,0.02946262809296679,0.0,0.0015522385610779554
2018-06-22 18:00:00,145,1,2.9010070175438596,0.08252555555555548,0.0,0.004459062080555551
2018-06-22 19:00:00,145,2,2.8343154970760236,0.0,-0.0,6.33569444444444e-05
2018-06-22 20:00:00,145,2,2.7483657894736844,0.0,-0.0,8.16522222222222e-05
2018-06-22 21:00:00,145,2,2.675903216374269,0.0,-0.0,6.88394444444444e-05
2018-06-22 22:00:00,145,1,2.675903216374269,0.0831947222222222,0.0,0.004169927464583332
2018-06-22 23:00:00,145,2,2.6009251461988305,0.0,-0.0,7.12291666666666e-05
2018-06-23 00:00:00,145,2,2.5135692982456144,0.0,-0.0,8.29880555555555e-05
2018-06-23 01:00:00,145,2,2.4411131578947374,0.0,-0.0,6.88333333333333e-05
2018-06-23 02:00:00,145,2,2.3534672514619888,0.0,-0.0,8.32636111111111e-05
2018-06-23 03:00:00,145,1,2.3534672514619888,0.0677397222222222,0.0,0.0031090839006944434
2018-06-23 04:00:00,145,0,3.0,0.7655463434903043,0.0,0.03044755444398272
2018-06-23 05:00:00,145,1,3.0,0.0639611111111111,0.0,0.0024857419814814786
2018-06-23 06:00:00,145,1,3.0,0.0846605555555555,0.0,0.003880839866666656
2018-06-23 07:00:00,145,1,3.0,0.0629008333333333,0.0,0.0028877772583333315
2018-06-23 08:00:00,145,1,3.0,0.0818105555555555,0.0,0.003949200043055544
2018-06-23 09:00:00,145,2,2.983552811400552,0.0,-0.0,1.5624829169475398e-05
2018-06-23 10:00:00,145,2,2.931227487802416,0.0,-0.0,4.9709057418229196e-05
2018-06-23 11:00:00,145,2,2.931227487802416,0.0,0.041921182637147,0.0
2018-06-23 12:00:00,145,1,2.931227487802416,0.0,0.02213288495443899,0.0
2018-06-23 13:00:00,145,1,2.931227487802416,0.0,0.060304226786847895,0.0
2018-06-23 14:00:00,145,1,2.931227487802416,0.0,0.04477033365353149,0.0
2018-06-23 15:00:00,145,1,2.931227487802416,0.0,0.04956840814666491,0.0
2018-06-23 16:00:00,145,1,2.931227487802416,0.0,0.046736456537972905,0.0
2018-06-23 17:00:00,145,1,2.931227487802416,0.04715892437532291,0.0,0.0026943072468731365
2018-06-23 18:00:00,145,1,2.931227487802416,0.06332472222222217,0.0,0.0036456042583333306
2018-06-23 19:00:00,145,2,2.8478397685041705,0.0,-0.0,7.921833333333329e-05
2018-06-23 20:00:00,145,2,2.776284505346276,0.0,-0.0,6.79775e-05
2018-06-23 21:00:00,145,2,2.695711990726393,0.0,-0.0,7.654388888888881e-05
2018-06-23 22:00:00,145,2,2.618246201252709,0.0,-0.0,7.35924999999999e-05
2018-06-23 23:00:00,145,2,2.5422286573930597,0.0,-0.0,7.22166666666666e-05
2018-06-24 00:00:00,145,1,2.5422286573930597,0.0790205555555555,0.0,0.004020368315277767
2018-06-24 01:00:00,145,2,2.468670177860896,0.0,-0.0,6.98805555555555e-05
2018-06-24 02:00:00,145,2,2.3805605287380893,0.0,-0.0,8.370416666666659e-05
2018-06-24 03:00:00,145,2,2.3118731018375045,0.0,-0.0,6.52530555555555e-05
2018-06-24 04:00:00,145,2,2.219646201252709,0.0,-0.0,8.76155555555555e-05
2018-06-24 05:00:00,145,2,2.1523897685041713,0.0,-0.0,6.38936111111111e-05
2018-06-24 06:00:00,145,1,2.1523897685041713,0.0867386111111111,0.0,0.004167139724305555
2018-06-24 07:00:00,145,1,2.1523897685041713,0.0496910242423073,0.0,0.002358584465661116
2018-06-24 08:00:00,145,0,3.0,0.8917108929730968,0.0,0.04100806509393859
2018-06-24 09:00:00,145,1,3.0,0.0,0.1647728782578285,0.0
2018-06-24 10:00:00,145,1,3.0,0.0,0.19919900853006228,0.0
2018-06-24 11:00:00,145,2,3.0,0.0,0.2418461148230895,0.0
2018-06-24 12:00:00,145,1,3.0,0.0,0.27275116573755687,0.0
2018-06-24 13:00:00,145,1,3.0,0.0,0.3425643802530381,0.0
2018-06-24 14:00:00,145,1,3.0,0.0,0.24968389793796086,0.0
2018-06-24 15:00:00,145,1,3.0,0.0,0.196078766609643,0.0
2018-06-24 16:00:00,145,1,3.0,0.0,0.1368949679033123,0.0
2018-06-24 17:00:00,145,1,3.0,0.0,0.019792954749884892,0.0
2018-06-24 18:00:00,145,1,3.0,0.09117055555555545,0.0,0.004804688277777772
2018-06-24 19:00:00,145,1,3.0,0.1113444444444444,0.0,0.006694306361111109
2018-06-24 20:00:00,145,2,2.473623099415205,0.0,-0.0,0.0005000580555555557
2018-06-24 21:00:00,145,2,2.198527777777778,0.0,-0.0,0.0002613405555555556
2018-06-24 22:00:00,145,2,2.0627076023391817,0.0,-0.0,0.00012902916666666662
2018-06-24 23:00:00,145,2,1.935955555555556,0.0,-0.0,0.0001204144444444444
2018-06-25 00:00:00,145,2,1.8560859649122812,0.0,-0.0,7.58761111111111e-05
2018-06-25 01:00:00,145,2,1.7215728070175444,0.0,-0.0,0.0001277875
2018-06-25 02:00:00,145,0,3.0,1.420468112496152,0.0,0.06643866408985453
2018-06-25 03:00:00,145,1,3.0,0.0798308333333333,0.0,0.003702154895833324
2018-06-25 04:00:00,145,1,3.0,0.0749911111111111,0.0,0.0034533406666666664
2018-06-25 05:00:00,145,1,3.0,0.0754652777777777,0.0,0.003511776701388885
2018-06-25 06:00:00,145,1,3.0,0.0825588888888888,0.0,0.003933105466666663
2018-06-25 07:00:00,145,2,2.944518648123129,0.0,-0.0,5.270728428302769e-05
2018-06-25 08:00:00,145,2,2.944518648123129,0.0,0.0945919879549687,0.0
2018-06-25 09:00:00,145,2,2.944518648123129,0.0,0.24604810338095612,0.0
2018-06-25 10:00:00,145,1,2.944518648123129,2.029341126713426,0.0,0.1001429112504908
2018-06-25 11:00:00,145,1,2.944518648123129,0.0,0.43164407015664485,0.0
2018-06-25 12:00:00,145,1,2.944518648123129,0.0,0.4527432547801114,0.0
2018-06-25 13:00:00,145,1,2.944518648123129,0.0,0.45120255113483954,0.0
2018-06-25 14:00:00,145,1,2.944518648123129,0.0,0.35084836835742256,0.0
2018-06-25 15:00:00,145,1,2.944518648123129,0.0,0.23815033821965328,0.0
2018-06-25 16:00:00,145,1,2.944518648123129,0.0,0.141476941132831,0.0
2018-06-25 17:00:00,145,2,2.944518648123129,0.0,0.0433846852911393,0.0
2018-06-25 18:00:00,145,2,2.8639195253161116,0.0,-0.0,7.656916666666657e-05
2018-06-25 19:00:00,145,2,2.777046425900907,0.0,-0.0,8.25294444444444e-05
2018-06-25 20:00:00,145,2,2.633782098415527,0.0,-0.0,0.00013610111111111108
2018-06-25 21:00:00,145,2,2.4862832680061704,0.0,-0.0,0.0001401238888888888
2018-06-25 22:00:00,145,1,2.4862832680061704,0.1215352777777777,0.0,0.006213491076388885
2018-06-25 23:00:00,145,0,3.0,0.6262277880636803,0.0,0.032138643070953495
2018-06-26 00:00:00,145,1,3.0,0.0690858333333333,0.0,0.0035750191604166652
2018-06-26 01:00:00,145,1,3.0,0.0831958333333333,0.0,0.004236747812499999
2018-06-26 02:00:00,145,1,3.0,0.0745119444444444,0.0,0.0038802095069444343
2018-06-26 03:00:00,145,1,3.0,0.0763758333333333,0.0,0.0038703453541666646
2018-06-26 04:00:00,145,1,3.0,0.0841575,0.0,0.0042295455562499995
2018-06-26 05:00:00,145,1,3.0,0.0815783333333333,0.0,0.004186396120833331
2018-06-26 06:00:00,145,1,3.0,0.1025458333333333,0.0,0.005376221677083332
2018-06-26 07:00:00,145,1,3.0,0.1273005555555555,0.0,0.006949655579166664
2018-06-26 08:00:00,145,2,2.8466359649122808,0.0,-0.0,0.0001456958333333333
2018-06-26 09:00:00,145,2,2.736540058479532,0.0,-0.0,0.0001045911111111111
2018-06-26 10:00:00,145,1,2.736540058479532,2.180756944444445,0.0,0.11897664699652781
2018-06-26 11:00:00,145,0,3.0,0.3690356986765159,0.0,0.019144276349068946
2018-06-26 12:00:00,145,1,3.0,0.0216851408075555,0.0,0.0011297958360736416
2018-06-26 13:00:00,145,1,3.0,0.023425829137999593,0.0,0.0012282162217053187
2018-06-26 14:00:00,145,1,3.0,0.0753877777777777,0.0,0.003931472611111107
2018-06-26 15:00:00,145,1,3.0,0.0738283333333333,0.0,0.004268015949999998
2018-06-26 16:00:00,145,1,3.0,0.0805286111111111,0.0,0.005159669435416658
2018-06-26 17:00:00,145,2,2.9306125730994155,0.0,-0.0,6.591805555555549e-05
2018-06-26 18:00:00,145,2,2.8417260233918133,0.0,-0.0,8.44422222222222e-05
2018-06-26 19:00:00,145,2,2.7767771929824567,0.0,-0.0,6.17013888888888e-05
2018-06-26 20:00:00,145,2,2.6875982456140357,0.0,-0.0,8.472e-05
2018-06-26 21:00:00,145,2,2.578833040935673,0.0,-0.0,0.00010332694444444441
2018-06-26 22:00:00,145,2,2.4365497076023397,0.0,-0.0,0.00013516916666666659
2018-06-26 23:00:00,145,2,2.2865236842105268,0.0,-0.0,0.0001425247222222222
2018-06-27 00:00:00,145,2,2.155890935672515,0.0,-0.0,0.0001241011111111111
2018-06-27 01:00:00,145,1,2.155890935672515,0.0821075,0.0,0.0039842664375
2018-06-27 02:00:00,145,1,2.155890935672515,0.0803313888888888,0.0,0.0038794035979166624
2018-06-27 03:00:00,145,1,2.155890935672515,0.0769983333333333,0.0,0.003729221779166665
2018-06-27 04:00:00,145,0,3.0,0.9748994682979376,0.0,0.04749360493916973
2018-06-27 05:00:00,145,1,3.0,0.0628833333333333,0.0,0.003027989708333332
2018-06-27 06:00:00,145,1,3.0,0.0983219444444444,0.0,0.004782133572916665
2018-06-27 07:00:00,145,1,3.0,0.1228119444444444,0.0,0.006000898635416665
2018-06-27 08:00:00,145,1,3.0,0.1556175,0.0,0.00767466605625
2018-06-27 09:00:00,145,1,3.0,1.8688177777777777,0.0,0.09616001875555555
2018-06-27 10:00:00,145,1,3.0,0.1069194444444444,0.0,0.005396491659722219
2018-06-27 11:00:00,145,1,3.0,0.0821077777777777,0.0,0.004134331880555552
2018-06-27 12:00:00,145,1,3.0,0.0649116666666666,0.0,0.003272521674999997
2018-06-27 13:00:00,145,1,3.0,0.09196172809049649,0.0,0.0045826828150696665
2018-06-27 14:00:00,145,1,3.0,0.1081341666666666,0.0,0.006210145191666663
2018-06-27 15:00:00,145,1,3.0,0.1077838888888888,0.0,0.005679672024999995
2018-06-27 16:00:00,145,1,3.0,0.1120344444444444,0.0,0.0061243629055555415
2018-06-27 17:00:00,145,2,2.346843859649123,0.0,-0.0,0.0006204983333333334
2018-06-27 18:00:00,145,2,2.2547476608187136,0.0,-0.0,8.74913888888888e-05
2018-06-27 19:00:00,145,2,2.188053216374269,0.0,-0.0,6.335972222222221e-05
2018-06-27 20:00:00,145,1,2.188053216374269,0.0817044444444444,0.0,0.004138125849999998
2018-06-27 21:00:00,145,2,2.0358350877192986,0.0,-0.0,0.0001446072222222222
2018-06-27 22:00:00,145,2,1.9008994152046788,0.0,-0.0,0.0001281888888888888
2018-06-27 23:00:00,145,2,1.8089868421052635,0.0,-0.0,8.73169444444444e-05
2018-06-28 00:00:00,145,2,1.7219207602339186,0.0,-0.0,8.27127777777777e-05
2018-06-28 01:00:00,145,0,3.0,1.4034907348414893,0.0,0.05787327506514045
2018-06-28 02:00:00,145,1,3.0,0.0841563888888888,0.0,0.003394307685185178
2018-06-28 03:00:00,145,1,3.0,0.0726588888888888,0.0,0.0033588387861110997
2018-06-28 04:00:00,145,1,3.0,0.1436933333333333,0.0,0.0068354918666666655
2018-06-28 05:00:00,145,1,3.0,2.418747777777778,0.0,0.1144672385833331
2018-06-28 06:00:00,145,1,3.0,0.0651644444444444,0.0,0.0031810023555555534
2018-06-28 07:00:00,145,1,3.0,0.0832080555555555,0.0,0.004095292474305553
2018-06-28 08:00:00,145,1,3.0,0.006149429179508198,0.0,0.00028730133126662297
2018-06-28 09:00:00,145,1,3.0,0.047319275696568,0.0,0.0011829818924142
2018-06-28 10:00:00,145,2,2.9637775992507063,0.0,-0.0,3.44112807118291e-05
2018-06-28 11:00:00,145,1,2.9637775992507063,0.0,0.010400842193600199,0.0
2018-06-28 12:00:00,145,1,2.9637775992507063,0.0,0.02258444442337619,0.0
2018-06-28 13:00:00,145,1,2.9637775992507063,0.0,0.0442391850576066,0.0
2018-06-28 14:00:00,145,1,2.9637775992507063,0.0,0.026080998088965898,0.0
2018-06-28 15:00:00,145,1,2.9637775992507063,0.0,0.05602229669749781,0.0
2018-06-28 16:00:00,145,1,2.9637775992507063,0.0,0.03527765016686879,0.0
2018-06-28 17:00:00,145,1,2.9637775992507063,1.4108744695400999,0.0,0.07504441303483791
2018-06-28 18:00:00,145,2,2.7359164881395954,0.0,-0.0,0.00021646805555555548
2018-06-28 19:00:00,145,2,2.6230328624086012,0.0,-0.0,0.0001072394444444444
2018-06-28 20:00:00,145,2,2.511744265917373,0.0,-0.0,0.00010572416666666661
2018-06-28 21:00:00,145,1,2.511744265917373,0.1271425,0.0,0.0063637999812499995
2018-06-28 22:00:00,145,1,2.511744265917373,0.1359897222222222,0.0,0.006817504749305541
2018-06-28 23:00:00,145,2,2.352901283461233,0.0,-0.0,0.00015090083333333328
2018-06-29 00:00:00,145,2,2.2593004062682502,0.0,-0.0,8.89208333333333e-05
2018-06-29 01:00:00,145,2,2.1731562542214666,0.0,-0.0,8.183694444444441e-05
2018-06-29 02:00:00,145,1,2.1731562542214666,0.0694777777777777,0.0,0.003436718277777774
2018-06-29 03:00:00,145,0,3.0,0.9902026709949474,0.0,0.04766981557556022
2018-06-29 04:00:00,145,1,3.0,0.0982211111111111,0.0,0.004614673352777768
2018-06-29 05:00:00,145,1,3.0,0.0800455555555555,0.0,0.0038073668499999974
2018-06-29 06:00:00,145,1,3.0,0.0894555555555555,0.0,0.004422906305555553
2018-06-29 07:00:00,145,1,3.0,0.0962619444444444,0.0,0.004900936246527766
2018-06-29 08:00:00,145,2,2.8862757309941522,0.0,-0.0,0.0001080380555555555
2018-06-29 09:00:00,145,2,1.4655459064327485,0.0,-0.0,0.0013496933333333335
2018-06-29 10:00:00,145,1,1.4655459064327485,1.4158619444444445,0.0,0.07073646274444444
2018-06-29 11:00:00,145,1,1.4655459064327485,0.1108333333333333,0.0,0.005340504166666665
2018-06-29 12:00:00,145,1,1.4655459064327485,0.0970102777777777,0.0,0.004723915476388885
2018-06-29 13:00:00,145,0,2.8905459064327483,1.5617608333333333,0.0,0.07589838169791652
2018-06-29 14:00:00,145,1,2.8905459064327483,0.0752138888888888,0.0,0.0035805571805555517
2018-06-29 15:00:00,145,1,2.8905459064327483,0.0695361111111111,0.0,0.0034922773402777775
2018-06-29 16:00:00,145,1,2.8905459064327483,0.0664544444444444,0.0,0.0033396681055555535
2018-06-29 17:00:00,145,1,2.8905459064327483,0.0727144444444444,0.0,0.003874770958333331
2018-06-29 18:00:00,145,2,2.8261070175438596,0.0,-0.0,6.12169444444444e-05
2018-06-29 19:00:00,145,2,2.736651754385965,0.0,-0.0,8.49825e-05
2018-06-29 20:00:00,145,2,1.3155274853801169,0.0,-0.0,0.0013500680555555557
2018-06-29 21:00:00,145,1,1.3155274853801169,0.0759833333333333,0.0,0.0038671717499999987
2018-06-29 22:00:00,145,2,1.2405622807017544,0.0,-0.0,7.121694444444441e-05
2018-06-29 23:00:00,145,2,1.1726713450292399,0.0,-0.0,6.449638888888889e-05
2018-06-30 00:00:00,145,2,1.0886169590643275,0.0,-0.0,7.98516666666666e-05
2018-06-30 01:00:00,145,2,1.0132222222222222,0.0,-0.0,7.162499999999999e-05
2018-06-30 02:00:00,145,1,1.0132222222222222,0.0665211111111111,0.0,0.0030882425833333327
2018-06-30 03:00:00,145,1,1.0132222222222222,0.0807711111111111,0.0,0.003685383872222222
2018-06-30 04:00:00,145,0,2.438222222222222,1.5634233333333334,0.0,0.072686572925
2018-06-30 05:00:00,145,0,3.0,0.6647961403508774,0.0,0.031039008257309954
2018-06-30 06:00:00,145,1,3.0,0.0977938888888888,0.0,0.004313443954166663
2018-06-30 07:00:00,145,1,3.0,0.09494,0.0,0.004594383949999999
2018-06-30 08:00:00,145,1,3.0,0.0766880555555555,0.0,0.004015770029166664
2018-06-30 09:00:00,145,2,2.927120760233918,0.0,-0.0,6.92352777777777e-05
2018-06-30 10:00:00,145,2,2.8687818713450293,0.0,-0.0,5.54219444444444e-05
2018-06-30 11:00:00,145,1,2.8687818713450293,0.0547536111111111,0.0,0.002707429185416666
2018-06-30 12:00:00,145,1,2.8687818713450293,0.067795,0.0,0.0033380563124999997
2018-06-30 13:00:00,145,1,2.8687818713450293,0.0409144444444444,0.0,0.0019545852972222204
2018-06-30 14:00:00,145,1,2.8687818713450293,0.0691341666666666,0.0,0.0033175758229166633
2018-06-30 15:00:00,145,1,2.8687818713450293,0.0485191666666666,0.0,0.0024646523687499966
2018-06-30 16:00:00,145,1,2.8687818713450293,0.0703633333333333,0.0,0.003642709766666665
2018-06-30 17:00:00,145,1,2.8687818713450293,0.0894491666666666,0.0,0.004884595368749996
2018-06-30 18:00:00,145,1,2.8687818713450293,0.0650083333333333,0.0,0.0037361914374999987
2018-06-30 19:00:00,145,2,2.8058798245614036,0.0,-0.0,5.97569444444444e-05
2018-06-30 20:00:00,145,2,2.7355459064327485,0.0,-0.0,6.68172222222222e-05
2018-06-30 21:00:00,145,2,2.687512865497076,0.0,-0.0,4.56313888888888e-05
2018-06-30 22:00:00,145,2,2.539770175438597,0.0,-0.0,0.00014035555555555552
2018-06-30 23:00:00,145,0,3.0,0.593193835795629,0.0,0.032611830593598005
2018-06-14 07:00:00,148,1,1.5,0.1235797222222222,0.0,0.0063844373993055545
2018-06-14 08:00:00,148,1,1.5,0.4836975,0.0,0.0243952834125
2018-06-14 09:00:00,148,1,1.5,0.3947519444444444,0.0,0.020285315545138845
2018-06-14 10:00:00,148,2,1.3465681286549709,0.0,-0.0,0.0001457602777777777
2018-06-14 11:00:00,148,2,0.44776461988304106,0.0,-0.0,0.0008538633333333333
2018-06-14 12:00:00,148,1,0.44776461988304106,0.8641988888888888,0.0,0.04410655079166658
2018-06-14 13:00:00,148,0,1.872764619883041,1.5795441666666665,0.0,0.07445124733749998
2018-06-14 14:00:00,148,0,3.0,1.428897799534697,0.0,0.06366511984267248
2018-06-14 15:00:00,148,1,3.0,0.08287936654123991,0.0,0.0038820695287916773
2018-06-14 16:00:00,148,1,3.0,0.1639845586035554,0.0,0.008092228005688951
2018-06-14 17:00:00,148,1,3.0,0.9048726453413959,0.0,0.04851474687997894
2018-06-14 18:00:00,148,1,3.0,0.2193561111111111,0.0,0.011642325597222222
2018-06-14 19:00:00,148,1,3.0,0.2241636111111111,0.0,0.012030861008333334
2018-06-14 20:00:00,148,1,3.0,0.4080852777777777,0.0,0.022226364654166622
2018-06-14 21:00:00,148,2,2.8510789473684213,0.0,-0.0,0.00014147499999999998
2018-06-14 22:00:00,148,2,2.6883546783625736,0.0,-0.0,0.0001545880555555555
2018-06-14 23:00:00,148,2,2.540308479532164,0.0,-0.0,0.0001406438888888889
2018-06-15 00:00:00,148,2,2.421092397660819,0.0,-0.0,0.00011325527777777771
2018-06-15 01:00:00,148,2,2.3081464912280705,0.0,-0.0,0.0001072986111111111
2018-06-15 02:00:00,148,1,2.3081464912280705,0.1286369444444444,0.0,0.006580101300694442
2018-06-15 03:00:00,148,0,3.0,0.8322712957833176,0.0,0.04070433786605107
2018-06-15 04:00:00,148,1,3.0,0.2806022222222222,0.0,0.013504683449999997
2018-06-15 05:00:00,148,1,3.0,0.7904752777777778,0.0,0.03909888342708326
2018-06-15 06:00:00,148,1,3.0,0.7836097222222222,0.0,0.03990924315277778
2018-06-15 07:00:00,148,1,3.0,1.380603888888889,0.0,0.07649235846388876
2018-06-15 08:00:00,148,2,2.2732461988304093,0.0,-0.0,0.0006904161111111111
2018-06-15 09:00:00,148,2,1.9315397660818714,0.0,-0.0,0.00032462111111111107
2018-06-15 10:00:00,148,2,1.8092198830409356,0.0,-0.0,0.0001162038888888889
2018-06-15 11:00:00,148,0,3.0,1.3844561171282632,0.0,0.072501025682407
2018-06-15 12:00:00,148,1,3.0,0.1454040872752409,0.0,0.007575552947040051
2018-06-15 13:00:00,148,1,3.0,0.07190093949398481,0.0,0.003776596846921552
2018-06-15 14:00:00,148,1,3.0,0.2638837387507197,0.0,0.01366719853924665
2018-06-15 15:00:00,148,1,3.0,0.3691243952778451,0.0,0.01920369666432989
2018-06-15 16:00:00,148,1,3.0,0.3018580946714093,0.0,0.01610186541500965
2018-06-15 17:00:00,148,2,2.7825382559085945,0.0,-0.0,0.0002065886568868352
2018-06-15 18:00:00,148,2,1.91066164772146,0.0,-0.0,0.0008282827777777778
2018-06-15 19:00:00,148,2,0.9551718816395885,0.0,-0.0,0.0009077152777777778
2018-06-15 20:00:00,148,0,2.3801718816395883,1.7027463888888887,0.0,0.08803357148333332
2018-06-15 21:00:00,148,1,2.3801718816395883,0.2066433333333333,0.0,0.01062456698333331
2018-06-15 22:00:00,148,0,3.0,0.82438898423903,0.0,0.04213982628273488
2018-06-15 23:00:00,148,2,2.829573099415205,0.0,-0.0,0.0001619055555555555
2018-06-16 00:00:00,148,2,2.6936429824561405,0.0,-0.0,0.0001291336111111111
2018-06-16 01:00:00,148,2,2.5729128654970763,0.0,-0.0,0.00011469361111111109
2018-06-16 02:00:00,148,2,1.7133435672514623,0.0,-0.0,0.0008165908333333334
2018-06-16 03:00:00,148,2,0.9516979532163745,0.0,-0.0,0.0007235633333333334
2018-06-16 04:00:00,148,1,0.9516979532163745,0.1079533333333333,0.0,0.005352596149999999
2018-06-16 05:00:00,148,1,0.9516979532163745,0.0805208333333333,0.0,0.003910292968749999
2018-06-16 06:00:00,148,1,0.9516979532163745,0.3897725,0.0,0.01915829280625
2018-06-16 07:00:00,148,1,0.9516979532163745,0.0,0.17180354752602378,0.0
2018-06-16 08:00:00,148,1,0.9516979532163745,0.6260494444444444,0.0,0.02936171894444444
2018-06-16 09:00:00,148,2,0.6307096491228072,0.0,-0.0,0.0003049388888888888
2018-06-16 10:00:00,148,2,0.2599207602339184,0.0,-0.0,0.0003522494444444444
2018-06-16 11:00:00,148,2,0.0,0.045794722222221945,0.0,0.0024022533236110984
2018-06-16 12:00:00,148,1,0.0,0.1347697222222222,0.0,0.0062479243222222074
2018-06-16 13:00:00,148,0,1.4249999999999998,1.62941,0.0,0.07660765395
2018-06-16 14:00:00,148,0,2.8499999999999996,1.6248258333333334,0.0,0.07629073310833334
2018-06-16 15:00:00,148,1,2.8499999999999996,0.1274858333333333,0.0,0.005905462514583332
2018-06-16 16:00:00,148,1,2.8499999999999996,1.277453333333333,0.0,0.058922534999999866
2018-06-16 17:00:00,148,1,2.8499999999999996,0.3728705555555555,0.0,0.017407461886111107
2018-06-16 18:00:00,148,1,2.8499999999999996,0.3351841666666666,0.0,0.01552908244166663
2018-06-16 19:00:00,148,1,2.8499999999999996,1.1102105555555557,0.0,0.0534316585125
2018-06-16 20:00:00,148,1,2.8499999999999996,0.2994725,0.0,0.01445928098124997
2018-06-16 21:00:00,148,1,2.8499999999999996,0.1671733333333333,0.0,0.008171432533333332
2018-06-16 22:00:00,148,1,2.8499999999999996,0.1386413888888888,0.0,0.00678233674444444
2018-06-16 23:00:00,148,2,2.710296198830409,0.0,-0.0,0.0001327186111111111
2018-06-17 00:00:00,148,2,2.5836970760233915,0.0,-0.0,0.0001202691666666666
2018-06-17 01:00:00,148,2,2.477155555555555,0.0,-0.0,0.0001012144444444444
2018-06-17 02:00:00,148,2,2.332830116959064,0.0,-0.0,0.00013710916666666658
2018-06-17 03:00:00,148,1,2.332830116959064,0.1263383333333333,0.0,0.005216193937499999
2018-06-17 04:00:00,148,0,3.0,0.8278813096337336,0.0,0.03452951439904587
2018-06-17 05:00:00,148,1,3.0,0.2549,0.0,0.01049232125
2018-06-17 06:00:00,148,1,3.0,0.7976205555555556,0.0,0.03448911282222222
2018-06-17 07:00:00,148,1,3.0,0.5151977777777778,0.0,0.022655822277777776
2018-06-17 08:00:00,148,1,3.0,0.11894726751930795,0.0,0.0054974453365736154
2018-06-17 09:00:00,148,1,3.0,0.6551959236109061,0.0,0.034099671844329604
2018-06-17 10:00:00,148,1,3.0,0.3021966666666666,0.0,0.015850215166666664
2018-06-17 11:00:00,148,1,3.0,0.0,0.7499986996909562,0.0
2018-06-17 12:00:00,148,1,3.0,0.0,0.6064960558622317,0.0
2018-06-17 13:00:00,148,1,3.0,0.43567020939920753,0.0,0.022551379214026435
2018-06-17 14:00:00,148,1,3.0,0.2018944718623768,0.0,0.010232516570164912
2018-06-17 15:00:00,148,1,3.0,0.1358533333333333,0.0,0.007008333833333331
2018-06-17 16:00:00,148,1,3.0,0.1007,0.0,0.00537738
2018-06-17 17:00:00,148,2,2.222730701754386,0.0,-0.0,0.0007384058333333334
2018-06-17 18:00:00,148,2,0.9431239766081871,0.0,-0.0,0.001215626388888889
2018-06-17 19:00:00,148,2,0.0,0.23540444444444453,0.0,0.012959857044444448
2018-06-17 20:00:00,148,1,0.0,0.7501561111111111,0.0,0.038181070665277775
2018-06-17 21:00:00,148,1,0.0,0.2410022222222222,0.0,0.012147717011111087
2018-06-17 22:00:00,148,1,0.0,0.2253325,0.0,0.0112925382375
2018-06-17 23:00:00,148,1,0.0,0.3560536111111111,0.0,0.01796468494861111
2018-06-18 00:00:00,148,1,0.0,0.0,-0.0,0.0
2018-06-18 01:00:00,148,1,0.0,0.0,-0.0,0.0
2018-06-18 02:00:00,148,1,0.0,0.0,-0.0,0.0
2018-06-18 03:00:00,148,0,1.4249999999999998,1.5,0.0,0.05537625
2018-06-18 04:00:00,148,0,2.8499999999999996,1.5,0.0,0.0571275
2018-06-18 05:00:00,148,1,2.8499999999999996,0.0,-0.0,0.0
2018-06-18 06:00:00,148,1,2.8499999999999996,0.0,-0.0,0.0
2018-06-18 07:00:00,148,2,2.8499999999999996,0.0,-0.0,0.0
2018-06-18 08:00:00,148,2,2.8499999999999996,0.0,-0.0,0.0
2018-06-18 09:00:00,148,2,2.8499999999999996,0.0,-0.0,0.0
2018-06-18 10:00:00,148,1,2.8499999999999996,0.0,-0.0,0.0
2018-06-18 11:00:00,148,1,2.8499999999999996,0.0,0.0644699251658487,0.0
2018-06-18 12:00:00,148,1,2.8499999999999996,0.0,0.051355569461379,0.0
2018-06-18 13:00:00,148,1,2.8499999999999996,0.0,1.0285846144021027,0.0
2018-06-18 14:00:00,148,1,2.8499999999999996,0.0,0.0784591953454462,0.0
2018-06-18 15:00:00,148,1,2.8499999999999996,0.0,0.055166317412679,0.0
2018-06-18 16:00:00,148,1,2.8499999999999996,0.0,0.0113931991223837,0.0
2018-06-18 17:00:00,148,2,2.8499999999999996,0.0,-0.0,0.0
2018-06-18 18:00:00,148,2,2.8499999999999996,0.0,-0.0,0.0
2018-06-18 19:00:00,148,2,2.8499999999999996,0.0,-0.0,0.0
2018-06-18 20:00:00,148,2,2.8499999999999996,0.0,-0.0,0.0
2018-06-18 21:00:00,148,2,2.8499999999999996,0.0,-0.0,0.0
2018-06-18 22:00:00,148,2,2.8499999999999996,0.0,-0.0,0.0
2018-06-18 23:00:00,148,2,2.8499999999999996,0.0,-0.0,0.0
2018-06-19 00:00:00,148,1,2.8499999999999996,0.0,-0.0,0.0
2018-06-19 01:00:00,148,1,2.8499999999999996,0.0,-0.0,0.0
2018-06-19 02:00:00,148,1,2.8499999999999996,0.0,-0.0,0.0
2018-06-19 03:00:00,148,1,2.8499999999999996,0.0,-0.0,0.0
2018-06-19 04:00:00,148,1,2.8499999999999996,0.0,-0.0,0.0
2018-06-19 05:00:00,148,1,2.8499999999999996,0.0,-0.0,0.0
2018-06-19 06:00:00,148,1,2.8499999999999996,0.0,-0.0,0.0
2018-06-19 07:00:00,148,1,2.8499999999999996,0.0,0.4028695981141451,0.0
2018-06-19 08:00:00,148,1,2.8499999999999996,0.0,0.48389802800719994,0.0
2018-06-19 09:00:00,148,1,2.8499999999999996,0.09462637799714191,0.0,0.005705970593227657
2018-06-19 10:00:00,148,1,2.8499999999999996,0.0,0.001453662296967792,0.0
2018-06-19 11:00:00,148,1,2.8499999999999996,0.0,1.1527989401058234,0.0
2018-06-19 12:00:00,148,1,2.8499999999999996,0.0,1.2207259817207832,0.0
2018-06-19 13:00:00,148,1,2.8499999999999996,0.0,0.014456161364886005,0.0
2018-06-19 14:00:00,148,1,2.8499999999999996,0.0,0.1293273957434754,0.0
2018-06-19 15:00:00,148,1,2.8499999999999996,0.0,0.1389172377926643,0.0
2018-06-19 16:00:00,148,2,2.211498079437768,0.0,-0.0,0.00060657682453412
2018-06-19 17:00:00,148,2,1.8361025848289563,0.0,-0.0,0.0003566257198783713
2018-06-19 18:00:00,148,2,1.4867698362909447,0.0,-0.0,0.0003318661111111111
2018-06-19 19:00:00,148,1,1.4867698362909447,0.3225563888888889,0.0,0.017768825072916664
2018-06-19 20:00:00,148,1,1.4867698362909447,0.1643558333333333,0.0,0.008606904102083332
2018-06-19 21:00:00,148,0,2.9117698362909445,1.6409341666666666,0.0,0.08481432997708332
2018-06-19 22:00:00,148,1,2.9117698362909445,0.1363661111111111,0.0,0.0069556944124999995
2018-06-19 23:00:00,148,2,2.7987052164079036,0.0,-0.0,0.0001074113888888888
2018-06-20 00:00:00,148,2,2.693548198864044,0.0,-0.0,9.989916666666659e-05
2018-06-20 01:00:00,148,2,2.5745964444780793,0.0,-0.0,0.0001130041666666666
2018-06-20 02:00:00,148,1,2.5745964444780793,0.0903591666666666,0.0,0.00473617572083333
2018-06-20 03:00:00,148,0,3.0,1.2151971052277528,0.0,0.058661810542274366
2018-06-20 04:00:00,148,1,3.0,0.7199791666666666,0.0,0.03444380333333333
2018-06-20 05:00:00,148,1,3.0,0.3831961111111111,0.0,0.019024728926388887
2018-06-20 06:00:00,148,1,3.0,0.2549375,0.0,0.012998625781249998
2018-06-20 07:00:00,148,1,3.0,0.1307380555555555,0.0,0.007034361079166651
2018-06-20 08:00:00,148,2,2.864622514619883,0.0,-0.0,0.0001286086111111111
2018-06-20 09:00:00,148,2,2.7561763157894736,0.0,-0.0,0.00010302388888888881
2018-06-20 10:00:00,148,2,2.657876023391813,0.0,-0.0,9.338527777777771e-05
2018-06-20 11:00:00,148,1,2.657876023391813,0.1088155555555555,0.0,0.00545437972222222
2018-06-20 12:00:00,148,1,2.657876023391813,0.0,2.6151988808268927,0.0
2018-06-20 13:00:00,148,0,3.0,0.0,0.5072128531122673,0.0003601305016928286
2018-06-20 14:00:00,148,1,3.0,0.0,0.671011806607757,0.0
2018-06-20 15:00:00,148,1,3.0,0.9633227799735469,0.0,0.05005665995437543
2018-06-20 16:00:00,148,1,3.0,0.5171541001308855,0.0,0.02663990058299224
2018-06-20 17:00:00,148,1,3.0,0.23763268378955713,0.0,0.012066987682833687
2018-06-20 18:00:00,148,1,3.0,0.16042722222222217,0.0,0.008619754649999997
2018-06-20 19:00:00,148,2,2.3626605263157896,0.0,-0.0,0.0006054725
2018-06-20 20:00:00,148,2,1.981280701754386,0.0,-0.0,0.0003623108333333333
2018-06-20 21:00:00,148,2,1.7870479532163743,0.0,-0.0,0.0001845211111111111
2018-06-20 22:00:00,148,2,1.635793859649123,0.0,-0.0,0.0001436913888888888
2018-06-20 23:00:00,148,2,1.5071447368421056,0.0,-0.0,0.0001222166666666666
2018-06-21 00:00:00,148,2,1.4110690058479536,0.0,-0.0,9.12719444444444e-05
2018-06-21 01:00:00,148,2,1.276169883040936,0.0,-0.0,0.0001281541666666666
2018-06-21 02:00:00,148,1,1.276169883040936,0.1034638888888888,0.0,0.004679154374999996
2018-06-21 03:00:00,148,0,2.7011698830409356,2.1325344444444445,0.0,0.08194986191666667
2018-06-21 04:00:00,148,0,3.0,0.843542740073869,0.0,0.032308025292003315
2018-06-21 05:00:00,148,1,3.0,0.5456072222222222,0.0,0.022434004959722222
2018-06-21 06:00:00,148,2,2.6164415204678364,0.0,-0.0,0.0003643805555555555
2018-06-21 07:00:00,148,2,2.6164415204678364,0.0,0.45057507017210335,0.0
2018-06-21 08:00:00,148,0,3.0,0.0,1.5114136441864674,0.0004037457679285933
2018-06-21 09:00:00,148,2,3.0,0.0,1.3624165750158597,0.0
2018-06-21 10:00:00,148,1,3.0,0.0,0.0725254958426773,0.0
2018-06-21 11:00:00,148,1,3.0,0.7230643621831712,0.0,0.03339653522833515
2018-06-21 12:00:00,148,1,3.0,0.2932559139679341,0.0,0.01357628253714551
2018-06-21 13:00:00,148,1,3.0,0.0,0.11322258000359,0.0
2018-06-21 14:00:00,148,1,3.0,0.0,0.1958467762719846,0.0
2018-06-21 15:00:00,148,1,3.0,0.0,0.1734509967925813,0.0
2018-06-21 16:00:00,148,1,3.0,0.1565892096883236,0.0,0.007655646461662141
2018-06-21 17:00:00,148,1,3.0,0.25095645120863624,0.0,0.01287845768489919
2018-06-21 18:00:00,148,1,3.0,0.41352777777777766,0.0,0.021321492222222217
2018-06-21 19:00:00,148,2,2.609041812865497,0.0,-0.0,0.0003714102777777778
2018-06-21 20:00:00,148,2,2.3647818713450293,0.0,-0.0,0.0002320469444444444
2018-06-21 21:00:00,148,2,2.1706271929824563,0.0,-0.0,0.0001844469444444444
2018-06-21 22:00:00,148,2,2.0476722222222223,0.0,-0.0,0.0001168072222222222
2018-06-21 23:00:00,148,2,1.903341812865497,0.0,-0.0,0.00013711388888888889
2018-06-22 00:00:00,148,2,1.760519298245614,0.0,-0.0,0.00013568138888888888
2018-06-22 01:00:00,148,0,3.0,1.447387361495845,0.0,0.06719340769185711
2018-06-22 02:00:00,148,1,3.0,0.6407102777777778,0.0,0.029448646142361114
2018-06-22 03:00:00,148,1,3.0,0.5293266666666667,0.0,0.024534291000000003
2018-06-22 04:00:00,148,1,3.0,0.5038119444444444,0.0,0.023230768758333284
2018-06-22 05:00:00,148,1,3.0,0.3514422222222222,0.0,0.01670844185
2018-06-22 06:00:00,148,1,3.0,0.2157055555555555,0.0,0.010403478944444444
2018-06-22 07:00:00,148,1,3.0,0.08152492958668728,0.0,0.003973525068055138
2018-06-22 08:00:00,148,2,3.0,0.0,1.9314994990149308,0.0
2018-06-22 09:00:00,148,2,3.0,0.0,0.17036121407803462,0.0
2018-06-22 10:00:00,148,1,3.0,0.0,2.6224745155603517,0.0
2018-06-22 11:00:00,148,1,3.0,0.0,2.0038551536721134,0.0
2018-06-22 12:00:00,148,1,3.0,0.0,3.1214489020120046,0.0
2018-06-22 13:00:00,148,1,3.0,0.0,0.3218741793459735,0.0
2018-06-22 14:00:00,148,1,3.0,0.0,0.2659351222171793,0.0
2018-06-22 15:00:00,148,1,3.0,0.0,0.072608053287995,0.0
2018-06-22 16:00:00,148,1,3.0,0.29114981056823264,0.0,0.014149152919089686
2018-06-22 17:00:00,148,1,3.0,0.2393826280929668,0.0,0.012611873761077955
2018-06-22 18:00:00,148,1,3.0,0.6029597222222223,0.0,0.03257942119097222
2018-06-22 19:00:00,148,2,1.9667619883040934,0.0,-0.0,0.0009815761111111113
2018-06-22 20:00:00,148,2,1.5143684210526314,0.0,-0.0,0.0004297738888888889
2018-06-22 21:00:00,148,2,1.3163336257309939,0.0,-0.0,0.0001881330555555555
2018-06-22 22:00:00,148,1,1.3163336257309939,0.0860872222222222,0.0,0.004314906795833333
2018-06-22 23:00:00,148,2,1.1765552631578946,0.0,-0.0,0.0001327894444444444
2018-06-23 00:00:00,148,2,1.06511783625731,0.0,-0.0,0.0001058655555555555
2018-06-23 01:00:00,148,2,0.9501733918128655,0.0,-0.0,0.0001091972222222222
2018-06-23 02:00:00,148,2,0.8235722222222223,0.0,-0.0,0.0001202711111111111
2018-06-23 03:00:00,148,1,0.8235722222222223,0.8142308333333333,0.0,0.03737115967291667
2018-06-23 04:00:00,148,0,2.248572222222222,2.173988611111111,0.0,0.08603192382870363
2018-06-23 05:00:00,148,0,3.0,0.8818177192982457,0.0,0.03506135257251459
2018-06-23 06:00:00,148,1,3.0,0.8153163888888889,0.0,0.03737410326666659
2018-06-23 07:00:00,148,1,3.0,1.262052222222222,0.0,0.05794081752222221
2018-06-23 08:00:00,148,1,3.0,0.5154813888888888,0.0,0.024883575345138836
2018-06-23 09:00:00,148,2,2.7737244488274526,0.0,-0.0,0.00021496177361391992
2018-06-23 10:00:00,148,2,2.281686844527562,0.0,-0.0,0.0004674357240848959
2018-06-23 11:00:00,148,2,1.7934056332684187,0.0,-0.0,0.00046386715069618635
2018-06-23 12:00:00,148,1,1.7934056332684187,0.043306837267783296,0.0,0.002089338363984201
2018-06-23 13:00:00,148,1,1.7934056332684187,0.0,0.024967004564625597,0.0
2018-06-23 14:00:00,148,0,3.0,1.2449723330814666,0.0,0.05857306339430875
2018-06-23 15:00:00,148,1,3.0,0.039879925186668386,0.0,0.001803170817315211
2018-06-23 16:00:00,148,1,3.0,0.1776771545731382,0.0,0.008459653522113543
2018-06-23 17:00:00,148,1,3.0,0.1151211465975451,0.0,0.0065771589079842456
2018-06-23 18:00:00,148,1,3.0,0.7750277777777778,0.0,0.04461834916666667
2018-06-23 19:00:00,148,2,2.6730766081871344,0.0,-0.0,0.0003105772222222222
2018-06-23 20:00:00,148,2,2.4865371345029237,0.0,-0.0,0.0001772125
2018-06-23 21:00:00,148,2,2.327096198830409,0.0,-0.0,0.0001514688888888889
2018-06-23 22:00:00,148,2,2.161189766081871,0.0,-0.0,0.00015761111111111108
2018-06-23 23:00:00,148,2,1.9947815789473682,0.0,-0.0,0.00015808777777777768
2018-06-24 00:00:00,148,1,1.9947815789473682,0.1340869444444444,0.0,0.006822008515972208
2018-06-24 01:00:00,148,2,1.8587017543859647,0.0,-0.0,0.0001292758333333333
2018-06-24 02:00:00,148,2,1.2437377192982453,0.0,-0.0,0.0005842158333333333
2018-06-24 03:00:00,148,2,0.6538073099415201,0.0,-0.0,0.0005604338888888889
2018-06-24 04:00:00,148,2,0.560615789473684,0.0,-0.0,8.85319444444444e-05
2018-06-24 05:00:00,148,2,0.1341888888888887,0.0,-0.0,0.0004051055555555555
2018-06-24 06:00:00,148,1,0.1341888888888887,0.3224113888888889,0.0,0.015489449150694444
2018-06-24 07:00:00,148,1,0.1341888888888887,0.16701241313119622,0.0,0.007927244189272228
2018-06-24 08:00:00,148,0,1.5591888888888885,1.5407262633283647,0.0,0.07081342277148481
2018-06-24 09:00:00,148,0,2.9841888888888883,1.366666288408838,0.0,0.0651012323968263
2018-06-24 10:00:00,148,1,2.9841888888888883,0.4048684914699377,0.0,0.019564257679056063
2018-06-24 11:00:00,148,2,2.9841888888888883,0.0,0.038358059267533995,0.0
2018-06-24 12:00:00,148,1,2.9841888888888883,0.33441716759577655,0.0,0.016245986001802826
2018-06-24 13:00:00,148,1,2.9841888888888883,1.2121383975247397,0.0,0.05768263599220855
2018-06-24 14:00:00,148,1,2.9841888888888883,0.5558672131731504,0.0,0.026154942047829654
2018-06-24 15:00:00,148,1,2.9841888888888883,0.4976704000570236,0.0,0.022814455314614106
2018-06-24 16:00:00,148,1,2.9841888888888883,0.5805928098744655,0.0,0.027541871418419957
2018-06-24 17:00:00,148,1,2.9841888888888883,0.46625871191678187,0.0,0.023325757710416804
2018-06-24 18:00:00,148,1,2.9841888888888883,0.8914372222222221,0.0,0.046978741611111104
2018-06-24 19:00:00,148,1,2.9841888888888883,0.6823841666666667,0.0,0.04102664206041667
2018-06-24 20:00:00,148,2,2.693495614035087,0.0,-0.0,0.00027615861111111113
2018-06-24 21:00:00,148,2,2.4605684210526313,0.0,-0.0,0.0002212808333333333
2018-06-24 22:00:00,148,2,2.317180409356725,0.0,-0.0,0.0001362186111111111
2018-06-24 23:00:00,148,2,2.1799087719298242,0.0,-0.0,0.0001304080555555555
2018-06-25 00:00:00,148,2,2.031491228070175,0.0,-0.0,0.00014099666666666662
2018-06-25 01:00:00,148,2,1.919670467836257,0.0,-0.0,0.0001062297222222222
2018-06-25 02:00:00,148,0,3.0,1.3530492590027703,0.0,0.06314067127502694
2018-06-25 03:00:00,148,1,3.0,0.7443247222222222,0.0,0.03451805899305548
2018-06-25 04:00:00,148,1,3.0,0.8852416666666667,0.0,0.040765378750000004
2018-06-25 05:00:00,148,1,3.0,0.3116516666666666,0.0,0.01450271030833333
2018-06-25 06:00:00,148,1,3.0,0.4934975,0.0,0.0235102209
2018-06-25 07:00:00,148,2,1.756507829409678,0.0,-0.0,0.001181317562060806
2018-06-25 08:00:00,148,2,1.490799688075727,0.0,-0.0,0.0002524227342672535
2018-06-25 09:00:00,148,2,1.454597984032289,0.0,-0.0,3.439161884126618e-05
2018-06-25 10:00:00,148,1,1.454597984032289,0.0,0.33087359550879725,0.0
2018-06-25 11:00:00,148,1,1.454597984032289,0.0,0.22405684793442265,0.0
2018-06-25 12:00:00,148,1,1.454597984032289,0.0,0.2171638103356669,0.0
2018-06-25 13:00:00,148,0,2.879597984032289,1.1019482821984936,0.0,0.0553411930682184
2018-06-25 14:00:00,148,1,2.879597984032289,0.0,0.3070019794685337,0.0
2018-06-25 15:00:00,148,1,2.879597984032289,0.0,0.14309700488632,0.0
2018-06-25 16:00:00,148,1,2.879597984032289,0.562004447756058,0.0,0.032541462536195144
2018-06-25 17:00:00,148,2,2.730202915917699,0.0,-0.0,0.00014192531470886072
2018-06-25 18:00:00,148,2,2.1833988223504472,0.0,-0.0,0.000519463888888889
2018-06-25 19:00:00,148,2,1.2013467755668215,0.0,-0.0,0.0009329494444444444
2018-06-25 20:00:00,148,2,0.9911119802451841,0.0,-0.0,0.0001997230555555555
2018-06-25 21:00:00,148,2,0.7253894656253012,0.0,-0.0,0.0002524363888888888
2018-06-25 22:00:00,148,1,0.7253894656253012,0.2111802777777778,0.0,0.01079659170138889
2018-06-25 23:00:00,148,0,2.150389465625301,1.6790525,0.0,0.08622079151875
2018-06-26 00:00:00,148,1,2.150389465625301,0.1425077777777778,0.0,0.007374421230555556
2018-06-26 01:00:00,148,1,2.150389465625301,0.1273336111111111,0.0,0.006484464145833333
2018-06-26 02:00:00,148,1,2.150389465625301,0.13168,0.0,0.006857235999999986
2018-06-26 03:00:00,148,0,3.0,1.0393196560669344,0.0,0.05356185044948106
2018-06-26 04:00:00,148,1,3.0,0.5797822222222222,0.0,0.029138405033333332
2018-06-26 05:00:00,148,1,3.0,0.726045,0.0,0.037258814287500004
2018-06-26 06:00:00,148,1,3.0,0.392105,0.0,0.0205570848875
2018-06-26 07:00:00,148,1,3.0,0.1103586111111111,0.0,0.006024752477083333
2018-06-26 08:00:00,148,2,2.851003216374269,0.0,-0.0,0.0001415469444444444
2018-06-26 09:00:00,148,2,2.7355605263157896,0.0,-0.0,0.0001096705555555555
2018-06-26 10:00:00,148,1,2.7355605263157896,0.1049827777777777,0.0,0.0057275978986111075
2018-06-26 11:00:00,148,0,3.0,0.43016845183133257,0.0,0.0222707194405971
2018-06-26 12:00:00,148,1,3.0,0.0689554185853333,0.0,0.003592577308295865
2018-06-26 13:00:00,148,1,3.0,0.08370749580466628,0.0,0.004388784005038653
2018-06-26 14:00:00,148,1,3.0,0.1377730555555555,0.0,0.0071848648472222195
2018-06-26 15:00:00,148,1,3.0,0.1318022222222222,0.0,0.007619486466666666
2018-06-26 16:00:00,148,1,3.0,0.5314636111111111,0.0,0.034052202222916605
2018-06-26 17:00:00,148,2,2.2871327485380117,0.0,-0.0,0.0006772238888888888
2018-06-26 18:00:00,148,2,1.828356725146199,0.0,-0.0,0.00043583722222222224
2018-06-26 19:00:00,148,2,1.3648611111111113,0.0,-0.0,0.0004403208333333333
2018-06-26 20:00:00,148,2,0.0,0.7794480555555552,0.0,0.04900078767569442
2018-06-26 21:00:00,148,1,0.0,0.2111972222222222,0.0,0.011206652604166666
2018-06-26 22:00:00,148,1,0.0,0.1562911111111111,0.0,0.008086502088888888
2018-06-26 23:00:00,148,1,0.0,0.1325744444444444,0.0,0.007154711330555554
2018-06-27 00:00:00,148,1,0.0,0.0854486111111111,0.0,0.004229492628472222
2018-06-27 01:00:00,148,1,0.0,0.1304119444444444,0.0,0.006328239604166664
2018-06-27 02:00:00,148,1,0.0,0.1062636111111111,0.0,0.005131735439583333
2018-06-27 03:00:00,148,1,0.0,0.1088330555555555,0.0,0.005271056963194442
2018-06-27 04:00:00,148,0,1.4249999999999998,1.6650588888888889,0.0,0.08109814018333333
2018-06-27 05:00:00,148,0,2.8499999999999996,1.8485780555555555,0.0,0.09051365482013889
2018-06-27 06:00:00,148,1,2.8499999999999996,0.4673125,0.0,0.02272891171875
2018-06-27 07:00:00,148,1,2.8499999999999996,1.6850330555555555,0.0,0.08233492767708334
2018-06-27 08:00:00,148,1,2.8499999999999996,0.9033836111111112,0.0,0.04455262124097223
2018-06-27 09:00:00,148,1,2.8499999999999996,0.3477613888888889,0.0,0.017894062265277778
2018-06-27 10:00:00,148,1,2.8499999999999996,0.1442777777777777,0.0,0.007282060138888885
2018-06-27 11:00:00,148,1,2.8499999999999996,0.2897488888888889,0.0,0.014589580927777778
2018-06-27 12:00:00,148,1,2.8499999999999996,0.2029763888888889,0.0,0.010233054645833333
2018-06-27 13:00:00,148,1,2.8499999999999996,0.2132403392016076,0.0,0.010626299203264111
2018-06-27 14:00:00,148,1,2.8499999999999996,0.2249430555555555,0.0,0.012918479680555553
2018-06-27 15:00:00,148,1,2.8499999999999996,0.1480375,0.0,0.007800836062499999
2018-06-27 16:00:00,148,1,2.8499999999999996,0.0996,0.0,0.00544463399999999
2018-06-27 17:00:00,148,2,2.5593119883040933,0.0,-0.0,0.0002761536111111111
2018-06-27 18:00:00,148,2,2.239162573099415,0.0,-0.0,0.00030414194444444443
2018-06-27 19:00:00,148,2,1.188765497076023,0.0,-0.0,0.0009978772222222223
2018-06-27 20:00:00,148,1,1.188765497076023,0.3484483333333333,0.0,0.0176480369625
2018-06-27 21:00:00,148,2,0.9496827485380114,0.0,-0.0,0.0002271286111111111
2018-06-27 22:00:00,148,2,0.7903403508771927,0.0,-0.0,0.00015137527777777778
2018-06-27 23:00:00,148,2,0.6544292397660816,0.0,-0.0,0.0001291155555555555
2018-06-28 00:00:00,148,2,0.5395573099415202,0.0,-0.0,0.0001091283333333333
2018-06-28 01:00:00,148,0,1.9645573099415201,1.5989655555555555,0.0,0.06590100269259248
2018-06-28 02:00:00,148,0,3.0,1.188173562634657,0.0,0.049012940033343555
2018-06-28 03:00:00,148,1,3.0,0.1182322222222222,0.0,0.005465580052777765
2018-06-28 04:00:00,148,1,3.0,0.1126666666666666,0.0,0.00535955333333333
2018-06-28 05:00:00,148,1,3.0,0.3856586111111111,0.0,0.018251293770833295
2018-06-28 06:00:00,148,1,3.0,0.3677455555555555,0.0,0.01795149929444444
2018-06-28 07:00:00,148,1,3.0,0.5679316666666667,0.0,0.02795217680416667
2018-06-28 08:00:00,148,1,3.0,0.47833776251284166,0.0,0.02234794026459996
2018-06-28 09:00:00,148,1,3.0,0.1123164979187902,0.0,0.002807912447969755
2018-06-28 10:00:00,148,2,2.7473501138705894,0.0,-0.0,0.0002400173918229402
2018-06-28 11:00:00,148,0,3.0,0.31958307303034084,0.0,0.01611566975549703
2018-06-28 12:00:00,148,1,3.0,0.03781138890995711,0.0,0.0018663701565954831
2018-06-28 13:00:00,148,1,3.0,0.02206803716461561,0.0,0.001108974037614846
2018-06-28 14:00:00,148,1,3.0,0.02638483524436741,0.0,0.0013115241979093932
2018-06-28 15:00:00,148,1,3.0,0.0,0.029518130030831202,0.0
2018-06-28 16:00:00,148,1,3.0,0.024962349833131198,0.0,0.0012846249282875144
2018-06-28 17:00:00,148,1,3.0,0.195961691762322,0.0,0.010423202384837908
2018-06-28 18:00:00,148,2,1.9919298245614034,0.0,-0.0,0.0009576666666666668
2018-06-28 19:00:00,148,2,1.2389245614035087,0.0,-0.0,0.000715355
2018-06-28 20:00:00,148,2,1.007414619883041,0.0,-0.0,0.0002199344444444444
2018-06-28 21:00:00,148,1,1.007414619883041,0.1791883333333333,0.0,0.008968824054166666
2018-06-28 22:00:00,148,1,1.007414619883041,0.1868305555555555,0.0,0.009366282826388867
2018-06-28 23:00:00,148,2,0.8959964912280702,0.0,-0.0,0.00010584722222222221
2018-06-29 00:00:00,148,2,0.7164827485380119,0.0,-0.0,0.00017053805555555552
2018-06-29 01:00:00,148,2,0.5807394736842106,0.0,-0.0,0.00012895611111111112
2018-06-29 02:00:00,148,1,0.5807394736842106,0.1773219444444444,0.0,0.008771229981944443
2018-06-29 03:00:00,148,0,2.0057394736842102,2.232937777777778,0.0,0.10703422172222202
2018-06-29 04:00:00,148,0,3.0,1.54165891658972,0.0,0.0734775800763772
2018-06-29 05:00:00,148,1,3.0,0.6743916666666667,0.0,0.032077439625
2018-06-29 06:00:00,148,1,3.0,0.3732063888888889,0.0,0.01845225688263889
2018-06-29 07:00:00,148,1,3.0,1.2837141666666667,0.0,0.06535709751041655
2018-06-29 08:00:00,148,2,2.328330701754386,0.0,-0.0,0.0006380858333333334
2018-06-29 09:00:00,148,2,1.7132535087719298,0.0,-0.0,0.0005843233333333334
2018-06-29 10:00:00,148,1,1.7132535087719298,0.2895788888888889,0.0,0.014467361288888888
2018-06-29 11:00:00,148,1,1.7132535087719298,0.1297972222222222,0.0,0.006254279152777776
2018-06-29 12:00:00,148,1,1.7132535087719298,0.260975,0.0,0.012708177625
2018-06-29 13:00:00,148,0,3.0,1.541584435210834,0.0,0.07479169852312235
2018-06-29 14:00:00,148,1,3.0,0.4253344444444444,0.0,0.020248046227777778
2018-06-29 15:00:00,148,1,3.0,0.1259102777777777,0.0,0.0063235289256944405
2018-06-29 16:00:00,148,1,3.0,0.3918369444444444,0.0,0.019691765643055553
2018-06-29 17:00:00,148,1,3.0,0.7210975,0.0,0.03842548303125
2018-06-29 18:00:00,148,2,2.447837426900585,0.0,-0.0,0.0005245544444444445
2018-06-29 19:00:00,148,2,0.8688900584795323,0.012738055555555627,0.0,0.0021796389541666695
2018-06-29 20:00:00,148,2,0.5936397660818715,0.0,-0.0,0.0002614877777777777
2018-06-29 21:00:00,148,1,0.5936397660818715,0.2168113888888889,0.0,0.011034615637500002
2018-06-29 22:00:00,148,2,0.3943739766081873,0.0,-0.0,0.0001893025
2018-06-29 23:00:00,148,2,0.2629897660818715,0.0,-0.0,0.000124815
2018-06-30 00:00:00,148,2,0.11574649122807038,0.0,-0.0,0.0001398811111111111
2018-06-30 01:00:00,148,1,0.11574649122807038,0.1236416666666666,0.0,0.00581579489583333
2018-06-30 02:00:00,148,1,0.11574649122807038,0.1036766666666666,0.0,0.004813189249999997
2018-06-30 03:00:00,148,1,0.11574649122807038,0.1064936111111111,0.0,0.004859037240972221
2018-06-30 04:00:00,148,0,1.5407464912280702,1.6864133333333333,0.0,0.0782866151
2018-06-30 05:00:00,148,0,2.96574649122807,1.7405955555555555,0.0,0.08121927644444445
2018-06-30 06:00:00,148,1,2.96574649122807,0.3298997222222222,0.0,0.014551051997916665
2018-06-30 07:00:00,148,1,2.96574649122807,0.1706108333333333,0.0,0.00825628475208333
2018-06-30 08:00:00,148,1,2.96574649122807,0.5552002777777778,0.0,0.029073062545833337
2018-06-30 09:00:00,148,2,2.648652923976608,0.0,-0.0,0.0003012388888888889
2018-06-30 10:00:00,148,2,2.4058763157894734,0.0,-0.0,0.00023063777777777768
2018-06-30 11:00:00,148,1,2.4058763157894734,0.2084961111111111,0.0,0.010309611454166666
2018-06-30 12:00:00,148,1,2.4058763157894734,0.2023927777777777,0.0,0.009965314395833329
2018-06-30 13:00:00,148,0,3.0,1.3626000184672211,0.0,0.06572020273402587
2018-06-30 14:00:00,148,1,3.0,0.6678602777777778,0.0,0.03204894507986111
2018-06-30 15:00:00,148,1,3.0,0.1270805555555555,0.0,0.006455374520833331
2018-06-30 16:00:00,148,1,3.0,0.2136113888888889,0.0,0.011058661602777776
2018-06-30 17:00:00,148,1,3.0,0.1920072222222222,0.0,0.010485034387499998
2018-06-30 18:00:00,148,1,3.0,0.4088416666666666,0.0,0.023497152687499998
2018-06-30 19:00:00,148,2,2.3777084795321635,0.0,-0.0,0.0005911769444444444
2018-06-30 20:00:00,148,2,2.2545865497076023,0.0,-0.0,0.0001169658333333333
2018-06-30 21:00:00,148,2,1.9449239766081872,0.0,-0.0,0.0002941794444444444
2018-06-30 22:00:00,148,2,1.8131076023391814,0.0,-0.0,0.00012522555555555552
2018-06-30 23:00:00,148,0,3.0,1.365419307479224,0.0,0.07520047011166511
2018-06-14 08:00:00,151,1,1.5,0.2736522222222222,0.0,0.013801649827777776
2018-06-14 09:00:00,151,1,1.5,0.2747083333333333,0.0,0.014116574479166637
2018-06-14 10:00:00,151,2,1.2080026315789474,0.0,-0.0,0.00027739750000000004
2018-06-14 11:00:00,151,2,0.8945923976608188,0.0,-0.0,0.00029773972222222223
2018-06-14 12:00:00,151,1,0.8945923976608188,0.3755266666666667,0.0,0.019165942249999963
2018-06-14 13:00:00,151,0,2.3195923976608186,1.7201772222222222,0.0,0.08094638500833333
2018-06-14 14:00:00,151,0,3.0,0.9862755480727087,0.0,0.04384111686825728
2018-06-14 15:00:00,151,1,3.0,0.2653471443190177,0.0,0.012428860239902789
2018-06-14 16:00:00,151,1,3.0,0.266301225270222,0.0,0.013141299714022281
2018-06-14 17:00:00,151,1,3.0,0.47614264534139594,0.0,0.025528387929978944
2018-06-14 18:00:00,151,1,3.0,0.4106922222222222,0.0,0.021797489694444443
2018-06-14 19:00:00,151,1,3.0,0.4926430555555555,0.0,0.026440152791666664
2018-06-14 20:00:00,151,1,3.0,0.4270269444444444,0.0,0.023258022529166623
2018-06-14 21:00:00,151,2,2.588409649122807,0.0,-0.0,0.00039101083333333334
2018-06-14 22:00:00,151,2,2.220827192982456,0.0,-0.0,0.0003492033333333333
2018-06-14 23:00:00,151,2,1.9224733918128654,0.0,-0.0,0.0002834361111111111
2018-06-15 00:00:00,151,2,1.6334891812865495,0.0,-0.0,0.00027453499999999996
2018-06-15 01:00:00,151,2,1.347431871345029,0.0,-0.0,0.00027175444444444444
2018-06-15 02:00:00,151,1,1.347431871345029,0.2707475,0.0,0.013849411493749998
2018-06-15 03:00:00,151,0,2.772431871345029,1.7806083333333333,0.0,0.08702706977083334
2018-06-15 04:00:00,151,0,3.0,0.5209126208064021,0.0,0.025309767556444297
2018-06-15 05:00:00,151,1,3.0,0.2784375,0.0,0.013772214843749972
2018-06-15 06:00:00,151,1,3.0,0.4456344444444444,0.0,0.022696162255555555
2018-06-15 07:00:00,151,1,3.0,0.4341830555555555,0.0,0.024055912193055508
2018-06-15 08:00:00,151,2,1.9858327485380118,0.0,-0.0,0.0009634588888888888
2018-06-15 09:00:00,151,2,1.611318128654971,0.0,-0.0,0.0003557888888888889
2018-06-15 10:00:00,151,2,1.1985514619883042,0.0,-0.0,0.0003921283333333333
2018-06-15 11:00:00,151,0,2.623551461988304,1.9705203068789556,0.0,0.10290790129275826
2018-06-15 12:00:00,151,1,2.623551461988304,0.369590198386352,0.0,0.019255649335928937
2018-06-15 13:00:00,151,1,2.623551461988304,0.3311584394939848,0.0,0.017394097034421553
2018-06-15 14:00:00,151,0,3.0,0.6615459132659552,0.0,0.034659378331786665
2018-06-15 15:00:00,151,1,3.0,0.4566543952778451,0.0,0.023757444914329892
2018-06-15 16:00:00,151,1,3.0,1.3242328168936315,0.0,0.07063788903514853
2018-06-15 17:00:00,151,2,1.5703113553237988,0.0,-0.0,0.001358204212442391
2018-06-15 18:00:00,151,2,1.1829294839787696,0.0,-0.0,0.0003680127777777778
2018-06-15 19:00:00,151,2,0.8819648640957287,0.0,-0.0,0.00028591638888888886
2018-06-15 20:00:00,151,0,2.3069648640957285,1.9539527777777776,0.0,0.10079988016666666
2018-06-15 21:00:00,151,1,2.3069648640957285,0.4174244444444444,0.0,0.021461877811111064
2018-06-15 22:00:00,151,0,3.0,1.1572892804840285,0.0,0.05897009370973165
2018-06-15 23:00:00,151,2,2.700263157894737,0.0,-0.0,0.00028475
2018-06-16 00:00:00,151,2,2.4050172514619885,0.0,-0.0,0.0002804836111111111
2018-06-16 01:00:00,151,2,2.1081543859649123,0.0,-0.0,0.00028201972222222224
2018-06-16 02:00:00,151,2,1.8147865497076023,0.0,-0.0,0.0002786994444444444
2018-06-16 03:00:00,151,2,1.5192926900584796,0.0,-0.0,0.0002807191666666667
2018-06-16 04:00:00,151,1,1.5192926900584796,0.2843275,0.0,0.01409766826875
2018-06-16 05:00:00,151,1,1.5192926900584796,0.3185408333333333,0.0,0.015469139218749997
2018-06-16 06:00:00,151,1,1.5192926900584796,0.4759555555555556,0.0,0.023394405444444447
2018-06-16 07:00:00,151,1,1.5192926900584796,0.08217506358508725,0.0,0.003898385016476531
2018-06-16 08:00:00,151,1,1.5192926900584796,0.4054525,0.0,0.01901572225
2018-06-16 09:00:00,151,2,1.085932456140351,0.0,-0.0,0.0004116922222222222
2018-06-16 10:00:00,151,2,0.21049356725146207,0.0,-0.0,0.0008316669444444444
2018-06-16 11:00:00,151,2,0.0,0.6602772222222222,0.0,0.03127591635277778
2018-06-16 12:00:00,151,1,0.0,0.427875,0.0,0.019836284999999957
2018-06-16 13:00:00,151,0,1.4249999999999998,1.9251894444444444,0.0,0.09024160744166666
2018-06-16 14:00:00,151,0,2.8499999999999996,1.887378611111111,0.0,0.08837603746944445
2018-06-16 15:00:00,151,1,2.8499999999999996,0.6076138888888889,0.0,0.028146194368055558
2018-06-16 16:00:00,151,1,2.8499999999999996,0.763295,0.0,0.035206981874999925
2018-06-16 17:00:00,151,1,2.8499999999999996,0.3413316666666666,0.0,0.015935068858333328
2018-06-16 18:00:00,151,1,2.8499999999999996,0.5092677777777778,0.0,0.02359437614444439
2018-06-16 19:00:00,151,1,2.8499999999999996,0.3004502777777778,0.0,0.014459920743749998
2018-06-16 20:00:00,151,1,2.8499999999999996,0.2921208333333333,0.0,0.014104324135416636
2018-06-16 21:00:00,151,1,2.8499999999999996,0.4026572222222222,0.0,0.019681885022222224
2018-06-16 22:00:00,151,1,2.8499999999999996,0.4333041666666666,0.0,0.02119723983333333
2018-06-16 23:00:00,151,2,2.540966959064327,0.0,-0.0,0.0002935813888888889
2018-06-17 00:00:00,151,2,2.2421821637426897,0.0,-0.0,0.00028384555555555557
2018-06-17 01:00:00,151,2,1.9534728070175436,0.0,-0.0,0.0002742738888888889
2018-06-17 02:00:00,151,2,1.6670327485380114,0.0,-0.0,0.0002721180555555555
2018-06-17 03:00:00,151,1,1.6670327485380114,0.2758552777777778,0.0,0.01138937478125
2018-06-17 04:00:00,151,0,3.0,1.6888412003693447,0.0,0.070409174869683
2018-06-17 05:00:00,151,1,3.0,0.2807836111111111,0.0,0.01155775539236111
2018-06-17 06:00:00,151,1,3.0,0.2766733333333333,0.0,0.011963354933333333
2018-06-17 07:00:00,151,1,3.0,0.5043208333333333,0.0,0.022177508645833333
2018-06-17 08:00:00,151,1,3.0,0.0,0.745663843591803,0.0
2018-06-17 09:00:00,151,1,3.0,0.007343979166461789,0.0,0.0003822173957185038
2018-06-17 10:00:00,151,1,3.0,0.539625,0.0,0.02830333125
2018-06-17 11:00:00,151,1,3.0,0.0,0.5264448108020672,0.0
2018-06-17 12:00:00,151,1,3.0,0.0,0.7490716114177873,0.0
2018-06-17 13:00:00,151,1,3.0,0.22539048717698532,0.0,0.01166677509249868
2018-06-17 14:00:00,151,1,3.0,0.24424391630682118,0.0,0.012378892288220464
2018-06-17 15:00:00,151,1,3.0,0.4180102777777778,0.0,0.02156410520486111
2018-06-17 16:00:00,151,1,3.0,0.3809297222222222,0.0,0.020341647166666667
2018-06-17 17:00:00,151,2,2.6488283625730995,0.0,-0.0,0.0003336130555555555
2018-06-17 18:00:00,151,2,2.3007587719298246,0.0,-0.0,0.0003306661111111111
2018-06-17 19:00:00,151,2,1.8971137426900586,0.0,-0.0,0.0003834627777777777
2018-06-17 20:00:00,151,2,1.5010777777777777,0.0,-0.0,0.0003762341666666667
2018-06-17 21:00:00,151,1,1.5010777777777777,0.3732936111111111,0.0,0.018815864468055516
2018-06-17 22:00:00,151,1,1.5010777777777777,0.3504297222222222,0.0,0.017561785529166665
2018-06-17 23:00:00,151,2,0.8325491228070174,0.0,-0.0,0.0006351022222222222
2018-06-18 00:00:00,151,2,0.8325491228070174,0.0,-0.0,0.0
2018-06-18 01:00:00,151,1,0.8325491228070174,0.0,-0.0,0.0
2018-06-18 02:00:00,151,1,0.8325491228070174,0.0,-0.0,0.0
2018-06-18 03:00:00,151,0,2.257549122807017,1.5,0.0,0.05537625
2018-06-18 04:00:00,151,0,3.0,0.7815272391505085,0.0,0.029764464903047117
2018-06-18 05:00:00,151,1,3.0,0.0,-0.0,0.0
2018-06-18 06:00:00,151,1,3.0,0.0,-0.0,0.0
2018-06-18 07:00:00,151,2,3.0,0.0,-0.0,0.0
2018-06-18 08:00:00,151,2,3.0,0.0,-0.0,0.0
2018-06-18 09:00:00,151,2,3.0,0.0,-0.0,0.0
2018-06-18 10:00:00,151,1,3.0,0.0,-0.0,0.0
2018-06-18 11:00:00,151,1,3.0,0.0,0.0644699251658487,0.0
2018-06-18 12:00:00,151,1,3.0,0.0,0.051355569461379,0.0
2018-06-18 13:00:00,151,1,3.0,0.0,1.0285846144021027,0.0
2018-06-18 14:00:00,151,1,3.0,0.0,0.0784591953454462,0.0
2018-06-18 15:00:00,151,1,3.0,0.0,0.055166317412679,0.0
2018-06-18 16:00:00,151,1,3.0,0.0,0.0113931991223837,0.0
2018-06-18 17:00:00,151,2,3.0,0.0,-0.0,0.0
2018-06-18 18:00:00,151,2,3.0,0.0,-0.0,0.0
2018-06-18 19:00:00,151,2,3.0,0.0,-0.0,0.0
2018-06-18 20:00:00,151,2,3.0,0.0,-0.0,0.0
2018-06-18 21:00:00,151,2,3.0,0.0,-0.0,0.0
2018-06-18 22:00:00,151,2,3.0,0.0,-0.0,0.0
2018-06-18 23:00:00,151,2,3.0,0.0,-0.0,0.0
2018-06-19 00:00:00,151,1,3.0,0.0,-0.0,0.0
2018-06-19 01:00:00,151,1,3.0,0.0,-0.0,0.0
2018-06-19 02:00:00,151,1,3.0,0.0,-0.0,0.0
2018-06-19 03:00:00,151,1,3.0,0.0,-0.0,0.0
2018-06-19 04:00:00,151,1,3.0,0.0,-0.0,0.0
2018-06-19 05:00:00,151,1,3.0,0.0,-0.0,0.0
2018-06-19 06:00:00,151,1,3.0,0.0,-0.0,0.0
2018-06-19 07:00:00,151,1,3.0,0.0,0.4028695981141451,0.0
2018-06-19 08:00:00,151,1,3.0,0.0,0.4992933057849777,0.0
2018-06-19 09:00:00,151,1,3.0,0.2932330446638085,0.0,0.017681952593227652
2018-06-19 10:00:00,151,1,3.0,0.3013449488141434,0.0,0.018293145117762578
2018-06-19 11:00:00,151,1,3.0,0.0,0.9811611623280456,0.0
2018-06-19 12:00:00,151,1,3.0,0.0,1.0498415372763388,0.0
2018-06-19 13:00:00,151,1,3.0,0.12872939419066962,0.0,0.0071081153237233
2018-06-19 14:00:00,151,1,3.0,0.03239482647874681,0.0,0.001758877103663558
2018-06-19 15:00:00,151,1,3.0,0.023159428874002408,0.0,0.0013903184138785473
2018-06-19 16:00:00,151,2,2.835539307507944,0.0,-0.0,0.00015623765786745332
2018-06-19 17:00:00,151,2,1.7941376725482547,0.0,-0.0,0.0009893315532117047
2018-06-19 18:00:00,151,2,1.3602780234254477,0.0,-0.0,0.0004121666666666667
2018-06-19 19:00:00,151,1,1.3602780234254477,0.4633980555555556,0.0,0.025527440385416666
2018-06-19 20:00:00,151,1,1.3602780234254477,0.4128027777777778,0.0,0.02161744946527778
2018-06-19 21:00:00,151,0,2.7852780234254473,1.8770275,0.0,0.09680137874375
2018-06-19 22:00:00,151,1,2.7852780234254473,0.28098,0.0,0.01433208735
2018-06-19 23:00:00,151,2,2.4886818245950377,0.0,-0.0,0.0002817663888888889
2018-06-20 00:00:00,151,2,2.200640011729541,0.0,-0.0,0.00027363972222222224
2018-06-20 01:00:00,151,2,1.9118049240102426,0.0,-0.0,0.0002743933333333333
2018-06-20 02:00:00,151,1,1.9118049240102426,0.2722327777777777,0.0,0.01426908104722222
2018-06-20 03:00:00,151,0,3.0,1.4216737788196276,0.0,0.06925075087539612
2018-06-20 04:00:00,151,1,3.0,0.3576577777777778,0.0,0.01711034808888889
2018-06-20 05:00:00,151,1,3.0,0.3015988888888888,0.0,0.014973630836111106
2018-06-20 06:00:00,151,1,3.0,0.4098977777777777,0.0,0.02089966294444444
2018-06-20 07:00:00,151,1,3.0,0.3047980555555555,0.0,0.016399659379166633
2018-06-20 08:00:00,151,2,2.708555555555556,0.0,-0.0,0.0002768722222222222
2018-06-20 09:00:00,151,2,2.416938888888889,0.0,-0.0,0.0002770358333333333
2018-06-20 10:00:00,151,2,2.1271611111111115,0.0,-0.0,0.0002752888888888888
2018-06-20 11:00:00,151,1,2.1271611111111115,0.2780777777777777,0.0,0.013938648611111108
2018-06-20 12:00:00,151,1,2.1271611111111115,0.0,2.468729714160226,0.0
2018-06-20 13:00:00,151,0,3.0,0.21680581186157033,0.0,0.011750938152911485
2018-06-20 14:00:00,151,1,3.0,0.0,1.4285081954966459,0.0
2018-06-20 15:00:00,151,1,3.0,0.2612763910846579,0.0,0.013576574471736536
2018-06-20 16:00:00,151,1,3.0,0.24394465568644103,0.0,0.012566199076047793
2018-06-20 17:00:00,151,1,3.0,0.9878640726784461,0.0,0.050163737610611395
2018-06-20 18:00:00,151,1,3.0,0.7061477777777778,0.0,0.0379413201
2018-06-20 19:00:00,151,2,2.561369298245614,0.0,-0.0,0.00041669916666666666
2018-06-20 20:00:00,151,2,2.1603122807017545,0.0,-0.0,0.0003810041666666666
2018-06-20 21:00:00,151,2,1.8287350877192985,0.0,-0.0,0.00031499833333333336
2018-06-20 22:00:00,151,2,1.5382611111111113,0.0,-0.0,0.0002759502777777777
2018-06-20 23:00:00,151,2,1.2473271929824563,0.0,-0.0,0.0002763872222222222
2018-06-21 00:00:00,151,2,0.962469590643275,0.0,-0.0,0.0002706147222222222
2018-06-21 01:00:00,151,2,0.6751087719298248,0.0,-0.0,0.0002729927777777777
2018-06-21 02:00:00,151,1,0.6751087719298248,0.2710577777777778,0.0,0.012258588
2018-06-21 03:00:00,151,0,2.1001087719298246,1.7739711111111112,0.0,0.06842306016666667
2018-06-21 04:00:00,151,0,3.0,1.3404825353955063,0.0,0.05178840528549746
2018-06-21 05:00:00,151,1,3.0,0.3049780555555555,0.0,0.012539935199305555
2018-06-21 06:00:00,151,2,2.706843274853801,0.0,-0.0,0.0002784988888888889
2018-06-21 07:00:00,151,2,2.706843274853801,0.0,0.26603812572765895,0.0
2018-06-21 08:00:00,151,0,3.0,0.0,1.4504372745342669,0.000308586026469683
2018-06-21 09:00:00,151,2,3.0,0.0,1.0711251861269706,0.0
2018-06-21 10:00:00,151,1,3.0,0.7761250597128784,0.0,0.03626250310243496
2018-06-21 11:00:00,151,1,3.0,0.0344024177387266,0.0,0.0015889616693074314
2018-06-21 12:00:00,151,1,3.0,0.0,0.03679214158762151,0.0
2018-06-21 13:00:00,151,1,3.0,0.0,0.06812146889247883,0.0
2018-06-21 14:00:00,151,1,3.0,0.0401760015057932,0.0,0.001859244909684345
2018-06-21 15:00:00,151,1,3.0,0.0,0.00881683012591461,0.0
2018-06-21 16:00:00,151,1,3.0,0.15964837635499027,0.0,0.007805209119995475
2018-06-21 17:00:00,151,1,3.0,0.8336203400975252,0.0,0.04277931180295475
2018-06-21 18:00:00,151,1,3.0,0.41910611111111107,0.0,0.021609111088888886
2018-06-21 19:00:00,151,2,2.481197076023392,0.0,-0.0,0.0004928627777777777
2018-06-21 20:00:00,151,2,2.0271769005847955,0.0,-0.0,0.0004313191666666666
2018-06-21 21:00:00,151,2,1.6176166666666667,0.0,-0.0,0.00038908222222222224
2018-06-21 22:00:00,151,2,1.2181464912280702,0.0,-0.0,0.0003794966666666666
2018-06-21 23:00:00,151,2,0.8885915204678363,0.0,-0.0,0.00031307722222222216
2018-06-22 00:00:00,151,2,0.5997043859649124,0.0,-0.0,0.0002744427777777777
2018-06-22 01:00:00,151,0,2.0247043859649123,1.7873266666666667,0.0,0.08286357818333334
2018-06-22 02:00:00,151,0,3.0,1.2990227954755307,0.0,0.06073296219918628
2018-06-22 03:00:00,151,1,3.0,0.2735725,0.0,0.012680085375
2018-06-22 04:00:00,151,1,3.0,0.2765258333333333,0.0,0.01275060617499997
2018-06-22 05:00:00,151,1,3.0,0.2774447222222222,0.0,0.01319041570625
2018-06-22 06:00:00,151,1,3.0,0.9727594444444444,0.0,0.046916188005555554
2018-06-22 07:00:00,151,1,3.0,0.5475749295866873,0.0,0.02668880206805514
2018-06-22 08:00:00,151,2,3.0,0.0,1.3951611656815972,0.0
2018-06-22 09:00:00,151,2,2.8728898744681066,0.0,-0.0,0.00012075461925529879
2018-06-22 10:00:00,151,1,2.8728898744681066,0.0,2.471095348893685,0.0
2018-06-22 11:00:00,151,1,2.8728898744681066,0.0,1.7347309870054468,0.0
2018-06-22 12:00:00,151,1,2.8728898744681066,0.0,2.821814179789782,0.0
2018-06-22 13:00:00,151,1,2.8728898744681066,0.0,0.11085751267930677,0.0
2018-06-22 14:00:00,151,1,2.8728898744681066,0.17072793333837633,0.0,0.008153539276407508
2018-06-22 15:00:00,151,1,2.8728898744681066,0.5004013911564495,0.0,0.023881656392941552
2018-06-22 16:00:00,151,1,2.8728898744681066,0.9912448105682327,0.0,0.04817201968158969
2018-06-22 17:00:00,151,1,2.8728898744681066,0.3797140169818557,0.0,0.020005232984689068
2018-06-22 18:00:00,151,1,2.8728898744681066,0.29477555555555546,0.0,0.01592746020555555
2018-06-22 19:00:00,151,2,2.5294831493219077,0.0,-0.0,0.0003262363888888889
2018-06-22 20:00:00,151,2,2.1999518627722,0.0,-0.0,0.0003130547222222222
2018-06-22 21:00:00,151,2,1.801459757509042,0.0,-0.0,0.0003785675
2018-06-22 22:00:00,151,1,1.801459757509042,0.3832075,0.0,0.019207317918749998
2018-06-22 23:00:00,151,2,1.5051220382107964,0.0,-0.0,0.0002815208333333333
2018-06-23 00:00:00,151,2,1.2079430908423752,0.0,-0.0,0.00028232
2018-06-23 01:00:00,151,2,0.9215027399651823,0.0,-0.0,0.0002721183333333333
2018-06-23 02:00:00,151,2,0.6352960148189835,0.0,-0.0,0.0002718963888888889
2018-06-23 03:00:00,151,1,0.6352960148189835,0.2831638888888889,0.0,0.012996514590277777
2018-06-23 04:00:00,151,0,2.0602960148189835,1.7792430555555554,0.0,0.07068290081018512
2018-06-23 05:00:00,151,0,3.0,1.26716931188645,0.0,0.05023558544727792
2018-06-23 06:00:00,151,1,3.0,0.2775052777777778,0.0,0.012720841933333307
2018-06-23 07:00:00,151,1,3.0,0.4769905555555556,0.0,0.021898636405555557
2018-06-23 08:00:00,151,1,3.0,0.3472602777777778,0.0,0.016763121759027742
2018-06-23 09:00:00,151,2,2.707002811400552,0.0,-0.0,0.00027834732916947534
2018-06-23 10:00:00,151,2,2.442476025814112,0.0,-0.0,0.0002513004463071182
2018-06-23 11:00:00,151,2,2.2521796098766056,0.0,-0.0,0.00018078159514063082
2018-06-23 12:00:00,151,1,2.2521796098766056,0.1742757261566722,0.0,0.008407932408428633
2018-06-23 13:00:00,151,1,2.2521796098766056,0.1554243843242633,0.0,0.007202754530547173
2018-06-23 14:00:00,151,0,3.0,0.9107893021488721,0.0,0.04270853396268175
2018-06-23 15:00:00,151,1,3.0,0.13817075852000177,0.0,0.00624739084648188
2018-06-23 16:00:00,151,1,3.0,0.17286854346202718,0.0,0.00823070352558577
2018-06-23 17:00:00,151,1,3.0,0.2414033688197674,0.0,0.013791977969095362
2018-06-23 18:00:00,151,1,3.0,0.2775594444444444,0.0,0.015979097216666665
2018-06-23 19:00:00,151,2,2.707122807017544,0.0,-0.0,0.0002782333333333333
2018-06-23 20:00:00,151,2,2.414920760233918,0.0,-0.0,0.0002775919444444444
2018-06-23 21:00:00,151,2,2.1206295321637425,0.0,-0.0,0.0002795766666666666
2018-06-23 22:00:00,151,2,1.8229532163742688,0.0,-0.0,0.00028279250000000003
2018-06-23 23:00:00,151,2,1.4695023391812865,0.0,-0.0,0.0003357783333333333
2018-06-24 00:00:00,151,1,1.4695023391812865,0.2755205555555555,0.0,0.014017797065277747
2018-06-24 01:00:00,151,2,1.1819605263157893,0.0,-0.0,0.00027316472222222224
2018-06-24 02:00:00,151,2,0.8920923976608186,0.0,-0.0,0.0002753747222222222
2018-06-24 03:00:00,151,2,0.5936333333333332,0.0,-0.0,0.0002835361111111111
2018-06-24 04:00:00,151,2,0.2967026315789472,0.0,-0.0,0.0002820841666666667
2018-06-24 05:00:00,151,2,0.000864035087719206,0.0,-0.0,0.0002810466666666666
2018-06-24 06:00:00,151,1,0.000864035087719206,0.2802319444444444,0.0,0.01346304319097222
2018-06-24 07:00:00,151,1,0.000864035087719206,0.2734821353534184,0.0,0.012980829554550006
2018-06-24 08:00:00,151,0,1.425864035087719,1.9352993188839205,0.0,0.08856427810829037
2018-06-24 09:00:00,151,0,2.850864035087719,1.6089837884088383,0.0,0.07637808305307632
2018-06-24 10:00:00,151,1,2.850864035087719,0.10168460258104883,0.0,0.004913654208222732
2018-06-24 11:00:00,151,2,2.59766959455062,0.0,-0.0,0.00024053471851024383
2018-06-24 12:00:00,151,1,2.59766959455062,0.0,0.031895332404223486,0.0
2018-06-24 13:00:00,151,1,2.59766959455062,0.0,0.15725771358637136,0.0
2018-06-24 14:00:00,151,0,3.0,0.4334865142309771,0.0,0.020820129900799764
2018-06-24 15:00:00,151,1,3.0,0.0072581778348014825,0.0,0.00033273301739188696
2018-06-24 16:00:00,151,1,3.0,0.1490014209855767,0.0,0.0070682549080032945
2018-06-24 17:00:00,151,1,3.0,0.1467539896945596,0.0,0.007341735219444581
2018-06-24 18:00:00,151,1,3.0,0.39980638888888875,0.0,0.021069796694444438
2018-06-24 19:00:00,151,1,3.0,0.3547063888888889,0.0,0.021325834865972223
2018-06-24 20:00:00,151,2,1.7956087719298246,0.0,-0.0,0.0011441716666666666
2018-06-24 21:00:00,151,2,1.3881912280701756,0.0,-0.0,0.0003870466666666666
2018-06-24 22:00:00,151,2,1.0963798245614036,0.0,-0.0,0.00027722083333333333
2018-06-24 23:00:00,151,2,0.7990444444444444,0.0,-0.0,0.0002824686111111111
2018-06-25 00:00:00,151,2,0.5074450292397661,0.0,-0.0,0.0002770194444444444
2018-06-25 01:00:00,151,2,0.2179894736842105,0.0,-0.0,0.0002749827777777778
2018-06-25 02:00:00,151,0,1.6429894736842103,1.7729419444444445,0.0,0.08274506460416667
2018-06-25 03:00:00,151,0,3.0,1.7096537996306558,0.0,0.08071362709083549
2018-06-25 04:00:00,151,1,3.0,0.4401555555555556,0.0,0.020269163333333333
2018-06-25 05:00:00,151,1,3.0,0.31035,0.0,0.01444213725
2018-06-25 06:00:00,151,1,3.0,0.4453808333333333,0.0,0.021217942899999998
2018-06-25 07:00:00,151,2,2.735993794321959,0.0,-0.0,0.0002508058953941389
2018-06-25 08:00:00,151,2,2.643600272871049,0.0,-0.0,8.777384537836458e-05
2018-06-25 09:00:00,151,2,2.643600272871049,0.0,0.07249227004762271,0.0
2018-06-25 10:00:00,151,1,2.643600272871049,0.0,0.1943477621754639,0.0
2018-06-25 11:00:00,151,1,2.643600272871049,0.0,0.2538757368233115,0.0
2018-06-25 12:00:00,151,1,2.643600272871049,0.0,0.2401443658912225,0.0
2018-06-25 13:00:00,151,0,3.0,0.12286922303598607,0.0,0.006378547845042439
2018-06-25 14:00:00,151,1,3.0,0.0,0.1374094794685336,0.0
2018-06-25 15:00:00,151,1,3.0,0.0,0.04008728266409778,0.0
2018-06-25 16:00:00,151,1,3.0,0.07447028108939127,0.0,0.0043120154507784786
2018-06-25 17:00:00,151,2,2.62222276814272,0.0,-0.0,0.00035888837026441626
2018-06-25 18:00:00,151,2,2.3034879728210824,0.0,-0.0,0.00030279805555555545
2018-06-25 19:00:00,151,2,1.8925239377333631,0.0,-0.0,0.0003904158333333333
2018-06-25 20:00:00,151,2,1.4930844640491525,0.0,-0.0,0.00037946750000000004
2018-06-25 21:00:00,151,2,1.120790312002369,0.0,-0.0,0.0003536794444444444
2018-06-25 22:00:00,151,1,1.120790312002369,0.2766355555555556,0.0,0.014142992777777778
2018-06-25 23:00:00,151,0,2.545790312002369,1.7866830555555555,0.0,0.09165156027569445
2018-06-26 00:00:00,151,1,2.545790312002369,0.2725538888888889,0.0,0.014103982365277778
2018-06-26 01:00:00,151,1,2.545790312002369,0.2723980555555556,0.0,0.013871870979166668
2018-06-26 02:00:00,151,1,2.545790312002369,0.2809280555555555,0.0,0.014629328493055524
2018-06-26 03:00:00,151,0,3.0,0.7532704610501378,0.0,0.03865009607476587
2018-06-26 04:00:00,151,1,3.0,0.3984066666666667,0.0,0.02002292305
2018-06-26 05:00:00,151,1,3.0,0.3136983333333333,0.0,0.016098214220833334
2018-06-26 06:00:00,151,1,3.0,0.4121197222222222,0.0,0.021606406736805556
2018-06-26 07:00:00,151,1,3.0,0.2880047222222222,0.0,0.015722897797916666
2018-06-26 08:00:00,151,2,2.701100292397661,0.0,-0.0,0.0002839547222222222
2018-06-26 09:00:00,151,2,2.408445614035088,0.0,-0.0,0.0002780219444444444
2018-06-26 10:00:00,151,1,2.408445614035088,0.2768427777777777,0.0,0.015103849848611108
2018-06-26 11:00:00,151,0,3.0,0.9073885495537085,0.0,0.04701292842326483
2018-06-26 12:00:00,151,1,3.0,0.23053652969644442,0.0,0.012010953197184754
2018-06-26 13:00:00,151,1,3.0,0.2209997180268885,0.0,0.011587015216149764
2018-06-26 14:00:00,151,1,3.0,0.2842330555555555,0.0,0.01482275384722222
2018-06-26 15:00:00,151,1,3.0,0.2784827777777778,0.0,0.016099089383333334
2018-06-26 16:00:00,151,1,3.0,0.2794819444444444,0.0,0.017907106885416635
2018-06-26 17:00:00,151,2,2.6352479532163744,0.0,-0.0,0.00034651444444444443
2018-06-26 18:00:00,151,2,2.32743918128655,0.0,-0.0,0.0002924183333333333
2018-06-26 19:00:00,151,2,1.8427903508771932,0.0,-0.0,0.0004604163888888888
2018-06-26 20:00:00,151,2,1.444800292397661,0.0,-0.0,0.0003780905555555555
2018-06-26 21:00:00,151,2,1.1038160818713454,0.0,-0.0,0.00032393499999999997
2018-06-26 22:00:00,151,2,0.7744695906432753,0.0,-0.0,0.0003128791666666666
2018-06-26 23:00:00,151,2,0.471521637426901,0.0,-0.0,0.0002878005555555555
2018-06-27 00:00:00,151,2,0.17264912280701794,0.0,-0.0,0.0002839288888888889
2018-06-27 01:00:00,151,1,0.17264912280701794,0.2763925,0.0,0.0134119460625
2018-06-27 02:00:00,151,1,0.17264912280701794,0.2741958333333333,0.0,0.013241602281249999
2018-06-27 03:00:00,151,1,0.17264912280701794,0.2790444444444444,0.0,0.013514820055555554
2018-06-27 04:00:00,151,0,1.5976491228070178,1.9204380555555556,0.0,0.09330654124583333
2018-06-27 05:00:00,151,0,3.0,1.7965421514312094,0.0,0.08798415476488919
2018-06-27 06:00:00,151,1,3.0,0.2781322222222222,0.0,0.013527655958333334
2018-06-27 07:00:00,151,1,3.0,0.4392675,0.0,0.02146370821875
2018-06-27 08:00:00,151,1,3.0,0.2874427777777777,0.0,0.014175959193055553
2018-06-27 09:00:00,151,1,3.0,0.28369,0.0,0.01459726895
2018-06-27 10:00:00,151,1,3.0,0.2779358333333333,0.0,0.014028116347916666
2018-06-27 11:00:00,151,1,3.0,0.279185,0.0,0.014057662712500002
2018-06-27 12:00:00,151,1,3.0,0.2857827777777778,0.0,0.014407738741666667
2018-06-27 13:00:00,151,1,3.0,0.2784347836460521,0.0,0.013875101356041893
2018-06-27 14:00:00,151,1,3.0,0.2822794444444444,0.0,0.016211308494444444
2018-06-27 15:00:00,151,1,3.0,0.2830577777777778,0.0,0.0149157296
2018-06-27 16:00:00,151,1,3.0,0.2781152777777778,0.0,0.015203171659722195
2018-06-27 17:00:00,151,2,1.7033058479532164,0.0,-0.0,0.0012318594444444444
2018-06-27 18:00:00,151,2,1.0122801169590643,0.0,-0.0,0.0006564744444444445
2018-06-27 19:00:00,151,2,0.6444461988304093,0.0,-0.0,0.0003494422222222222
2018-06-27 20:00:00,151,1,0.6444461988304093,0.3493561111111111,0.0,0.0176940136375
2018-06-27 21:00:00,151,2,0.272078947368421,0.0,-0.0,0.0003537488888888889
2018-06-27 22:00:00,151,2,0.0,0.02132972222222229,0.0,0.0013285338395833367
2018-06-27 23:00:00,151,1,0.0,0.2837297222222222,0.0,0.014636197720833305
2018-06-28 00:00:00,151,1,0.0,0.2728508333333333,0.0,0.01344677119375
2018-06-28 01:00:00,151,0,1.4249999999999998,1.7815172222222222,0.0,0.07325357532037025
2018-06-28 02:00:00,151,0,2.8499999999999996,1.7724113888888888,0.0,0.07298725935185178
2018-06-28 03:00:00,151,1,2.8499999999999996,0.2783344444444444,0.0,0.012866705530555526
2018-06-28 04:00:00,151,1,2.8499999999999996,0.682625,0.0,0.03247247125
2018-06-28 05:00:00,151,1,2.8499999999999996,0.6978922222222222,0.0,0.0330277494166666
2018-06-28 06:00:00,151,1,2.8499999999999996,0.4210686111111111,0.0,0.020554464251388887
2018-06-28 07:00:00,151,1,2.8499999999999996,0.2991847222222222,0.0,0.01472512406597222
2018-06-28 08:00:00,151,1,2.8499999999999996,0.21787081806839712,0.0,0.010178924620155513
2018-06-28 09:00:00,151,1,2.8499999999999996,0.2532884423632347,0.0,0.006332211059080869
2018-06-28 10:00:00,151,2,2.596993681122051,0.0,-0.0,0.0002403560029340513
2018-06-28 11:00:00,151,0,3.0,0.6182685577948841,0.0,0.03108724630160354
2018-06-28 12:00:00,151,1,3.0,0.18209277779884603,0.0,0.00898809951215104
2018-06-28 13:00:00,151,1,3.0,0.1667074816090601,0.0,0.008377467719559292
2018-06-28 14:00:00,151,1,3.0,0.1435370574665896,0.0,0.007134868284020502
2018-06-28 15:00:00,151,1,3.0,0.1454327033025022,0.0,0.007564318480521396
2018-06-28 16:00:00,151,1,3.0,0.15291401649979788,0.0,0.007869337574120849
2018-06-28 17:00:00,151,1,3.0,0.6637869695400999,0.0,0.03530682890983791
2018-06-28 18:00:00,151,2,2.575802046783626,0.0,-0.0,0.00040298805555555545
2018-06-28 19:00:00,151,2,2.1605380116959063,0.0,-0.0,0.0003945008333333333
2018-06-28 20:00:00,151,2,1.7191122807017543,0.0,-0.0,0.00041935444444444445
2018-06-28 21:00:00,151,1,1.7191122807017543,0.4498427777777777,0.0,0.022515755634722218
2018-06-28 22:00:00,151,1,1.7191122807017543,0.2885786111111111,0.0,0.014467167221527749
2018-06-28 23:00:00,151,2,1.4276090643274852,0.0,-0.0,0.0002769280555555555
2018-06-29 00:00:00,151,2,1.1317359649122807,0.0,-0.0,0.0002810794444444444
2018-06-29 01:00:00,151,2,0.8467236842105262,0.0,-0.0,0.0002707616666666667
2018-06-29 02:00:00,151,1,0.8467236842105262,0.2755566666666666,0.0,0.013630410516666665
2018-06-29 03:00:00,151,0,2.271723684210526,1.7786597222222222,0.0,0.0855639051215276
2018-06-29 04:00:00,151,0,3.0,1.0472585926438907,0.0,0.04996943347709094
2018-06-29 05:00:00,151,1,3.0,0.2865749999999999,0.0,0.013630939874999996
2018-06-29 06:00:00,151,1,3.0,0.2767444444444444,0.0,0.013682937194444442
2018-06-29 07:00:00,151,1,3.0,0.5953319444444445,0.0,0.03030983762152772
2018-06-29 08:00:00,151,2,2.4562868421052633,0.0,-0.0,0.0005165275000000001
2018-06-29 09:00:00,151,2,1.9676251461988306,0.0,-0.0,0.0004642286111111111
2018-06-29 10:00:00,151,1,1.9676251461988306,0.2802455555555556,0.0,0.014001067955555556
2018-06-29 11:00:00,151,1,1.9676251461988306,0.2801119444444444,0.0,0.013497194043055554
2018-06-29 12:00:00,151,1,1.9676251461988306,0.2845961111111111,0.0,0.013858407630555555
2018-06-29 13:00:00,151,0,3.0,1.3651467613111725,0.0,0.06611888921438312
2018-06-29 14:00:00,151,1,3.0,0.2855536111111111,0.0,0.013593779656944445
2018-06-29 15:00:00,151,1,3.0,0.2773383333333333,0.0,0.013928624445833333
2018-06-29 16:00:00,151,1,3.0,0.30516,0.0,0.0153358158
2018-06-29 17:00:00,151,1,3.0,0.3390577777777778,0.0,0.018067541333333336
2018-06-29 18:00:00,151,2,2.538919298245614,0.0,-0.0,0.0004380266666666667
2018-06-29 19:00:00,151,2,2.1610137426900584,0.0,-0.0,0.00035901027777777777
2018-06-29 20:00:00,151,2,1.8463046783625732,0.0,-0.0,0.0002989736111111111
2018-06-29 21:00:00,151,1,1.8463046783625732,0.3063711111111111,0.0,0.0155927577
2018-06-29 22:00:00,151,2,1.4409660818713452,0.0,-0.0,0.0003850716666666666
2018-06-29 23:00:00,151,2,1.0543149122807018,0.0,-0.0,0.0003673186111111111
2018-06-30 00:00:00,151,2,0.7620456140350877,0.0,-0.0,0.00027765583333333335
2018-06-30 01:00:00,151,2,0.47362690058479534,0.0,-0.0,0.0002739977777777778
2018-06-30 02:00:00,151,1,0.47362690058479534,0.2821741666666666,0.0,0.013099935687499998
2018-06-30 03:00:00,151,1,0.47362690058479534,0.2762888888888889,0.0,0.01260637127777778
2018-06-30 04:00:00,151,0,1.898626900584795,1.7802619444444443,0.0,0.08255977698541665
2018-06-30 05:00:00,151,0,3.0,1.4448442713142509,0.0,0.06733320773084028
2018-06-30 06:00:00,151,1,3.0,0.2801580555555555,0.0,0.012357071435416665
2018-06-30 07:00:00,151,1,3.0,0.4983222222222222,0.0,0.024115058138888888
2018-06-30 08:00:00,151,1,3.0,0.9890911111111113,0.0,0.05179375603333334
2018-06-30 09:00:00,151,2,1.9370695906432749,0.0,-0.0,0.001009783888888889
2018-06-30 10:00:00,151,2,1.6282073099415204,0.0,-0.0,0.0002934191666666667
2018-06-30 11:00:00,151,1,1.6282073099415204,0.2935149999999999,0.0,0.014513582962499995
2018-06-30 12:00:00,151,1,1.6282073099415204,0.2924425,0.0,0.014399137593749998
2018-06-30 13:00:00,151,0,3.0,1.7239423053247154,0.0,0.08380102608644968
2018-06-30 14:00:00,151,1,3.0,0.2805819444444444,0.0,0.013464426059027776
2018-06-30 15:00:00,151,1,3.0,0.2836830555555555,0.0,0.014410390014583331
2018-06-30 16:00:00,151,1,3.0,0.4015377777777777,0.0,0.02078761075555555
2018-06-30 17:00:00,151,1,3.0,0.3618436111111111,0.0,0.01975937499375
2018-06-30 18:00:00,151,1,3.0,0.351015,0.0,0.0201737095875
2018-06-30 19:00:00,151,2,2.6888116959064328,0.0,-0.0,0.0002956288888888889
2018-06-30 20:00:00,151,2,2.3901473684210526,0.0,-0.0,0.0002837311111111111
2018-06-30 21:00:00,151,2,2.0976944444444445,0.0,-0.0,0.0002778302777777778
2018-06-30 22:00:00,151,2,1.7969804093567252,0.0,-0.0,0.0002856783333333333
2018-06-30 23:00:00,151,0,3.0,1.5944250223145584,0.0,0.08762039561975994
2018-05-26 09:00:00,153,2,1.4000850877192983,0.0,-0.0,9.49191666666666e-05
2018-05-26 10:00:00,153,2,1.3041277777777778,0.0,-0.0,9.115944444444441e-05
2018-05-26 11:00:00,153,2,1.2120283625730994,0.0,-0.0,8.749444444444441e-05
2018-05-26 12:00:00,153,1,1.2120283625730994,0.098725,0.0,0.0046289684375
2018-05-26 13:00:00,153,0,2.6370283625730995,1.5789702777777777,0.0,0.07527738622916666
2018-05-26 14:00:00,153,0,3.0,0.49642540781779004,0.0,0.023447240918551857
2018-05-26 15:00:00,153,1,3.0,0.0675616666666666,0.0,0.0031661086041666637
2018-05-26 16:00:00,153,1,3.0,0.11087,0.0,0.005202297574999989
2018-05-26 17:00:00,153,1,3.0,0.0825430555555555,0.0,0.00422826802083333
2018-05-26 18:00:00,153,1,3.0,0.0922263888888888,0.0,0.004838657493055551
2018-05-26 19:00:00,153,2,2.896417251461988,0.0,-0.0,9.84036111111111e-05
2018-05-26 20:00:00,153,2,1.6756760233918127,0.0,-0.0,0.0011597041666666667
2018-05-26 21:00:00,153,2,1.2947578947368419,0.0,-0.0,0.00036187222222222224
2018-05-26 22:00:00,153,2,0.28852543859649105,0.0,-0.0,0.0009559208333333332
2018-05-26 23:00:00,153,2,0.18445730994152032,0.0,-0.0,9.88647222222222e-05
2018-05-27 00:00:00,153,2,0.06402514619883032,0.0,-0.0,0.00011441055555555551
2018-05-27 01:00:00,153,1,0.06402514619883032,0.0715461111111111,0.0,0.0026175144749999994
2018-05-27 02:00:00,153,1,0.06402514619883032,0.1082802777777777,0.0,0.0037914339263888856
2018-05-27 03:00:00,153,1,0.06402514619883032,0.0883063888888888,0.0,0.003077256886805552
2018-05-27 04:00:00,153,0,1.4890251461988302,1.5899641666666666,0.0,0.056039745827083334
2018-05-27 05:00:00,153,0,2.91402514619883,1.6145705555555554,0.0,0.05808262511944444
2018-05-27 06:00:00,153,1,2.91402514619883,0.1056891666666666,0.0,0.0035992445708333313
2018-05-27 07:00:00,153,1,2.91402514619883,1.0683972222222222,0.0,0.03837148623611111
2018-05-27 08:00:00,153,1,2.91402514619883,0.1271108333333333,0.0,0.004956369168749999
2018-05-27 09:00:00,153,1,2.91402514619883,0.0900647222222222,0.0,0.004215479323611101
2018-05-27 10:00:00,153,1,2.91402514619883,0.1075636111111111,0.0,0.005232969680555544
2018-05-27 11:00:00,153,1,2.91402514619883,0.0696475,0.0,0.0034795891
2018-05-27 12:00:00,153,2,2.7889722222222217,0.0,-0.0,0.0001188002777777777
2018-05-27 13:00:00,153,2,2.706749415204678,0.0,-0.0,7.81116666666666e-05
2018-05-27 14:00:00,153,1,2.706749415204678,0.1027647222222222,0.0,0.005170350086805555
2018-05-27 15:00:00,153,0,3.0,0.46119982610033894,0.0,0.02296743228240999
2018-05-27 16:00:00,153,1,3.0,0.1954577777777777,0.0,0.00970643324444444
2018-05-27 17:00:00,153,1,3.0,0.2203925,0.0,0.011048276025
2018-05-27 18:00:00,153,1,3.0,0.2128294444444444,0.0,0.010257315074999999
2018-05-27 19:00:00,153,1,3.0,0.2072702777777778,0.0,0.011459455482638868
2018-05-27 20:00:00,153,1,3.0,0.2568755555555556,0.0,0.014769702255555557
2018-05-27 21:00:00,153,2,2.821676023391813,0.0,-0.0,0.00016940777777777773
2018-05-27 22:00:00,153,2,2.6961698830409357,0.0,-0.0,0.0001192308333333333
2018-05-27 23:00:00,153,2,2.57576783625731,0.0,-0.0,0.0001143819444444444
2018-05-28 00:00:00,153,1,2.57576783625731,0.0726958333333333,0.0,0.0036118924791666653
2018-05-28 01:00:00,153,1,2.57576783625731,0.1096319444444444,0.0,0.005493656736111109
2018-05-28 02:00:00,153,0,3.0,0.5211668390273929,0.0,0.02631337331038775
2018-05-28 03:00:00,153,1,3.0,0.1209833333333333,0.0,0.006050678958333332
2018-05-28 04:00:00,153,1,3.0,0.0701827777777777,0.0,0.003489663168055552
2018-05-28 05:00:00,153,1,3.0,0.1152425,0.0,0.00571228261875
2018-05-28 06:00:00,153,1,3.0,0.0809394444444444,0.0,0.004387322586111109
2018-05-28 07:00:00,153,1,3.0,0.9528388888888888,0.0,0.05274439669444444
2018-05-28 08:00:00,153,1,3.0,0.1951152777777778,0.0,0.011083035565972222
2018-05-28 09:00:00,153,2,2.122594736842105,0.0,-0.0,0.000833535
2018-05-28 10:00:00,153,2,1.7292134502923973,0.0,-0.0,0.00037371222222222223
2018-05-28 11:00:00,153,2,1.5547441520467833,0.0,-0.0,0.0001657458333333333
2018-05-28 12:00:00,153,1,1.5547441520467833,0.4146111111111111,0.0,0.02223870347222222
2018-05-28 13:00:00,153,1,1.5547441520467833,0.1449444444444444,0.0,0.007417169583333332
2018-05-28 14:00:00,153,1,1.5547441520467833,0.1979616666666666,0.0,0.01001834504583333
2018-05-28 15:00:00,153,0,2.9797441520467833,1.7207489618850025,0.0,0.08407444080845657
2018-05-28 16:00:00,153,1,2.9797441520467833,0.11574967560815438,0.0,0.005754784497048415
2018-05-28 17:00:00,153,1,2.9797441520467833,0.1147597222222222,0.0,0.006560526420138888
2018-05-28 18:00:00,153,2,2.8373342105263157,0.0,-0.0,0.0001352894444444444
2018-05-28 19:00:00,153,2,2.5049730994152046,0.0,-0.0,0.0003157430555555555
2018-05-28 20:00:00,153,2,2.293038888888889,0.0,-0.0,0.0002013375
2018-05-28 21:00:00,153,2,2.1331441520467838,0.0,-0.0,0.0001519
2018-05-28 22:00:00,153,1,2.1331441520467838,0.0793077777777777,0.0,0.004123211366666663
2018-05-28 23:00:00,153,2,2.012193859649123,0.0,-0.0,0.00011490277777777771
2018-05-29 00:00:00,153,2,1.9186643274853803,0.0,-0.0,8.88530555555555e-05
2018-05-29 01:00:00,153,2,1.7600932748538014,0.0,-0.0,0.00015064250000000002
2018-05-29 02:00:00,153,1,1.7600932748538014,0.0,-0.0,0.0
2018-05-29 03:00:00,153,0,3.0,1.305164973838104,0.0,0.06207690906817482
2018-05-29 04:00:00,153,1,3.0,0.0761883333333333,0.0,0.003498949208333332
2018-05-29 05:00:00,153,1,3.0,0.0996458333333333,0.0,0.004722465156249998
2018-05-29 06:00:00,153,1,3.0,0.1855930555555555,0.0,0.009601656729166665
2018-05-29 07:00:00,153,1,3.0,1.2047219444444444,0.0,0.06538025992499988
2018-05-29 08:00:00,153,1,3.0,0.1858297222222222,0.0,0.010383235729166666
2018-05-29 09:00:00,153,2,2.8843309941520467,0.0,-0.0,0.00010988555555555551
2018-05-29 10:00:00,153,2,2.779143274853801,0.0,-0.0,9.99283333333333e-05
2018-05-29 11:00:00,153,1,2.779143274853801,0.0761386111111111,0.0,0.0042531028166666665
2018-05-29 12:00:00,153,1,2.779143274853801,0.1155413888888888,0.0,0.006350732440277773
2018-05-29 13:00:00,153,0,3.0,0.3769179855340107,0.0,0.01945247114065483
2018-05-29 14:00:00,153,1,3.0,0.2355888888888889,0.0,0.012189958083333334
2018-05-29 15:00:00,153,1,3.0,0.1679844444444444,0.0,0.009576793177777775
2018-05-29 16:00:00,153,2,2.8328883040935673,0.0,-0.0,0.0001587561111111111
2018-05-29 17:00:00,153,2,2.5935295321637426,0.0,-0.0,0.0002273908333333333
2018-05-29 18:00:00,153,2,2.310951169590643,0.0,-0.0,0.0002684494444444444
2018-05-29 19:00:00,153,2,2.084138304093567,0.0,-0.0,0.0002154722222222222
2018-05-29 20:00:00,153,2,1.9275163742690058,0.0,-0.0,0.0001487908333333333
2018-05-29 21:00:00,153,2,1.715914619883041,0.0,-0.0,0.0002010216666666666
2018-05-29 22:00:00,153,1,1.715914619883041,0.1036008333333333,0.0,0.005469864997916665
2018-05-29 23:00:00,153,1,1.715914619883041,0.1035416666666666,0.0,0.005421441666666663
2018-05-30 00:00:00,153,2,1.6109362573099417,0.0,-0.0,9.97294444444444e-05
2018-05-30 01:00:00,153,2,1.52617134502924,0.0,-0.0,8.05266666666666e-05
2018-05-30 02:00:00,153,0,2.95117134502924,1.6124430555555556,0.0,0.08202137508680556
2018-05-30 03:00:00,153,1,2.95117134502924,0.0684902777777777,0.0,0.00344009542708333
2018-05-30 04:00:00,153,1,2.95117134502924,0.1183344444444444,0.0,0.005972043574999997
2018-05-30 05:00:00,153,1,2.95117134502924,0.0805261111111111,0.0,0.004140250002777778
2018-05-30 06:00:00,153,1,2.95117134502924,0.1445338888888888,0.0,0.007536358301388884
2018-05-30 07:00:00,153,1,2.95117134502924,0.7575411111111111,0.0,0.041509465183333254
2018-05-30 08:00:00,153,1,2.95117134502924,0.17561,0.0,0.00962957435
2018-05-30 09:00:00,153,1,2.95117134502924,0.093475,0.0,0.0048642053125
2018-05-30 10:00:00,153,1,2.95117134502924,0.1242061111111111,0.0,0.006739734104166666
2018-05-30 11:00:00,153,1,2.95117134502924,0.0700152777777777,0.0,0.004025878472222218
2018-05-30 12:00:00,153,1,2.95117134502924,0.0939941666666666,0.0,0.005474220266666663
2018-05-30 13:00:00,153,1,2.95117134502924,0.0960916666666666,0.0,0.005459448041666653
2018-05-30 14:00:00,153,1,2.95117134502924,0.24149,0.0,0.013598905625000001
2018-05-30 15:00:00,153,1,2.95117134502924,0.1428608333333333,0.0,0.008906658654166651
2018-05-30 16:00:00,153,1,2.95117134502924,0.4260025,0.0,0.028218405599999996
2018-05-30 17:00:00,153,2,2.6459678362573102,0.0,-0.0,0.0002899433333333333
2018-05-30 18:00:00,153,2,2.38048567251462,0.0,-0.0,0.00025220805555555546
2018-05-30 19:00:00,153,2,0.8015383040935675,0.12859861111111104,0.0,0.010011299076388883
2018-05-30 20:00:00,153,2,0.6382233918128658,0.0,-0.0,0.0001551491666666666
2018-05-30 21:00:00,153,1,0.6382233918128658,0.13097,0.0,0.007028832475
2018-05-30 22:00:00,153,1,0.6382233918128658,0.1620466666666666,0.0,0.008567812383333312
2018-05-30 23:00:00,153,2,0.4954739766081875,0.0,-0.0,0.00013561194444444442
2018-05-31 00:00:00,153,2,0.3663576023391817,0.0,-0.0,0.0001226605555555555
2018-05-31 01:00:00,153,1,0.3663576023391817,0.1296913888888888,0.0,0.006702126749305551
2018-05-31 02:00:00,153,1,0.3663576023391817,0.0,-0.0,0.0
2018-05-31 03:00:00,153,0,1.7913576023391815,1.5383208333333334,0.0,0.07910828604166667
2018-05-31 04:00:00,153,0,3.0,1.4061879332102185,0.0,0.07276636514967284
2018-05-31 05:00:00,153,1,3.0,0.0992247222222222,0.0,0.0051956545173611
2018-05-31 06:00:00,153,1,3.0,0.1879408333333333,0.0,0.010061882364583332
2018-05-31 07:00:00,153,1,3.0,1.0362711111111111,0.0,0.05205707926666667
2018-05-31 08:00:00,153,1,3.0,0.1945533333333333,0.0,0.011595378666666665
2018-05-31 09:00:00,153,2,2.9021222222222223,0.0,-0.0,9.29838888888889e-05
2018-05-31 10:00:00,153,2,2.783272514619883,0.0,-0.0,0.0001129072222222222
2018-05-31 11:00:00,153,0,3.0,0.31358141735918754,0.0,0.017747144029451378
2018-05-31 12:00:00,153,1,3.0,0.1214525,0.0,0.0071705556000000005
2018-05-31 13:00:00,153,1,3.0,0.1504241666666666,0.0,0.008418112427083315
2018-05-31 14:00:00,153,1,3.0,0.0970716666666666,0.0,0.005282397420833329
2018-05-31 15:00:00,153,1,3.0,0.1407977777777777,0.0,0.008227166149999994
2018-05-31 16:00:00,153,1,3.0,0.2419841666666666,0.0,0.014546273218749996
2018-05-31 17:00:00,153,2,2.826127777777778,0.0,-0.0,0.0001651786111111111
2018-05-31 18:00:00,153,2,2.6985865497076023,0.0,-0.0,0.0001211641666666666
2018-05-31 19:00:00,153,2,2.3764912280701753,0.0,-0.0,0.0003059905555555555
2018-05-31 20:00:00,153,2,2.195387426900585,0.0,-0.0,0.00017204861111111113
2018-05-31 21:00:00,153,2,2.015361695906433,0.0,-0.0,0.0001710244444444444
2018-05-31 22:00:00,153,2,1.9245429824561406,0.0,-0.0,8.62777777777777e-05
2018-05-31 23:00:00,153,2,1.7983154970760238,0.0,-0.0,0.0001199161111111111
2018-06-01 00:00:00,153,1,1.7983154970760238,0.0865555555555555,0.0,0.0043827405555555525
2018-06-01 01:00:00,153,2,1.682079824561404,0.0,-0.0,0.0001104238888888888
2018-06-01 02:00:00,153,1,1.682079824561404,0.1040875,0.0,0.0053016968125
2018-06-01 03:00:00,153,0,3.0,1.3872843951985223,0.0,0.07110179346491213
2018-06-01 04:00:00,153,1,3.0,0.0630941666666666,0.0,0.0031296284020833304
2018-06-01 05:00:00,153,1,3.0,0.1491988888888888,0.0,0.007565502658333329
2018-06-01 06:00:00,153,1,3.0,0.1634488888888889,0.0,0.008417617777777777
2018-06-01 07:00:00,153,1,3.0,1.0351355555555557,0.0,0.05202850086111112
2018-06-01 08:00:00,153,1,3.0,0.0,0.2314736357464707,0.0
2018-06-01 09:00:00,153,2,3.0,0.0,0.4862054961891933,0.0
2018-06-01 10:00:00,153,2,3.0,0.0,0.6300047006837141,0.0
2018-06-01 11:00:00,153,2,2.9280622685858972,0.0,-0.0,6.83408448433977e-05
2018-06-01 12:00:00,153,1,2.9280622685858972,0.1192652777777777,0.0,0.006111450996527762
2018-06-01 13:00:00,153,1,2.9280622685858972,0.0864027777777777,0.0,0.00430048225694444
2018-06-01 14:00:00,153,1,2.9280622685858972,0.2122794444444444,0.0,0.01058000751111111
2018-06-01 15:00:00,153,1,2.9280622685858972,0.1621052777777777,0.0,0.008268179693055551
2018-06-01 16:00:00,153,1,2.9280622685858972,0.2030275,0.0,0.01029501695625
2018-06-01 17:00:00,153,1,2.9280622685858972,0.0874963888888888,0.0,0.004551780890972209
2018-06-01 18:00:00,153,1,2.9280622685858972,0.1289425,0.0,0.006810420493749999
2018-06-01 19:00:00,153,2,2.8350926779426224,0.0,-0.0,8.83211111111111e-05
2018-06-01 20:00:00,153,2,2.632267239346131,0.0,-0.0,0.0001926841666666666
2018-06-01 21:00:00,153,2,2.480049695486482,0.0,-0.0,0.00014460666666666662
2018-06-01 22:00:00,153,2,2.3253099294046105,0.0,-0.0,0.00014700277777777778
2018-06-01 23:00:00,153,2,2.2280213329133822,0.0,-0.0,9.24241666666666e-05
2018-06-02 00:00:00,153,2,2.127634490808119,0.0,-0.0,9.536749999999999e-05
2018-06-02 01:00:00,153,2,1.9198564206326805,0.0,-0.0,0.0001973891666666666
2018-06-02 02:00:00,153,2,1.9198564206326805,0.0,-0.0,0.0
2018-06-02 03:00:00,153,0,3.0,1.1529915747726172,0.0,0.056754424329533405
2018-06-02 04:00:00,153,1,3.0,0.0840458333333333,0.0,0.004059203635416665
2018-06-02 05:00:00,153,1,3.0,0.1028308333333333,0.0,0.0050034912729166655
2018-06-02 06:00:00,153,1,3.0,0.0974438888888888,0.0,0.00478668743194443
2018-06-02 07:00:00,153,1,3.0,0.0940022222222222,0.0,0.004640184694444442
2018-06-02 08:00:00,153,1,3.0,1.253704082798551,0.0,0.06351891735498859
2018-06-02 09:00:00,153,2,2.807692105263158,0.0,-0.0,0.0001826925
2018-06-02 10:00:00,153,2,2.692604970760234,0.0,-0.0,0.00010933277777777769
2018-06-02 11:00:00,153,2,2.5982128654970764,0.0,-0.0,8.96725e-05
2018-06-02 12:00:00,153,1,2.5982128654970764,0.0918491666666666,0.0,0.004746076064583321
2018-06-02 13:00:00,153,0,3.0,0.5279232702369956,0.0,0.02671219287541934
2018-06-02 14:00:00,153,1,3.0,0.0919638888888888,0.0,0.004543935749999996
2018-06-02 15:00:00,153,1,3.0,0.0933655555555555,0.0,0.004685783819444442
2018-06-02 16:00:00,153,1,3.0,0.1473588888888889,0.0,0.007427256397222223
2018-06-02 17:00:00,153,1,3.0,0.1542305555555555,0.0,0.008822373354166664
2018-06-02 18:00:00,153,2,2.7909418128654973,0.0,-0.0,0.0001986052777777777
2018-06-02 19:00:00,153,2,2.6193429824561405,0.0,-0.0,0.0001630188888888888
2018-06-02 20:00:00,153,2,2.3872318713450293,0.0,-0.0,0.00022050555555555552
2018-06-02 21:00:00,153,2,2.257969298245614,0.0,-0.0,0.0001227994444444444
2018-06-02 22:00:00,153,2,2.105565789473684,0.0,-0.0,0.0001447833333333333
2018-06-02 23:00:00,153,2,1.9627786549707602,0.0,-0.0,0.0001356477777777777
2018-06-03 00:00:00,153,2,1.813275730994152,0.0,-0.0,0.0001420277777777777
2018-06-03 01:00:00,153,2,1.6675757309941521,0.0,-0.0,0.00013841500000000002
2018-06-03 02:00:00,153,2,1.580608187134503,0.0,-0.0,8.261916666666661e-05
2018-06-03 03:00:00,153,1,1.580608187134503,0.1116574999999999,0.0,0.005412318168749995
2018-06-03 04:00:00,153,1,1.580608187134503,0.0899469444444444,0.0,0.004341739008333331
2018-06-03 05:00:00,153,0,3.0,1.5944833117882424,0.0,0.07752304715946445
2018-06-03 06:00:00,153,1,3.0,0.0992358333333333,0.0,0.004789865585416665
2018-06-03 07:00:00,153,1,3.0,0.0858822222222222,0.0,0.004218534755555554
2018-06-03 08:00:00,153,1,3.0,0.1091980555555555,0.0,0.005436425195833331
2018-06-03 09:00:00,153,1,3.0,0.1045125,0.0,0.005572606499999989
2018-06-03 10:00:00,153,1,3.0,1.0613580555555555,0.0,0.05757336772361111
2018-06-03 11:00:00,153,1,3.0,0.5889969444444444,0.0,0.03237863452847222
2018-06-03 12:00:00,153,1,3.0,0.1234177777777777,0.0,0.0069188006222222175
2018-06-03 13:00:00,153,1,3.0,0.1522111111111111,0.0,0.008280664972222207
2018-06-03 14:00:00,153,1,3.0,0.1177794444444444,0.0,0.006231121508333331
2018-06-03 15:00:00,153,1,3.0,0.1315013888888889,0.0,0.006882125187499988
2018-06-03 16:00:00,153,1,3.0,0.2587805555555555,0.0,0.01429956654861111
2018-06-03 17:00:00,153,1,3.0,0.2184316666666666,0.0,0.013166514787499996
2018-06-03 18:00:00,153,1,3.0,0.1373097222222222,0.0,0.008320282618055555
2018-06-03 19:00:00,153,2,2.7673444444444444,0.0,-0.0,0.00022102277777777778
2018-06-03 20:00:00,153,2,2.508843567251462,0.0,-0.0,0.0002455758333333333
2018-06-03 21:00:00,153,2,2.398463157894737,0.0,-0.0,0.0001048613888888888
2018-06-03 22:00:00,153,2,2.264355847953216,0.0,-0.0,0.00012740194444444439
2018-06-03 23:00:00,153,2,2.15982134502924,0.0,-0.0,9.93077777777777e-05
2018-06-04 00:00:00,153,1,2.15982134502924,0.0936722222222222,0.0,0.004633496472222221
2018-06-04 01:00:00,153,1,2.15982134502924,0.1135358333333333,0.0,0.005650110745833331
2018-06-04 02:00:00,153,1,2.15982134502924,0.0881002777777777,0.0,0.004368672524305543
2018-06-04 03:00:00,153,0,3.0,0.9831271952908587,0.0,0.04791966142488266
2018-06-04 04:00:00,153,1,3.0,0.1070205555555555,0.0,0.005067690856944431
2018-06-04 05:00:00,153,1,3.0,0.0852819444444444,0.0,0.004271346187499998
2018-06-04 06:00:00,153,1,3.0,0.1098636111111111,0.0,0.005519547822222222
2018-06-04 07:00:00,153,1,3.0,1.1309708333333333,0.0,0.06038818764583333
2018-06-04 08:00:00,153,1,3.0,0.1071205555555555,0.0,0.005659982354166664
2018-06-04 09:00:00,153,2,2.897989766081871,0.0,-0.0,9.69097222222222e-05
2018-06-04 10:00:00,153,2,2.7829216374269006,0.0,-0.0,0.0001093147222222222
2018-06-04 11:00:00,153,1,2.7829216374269006,0.0863513888888888,0.0,0.004609005381944431
2018-06-04 12:00:00,153,1,2.7829216374269006,0.0961125,0.0,0.00504590625
2018-06-04 13:00:00,153,0,3.0,0.3374254839950754,0.0,0.01778981285407433
2018-06-04 14:00:00,153,1,3.0,0.0851344444444444,0.0,0.004369525361111109
2018-06-04 15:00:00,153,1,3.0,0.1040302777777777,0.0,0.005554696681944429
2018-06-04 16:00:00,153,2,2.895861111111111,0.0,-0.0,9.893194444444441e-05
2018-06-04 17:00:00,153,2,2.443055263157895,0.0,-0.0,0.0004301655555555556
2018-06-04 18:00:00,153,2,2.2110052631578947,0.0,-0.0,0.0002204475
2018-06-04 19:00:00,153,2,1.9617921052631577,0.0,-0.0,0.00023675250000000002
2018-06-04 20:00:00,153,2,1.8073888888888887,0.0,-0.0,0.0001466830555555555
2018-06-04 21:00:00,153,2,1.7117760233918127,0.0,-0.0,9.08322222222222e-05
2018-06-04 22:00:00,153,2,1.602667543859649,0.0,-0.0,0.0001036530555555555
2018-06-04 23:00:00,153,2,1.5197160818713449,0.0,-0.0,7.88038888888888e-05
2018-06-05 00:00:00,153,1,1.5197160818713449,0.1100555555555555,0.0,0.0053720868055555536
2018-06-05 01:00:00,153,1,1.5197160818713449,0.0850436111111111,0.0,0.0042088083138888885
2018-06-05 02:00:00,153,1,1.5197160818713449,0.0979791666666666,0.0,0.0048673600520833206
2018-06-05 03:00:00,153,1,1.5197160818713449,0.0977411111111111,0.0,0.004702324855555555
2018-06-05 04:00:00,153,0,2.944716081871345,1.5846991666666665,0.0,0.07596105209375
2018-06-05 05:00:00,153,1,2.944716081871345,0.1097227777777777,0.0,0.005084553522222208
2018-06-05 06:00:00,153,1,2.944716081871345,0.1974344444444444,0.0,0.010068169494444442
2018-06-05 07:00:00,153,1,2.944716081871345,1.0139933333333333,0.0,0.05761256621666667
2018-06-05 08:00:00,153,2,2.813581871345029,0.0,-0.0,0.0001245775
2018-06-05 09:00:00,153,2,2.7591170039357342,0.0,-0.0,5.1741624038830205e-05
2018-06-05 10:00:00,153,2,2.698233114487669,0.0,-0.0,5.7839694975662095e-05
2018-06-05 11:00:00,153,2,2.698233114487669,0.0,0.033657980650917504,0.0
2018-06-05 12:00:00,153,1,2.698233114487669,0.0,0.02535993796950549,0.0
2018-06-05 13:00:00,153,1,2.698233114487669,0.0,0.008530763311765707,0.0
2018-06-05 14:00:00,153,0,3.0,0.414399059111706,0.0,0.022035268043567608
2018-06-05 15:00:00,153,1,3.0,0.1677774442391665,0.0,0.008778535326203788
2018-06-05 16:00:00,153,1,3.0,0.06772372485893641,0.0,0.0035707333931874223
2018-06-05 17:00:00,153,2,2.7362021410389934,0.0,-0.0,0.0002506079660129565
2018-06-05 18:00:00,153,2,1.7246421995185255,0.0,-0.0,0.0009609819444444444
2018-06-05 19:00:00,153,2,1.3779293340214496,0.0,-0.0,0.00032937722222222223
2018-06-05 20:00:00,153,2,1.0844506790506894,0.0,-0.0,0.0002788047222222222
2018-06-05 21:00:00,153,2,0.4583345971793443,0.0,-0.0,0.0005948102777777778
2018-06-05 22:00:00,153,2,0.09653752115595249,0.0,-0.0,0.00034370722222222224
2018-06-05 23:00:00,153,1,0.09653752115595249,0.1468272222222222,0.0,0.007799829112499984
2018-06-06 00:00:00,153,1,0.09653752115595249,0.1125761111111111,0.0,0.0056513207777777776
2018-06-06 01:00:00,153,1,0.09653752115595249,0.1000852777777777,0.0,0.004906430529861107
2018-06-06 02:00:00,153,1,0.09653752115595249,0.1003955555555555,0.0,0.004891522455555553
2018-06-06 03:00:00,153,0,1.5215375211559523,1.6097002777777778,0.0,0.07727664057638889
2018-06-06 04:00:00,153,0,2.9465375211559524,2.5932072222222224,0.0,0.12306307155972224
2018-06-06 05:00:00,153,1,2.9465375211559524,0.1177936111111111,0.0,0.005714462559027777
2018-06-06 06:00:00,153,1,2.9465375211559524,0.7105811111111111,0.0,0.03604422686111104
2018-06-06 07:00:00,153,1,2.9465375211559524,0.4454752777777778,0.0,0.023071164636111113
2018-06-06 08:00:00,153,2,2.7786901527348995,0.0,-0.0,0.00015945500000000002
2018-06-06 09:00:00,153,1,2.7786901527348995,0.027446168282322103,0.0,0.0014187610539339354
2018-06-06 10:00:00,153,1,2.7786901527348995,0.0,0.022560949063093902,0.0
2018-06-06 11:00:00,153,1,2.7786901527348995,0.04579465031028371,0.0,0.0024010135157681747
2018-06-06 12:00:00,153,0,3.0,0.0,2.583047009102275,0.0002329577339632637
2018-06-06 13:00:00,153,1,3.0,0.0,0.0668067756307096,0.0
2018-06-06 14:00:00,153,1,3.0,0.0,0.0009611769236932965,0.0
2018-06-06 15:00:00,153,1,3.0,0.0,0.01609042327145009,0.0
2018-06-06 16:00:00,153,1,3.0,0.1438874130332348,0.0,0.007794021445477746
2018-06-06 17:00:00,153,1,3.0,0.1733668691514043,0.0,0.009532143883117086
2018-06-06 18:00:00,153,2,2.107798538011696,0.0,-0.0,0.0008475913888888888
2018-06-06 19:00:00,153,2,1.8860236842105262,0.0,-0.0,0.0002106861111111111
2018-06-06 20:00:00,153,2,1.784388304093567,0.0,-0.0,9.65536111111111e-05
2018-06-06 21:00:00,153,2,1.5593192982456139,0.0,-0.0,0.0002138155555555555
2018-06-06 22:00:00,153,2,1.463593567251462,0.0,-0.0,9.093944444444441e-05
2018-06-06 23:00:00,153,2,1.346135380116959,0.0,-0.0,0.0001115852777777777
2018-06-07 00:00:00,153,2,1.2298412280701756,0.0,-0.0,0.00011047944444444439
2018-06-07 01:00:00,153,1,1.2298412280701756,0.0918716666666666,0.0,0.004570615416666664
2018-06-07 02:00:00,153,1,1.2298412280701756,0.1214419444444444,0.0,0.005983140997916653
2018-06-07 03:00:00,153,0,2.6548412280701754,1.5940227777777778,0.0,0.07868258289999999
2018-06-07 04:00:00,153,0,3.0,0.4677394675284703,0.0,0.023297760464673745
2018-06-07 05:00:00,153,1,3.0,0.1115855555555555,0.0,0.005575651247222219
2018-06-07 06:00:00,153,1,3.0,0.1907458333333333,0.0,0.009930704947916666
2018-06-07 07:00:00,153,2,2.8614526315789472,0.0,-0.0,0.00013162
2018-05-03 15:00:00,156,0,2.925,1.8233825000000001,0.0,0.07880230108750001
2018-05-03 16:00:00,156,1,2.925,1.0963983333333334,0.0,0.05042061835416667
2018-05-03 17:00:00,156,1,2.925,0.6671794444444444,0.0,0.0334607170875
2018-05-03 18:00:00,156,1,2.925,1.1919477777777778,0.0,0.06143596833611111
2018-05-03 19:00:00,156,2,1.3460526315789472,1.2909458333333328,0.0,0.07163063239583317
2018-05-03 20:00:00,156,2,0.5559251461988303,0.0,-0.0,0.0007506211111111111
2018-05-03 21:00:00,156,2,0.0,0.016906944444444627,0.0,0.0014066982569444538
2018-05-03 22:00:00,156,1,0.0,0.4073430555555555,0.0,0.02066145813541666
2018-05-03 23:00:00,156,1,0.0,0.2998791666666667,0.0,0.014562882031250002
2018-05-04 00:00:00,156,1,0.0,0.2770972222222222,0.0,0.013406656354166638
2018-05-04 01:00:00,156,0,1.4249999999999998,1.8046597222222223,0.0,0.08600319149305538
2018-05-04 02:00:00,156,0,2.8499999999999996,1.8356758333333332,0.0,0.08848349936249998
2018-05-04 03:00:00,156,1,2.8499999999999996,0.0,-0.0,0.0
2018-05-04 04:00:00,156,1,2.8499999999999996,0.2727775,0.0,0.0129419284875
2018-05-04 05:00:00,156,1,2.8499999999999996,0.3126538888888889,0.0,0.014872945494444446
2018-05-04 06:00:00,156,1,2.8499999999999996,0.4413125,0.0,0.021374970937499956
2018-05-04 07:00:00,156,2,2.3731540935672513,0.0,-0.0,0.0004530036111111111
2018-05-04 08:00:00,156,1,2.3731540935672513,0.4468541666666666,0.0,0.021270258333333333
2018-05-04 09:00:00,156,2,2.0214362573099414,0.0,-0.0,0.0003341319444444444
2018-05-04 10:00:00,156,1,2.0214362573099414,0.3233602777777777,0.0,0.015576264580555551
2018-05-04 11:00:00,156,1,2.0214362573099414,0.3188297222222222,0.0,0.015130064468055555
2018-05-04 12:00:00,156,1,2.0214362573099414,0.313815,0.0,0.0151447119
2018-05-04 13:00:00,156,0,3.0,1.3372823753462608,0.0,0.06408293109514467
2018-05-04 14:00:00,156,1,3.0,0.3154722222222222,0.0,0.014825617083333333
2018-05-04 15:00:00,156,1,3.0,0.2962297222222222,0.0,0.014453048147222222
2018-05-04 16:00:00,156,1,3.0,0.3108486111111111,0.0,0.015276654993055557
2018-05-04 17:00:00,156,1,3.0,0.3047666666666667,0.0,0.0151362365
2018-05-04 18:00:00,156,1,3.0,0.3149211111111111,0.0,0.015773611152777776
2018-05-04 19:00:00,156,1,3.0,0.3453088888888889,0.0,0.01772643181111108
2018-05-04 20:00:00,156,2,2.685056432748538,0.0,-0.0,0.0002991963888888889
2018-05-04 21:00:00,156,2,2.39725730994152,0.0,-0.0,0.0002734091666666666
2018-05-04 22:00:00,156,1,2.39725730994152,0.3855152777777778,0.0,0.019562972770833333
2018-05-04 23:00:00,156,1,2.39725730994152,0.2751958333333333,0.0,0.014059067135416665
2018-05-05 00:00:00,156,2,2.1207812865497075,0.0,-0.0,0.00026265222222222217
2018-05-05 01:00:00,156,2,1.6196833333333331,0.0,-0.0,0.0004760430555555556
2018-05-05 02:00:00,156,2,1.6196833333333331,0.0,-0.0,0.0
2018-05-05 03:00:00,156,2,1.5697345029239764,0.0,-0.0,4.74513888888888e-05
2018-05-05 04:00:00,156,2,1.257373684210526,0.0,-0.0,0.0002967427777777778
2018-05-05 05:00:00,156,1,1.257373684210526,0.2958519444444444,0.0,0.013651348346527778
2018-05-05 06:00:00,156,2,0.8187880116959062,0.0,-0.0,0.0004166563888888889
2018-05-05 07:00:00,156,1,0.8187880116959062,0.5025544444444444,0.0,0.02304714682222217
2018-05-05 08:00:00,156,2,0.29902163742690036,0.0,-0.0,0.0004937780555555555
2018-05-05 09:00:00,156,2,0.0,0.10075000000000017,0.0,0.0050122680555555535
2018-05-05 10:00:00,156,1,0.0,0.2846661111111111,0.0,0.012812821661111112
2018-05-05 11:00:00,156,1,0.0,0.2764341666666666,0.0,0.012124402549999969
2018-05-05 12:00:00,156,1,0.0,0.2953388888888889,0.0,0.012601372041666664
2018-05-05 13:00:00,156,1,0.0,0.2846608333333333,0.0,0.011851853795833332
2018-05-05 14:00:00,156,0,1.4249999999999998,1.7797683333333332,0.0,0.07301999047499999
2018-05-05 15:00:00,156,0,2.8499999999999996,1.7860252777777776,0.0,0.07338751743055555
2018-05-05 16:00:00,156,1,2.8499999999999996,0.2956902777777778,0.0,0.012597884284722222
2018-05-05 17:00:00,156,1,2.8499999999999996,0.2875222222222222,0.0,0.013474728944444441
2018-05-05 18:00:00,156,1,2.8499999999999996,0.2900361111111111,0.0,0.013865901381944445
2018-05-05 19:00:00,156,1,2.8499999999999996,0.2988327777777778,0.0,0.01572308660277778
2018-05-05 20:00:00,156,2,2.534568421052631,0.0,-0.0,0.00029966
2018-05-05 21:00:00,156,2,2.2148871345029235,0.0,-0.0,0.0003036972222222222
2018-05-05 22:00:00,156,2,1.87192514619883,0.0,-0.0,0.0003258138888888889
2018-05-05 23:00:00,156,2,1.5738014619883036,0.0,-0.0,0.0002832175
2018-05-06 00:00:00,156,2,1.2767064327485376,0.0,-0.0,0.00028224027777777773
2018-05-06 01:00:00,156,0,2.701706432748537,1.7782061111111112,0.0,0.08327525353472223
2018-05-06 02:00:00,156,1,2.701706432748537,0.2946155555555556,0.0,0.013863134966666638
2018-05-06 03:00:00,156,1,2.701706432748537,0.29868,0.0,0.01394984939999997
2018-05-06 04:00:00,156,0,3.0,0.6075118397968615,0.0,0.028669608351204263
2018-05-06 05:00:00,156,1,3.0,0.2940033333333333,0.0,0.013688795199999998
2018-05-06 06:00:00,156,1,3.0,0.3716472222222222,0.0,0.017805618416666665
2018-05-06 07:00:00,156,2,2.518911111111111,0.0,-0.0,0.0004570344444444444
2018-05-06 08:00:00,156,2,2.021217282931989,0.0,-0.0,0.0004728091367701659
2018-05-06 09:00:00,156,2,1.6517187351218756,0.0,-0.0,0.0003510236204196078
2018-05-06 10:00:00,156,2,1.4102364639097136,0.0,-0.0,0.00022940815765155382
2018-05-06 11:00:00,156,1,1.4102364639097136,0.2423968642622663,0.0,0.011038753198503608
2018-05-06 12:00:00,156,1,1.4102364639097136,0.25503529297852867,0.0,0.011778805006213346
2018-05-06 13:00:00,156,1,1.4102364639097136,0.21327009451175838,0.0,0.009474523948684845
2018-05-06 14:00:00,156,0,2.8352364639097134,1.7082975486711824,0.0,0.07387629639332632
2018-05-06 15:00:00,156,0,3.0,0.38892724956954994,0.0,0.016244881571485396
2018-05-06 16:00:00,156,1,3.0,0.23020377096982078,0.0,0.010088680262752397
2018-05-06 17:00:00,156,1,3.0,0.2397859140317522,0.0,0.011166230551673621
2018-05-06 18:00:00,156,1,3.0,0.2682402777777777,0.0,0.012565715812499996
2018-05-06 19:00:00,156,1,3.0,0.2809005555555555,0.0,0.013968482376388886
2018-05-06 20:00:00,156,2,2.7021967836257312,0.0,-0.0,0.0002829130555555555
2018-05-06 21:00:00,156,2,2.381206432748538,0.0,-0.0,0.00030494083333333335
2018-05-06 22:00:00,156,2,2.0816043859649125,0.0,-0.0,0.0002846219444444444
2018-05-06 23:00:00,156,2,1.7707967836257312,0.0,-0.0,0.00029526722222222217
2018-05-07 00:00:00,156,1,1.7707967836257312,0.2966694444444444,0.0,0.01422010814583333
2018-05-07 01:00:00,156,0,3.0,1.5822439558325636,0.0,0.07487219767860302
2018-05-07 02:00:00,156,2,2.6890739766081873,0.0,-0.0,0.0002953797222222222
2018-05-07 03:00:00,156,2,2.347038304093567,0.0,-0.0,0.00032493388888888894
2018-05-07 04:00:00,156,1,2.347038304093567,0.3212952777777778,0.0,0.015334620370138857
2018-05-07 05:00:00,156,0,3.0,1.0081975453985843,0.0,0.04862712138465683
2018-05-07 06:00:00,156,1,3.0,0.5452661111111111,0.0,0.026011919830555553
2018-05-07 07:00:00,156,1,3.0,0.4802452777777777,0.0,0.02284646847708333
2018-05-07 08:00:00,156,1,3.0,0.4605225,0.0,0.0214165988625
2018-05-07 09:00:00,156,2,2.1637976608187133,0.0,-0.0,0.0007943922222222222
2018-05-07 10:00:00,156,2,0.5848502923976606,0.023184444444444452,0.0,0.002625025166666667
2018-05-07 11:00:00,156,1,0.5848502923976606,0.4353197222222222,0.0,0.020909494557638846
2018-05-07 12:00:00,156,1,0.5848502923976606,0.2763044444444444,0.0,0.013377279677777775
2018-05-07 13:00:00,156,0,2.0098502923976604,1.673687449648859,0.0,0.07820091159878309
2018-05-07 14:00:00,156,0,3.0,2.232333628465999,0.0,0.10172609032799543
2018-05-07 15:00:00,156,1,3.0,0.21644015330239208,0.0,0.010012521491768659
2018-05-07 16:00:00,156,1,3.0,0.7345077673625765,0.0,0.035223319983872355
2018-05-07 17:00:00,156,1,3.0,0.7343195556625696,0.0,0.0378945606699669
2018-05-07 18:00:00,156,1,3.0,0.3283041666666666,0.0,0.017638141354166664
2018-05-07 19:00:00,156,1,3.0,0.4586727777777777,0.0,0.02721993599722222
2018-05-07 20:00:00,156,2,1.9212447368421053,0.0,-0.0,0.0010248174999999999
2018-05-07 21:00:00,156,2,1.2831900584795322,0.0,-0.0,0.0006061519444444444
2018-05-07 22:00:00,156,2,0.8802421052631579,0.0,-0.0,0.0003828005555555555
2018-05-07 23:00:00,156,2,0.5828692982456141,0.0,-0.0,0.0002825041666666666
2018-05-08 00:00:00,156,1,0.5828692982456141,0.2600319444444444,0.0,0.012042729427083305
2018-05-08 01:00:00,156,2,0.18985906432748545,0.0,-0.0,0.0003733597222222222
2018-05-08 02:00:00,156,2,0.18985906432748545,0.0,-0.0,0.0
2018-05-08 03:00:00,156,1,0.18985906432748545,0.0898552777777777,0.0,0.004155581959027774
2018-05-08 04:00:00,156,1,0.18985906432748545,0.2774644444444444,0.0,0.012914582566666666
2018-05-08 05:00:00,156,0,1.6148590643274852,2.0004655555555555,0.0,0.0922911292388889
2018-05-08 06:00:00,156,0,3.0,1.9101011457371502,0.0,0.08919376396675324
2018-05-08 07:00:00,156,1,3.0,0.3452917823239598,0.0,0.016485956147057463
2018-05-08 08:00:00,156,1,3.0,0.3424988566454287,0.0,0.015978427909650827
2018-05-08 09:00:00,156,1,3.0,0.2250618682820701,0.0,0.010915500611680399
2018-05-08 10:00:00,156,1,3.0,0.2633266666666666,0.0,0.01288786538333333
2018-05-08 11:00:00,156,1,3.0,0.2589672222222222,0.0,0.012223252888888887
2018-05-08 12:00:00,156,1,3.0,0.2584869444444444,0.0,0.012382817073611111
2018-05-08 13:00:00,156,1,3.0,0.2680513888888889,0.0,0.01279744343402778
2018-05-08 14:00:00,156,1,3.0,0.2633041666666667,0.0,0.012734047760416667
2018-05-08 15:00:00,156,1,3.0,0.2615566666666666,0.0,0.013963202649999997
2018-05-08 16:00:00,156,1,3.0,0.2600458333333333,0.0,0.013956659875
2018-05-08 17:00:00,156,1,3.0,0.2662375,0.0,0.01514691696875
2018-05-08 18:00:00,156,2,1.9406204678362573,0.0,-0.0,0.0010064105555555557
2018-05-08 19:00:00,156,0,3.0,2.209950238534934,0.0,0.0563638923130194
2018-05-08 20:00:00,156,2,2.056497953216374,0.0,-0.0,0.0008963269444444445
2018-05-08 21:00:00,156,2,1.3992760233918125,0.0,-0.0,0.0006243608333333333
2018-05-08 22:00:00,156,2,0.9126672514619879,0.0,-0.0,0.0004622783333333333
2018-05-08 23:00:00,156,0,2.337667251461988,1.8383502777777778,0.0,0.08719469819861111
2018-05-09 00:00:00,156,1,2.337667251461988,0.3233455555555555,0.0,0.015229575666666665
2018-05-09 01:00:00,156,1,2.337667251461988,0.4217861111111111,0.0,0.019827110618055553
2018-05-09 02:00:00,156,1,2.337667251461988,0.0,-0.0,0.0
2018-05-09 03:00:00,156,1,2.337667251461988,0.0,-0.0,0.0
2018-05-09 04:00:00,156,0,3.0,0.9418645891043402,0.0,0.04447741312992462
2018-05-09 05:00:00,156,1,3.0,0.4267825,0.0,0.01998088969375
2018-05-09 06:00:00,156,1,3.0,0.5456791666666667,0.0,0.027092970625
2018-05-09 07:00:00,156,2,2.576427485380117,0.0,-0.0,0.0004023938888888889
2018-05-09 08:00:00,156,2,2.15313567251462,0.0,-0.0,0.0004021272222222222
2018-05-09 09:00:00,156,2,1.8505383040935672,0.0,-0.0,0.00028746749999999997
2018-05-09 10:00:00,156,1,1.8505383040935672,0.2985355555555555,0.0,0.013859513166666663
2018-05-09 11:00:00,156,1,1.8505383040935672,0.2935116666666666,0.0,0.013333501237499969
2018-05-09 12:00:00,156,1,1.8505383040935672,0.2820672222222222,0.0,0.012874958358333305
2018-05-09 13:00:00,156,0,3.0,1.505726068790397,0.0,0.06890740373271775
2018-05-09 14:00:00,156,1,3.0,0.29829,0.0,0.013432744425
2018-05-09 15:00:00,156,1,3.0,0.2953008333333333,0.0,0.013746253791666664
2018-05-09 16:00:00,156,1,3.0,0.2983275,0.0,0.013951285537500002
2018-05-09 17:00:00,156,1,3.0,0.4137569444444444,0.0,0.01957070347222222
2018-05-09 18:00:00,156,1,3.0,0.4818033333333333,0.0,0.02251587427499995
2018-05-09 19:00:00,156,1,3.0,0.3789575,0.0,0.01893082191249996
2018-05-09 20:00:00,156,1,3.0,0.0,-0.0,0.0
2018-05-09 21:00:00,156,2,2.752455263157895,0.0,-0.0,0.0002351675
2018-06-12 10:00:00,157,2,1.335290643274854,0.0,-0.0,0.0001564738888888888
2018-06-12 11:00:00,157,2,0.8050459064327486,0.0,-0.0,0.0005037325000000001
2018-06-12 12:00:00,157,1,0.8050459064327486,0.22482,0.0,0.013340069399999984
2018-06-12 13:00:00,157,0,2.2300459064327485,1.6495491044225523,0.0,0.08476099104572817
2018-06-12 14:00:00,157,1,2.2300459064327485,0.09600501734412711,0.0,0.004913296775129065
2018-06-12 15:00:00,157,1,2.2300459064327485,0.17765840487675197,0.0,0.009312853583639338
2018-06-12 16:00:00,157,0,3.0,1.0867420359603819,0.0,0.04879013888087955
2018-06-12 17:00:00,157,2,2.7305291432690746,0.0,-0.0,0.0002559973138943793
2018-06-12 18:00:00,157,2,2.038049318707671,0.0,-0.0,0.0006578558333333333
2018-06-12 19:00:00,157,2,1.5628297280643961,0.0,-0.0,0.0004514586111111111
2018-06-12 20:00:00,157,1,1.5628297280643961,0.4027086111111111,0.0,0.02028845982777778
2018-06-12 21:00:00,157,2,0.9636382075965598,0.0,-0.0,0.0005692319444444444
2018-06-12 22:00:00,157,2,0.4514841140293083,0.0,-0.0,0.0004865463888888889
2018-06-12 23:00:00,157,2,0.0,0.07903759167215713,0.0,0.004431175956626699
2018-06-13 00:00:00,157,1,0.0,0.5069461111111111,0.0,0.0243296112375
2018-06-13 01:00:00,157,1,0.0,0.5952269444444445,0.0,0.028189948088888833
2018-06-13 02:00:00,157,1,0.0,0.7829186111111112,0.0,0.03715731728333334
2018-06-13 03:00:00,157,0,1.4249999999999998,1.8742580555555555,0.0,0.0896369850625
2018-06-13 04:00:00,157,0,2.8499999999999996,1.9960044444444445,0.0,0.09686909235555556
2018-06-13 05:00:00,157,1,2.8499999999999996,0.5144269444444445,0.0,0.02400444729513889
2018-06-13 06:00:00,157,1,2.8499999999999996,0.5003430555555556,0.0,0.025596299864583335
2018-06-13 07:00:00,157,2,2.8438799366423626,0.0,-0.0,5.814060189755333e-06
2018-06-13 08:00:00,157,2,2.8438799366423626,0.0,1.8178207683513292,0.0
2018-06-13 09:00:00,157,2,2.8438799366423626,0.0,1.3064760695212578,0.0
2018-06-13 10:00:00,157,2,2.812118366309577,0.0,-0.0,3.0173491816146704e-05
2018-06-13 11:00:00,157,0,3.0,0.24414468679910645,0.0,0.012545998037308567
2018-06-13 12:00:00,157,1,3.0,0.02456145024795031,0.0,0.001244712894940502
2018-06-13 13:00:00,157,2,2.9138928068110923,0.0,-0.0,8.180183352946231e-05
2018-06-13 14:00:00,157,1,2.9138928068110923,0.1564780555555555,0.0,0.008007764493055552
2018-06-13 15:00:00,157,1,2.9138928068110923,0.15659,0.0,0.0079203222
2018-06-13 16:00:00,157,1,2.9138928068110923,0.1568363888888889,0.0,0.007955133735416666
2018-06-13 17:00:00,157,2,1.7906001167526127,0.0,-0.0,0.0010671280555555557
2018-06-13 18:00:00,157,2,1.3415919296181098,0.0,-0.0,0.0004265577777777777
2018-06-13 19:00:00,157,2,0.9026325728929636,0.0,-0.0,0.0004170113888888889
2018-06-13 20:00:00,157,2,0.3377436840040746,0.0,-0.0,0.0005366444444444445
2018-06-13 21:00:00,157,2,0.0,0.1379071113072402,0.0,0.007229658008518337
2018-06-13 22:00:00,157,1,0.0,0.4781277777777777,0.0,0.023747411402777776
2018-06-13 23:00:00,157,1,0.0,0.4687569444444444,0.0,0.021220626874999995
2018-06-14 00:00:00,157,1,0.0,0.4713,0.0,0.0203955075
2018-06-14 01:00:00,157,1,0.0,0.5508602777777778,0.0,0.021511093847222166
2018-06-14 02:00:00,157,1,0.0,0.7609561111111112,0.0,0.027346860243055555
2018-06-14 03:00:00,157,0,1.4249999999999998,1.8847433333333332,0.0,0.05778314779166666
2018-06-14 04:00:00,157,0,2.8499999999999996,2.0597488888888886,0.0,0.0596415617611111
2018-06-14 05:00:00,157,1,2.8499999999999996,0.5196858333333333,0.0,0.01826955547083333
2018-06-14 06:00:00,157,1,2.8499999999999996,0.7270338888888889,0.0,0.033554431556944445
2018-06-14 07:00:00,157,1,2.8499999999999996,0.62165,0.0,0.032115993125
2018-06-14 08:00:00,157,1,2.8499999999999996,0.1564669444444444,0.0,0.007891410343055552
2018-06-14 09:00:00,157,1,2.8499999999999996,0.1566183333333333,0.0,0.008048224604166649
2018-06-14 10:00:00,157,2,2.6837631578947363,0.0,-0.0,0.000157925
2018-06-14 11:00:00,157,2,2.5187514619883036,0.0,-0.0,0.00015676111111111111
2018-06-14 12:00:00,157,1,2.5187514619883036,0.1794391666666666,0.0,0.009158126468749979
2018-06-14 13:00:00,157,0,3.0,0.8625351862111423,0.0,0.04034276498359497
2018-06-14 14:00:00,157,1,3.0,0.4006578526279564,0.0,0.017518764606157394
2018-06-14 15:00:00,157,1,3.0,0.4458865887634621,0.0,0.020885327817680564
2018-06-14 16:00:00,157,1,3.0,0.4582776141591109,0.0,0.022614854564716725
2018-06-14 17:00:00,157,1,3.0,0.28853597867472924,0.0,0.015469856496645609
2018-06-14 18:00:00,157,1,3.0,0.3441777777777778,0.0,0.018267235555555556
2018-06-14 19:00:00,157,1,3.0,0.4077708333333333,0.0,0.021885060625
2018-06-14 20:00:00,157,1,3.0,0.5398627777777778,0.0,0.029403626191666615
2018-06-14 21:00:00,157,2,2.498116081871345,0.0,-0.0,0.0004767897222222222
2018-06-14 22:00:00,157,2,1.996407894736842,0.0,-0.0,0.0004766227777777778
2018-06-14 23:00:00,157,2,1.8166754385964912,0.0,-0.0,0.0001707458333333333
2018-06-15 00:00:00,157,2,1.655208187134503,0.0,-0.0,0.0001533938888888888
2018-06-15 01:00:00,157,2,1.404880701754386,0.0,-0.0,0.0002378111111111111
2018-06-15 02:00:00,157,1,1.404880701754386,0.6739716666666666,0.0,0.03447533567916666
2018-06-15 03:00:00,157,0,2.829880701754386,1.8903308333333333,0.0,0.09229731575208333
2018-06-15 04:00:00,157,0,3.0,0.6735368344105879,0.0,0.03259471694361726
2018-06-15 05:00:00,157,1,3.0,0.5060013888888889,0.0,0.025028093697916618
2018-06-15 06:00:00,157,1,3.0,0.6824097222222222,0.0,0.03475512715277778
2018-06-15 07:00:00,157,1,3.0,0.9756341666666668,0.0,0.05405501100416658
2018-06-15 08:00:00,157,2,2.695942105263158,0.0,-0.0,0.00028885499999999997
2018-06-15 09:00:00,157,2,2.4748973684210527,0.0,-0.0,0.0002099925
2018-06-15 10:00:00,157,2,2.232856725146199,0.0,-0.0,0.0002299386111111111
2018-06-15 11:00:00,157,0,3.0,1.2245731546782783,0.0,0.06382711520931912
2018-06-15 12:00:00,157,1,3.0,0.3004613094974631,0.0,0.015654034224817828
2018-06-15 13:00:00,157,1,3.0,0.1730262172717626,0.0,0.00908820206219933
2018-06-15 14:00:00,157,1,3.0,0.2636090165284975,0.0,0.013652969988552206
2018-06-15 15:00:00,157,1,3.0,0.3963991175000673,0.0,0.020622664087941
2018-06-15 16:00:00,157,1,3.0,0.3417786502269649,0.0,0.018231327649731875
2018-06-15 17:00:00,157,2,2.641608723744852,0.0,-0.0,0.00034047171244239085
2018-06-15 18:00:00,157,2,2.3314315307623956,0.0,-0.0,0.0002946683333333333
2018-06-15 19:00:00,157,2,2.0166935190664894,0.0,-0.0,0.0002990011111111111
2018-06-15 20:00:00,157,0,3.0,1.3792925091697772,0.0,0.0711307047696223
2018-06-15 21:00:00,157,1,3.0,0.4849513888888889,0.0,0.024933775659722174
2018-06-15 22:00:00,157,1,3.0,0.5101505555555556,0.0,0.025673326708333333
2018-06-15 23:00:00,157,2,2.4581140350877195,0.0,-0.0,0.0005147916666666667
2018-06-16 00:00:00,157,2,2.1809105263157895,0.0,-0.0,0.00026334333333333335
2018-06-16 01:00:00,157,2,2.0186833333333336,0.0,-0.0,0.00015411583333333333
2018-06-16 02:00:00,157,2,1.850003801169591,0.0,-0.0,0.0001602455555555555
2018-06-16 03:00:00,157,2,1.5749652046783629,0.0,-0.0,0.0002612866666666666
2018-06-16 04:00:00,157,1,1.5749652046783629,0.61112,0.0,0.030300857400000002
2018-06-16 05:00:00,157,1,1.5749652046783629,0.4617613888888889,0.0,0.022424287447916667
2018-06-16 06:00:00,157,1,1.5749652046783629,0.4638472222222222,0.0,0.022799250590277778
2018-06-16 07:00:00,157,1,1.5749652046783629,0.30076617469619843,0.0,0.014268347327587623
2018-06-16 08:00:00,157,1,1.5749652046783629,0.6795811111111111,0.0,0.031872354111111105
2018-06-16 09:00:00,157,2,0.7515233918128658,0.0,-0.0,0.0007822697222222223
2018-06-16 10:00:00,157,2,0.0139166666666668,0.0,-0.0,0.0007007263888888889
2018-06-16 11:00:00,157,1,0.0139166666666668,0.7730919444444444,0.0,0.03638557236527778
2018-06-16 12:00:00,157,1,0.0139166666666668,1.5060425,0.0,0.06982013029999985
2018-06-16 13:00:00,157,0,1.4389166666666666,2.1424744444444443,0.0,0.10025735951666666
2018-06-16 14:00:00,157,0,2.8639166666666664,1.8914205555555554,0.0,0.08856208817222222
2018-06-16 15:00:00,157,1,2.8639166666666664,0.3855005555555555,0.0,0.017857349484722222
2018-06-16 16:00:00,157,1,2.8639166666666664,0.3498133333333333,0.0,0.016135139999999965
2018-06-16 17:00:00,157,1,2.8639166666666664,0.2701211111111111,0.0,0.01261060407222222
2018-06-16 18:00:00,157,1,2.8639166666666664,0.2746058333333333,0.0,0.012722488258333305
2018-06-16 19:00:00,157,1,2.8639166666666664,0.3053586111111111,0.0,0.01469614655625
2018-06-16 20:00:00,157,1,2.8639166666666664,0.3356327777777778,0.0,0.016205189593055523
2018-06-16 21:00:00,157,1,2.8639166666666664,0.2853097222222222,0.0,0.013945939222222219
2018-06-16 22:00:00,157,1,2.8639166666666664,0.3088797222222222,0.0,0.01511039601111111
2018-06-16 23:00:00,157,2,2.6579845029239766,0.0,-0.0,0.00019563555555555552
2018-06-17 00:00:00,157,2,2.486977485380117,0.0,-0.0,0.00016245666666666662
2018-06-17 01:00:00,157,2,2.2631713450292397,0.0,-0.0,0.0002126158333333333
2018-06-17 02:00:00,157,2,2.0694850877192983,0.0,-0.0,0.0001840019444444444
2018-06-17 03:00:00,157,1,2.0694850877192983,0.1551908333333333,0.0,0.006407441531249999
2018-06-17 04:00:00,157,0,3.0,1.1412727146814405,0.0,0.047611892503231765
2018-06-17 05:00:00,157,1,3.0,0.0693280555555555,0.0,0.0028537160868055533
2018-06-17 06:00:00,157,1,3.0,0.1501172222222222,0.0,0.006491068688888889
2018-06-17 07:00:00,157,1,3.0,0.2079394444444444,0.0,0.009144137069444443
2018-06-17 08:00:00,157,1,3.0,0.0,1.007031621369581,0.0
2018-06-17 09:00:00,157,1,3.0,0.0,0.0623315763890937,0.0
2018-06-17 10:00:00,157,1,3.0,0.5803788888888889,0.0,0.03044087272222222
2018-06-17 11:00:00,157,1,3.0,0.0,0.4044514774687339,0.0
2018-06-17 12:00:00,157,1,3.0,0.0,0.2014224447511206,0.0
2018-06-17 13:00:00,157,1,3.0,0.11381382051031869,0.0,0.005891287884165359
2018-06-17 14:00:00,157,1,3.0,0.132149194084599,0.0,0.006697651529192689
2018-06-17 15:00:00,157,1,3.0,0.1656458333333333,0.0,0.008545254427083331
2018-06-17 16:00:00,157,1,3.0,0.3856472222222222,0.0,0.020593561666666666
2018-06-17 17:00:00,157,2,2.2731187134502924,0.0,-0.0,0.0006905372222222223
2018-06-17 18:00:00,157,2,1.8687245614035088,0.0,-0.0,0.0003841744444444444
2018-06-17 19:00:00,157,2,1.3504105263157895,0.0,-0.0,0.0004923983333333334
2018-06-17 20:00:00,157,2,0.9631058479532164,0.0,-0.0,0.00036793944444444437
2018-06-17 21:00:00,157,1,0.9631058479532164,0.3919127777777778,0.0,0.01975436356388885
2018-06-17 22:00:00,157,1,0.9631058479532164,0.5788533333333333,0.0,0.0290092348
2018-06-17 23:00:00,157,2,0.0,0.031431388888888745,0.0,0.0025008212819444373
2018-06-18 00:00:00,157,1,0.0,0.0,-0.0,0.0
2018-06-18 01:00:00,157,1,0.0,0.0,-0.0,0.0
2018-06-18 02:00:00,157,1,0.0,0.0,-0.0,0.0
2018-06-18 03:00:00,157,0,1.4249999999999998,1.5,0.0,0.05537625
2018-06-18 04:00:00,157,0,2.8499999999999996,1.5,0.0,0.0571275
2018-06-18 05:00:00,157,1,2.8499999999999996,0.0,-0.0,0.0
2018-06-18 06:00:00,157,1,2.8499999999999996,0.0,-0.0,0.0
2018-06-18 07:00:00,157,2,2.8499999999999996,0.0,-0.0,0.0
2018-06-18 08:00:00,157,2,2.8499999999999996,0.0,-0.0,0.0
2018-06-18 09:00:00,157,2,2.8499999999999996,0.0,-0.0,0.0
2018-06-18 10:00:00,157,1,2.8499999999999996,0.0,-0.0,0.0
2018-06-18 11:00:00,157,1,2.8499999999999996,0.0,0.0644699251658487,0.0
2018-06-18 12:00:00,157,1,2.8499999999999996,0.0,0.051355569461379,0.0
2018-06-18 13:00:00,157,1,2.8499999999999996,0.0,1.0285846144021027,0.0
2018-06-18 14:00:00,157,1,2.8499999999999996,0.0,0.0784591953454462,0.0
2018-06-18 15:00:00,157,1,2.8499999999999996,0.0,0.055166317412679,0.0
2018-06-18 16:00:00,157,1,2.8499999999999996,0.0,0.0113931991223837,0.0
2018-06-18 17:00:00,157,2,2.8499999999999996,0.0,-0.0,0.0
2018-06-18 18:00:00,157,2,2.8499999999999996,0.0,-0.0,0.0
2018-06-18 19:00:00,157,2,2.8499999999999996,0.0,-0.0,0.0
2018-06-18 20:00:00,157,2,2.8499999999999996,0.0,-0.0,0.0
2018-06-18 21:00:00,157,2,2.8499999999999996,0.0,-0.0,0.0
2018-06-18 22:00:00,157,2,2.8499999999999996,0.0,-0.0,0.0
2018-06-18 23:00:00,157,2,2.8499999999999996,0.0,-0.0,0.0
2018-06-19 00:00:00,157,1,2.8499999999999996,0.0,-0.0,0.0
2018-06-19 01:00:00,157,1,2.8499999999999996,0.0,-0.0,0.0
2018-06-19 02:00:00,157,1,2.8499999999999996,0.0,-0.0,0.0
2018-06-19 03:00:00,157,1,2.8499999999999996,0.0,-0.0,0.0
2018-06-19 04:00:00,157,1,2.8499999999999996,0.0,-0.0,0.0
2018-06-19 05:00:00,157,1,2.8499999999999996,0.0,-0.0,0.0
2018-06-19 06:00:00,157,1,2.8499999999999996,0.0,-0.0,0.0
2018-06-19 07:00:00,157,1,2.8499999999999996,0.0,0.4028695981141451,0.0
2018-06-19 08:00:00,157,1,2.8499999999999996,0.0,0.5232038613405332,0.0
2018-06-19 09:00:00,157,1,2.8499999999999996,0.5667333224415863,0.0,0.03417401934322765
2018-06-19 10:00:00,157,1,2.8499999999999996,0.07704300436969891,0.0,0.004676895580262573
2018-06-19 11:00:00,157,1,2.8499999999999996,0.0,1.1094261623280457,0.0
2018-06-19 12:00:00,157,1,2.8499999999999996,0.0,1.172855981720783,0.0
2018-06-19 13:00:00,157,1,2.8499999999999996,0.005023838635113992,0.0,0.00027740380983440685
2018-06-19 14:00:00,157,1,2.8499999999999996,0.0,0.09610461796569772,0.0
2018-06-19 15:00:00,157,1,2.8499999999999996,0.0,0.10201584890377538,0.0
2018-06-19 16:00:00,157,2,2.829048371835429,0.0,-0.0,1.9904046756342194e-05
2018-06-19 17:00:00,157,2,2.733591473717845,0.0,-0.0,9.068405321170462e-05
2018-06-19 18:00:00,157,2,2.5728233450628744,0.0,-0.0,0.0001527297222222222
2018-06-19 19:00:00,157,1,2.5728233450628744,0.1512658333333333,0.0,0.008332856593749997
2018-06-19 20:00:00,157,1,2.5728233450628744,0.4246305555555555,0.0,0.022236840618055552
2018-06-19 21:00:00,157,0,3.0,1.0291790812203663,0.0,0.052703654538036965
2018-06-19 22:00:00,157,1,3.0,0.5225663888888888,0.0,0.026654805081249996
2018-06-19 23:00:00,157,2,2.468275730994152,0.0,-0.0,0.0005051380555555556
2018-06-20 00:00:00,157,2,1.9267052631578947,0.0,-0.0,0.0005144919444444445
2018-06-20 01:00:00,157,2,1.7456906432748538,0.0,-0.0,0.0001719638888888889
2018-06-20 02:00:00,157,1,1.7456906432748538,0.1700486111111111,0.0,0.00891309795138889
2018-06-20 03:00:00,157,0,3.0,1.4886728608802708,0.0,0.07263519903912743
2018-06-20 04:00:00,157,1,3.0,0.2002402777777777,0.0,0.009579494888888885
2018-06-20 05:00:00,157,1,3.0,0.2971316666666667,0.0,0.014751844420833334
2018-06-20 06:00:00,157,1,3.0,0.8974136111111111,0.0,0.04575687649652777
2018-06-20 07:00:00,157,1,3.0,0.9735422222222222,0.0,0.05238143926666657
2018-06-20 08:00:00,157,2,2.0835687134502923,0.0,-0.0,0.0008706097222222222
2018-06-20 09:00:00,157,2,1.5233070175438597,0.0,-0.0,0.0005322486111111111
2018-06-20 10:00:00,157,2,0.0,0.05737138888888915,0.0,0.00451091726180557
2018-06-20 11:00:00,157,1,0.0,0.2152561111111111,0.0,0.010789712569444445
2018-06-20 12:00:00,157,1,0.0,0.0,2.519664436382448,0.0
2018-06-20 13:00:00,157,0,1.4249999999999998,0.8215516451949041,0.0,0.042546774073050395
2018-06-20 14:00:00,157,0,2.8499999999999996,0.026489026725576403,0.0,0.002823524220343425
2018-06-20 15:00:00,157,1,2.8499999999999996,0.4258708355291024,0.0,0.022129313291180983
2018-06-20 16:00:00,157,1,2.8499999999999996,0.228339655686441,0.0,0.011762346513547793
2018-06-20 17:00:00,157,1,2.8499999999999996,0.2759051837895571,0.0,0.014010465232833681
2018-06-20 18:00:00,157,1,2.8499999999999996,0.3346872222222222,0.0,0.017982744449999997
2018-06-20 19:00:00,157,2,2.5728070175438593,0.0,-0.0,0.0002633333333333333
2018-06-20 20:00:00,157,2,2.026570467836257,0.0,-0.0,0.0005189247222222222
2018-06-20 21:00:00,157,2,1.4985324561403504,0.0,-0.0,0.0005016361111111111
2018-06-20 22:00:00,157,2,0.9790722222222217,0.0,-0.0,0.0004934872222222222
2018-06-20 23:00:00,157,2,0.4424915204678357,0.0,-0.0,0.0005097516666666668
2018-06-21 00:00:00,157,2,0.0,0.0849827777777783,0.0,0.004682890620833359
2018-06-21 01:00:00,157,1,0.0,0.5125383333333333,0.0,0.025038778929166665
2018-06-21 02:00:00,157,1,0.0,0.4479311111111111,0.0,0.0202576845
2018-06-21 03:00:00,157,0,1.4249999999999998,1.8795280555555556,0.0,0.07240519589583334
2018-06-21 04:00:00,157,0,2.8499999999999996,1.7901644444444444,0.0,0.06939646196666667
2018-06-21 05:00:00,157,1,2.8499999999999996,0.3436905555555555,0.0,0.014131696418055553
2018-06-21 06:00:00,157,2,2.146705555555555,0.0,-0.0,0.0006681297222222222
2018-06-21 07:00:00,157,2,1.7388301908244357,0.0,-0.0,0.0003874815964945635
2018-06-21 08:00:00,157,0,3.0,0.0,0.22807391122850196,0.0013275471675532255
2018-06-21 09:00:00,157,2,3.0,0.0,1.2640193527936374,0.0
2018-06-21 10:00:00,157,1,3.0,0.0779089486017672,0.0,0.003640100851046068
2018-06-21 11:00:00,157,1,3.0,0.42056547329428223,0.0,0.01942486779777962
2018-06-21 12:00:00,157,1,3.0,0.0,0.027911586032066005,0.0
2018-06-21 13:00:00,157,1,3.0,0.0,0.043876468892478815,0.0
2018-06-21 14:00:00,157,1,3.0,0.0491079459502376,0.0,0.0022725929687121204
2018-06-21 15:00:00,157,1,3.0,0.0,0.1298398856814702,0.0
2018-06-21 16:00:00,157,1,3.0,0.0,0.02387606808945411,0.0
2018-06-21 17:00:00,157,1,3.0,0.11161784009752511,0.0,0.005727948509204745
2018-06-21 18:00:00,157,1,3.0,0.34158249999999996,0.0,0.0176119937
2018-06-21 19:00:00,157,2,2.7646119883040936,0.0,-0.0,0.0002236186111111111
2018-06-21 20:00:00,157,2,2.271145321637427,0.0,-0.0,0.0004687933333333333
2018-06-21 21:00:00,157,2,1.7957187134502925,0.0,-0.0,0.0004516552777777777
2018-06-21 22:00:00,157,2,1.269658479532164,0.0,-0.0,0.0004997572222222222
2018-06-21 23:00:00,157,2,0.7470997076023393,0.0,-0.0,0.0004964308333333333
2018-06-22 00:00:00,157,2,0.22356754385964928,0.0,-0.0,0.0004973555555555555
2018-06-22 01:00:00,157,0,1.6485675438596492,2.0131602777777777,0.0,0.0931440887451389
2018-06-22 02:00:00,157,0,3.0,1.8716013134810712,0.0,0.08744603585102148
2018-06-22 03:00:00,157,1,3.0,0.4583505555555555,0.0,0.02124454825
2018-06-22 04:00:00,157,1,3.0,0.3338358333333333,0.0,0.015393170274999965
2018-06-22 05:00:00,157,1,3.0,0.2178947222222222,0.0,0.010359259831249999
2018-06-22 06:00:00,157,1,3.0,0.661565,0.0,0.03190727995
2018-06-22 07:00:00,157,1,3.0,0.4934074295866874,0.0,0.024048678118055142
2018-06-22 08:00:00,157,2,3.0,0.0,1.6676322767927083,0.0
2018-06-22 09:00:00,157,2,2.487592506047054,0.0,-0.0,0.0004867871192552988
2018-06-22 10:00:00,157,1,2.487592506047054,0.0,2.5554809044492406,0.0
2018-06-22 11:00:00,157,0,3.0,0.0,1.4298332886924041,0.0005393763094241539
2018-06-22 12:00:00,157,1,3.0,0.0,2.976383346456449,0.0
2018-06-22 13:00:00,157,1,3.0,0.0,0.1770258460126401,0.0
2018-06-22 14:00:00,157,1,3.0,0.0,0.12659789999495707,0.0
2018-06-22 15:00:00,157,1,3.0,0.03680583560089379,0.0,0.0017565585040526558
2018-06-22 16:00:00,157,1,3.0,0.12851842167934371,0.0,0.0062456739975619065
2018-06-22 17:00:00,157,1,3.0,0.26625846142630016,0.0,0.014027827040244625
2018-06-22 18:00:00,157,1,3.0,0.25414444444444434,0.0,0.013732059694444437
2018-06-22 19:00:00,157,2,2.7516108187134503,0.0,-0.0,0.0002359697222222222
2018-06-22 20:00:00,157,2,2.275030701754386,0.0,-0.0,0.00045275111111111113
2018-06-22 21:00:00,157,2,1.741241520467836,0.0,-0.0,0.0005070997222222222
2018-06-22 22:00:00,157,1,1.741241520467836,0.5070838888888889,0.0,0.025416312220833334
2018-06-22 23:00:00,157,2,1.2556584795321635,0.0,-0.0,0.0004613038888888889
2018-06-23 00:00:00,157,2,0.7832856725146196,0.0,-0.0,0.0004487541666666667
2018-06-23 01:00:00,157,2,0.2691982456140348,0.0,-0.0,0.0004883830555555555
2018-06-23 02:00:00,157,2,0.0,0.2623394444444447,0.0,0.0127253879763889
2018-06-23 03:00:00,157,1,0.0,0.5187502777777778,0.0,0.023809340874305557
2018-06-23 04:00:00,157,0,1.4249999999999998,1.7891994444444443,0.0,0.07107003839814809
2018-06-23 05:00:00,157,0,2.8499999999999996,1.797244722222222,0.0,0.07134692072129623
2018-06-23 06:00:00,157,1,2.8499999999999996,0.3750577777777777,0.0,0.017192648533333292
2018-06-23 07:00:00,157,1,2.8499999999999996,0.3701469444444444,0.0,0.01699344621944444
2018-06-23 08:00:00,157,1,2.8499999999999996,0.4316475,0.0,0.020836703943749958
2018-06-23 09:00:00,157,2,1.570880004383008,0.0,-0.0,0.001215163995836142
2018-06-23 10:00:00,157,2,1.3946652071006616,0.0,-0.0,0.0001674040574182292
2018-06-23 11:00:00,157,2,1.3390994929175415,0.0,-0.0,5.27874284739641e-05
2018-06-23 12:00:00,157,1,1.3390994929175415,0.052103781712227695,0.0,0.0025137469487064197
2018-06-23 13:00:00,157,1,1.3390994929175415,0.0911432732131522,0.0,0.004223807138880506
2018-06-23 14:00:00,157,0,2.7640994929175413,1.606451610790913,0.0,0.07544095151567859
2018-06-23 15:00:00,157,0,3.0,0.4521251373202506,0.0,0.020691154407179824
2018-06-23 16:00:00,157,1,3.0,0.365247432350916,0.0,0.01739034337280799
2018-06-23 17:00:00,157,1,3.0,0.5322542021531007,0.0,0.030409013204512027
2018-06-23 18:00:00,157,1,3.0,0.5084572222222222,0.0,0.029271882283333335
2018-06-23 19:00:00,157,2,2.4318283625730994,0.0,-0.0,0.0005397630555555556
2018-06-23 20:00:00,157,2,2.0090666666666666,0.0,-0.0,0.00040162361111111114
2018-06-23 21:00:00,157,2,1.5868245614035086,0.0,-0.0,0.00040113
2018-06-23 22:00:00,157,2,1.206064619883041,0.0,-0.0,0.0003617219444444444
2018-06-23 23:00:00,157,2,0.7092476608187135,0.0,-0.0,0.0004719761111111111
2018-06-24 00:00:00,157,1,0.7092476608187135,0.5004397222222222,0.0,0.025461121967361063
2018-06-24 01:00:00,157,2,0.18465292397660815,0.0,-0.0,0.000498365
2018-06-24 02:00:00,157,2,0.0,0.08477722222222228,0.0,0.004547593570833337
2018-06-24 03:00:00,157,1,0.0,0.1514102777777777,0.0,0.007594739533333315
2018-06-24 04:00:00,157,1,0.0,0.145135,0.0,0.007297750637499999
2018-06-24 05:00:00,157,1,0.0,0.1444391666666666,0.0,0.007015049227083329
2018-06-24 06:00:00,157,1,0.0,0.3678972222222222,0.0,0.017674702298611112
2018-06-24 07:00:00,157,1,0.0,0.319802690908974,0.0,0.015179434723994452
2018-06-24 08:00:00,157,0,1.4249999999999998,2.4186740411061427,0.0,0.11031009842426259
2018-06-24 09:00:00,157,0,2.8499999999999996,1.4244923995199492,0.0,0.06779231504265965
2018-06-24 10:00:00,157,1,2.8499999999999996,0.0,0.15061567519672897,0.0
2018-06-24 11:00:00,157,2,2.8499999999999996,0.0,0.1690547259342007,0.0
2018-06-24 12:00:00,157,1,2.8499999999999996,0.0,0.2015344990708902,0.0
2018-06-24 13:00:00,157,1,2.8499999999999996,0.0,0.2818666024752603,0.0
2018-06-24 14:00:00,157,1,2.8499999999999996,0.0,0.18617889793796089,0.0
2018-06-24 15:00:00,157,1,2.8499999999999996,0.0,0.1455259888318653,0.0
2018-06-24 16:00:00,157,1,2.8499999999999996,0.0,0.0683255234588678,0.0
2018-06-24 17:00:00,157,1,2.8499999999999996,0.0765548230278929,0.0,0.0038298464090279123
2018-06-24 18:00:00,157,1,2.8499999999999996,0.16151333333333323,0.0,0.00851175266666666
2018-06-24 19:00:00,157,1,2.8499999999999996,0.2010491666666666,0.0,0.012087578522916665
2018-06-24 20:00:00,157,2,2.62959649122807,0.0,-0.0,0.00020938333333333332
2018-06-24 21:00:00,157,2,2.2421523391812865,0.0,-0.0,0.0003680719444444444
2018-06-24 22:00:00,157,2,1.731591812865497,0.0,-0.0,0.0004850325
2018-06-24 23:00:00,157,2,1.220107894736842,0.0,-0.0,0.00048590972222222216
2018-06-25 00:00:00,157,2,0.6945081871345028,0.0,-0.0,0.0004993197222222223
2018-06-25 01:00:00,157,2,0.16489356725146187,0.0,-0.0,0.0005031338888888889
2018-06-25 02:00:00,157,0,1.5898935672514618,1.9370663888888888,0.0,0.09026606727083333
2018-06-25 03:00:00,157,0,3.0,1.6408347830101573,0.0,0.07757803562288382
2018-06-25 04:00:00,157,1,3.0,0.1523541666666666,0.0,0.007015909374999997
2018-06-25 05:00:00,157,1,3.0,0.1566683333333333,0.0,0.007290560891666665
2018-06-25 06:00:00,157,1,3.0,0.1530363888888888,0.0,0.007290653566666663
2018-06-25 07:00:00,157,2,2.7224259580646493,0.0,-0.0,0.0002636953398385834
2018-06-25 08:00:00,157,2,2.132013138368125,0.0,-0.0,0.0005608921787116979
2018-06-25 09:00:00,157,2,2.132013138368125,0.0,0.042239770047622804,0.0
2018-06-25 10:00:00,157,1,2.132013138368125,0.045740015602313944,0.0,0.0022571554199351876
2018-06-25 11:00:00,157,1,2.132013138368125,0.009439540954466308,0.0,0.00046324547234043406
2018-06-25 12:00:00,157,1,2.132013138368125,0.0,0.1123860325578892,0.0
2018-06-25 13:00:00,157,0,3.0,0.5403883850858474,0.0,0.02731704687595964
2018-06-25 14:00:00,157,1,3.0,0.0,0.17357975724631136,0.0
2018-06-25 15:00:00,157,1,3.0,0.025012717335902324,0.0,0.0013299261807499267
2018-06-25 16:00:00,157,1,3.0,0.1400913922005023,0.0,0.008111641836889585
2018-06-25 17:00:00,157,2,2.8431870956280996,0.0,-0.0,0.0001489722591533052
2018-06-25 18:00:00,157,2,2.5363438207742983,0.0,-0.0,0.00029150111111111103
2018-06-25 19:00:00,157,2,2.245208733055,0.0,-0.0,0.0002765783333333333
2018-06-25 20:00:00,157,2,1.7563900196047078,0.0,-0.0,0.0004643777777777778
2018-06-25 21:00:00,157,2,1.2331742301310236,0.0,-0.0,0.0004970549999999999
2018-06-25 22:00:00,157,1,1.2331742301310236,0.4962483333333333,0.0,0.02537069604166666
2018-06-25 23:00:00,157,0,2.6581742301310234,1.6777794444444445,0.0,0.08615655631805556
2018-06-26 00:00:00,157,1,2.6581742301310234,0.153685,0.0,0.0079528145375
2018-06-26 01:00:00,157,1,2.6581742301310234,0.2306347222222222,0.0,0.011745073229166665
2018-06-26 02:00:00,157,1,2.6581742301310234,0.7030561111111111,0.0,0.03661164698611104
2018-06-26 03:00:00,157,0,3.0,0.598221044306525,0.0,0.030674668020095233
2018-06-26 04:00:00,157,1,3.0,0.5172858333333333,0.0,0.025997492768749998
2018-06-26 05:00:00,157,1,3.0,0.5393455555555555,0.0,0.027677865547222222
2018-06-26 06:00:00,157,1,3.0,0.5288533333333333,0.0,0.027726458133333333
2018-06-26 07:00:00,157,1,3.0,0.4351147222222222,0.0,0.023754000472916665
2018-06-26 08:00:00,157,2,2.836551461988304,0.0,-0.0,0.0001552761111111111
2018-06-26 09:00:00,157,2,2.671568128654971,0.0,-0.0,0.00015673416666666659
2018-06-26 10:00:00,157,1,2.671568128654971,0.1587505555555555,0.0,0.00866103343472222
2018-06-26 11:00:00,157,0,3.0,0.8898760926438903,0.0,0.04584063299572944
2018-06-26 12:00:00,157,1,3.0,0.3046079185853333,0.0,0.015870072558295867
2018-06-26 13:00:00,157,1,3.0,0.38293388469355516,0.0,0.020077223574483095
2018-06-26 14:00:00,157,1,3.0,0.2345480555555555,0.0,0.01223168109722222
2018-06-26 15:00:00,157,1,3.0,0.3115411111111111,0.0,0.018010191633333332
2018-06-26 16:00:00,157,1,3.0,0.4086261111111111,0.0,0.026181696504166622
2018-06-26 17:00:00,157,2,2.7345345029239767,0.0,-0.0,0.0002521922222222222
2018-06-26 18:00:00,157,2,2.365373976608187,0.0,-0.0,0.0003507025
2018-06-26 19:00:00,157,2,2.09796783625731,0.0,-0.0,0.0002540358333333333
2018-06-26 20:00:00,157,2,1.4961169590643277,0.0,-0.0,0.0005717583333333334
2018-06-26 21:00:00,157,2,0.9915336257309945,0.0,-0.0,0.0004793541666666666
2018-06-26 22:00:00,157,2,0.47667456140350906,0.0,-0.0,0.0004891161111111111
2018-06-26 23:00:00,157,2,0.16125526315789507,0.0,-0.0,0.0002996483333333333
2018-06-27 00:00:00,157,2,0.0,0.0045238888888885775,0.0,0.0003771136902777627
2018-06-27 01:00:00,157,1,0.0,0.2414230555555555,0.0,0.011715053770833329
2018-06-27 02:00:00,157,1,0.0,0.7160030555555555,0.0,0.03457757756041667
2018-06-27 03:00:00,157,1,0.0,0.3571333333333333,0.0,0.017296860166666667
2018-06-27 04:00:00,157,0,1.4249999999999998,2.0786283333333335,0.0,0.100868827475
2018-06-27 05:00:00,157,0,2.8499999999999996,2.009724444444444,0.0,0.0982732563111111
2018-06-27 06:00:00,157,1,2.8499999999999996,0.5162338888888889,0.0,0.025108325770833332
2018-06-27 07:00:00,157,1,2.8499999999999996,0.6851083333333333,0.0,0.0334761059375
2018-06-27 08:00:00,157,1,2.8499999999999996,0.1598741666666666,0.0,0.00788459421458333
2018-06-27 09:00:00,157,1,2.8499999999999996,0.1576063888888889,0.0,0.008109636740277778
2018-06-27 10:00:00,157,1,2.8499999999999996,0.1545386111111111,0.0,0.007799950049305555
2018-06-27 11:00:00,157,1,2.8499999999999996,0.1601577777777778,0.0,0.008064344505555557
2018-06-27 12:00:00,157,1,2.8499999999999996,0.1539275,0.0,0.0077602549125
2018-06-27 13:00:00,157,1,2.8499999999999996,0.1526395058682743,0.0,0.007606408176180779
2018-06-27 14:00:00,157,1,2.8499999999999996,0.1566519444444444,0.0,0.008996521169444443
2018-06-27 15:00:00,157,1,2.8499999999999996,0.1542569444444444,0.0,0.008128569687499998
2018-06-27 16:00:00,157,1,2.8499999999999996,0.1627888888888888,0.0,0.00889885461111109
2018-06-27 17:00:00,157,2,2.5078070175438594,0.0,-0.0,0.0003250833333333333
2018-06-27 18:00:00,157,2,2.23746081871345,0.0,-0.0,0.0002568288888888889
2018-06-27 19:00:00,157,2,1.7222192982456137,0.0,-0.0,0.0004894794444444444
2018-06-27 20:00:00,157,1,1.7222192982456137,0.5379363888888888,0.0,0.027245133256249998
2018-06-27 21:00:00,157,2,1.1418432748538008,0.0,-0.0,0.0005513572222222222
2018-06-27 22:00:00,157,2,0.6446377192982451,0.0,-0.0,0.0004723452777777778
2018-06-27 23:00:00,157,2,0.10184093567251407,0.0,-0.0,0.0005156569444444445
2018-06-28 00:00:00,157,1,0.10184093567251407,0.5064719444444444,0.0,0.02496020360208333
2018-06-28 01:00:00,157,0,1.5268409356725139,2.042672777777778,0.0,0.0837720505796295
2018-06-28 02:00:00,157,0,2.9518409356725135,2.4839344444444444,0.0,0.10168535592592584
2018-06-28 03:00:00,157,1,2.9518409356725135,0.3823138888888889,0.0,0.017673415298611075
2018-06-28 04:00:00,157,1,2.9518409356725135,0.8588633333333333,0.0,0.040856128766666666
2018-06-28 05:00:00,157,1,2.9518409356725135,0.6691511111111111,0.0,0.03166757633333327
2018-06-28 06:00:00,157,1,2.9518409356725135,0.78274,0.0,0.0382094531
2018-06-28 07:00:00,157,1,2.9518409356725135,0.4924891666666666,0.0,0.02423908556041666
2018-06-28 08:00:00,157,1,2.9518409356725135,0.0930855402906193,0.0,0.004348956442377734
2018-06-28 09:00:00,157,1,2.9518409356725135,0.10348149791879019,0.0,0.002587037447969755
2018-06-28 10:00:00,157,2,2.833879061239009,0.0,-0.0,0.00011206378071182909
2018-06-28 11:00:00,157,1,2.833879061239009,0.07172610225084429,0.0,0.0035572560411306227
2018-06-28 12:00:00,157,0,3.0,0.22084303497415816,0.0,0.011075676352388647
2018-06-28 13:00:00,157,2,2.7595786743296444,0.0,-0.0,0.00022840025938683782
2018-06-28 14:00:00,157,0,3.0,0.24771797045292884,0.0,0.012566516095941968
